ISO-10303-21;
HEADER;
/* Generated by software containing ST-Developer
 * from STEP Tools, Inc. (www.steptools.com) 
 */

FILE_DESCRIPTION(
/* description */ (
'CAx-IF Rec.Pracs.---Representation and Presentation of Product Manufa
cturing Information (PMI)---4.0---2014-10-13',
'CAx-IF Rec.Pracs.---3D Tessellated Geometry---0.4---2014-09-14','2;1',
'CAx-IF Rec.Pracs.---User Defined Attributes---1.5---2016-08-15'),
/* implementation_level */ '2;1');

FILE_NAME(
/* name */ '000679_A;1-End Bell_Machined',
/* time_stamp */ '2022-12-15T16:50:38+05:00',
/* author */ (''),
/* organization */ (''),
/* preprocessor_version */ 'ST-DEVELOPER v16.7',
/* originating_system */ 'SIEMENS PLM Software NX 1915',
/* authorisation */ $);

FILE_SCHEMA (('AP242_MANAGED_MODEL_BASED_3D_ENGINEERING_MIM_LF { 1 0 10303 442 1 1 4 }'));
ENDSEC;

DATA;
#10=MECHANICAL_DESIGN_AND_DRAUGHTING_RELATIONSHIP('','',#74,#73);
#11=MECHANICAL_DESIGN_AND_DRAUGHTING_RELATIONSHIP('','',#75,#73);
#12=MECHANICAL_DESIGN_AND_DRAUGHTING_RELATIONSHIP('','',#76,#73);
#13=MECHANICAL_DESIGN_AND_DRAUGHTING_RELATIONSHIP('','',#77,#73);
#14=MECHANICAL_DESIGN_AND_DRAUGHTING_RELATIONSHIP('','',#78,#73);
#15=MECHANICAL_DESIGN_AND_DRAUGHTING_RELATIONSHIP('','',#79,#73);
#16=MECHANICAL_DESIGN_AND_DRAUGHTING_RELATIONSHIP('','',#80,#73);
#17=MECHANICAL_DESIGN_AND_DRAUGHTING_RELATIONSHIP('','',#81,#73);
#18=CAMERA_MODEL_D3('Top',#2934,#26);
#19=CAMERA_MODEL_D3('Front',#2936,#27);
#20=CAMERA_MODEL_D3('Right',#2938,#28);
#21=CAMERA_MODEL_D3('Back',#2940,#29);
#22=CAMERA_MODEL_D3('Bottom',#2946,#30);
#23=CAMERA_MODEL_D3('Left',#2948,#31);
#24=CAMERA_MODEL_D3('Isometric',#2950,#32);
#25=CAMERA_MODEL_D3('Trimetric',#2952,#33);
#26=VIEW_VOLUME(.PARALLEL.,#3243,-0.12475,0.,.F.,0.,.F.,.F.,#34);
#27=VIEW_VOLUME(.PARALLEL.,#3246,0.,0.,.F.,0.,.F.,.F.,#35);
#28=VIEW_VOLUME(.PARALLEL.,#3249,0.,0.,.F.,0.,.F.,.F.,#36);
#29=VIEW_VOLUME(.PARALLEL.,#3252,0.,0.,.F.,0.,.F.,.F.,#37);
#30=VIEW_VOLUME(.PARALLEL.,#3261,-0.12475,0.,.F.,0.,.F.,.F.,#38);
#31=VIEW_VOLUME(.PARALLEL.,#3264,0.,0.,.F.,0.,.F.,.F.,#39);
#32=VIEW_VOLUME(.PARALLEL.,#3267,0.,0.,.F.,0.,.F.,.F.,#40);
#33=VIEW_VOLUME(.PARALLEL.,#3270,0.,0.,.F.,0.,.F.,.F.,#41);
#34=PLANAR_BOX('',0.0573449207546586,0.0573449207546586,#2935);
#35=PLANAR_BOX('',0.554530129983217,0.554530129983217,#2937);
#36=PLANAR_BOX('',0.554530129983217,0.554530129983217,#2939);
#37=PLANAR_BOX('',0.554530129983217,0.554530129983217,#2941);
#38=PLANAR_BOX('',0.0573449231324357,0.0573449231324357,#2947);
#39=PLANAR_BOX('',0.554530129983217,0.554530129983217,#2949);
#40=PLANAR_BOX('',0.543994125665979,0.543994125665979,#2951);
#41=PLANAR_BOX('',0.575923539769252,0.575923539769252,#2953);
#42=DRAUGHTING_PRE_DEFINED_COLOUR('black');
#43=CHARACTERIZED_ITEM_WITHIN_REPRESENTATION('','',#130,#73);
#44=CHARACTERIZED_ITEM_WITHIN_REPRESENTATION('','',#131,#73);
#45=CHARACTERIZED_ITEM_WITHIN_REPRESENTATION('','',#132,#73);
#46=CHARACTERIZED_ITEM_WITHIN_REPRESENTATION('','',#133,#73);
#47=CHARACTERIZED_ITEM_WITHIN_REPRESENTATION('','',#134,#73);
#48=CHARACTERIZED_ITEM_WITHIN_REPRESENTATION('','',#135,#73);
#49=CHARACTERIZED_ITEM_WITHIN_REPRESENTATION('','',#136,#73);
#50=CHARACTERIZED_ITEM_WITHIN_REPRESENTATION('','',#137,#73);
#51=CHARACTERIZED_ITEM_WITHIN_REPRESENTATION('','',#138,#73);
#52=CHARACTERIZED_ITEM_WITHIN_REPRESENTATION('','',#139,#73);
#53=MEASURE_REPRESENTATION_ITEM('tessellated curve length',
LENGTH_MEASURE(90.7115604841419),#4001);
#54=MEASURE_REPRESENTATION_ITEM('affected curve length',
LENGTH_MEASURE(34.0468633),#4001);
#55=MEASURE_REPRESENTATION_ITEM('tessellated curve length',
LENGTH_MEASURE(195.412516273321),#4002);
#56=MEASURE_REPRESENTATION_ITEM('affected curve length',
LENGTH_MEASURE(39.2699082),#4002);
#57=MEASURE_REPRESENTATION_ITEM('tessellated curve length',
LENGTH_MEASURE(105.463119747508),#4003);
#58=MEASURE_REPRESENTATION_ITEM('affected curve length',
LENGTH_MEASURE(14.1371669),#4003);
#59=MEASURE_REPRESENTATION_ITEM('tessellated curve length',
LENGTH_MEASURE(51.2556005120562),#4004);
#60=MEASURE_REPRESENTATION_ITEM('affected curve length',
LENGTH_MEASURE(39.2699082),#4004);
#61=MEASURE_REPRESENTATION_ITEM('tessellated curve length',
LENGTH_MEASURE(414.704933084063),#4005);
#62=MEASURE_REPRESENTATION_ITEM('affected curve length',
LENGTH_MEASURE(140.5862713),#4005);
#63=MEASURE_REPRESENTATION_ITEM('tessellated curve length',
LENGTH_MEASURE(269.198048531067),#4006);
#64=MEASURE_REPRESENTATION_ITEM('affected curve length',
LENGTH_MEASURE(81.681409),#4006);
#65=MEASURE_REPRESENTATION_ITEM('tessellated curve length',
LENGTH_MEASURE(332.797891118049),#4007);
#66=MEASURE_REPRESENTATION_ITEM('affected curve length',
LENGTH_MEASURE(290.5973205),#4007);
#67=MEASURE_REPRESENTATION_ITEM('tessellated curve length',
LENGTH_MEASURE(209.802442707947),#4008);
#68=MEASURE_REPRESENTATION_ITEM('affected curve length',
LENGTH_MEASURE(51.0508806),#4008);
#69=MEASURE_REPRESENTATION_ITEM('tessellated curve length',
LENGTH_MEASURE(206.680562759429),#4009);
#70=MEASURE_REPRESENTATION_ITEM('affected curve length',
LENGTH_MEASURE(39.2699082),#4009);
#71=MEASURE_REPRESENTATION_ITEM('tessellated curve length',
LENGTH_MEASURE(214.069342127606),#4010);
#72=MEASURE_REPRESENTATION_ITEM('affected curve length',
LENGTH_MEASURE(64.4026493),#4010);
#73=DRAUGHTING_MODEL('',(#100,#91,#101,#102,#103,#104,#105,#106,#107,#108,
#109),#3996);
#74=DRAUGHTING_MODEL('Top',(#18,#92,#130,#131,#132,#133,#134,#135,#136,
#137),#3996);
#75=DRAUGHTING_MODEL('Front',(#19,#93),#3996);
#76=DRAUGHTING_MODEL('Right',(#20,#94),#3996);
#77=DRAUGHTING_MODEL('Back',(#21,#95),#3996);
#78=DRAUGHTING_MODEL('Bottom',(#22,#96,#138,#139),#3996);
#79=DRAUGHTING_MODEL('Left',(#23,#97),#3996);
#80=DRAUGHTING_MODEL('Isometric',(#24,#98),#3996);
#81=DRAUGHTING_MODEL('Trimetric',(#25,#99),#3996);
#82=REPRESENTATION_MAP(#2917,$);
#83=REPRESENTATION_MAP(#2917,$);
#84=REPRESENTATION_MAP(#2917,$);
#85=REPRESENTATION_MAP(#2917,$);
#86=REPRESENTATION_MAP(#2917,$);
#87=REPRESENTATION_MAP(#2917,$);
#88=REPRESENTATION_MAP(#2917,$);
#89=REPRESENTATION_MAP(#2917,$);
#90=REPRESENTATION_MAP(#2917,$);
#91=MAPPED_ITEM('',#82,#2917);
#92=MAPPED_ITEM('',#83,#2917);
#93=MAPPED_ITEM('',#84,#2917);
#94=MAPPED_ITEM('',#85,#2917);
#95=MAPPED_ITEM('',#86,#2917);
#96=MAPPED_ITEM('',#87,#2917);
#97=MAPPED_ITEM('',#88,#2917);
#98=MAPPED_ITEM('',#89,#2917);
#99=MAPPED_ITEM('',#90,#2917);
#100=ANNOTATION_PLANE('PMI PLANE',(#1221),#120,(#130));
#101=ANNOTATION_PLANE('PMI PLANE',(#1223),#121,(#131));
#102=ANNOTATION_PLANE('PMI PLANE',(#1225),#122,(#132));
#103=ANNOTATION_PLANE('PMI PLANE',(#1227),#123,(#133));
#104=ANNOTATION_PLANE('PMI PLANE',(#1229),#124,(#134));
#105=ANNOTATION_PLANE('PMI PLANE',(#1231),#125,(#135));
#106=ANNOTATION_PLANE('PMI PLANE',(#1233),#126,(#136));
#107=ANNOTATION_PLANE('PMI PLANE',(#1235),#127,(#137));
#108=ANNOTATION_PLANE('PMI PLANE',(#1237),#128,(#138));
#109=ANNOTATION_PLANE('PMI PLANE',(#1239),#129,(#139));
#110=COLOUR();
#111=COLOUR();
#112=COLOUR();
#113=COLOUR();
#114=COLOUR();
#115=COLOUR();
#116=COLOUR();
#117=COLOUR();
#118=COLOUR();
#119=COLOUR();
#120=PLANE('',#2919);
#121=PLANE('',#2921);
#122=PLANE('',#2923);
#123=PLANE('',#2925);
#124=PLANE('',#2927);
#125=PLANE('',#2929);
#126=PLANE('',#2931);
#127=PLANE('',#2933);
#128=PLANE('',#2943);
#129=PLANE('',#2945);
#130=DRAUGHTING_CALLOUT('Linear Dimension (18)',(#140));
#131=DRAUGHTING_CALLOUT('Radial Dimension (14)',(#141));
#132=DRAUGHTING_CALLOUT('Radial Dimension (15)',(#142));
#133=DRAUGHTING_CALLOUT('Datum Feature Symbol A (19)',(#143));
#134=DRAUGHTING_CALLOUT('Radial Dimension (10)',(#144));
#135=DRAUGHTING_CALLOUT('Radial Dimension (12)',(#145));
#136=DRAUGHTING_CALLOUT('Radial Dimension (9)',(#146));
#137=DRAUGHTING_CALLOUT('Feature Control Frame (20)',(#147));
#138=DRAUGHTING_CALLOUT('Radial Dimension (24)',(#148));
#139=DRAUGHTING_CALLOUT('Radial Dimension (23)',(#149));
#140=TESSELLATED_ANNOTATION_OCCURRENCE('Linear Dimension (18)',(#1220),
#170);
#141=TESSELLATED_ANNOTATION_OCCURRENCE('Radial Dimension (14)',(#1222),
#171);
#142=TESSELLATED_ANNOTATION_OCCURRENCE('Radial Dimension (15)',(#1224),
#172);
#143=TESSELLATED_ANNOTATION_OCCURRENCE('Datum Feature Symbol A (19)',(#1226),
#173);
#144=TESSELLATED_ANNOTATION_OCCURRENCE('Radial Dimension (10)',(#1228),
#174);
#145=TESSELLATED_ANNOTATION_OCCURRENCE('Radial Dimension (12)',(#1230),
#175);
#146=TESSELLATED_ANNOTATION_OCCURRENCE('Radial Dimension (9)',(#1232),#176);
#147=TESSELLATED_ANNOTATION_OCCURRENCE('Feature Control Frame (20)',(#1234),
#177);
#148=TESSELLATED_ANNOTATION_OCCURRENCE('Radial Dimension (24)',(#1236),
#178);
#149=TESSELLATED_ANNOTATION_OCCURRENCE('Radial Dimension (23)',(#1238),
#179);
#150=CURVE_STYLE('',#160,POSITIVE_LENGTH_MEASURE(0.352777777777778),#2282);
#151=CURVE_STYLE('',#161,POSITIVE_LENGTH_MEASURE(0.352777777777778),#42);
#152=CURVE_STYLE('',#162,POSITIVE_LENGTH_MEASURE(0.352777777777778),#42);
#153=CURVE_STYLE('',#163,POSITIVE_LENGTH_MEASURE(0.352777777777778),#42);
#154=CURVE_STYLE('',#164,POSITIVE_LENGTH_MEASURE(0.352777777777778),#42);
#155=CURVE_STYLE('',#165,POSITIVE_LENGTH_MEASURE(0.352777777777778),#42);
#156=CURVE_STYLE('',#166,POSITIVE_LENGTH_MEASURE(0.352777777777778),#42);
#157=CURVE_STYLE('',#167,POSITIVE_LENGTH_MEASURE(0.352777777777778),#42);
#158=CURVE_STYLE('',#168,POSITIVE_LENGTH_MEASURE(0.352777777777778),#42);
#159=CURVE_STYLE('',#169,POSITIVE_LENGTH_MEASURE(0.352777777777778),#42);
#160=DRAUGHTING_PRE_DEFINED_CURVE_FONT('continuous');
#161=DRAUGHTING_PRE_DEFINED_CURVE_FONT('continuous');
#162=DRAUGHTING_PRE_DEFINED_CURVE_FONT('continuous');
#163=DRAUGHTING_PRE_DEFINED_CURVE_FONT('continuous');
#164=DRAUGHTING_PRE_DEFINED_CURVE_FONT('continuous');
#165=DRAUGHTING_PRE_DEFINED_CURVE_FONT('continuous');
#166=DRAUGHTING_PRE_DEFINED_CURVE_FONT('continuous');
#167=DRAUGHTING_PRE_DEFINED_CURVE_FONT('continuous');
#168=DRAUGHTING_PRE_DEFINED_CURVE_FONT('continuous');
#169=DRAUGHTING_PRE_DEFINED_CURVE_FONT('continuous');
#170=(
GEOMETRIC_REPRESENTATION_ITEM()
REPOSITIONED_TESSELLATED_ITEM(#2918)
REPRESENTATION_ITEM('linear dimension')
TESSELLATED_GEOMETRIC_SET((#190,#180))
TESSELLATED_ITEM()
);
#171=(
GEOMETRIC_REPRESENTATION_ITEM()
REPOSITIONED_TESSELLATED_ITEM(#2920)
REPRESENTATION_ITEM('radial dimension')
TESSELLATED_GEOMETRIC_SET((#191,#181))
TESSELLATED_ITEM()
);
#172=(
GEOMETRIC_REPRESENTATION_ITEM()
REPOSITIONED_TESSELLATED_ITEM(#2922)
REPRESENTATION_ITEM('radial dimension')
TESSELLATED_GEOMETRIC_SET((#192,#182))
TESSELLATED_ITEM()
);
#173=(
GEOMETRIC_REPRESENTATION_ITEM()
REPOSITIONED_TESSELLATED_ITEM(#2924)
REPRESENTATION_ITEM('datum')
TESSELLATED_GEOMETRIC_SET((#193,#183))
TESSELLATED_ITEM()
);
#174=(
GEOMETRIC_REPRESENTATION_ITEM()
REPOSITIONED_TESSELLATED_ITEM(#2926)
REPRESENTATION_ITEM('radial dimension')
TESSELLATED_GEOMETRIC_SET((#194,#184))
TESSELLATED_ITEM()
);
#175=(
GEOMETRIC_REPRESENTATION_ITEM()
REPOSITIONED_TESSELLATED_ITEM(#2928)
REPRESENTATION_ITEM('radial dimension')
TESSELLATED_GEOMETRIC_SET((#195,#185))
TESSELLATED_ITEM()
);
#176=(
GEOMETRIC_REPRESENTATION_ITEM()
REPOSITIONED_TESSELLATED_ITEM(#2930)
REPRESENTATION_ITEM('radial dimension')
TESSELLATED_GEOMETRIC_SET((#196,#186))
TESSELLATED_ITEM()
);
#177=(
GEOMETRIC_REPRESENTATION_ITEM()
REPOSITIONED_TESSELLATED_ITEM(#2932)
REPRESENTATION_ITEM('total runout')
TESSELLATED_GEOMETRIC_SET((#197,#187))
TESSELLATED_ITEM()
);
#178=(
GEOMETRIC_REPRESENTATION_ITEM()
REPOSITIONED_TESSELLATED_ITEM(#2942)
REPRESENTATION_ITEM('radial dimension')
TESSELLATED_GEOMETRIC_SET((#198,#188))
TESSELLATED_ITEM()
);
#179=(
GEOMETRIC_REPRESENTATION_ITEM()
REPOSITIONED_TESSELLATED_ITEM(#2944)
REPRESENTATION_ITEM('radial dimension')
TESSELLATED_GEOMETRIC_SET((#199,#189))
TESSELLATED_ITEM()
);
#180=COMPLEX_TRIANGULATED_SURFACE_SET('',#2692,6,((1.,0.,0.)),(),((1,2,
3),(6,5,4)),());
#181=COMPLEX_TRIANGULATED_SURFACE_SET('',#2694,6,((1.,0.,0.)),(),((6,5,
4),(1,2,3)),());
#182=COMPLEX_TRIANGULATED_SURFACE_SET('',#2696,6,((1.,0.,0.)),(),((6,3,
5),(1,4,2)),());
#183=COMPLEX_TRIANGULATED_SURFACE_SET('',#2698,3,((1.,0.,0.)),(),((2,1,
3)),());
#184=COMPLEX_TRIANGULATED_SURFACE_SET('',#2700,6,((1.,0.,0.)),(),((6,5,
4),(1,2,3)),());
#185=COMPLEX_TRIANGULATED_SURFACE_SET('',#2702,6,((1.,0.,0.)),(),((6,4,
5),(1,3,2)),());
#186=COMPLEX_TRIANGULATED_SURFACE_SET('',#2704,6,((1.,0.,0.)),(),((6,4,
5),(1,3,2)),());
#187=COMPLEX_TRIANGULATED_SURFACE_SET('',#2706,9,((1.,0.,0.)),(),((5,7,
9),(4,6,8),(1,2,3)),());
#188=COMPLEX_TRIANGULATED_SURFACE_SET('',#2708,6,((1.,0.,0.)),(),((6,5,
4),(1,2,3)),());
#189=COMPLEX_TRIANGULATED_SURFACE_SET('',#2710,6,((1.,0.,0.)),(),((6,5,
4),(1,2,3)),());
#190=TESSELLATED_CURVE_SET('Linear Dimension (18)',#2691,((1,2),(3,4),(5,
6),(7,8,9,10,11,12,13),(14,15,16,17,18,19),(20,21,22,23,24,25,26,27),(28,
29,30,31,32,33),(34,35,36,37,38,39,40,41,42,43,44,45,46,47,48,49)));
#191=TESSELLATED_CURVE_SET('Radial Dimension (14)',#2693,((1,2),(3,4,5,
6,7,8,9,10,11,12,13,14,15,16,17,18,19),(20,21,22,23,24,25,26,27),(28,29,
30,31,32,33,34,35,36,37),(38,39,40,41,42),(43,44,45,46,47,48,49,50,51,52,
53,54,55)));
#192=TESSELLATED_CURVE_SET('Radial Dimension (15)',#2695,((1,2),(3,4,5,
6,7,8,9,10,11,12,13,14,15,16,17,18,19),(20,21,22,23,24,25,26,27,28,29,30,
31,32,33,34,35,36),(37,38,39,40),(41,42),(43,44),(45,46,47,48,49,50,51,
52,53,54,55,56),(57,58,59,60,61),(62,63,64,65,66,67,68,69,70,71,72,73,74)));
#193=TESSELLATED_CURVE_SET('Datum Feature Symbol A (19)',#2697,((1,2),(3,
4),(5,6),(7,8,9),(10,11),(12,13),(14,15),(16,17)));
#194=TESSELLATED_CURVE_SET('Radial Dimension (10)',#2699,((1,2),(3,4,5,
6,7,8,9,10,11,12,13,14,15,16,17,18,19),(20,21,22,23,24,25,26,27,28,29,30,
31,32,33,34,35,36,37,38,39),(40,41,42),(43,44),(45,46,47),(48,49,50,51,
52,53,54,55,56,57,58,59),(60,61,62,63,64),(65,66,67,68,69,70,71,72,73,74,
75,76,77)));
#195=TESSELLATED_CURVE_SET('Radial Dimension (12)',#2701,((1,2),(3,4,5,
6,7,8,9,10,11,12,13,14,15,16,17,18,19),(20,21,22,23,24,25,26,27,28,29),
(30,31,32,33,34,35,36,37),(38,39,40,41,42),(43,44,45,46,47,48,49,50,51,
52,53,54,55)));
#196=TESSELLATED_CURVE_SET('Radial Dimension (9)',#2703,((1,2),(3,4,5,6,
7,8,9,10,11,12,13,14,15,16,17,18,19),(20,21,22),(23,24),(25,26,27,28,29,
30,31,32,33,34,35,36,37,38,39,40),(41,42,43,44,45,46,47,48,49,50),(51,52,
53,54,55),(56,57,58,59,60,61,62,63,64,65,66,67,68)));
#197=TESSELLATED_CURVE_SET('Feature Control Frame (20)',#2705,((1,2),(3,
4),(5,6),(7,8),(9,10),(11,12),(13,14),(15,16,17,18,19,20,21,22,23,24,25,
26,27),(28,29,30,31,32),(33,34,35,36,37,38,39,40,41,42,43,44,45),(46,47,
48,49,50,51,52,53,54,55,56,57,58),(59,60,61,62),(63,64),(65,66,67),(68,
69),(70,71),(72,73),(74,75)));
#198=TESSELLATED_CURVE_SET('Radial Dimension (24)',#2707,((1,2),(3,4,5,
6,7,8,9,10,11,12,13,14,15,16,17,18,19),(20,21,22,23,24,25,26,27,28,29,30,
31,32,33,34,35,36),(37,38,39,40,41,42,43,44),(45,46,47,48,49,50,51,52,53,
54),(55,56,57,58,59),(60,61,62,63,64,65,66,67,68,69,70,71,72)));
#199=TESSELLATED_CURVE_SET('Radial Dimension (23)',#2709,((1,2),(3,4,5,
6,7,8,9,10,11,12,13,14,15,16,17,18,19),(20,21,22,23),(24,25,26),(27,28),
(29,30,31,32,33),(34,35,36,37,38,39,40,41,42,43,44,45,46)));
#200=SHAPE_ASPECT('','Solid',#4011,.F.);
#201=SHAPE_ASPECT('','Solid',#4011,.F.);
#202=SHAPE_ASPECT('','Solid',#4011,.F.);
#203=SHAPE_ASPECT('','Solid',#4011,.F.);
#204=SHAPE_ASPECT('','Solid',#4011,.F.);
#205=SHAPE_ASPECT('','Solid',#4011,.F.);
#206=SHAPE_ASPECT('','Solid',#4011,.F.);
#207=SHAPE_ASPECT('','Solid',#4011,.F.);
#208=SHAPE_ASPECT('','Solid',#4011,.F.);
#209=SHAPE_ASPECT('','Solid',#4011,.F.);
#210=SHAPE_ASPECT('','Solid',#4011,.F.);
#211=SHAPE_ASPECT('','Solid',#4011,.F.);
#212=SHAPE_ASPECT('','Solid',#4011,.F.);
#213=SHAPE_ASPECT('','Solid',#4011,.F.);
#214=SHAPE_ASPECT('','Solid',#4011,.F.);
#215=SHAPE_ASPECT('','Solid',#4011,.F.);
#216=SHAPE_ASPECT('','Solid',#4011,.F.);
#217=SHAPE_ASPECT('','Solid',#4011,.F.);
#218=SHAPE_ASPECT('','Solid',#4011,.F.);
#219=SHAPE_ASPECT('','Solid',#4011,.F.);
#220=SHAPE_ASPECT('','Solid',#4011,.F.);
#221=SHAPE_ASPECT('','Solid',#4011,.F.);
#222=SHAPE_ASPECT('','Solid',#4011,.F.);
#223=SHAPE_ASPECT('','Solid',#4011,.F.);
#224=SHAPE_ASPECT('','Solid',#4011,.F.);
#225=SHAPE_ASPECT('','Solid',#4011,.F.);
#226=SHAPE_ASPECT('','Solid',#4011,.F.);
#227=SHAPE_ASPECT('','Solid',#4011,.F.);
#228=SHAPE_ASPECT('','Solid',#4011,.F.);
#229=SHAPE_ASPECT('','Solid',#4011,.F.);
#230=SHAPE_ASPECT('','Solid',#4011,.F.);
#231=SHAPE_ASPECT('','Solid',#4011,.F.);
#232=SHAPE_ASPECT('','Solid',#4011,.F.);
#233=SHAPE_ASPECT('','Solid',#4011,.F.);
#234=SHAPE_ASPECT('','Solid',#4011,.F.);
#235=SHAPE_ASPECT('','Solid',#4011,.F.);
#236=SHAPE_ASPECT('','Solid',#4011,.F.);
#237=SHAPE_ASPECT('','Solid',#4011,.F.);
#238=SHAPE_ASPECT('','Solid',#4011,.F.);
#239=SHAPE_ASPECT('','Solid',#4011,.F.);
#240=SHAPE_ASPECT('','Solid',#4011,.F.);
#241=SHAPE_ASPECT('','Solid',#4011,.F.);
#242=SHAPE_ASPECT('','Solid',#4011,.F.);
#243=SHAPE_ASPECT('','Solid',#4011,.F.);
#244=SHAPE_ASPECT('','Solid',#4011,.F.);
#245=SHAPE_ASPECT('','Solid',#4011,.F.);
#246=SHAPE_ASPECT('','Solid',#4011,.F.);
#247=SHAPE_ASPECT('','Solid',#4011,.F.);
#248=SHAPE_ASPECT('','Solid',#4011,.F.);
#249=SHAPE_ASPECT('','Solid',#4011,.F.);
#250=SHAPE_ASPECT('','Solid',#4011,.F.);
#251=SHAPE_ASPECT('','Solid',#4011,.F.);
#252=SHAPE_ASPECT('','Solid',#4011,.F.);
#253=SHAPE_ASPECT('','Solid',#4011,.F.);
#254=SHAPE_ASPECT('','Solid',#4011,.F.);
#255=SHAPE_ASPECT('','Solid',#4011,.F.);
#256=SHAPE_ASPECT('','Solid',#4011,.F.);
#257=SHAPE_ASPECT('','Solid',#4011,.F.);
#258=SHAPE_ASPECT('','Solid',#4011,.F.);
#259=SHAPE_ASPECT('','Solid',#4011,.F.);
#260=SHAPE_ASPECT('','Solid',#4011,.F.);
#261=SHAPE_ASPECT('','Solid',#4011,.F.);
#262=SHAPE_ASPECT('','Solid',#4011,.F.);
#263=SHAPE_ASPECT('','Solid',#4011,.F.);
#264=SHAPE_ASPECT('','Solid',#4011,.F.);
#265=SHAPE_ASPECT('','Solid',#4011,.F.);
#266=SHAPE_ASPECT('','Solid',#4011,.F.);
#267=SHAPE_ASPECT('','Solid',#4011,.F.);
#268=SHAPE_ASPECT('','Solid',#4011,.F.);
#269=SHAPE_ASPECT('','Solid',#4011,.F.);
#270=SHAPE_ASPECT('','Solid',#4011,.F.);
#271=SHAPE_ASPECT('','Solid',#4011,.F.);
#272=SHAPE_ASPECT('','Solid',#4011,.F.);
#273=SHAPE_ASPECT('','Solid',#4011,.F.);
#274=SHAPE_ASPECT('','Solid',#4011,.F.);
#275=SHAPE_ASPECT('','Solid',#4011,.F.);
#276=SHAPE_ASPECT('','Solid',#4011,.F.);
#277=SHAPE_ASPECT('','Solid',#4011,.F.);
#278=SHAPE_ASPECT('','Solid',#4011,.F.);
#279=SHAPE_ASPECT('','Solid',#4011,.F.);
#280=SHAPE_ASPECT('','Solid',#4011,.F.);
#281=SHAPE_ASPECT('','Solid',#4011,.F.);
#282=SHAPE_ASPECT('','Solid',#4011,.F.);
#283=SHAPE_ASPECT('','Solid',#4011,.F.);
#284=SHAPE_ASPECT('','Solid',#4011,.F.);
#285=SHAPE_ASPECT('','Solid',#4011,.F.);
#286=SHAPE_ASPECT('','Solid',#4011,.F.);
#287=SHAPE_ASPECT('','Solid',#4011,.F.);
#288=SHAPE_ASPECT('','Solid',#4011,.F.);
#289=SHAPE_ASPECT('','Solid',#4011,.F.);
#290=SHAPE_ASPECT('','Solid',#4011,.F.);
#291=SHAPE_ASPECT('','Solid',#4011,.F.);
#292=SHAPE_ASPECT('','Solid',#4011,.F.);
#293=SHAPE_ASPECT('','Solid',#4011,.F.);
#294=SHAPE_ASPECT('','Solid',#4011,.F.);
#295=SHAPE_ASPECT('','Solid',#4011,.F.);
#296=SHAPE_ASPECT('','Solid',#4011,.F.);
#297=SHAPE_ASPECT('','Solid',#4011,.F.);
#298=SHAPE_ASPECT('','Solid',#4011,.F.);
#299=SHAPE_ASPECT('','Solid',#4011,.F.);
#300=SHAPE_ASPECT('','Solid',#4011,.F.);
#301=SHAPE_ASPECT('','Solid',#4011,.F.);
#302=SHAPE_ASPECT('','Solid',#4011,.F.);
#303=SHAPE_ASPECT('','Solid',#4011,.F.);
#304=SHAPE_ASPECT('','Solid',#4011,.F.);
#305=SHAPE_ASPECT('','Solid',#4011,.F.);
#306=SHAPE_ASPECT('','Solid',#4011,.F.);
#307=SHAPE_ASPECT('','Solid',#4011,.F.);
#308=SHAPE_ASPECT('','Solid',#4011,.F.);
#309=SHAPE_ASPECT('','Solid',#4011,.F.);
#310=SHAPE_ASPECT('','Solid',#4011,.F.);
#311=SHAPE_ASPECT('','Solid',#4011,.F.);
#312=SHAPE_ASPECT('','Solid',#4011,.F.);
#313=SHAPE_ASPECT('','Solid',#4011,.F.);
#314=SHAPE_ASPECT('','Solid',#4011,.F.);
#315=SHAPE_ASPECT('','Solid',#4011,.F.);
#316=SHAPE_ASPECT('','Solid',#4011,.F.);
#317=SHAPE_ASPECT('','Solid',#4011,.F.);
#318=SHAPE_ASPECT('','Solid',#4011,.F.);
#319=SHAPE_ASPECT('','Solid',#4011,.F.);
#320=SHAPE_ASPECT('','Solid',#4011,.F.);
#321=SHAPE_ASPECT('','Solid',#4011,.F.);
#322=SHAPE_ASPECT('','Solid',#4011,.F.);
#323=SHAPE_ASPECT('','Solid',#4011,.F.);
#324=SHAPE_ASPECT('','Solid',#4011,.F.);
#325=SHAPE_ASPECT('','Solid',#4011,.F.);
#326=SHAPE_ASPECT('','Solid',#4011,.F.);
#327=SHAPE_ASPECT('','Solid',#4011,.F.);
#328=SHAPE_ASPECT('','Solid',#4011,.F.);
#329=SHAPE_ASPECT('','Solid',#4011,.F.);
#330=SHAPE_ASPECT('','Solid',#4011,.F.);
#331=SHAPE_ASPECT('','Solid',#4011,.F.);
#332=SHAPE_ASPECT('','Solid',#4011,.F.);
#333=SHAPE_ASPECT('','Solid',#4011,.F.);
#334=SHAPE_ASPECT('','Solid',#4011,.F.);
#335=SHAPE_ASPECT('','Solid',#4011,.F.);
#336=SHAPE_ASPECT('','Solid',#4011,.F.);
#337=SHAPE_ASPECT('','Solid',#4011,.F.);
#338=SHAPE_ASPECT('','Solid',#4011,.F.);
#339=SHAPE_ASPECT('','Solid',#4011,.F.);
#340=SHAPE_ASPECT('','Solid',#4011,.F.);
#341=SHAPE_ASPECT('','Solid',#4011,.F.);
#342=SHAPE_ASPECT('','Solid',#4011,.F.);
#343=SHAPE_ASPECT('','Solid',#4011,.F.);
#344=SHAPE_ASPECT('','Solid',#4011,.F.);
#345=SHAPE_ASPECT('','Solid',#4011,.F.);
#346=SHAPE_ASPECT('','Solid',#4011,.F.);
#347=SHAPE_ASPECT('','Solid',#4011,.F.);
#348=SHAPE_ASPECT('','Solid',#4011,.F.);
#349=SHAPE_ASPECT('','Solid',#4011,.F.);
#350=SHAPE_ASPECT('','Solid',#4011,.F.);
#351=SHAPE_ASPECT('','Solid',#4011,.F.);
#352=SHAPE_ASPECT('','Solid',#4011,.F.);
#353=SHAPE_ASPECT('','Solid',#4011,.F.);
#354=SHAPE_ASPECT('','Solid',#4011,.F.);
#355=SHAPE_ASPECT('','Solid',#4011,.F.);
#356=SHAPE_ASPECT('','Solid',#4011,.F.);
#357=SHAPE_ASPECT('','Solid',#4011,.F.);
#358=SHAPE_ASPECT('','Solid',#4011,.F.);
#359=SHAPE_ASPECT('','Solid',#4011,.F.);
#360=SHAPE_ASPECT('','Solid',#4011,.F.);
#361=SHAPE_ASPECT('','Solid',#4011,.F.);
#362=SHAPE_ASPECT('','Solid',#4011,.F.);
#363=SHAPE_ASPECT('','Solid',#4011,.F.);
#364=SHAPE_ASPECT('','Solid',#4011,.F.);
#365=SHAPE_ASPECT('','Solid',#4011,.F.);
#366=SHAPE_ASPECT('','Solid',#4011,.F.);
#367=SHAPE_ASPECT('','Solid',#4011,.F.);
#368=SHAPE_ASPECT('','Solid',#4011,.F.);
#369=SHAPE_ASPECT('','Solid',#4011,.F.);
#370=SHAPE_ASPECT('','Solid',#4011,.F.);
#371=SHAPE_ASPECT('','Solid',#4011,.F.);
#372=SHAPE_ASPECT('','Solid',#4011,.F.);
#373=SHAPE_ASPECT('','Solid',#4011,.F.);
#374=SHAPE_ASPECT('','Solid',#4011,.F.);
#375=SHAPE_ASPECT('','Solid',#4011,.F.);
#376=SHAPE_ASPECT('','Solid',#4011,.F.);
#377=SHAPE_ASPECT('','Solid',#4011,.F.);
#378=SHAPE_ASPECT('','Solid',#4011,.F.);
#379=SHAPE_ASPECT('','Solid',#4011,.F.);
#380=SHAPE_ASPECT('','Solid',#4011,.F.);
#381=SHAPE_ASPECT('','Solid',#4011,.F.);
#382=SHAPE_ASPECT('','Solid',#4011,.F.);
#383=SHAPE_ASPECT('','Solid',#4011,.F.);
#384=SHAPE_ASPECT('','Solid',#4011,.F.);
#385=SHAPE_ASPECT('','Solid',#4011,.F.);
#386=SHAPE_ASPECT('','Solid',#4011,.F.);
#387=SHAPE_ASPECT('','Solid',#4011,.F.);
#388=SHAPE_ASPECT('','Solid',#4011,.F.);
#389=SHAPE_ASPECT('','Solid',#4011,.F.);
#390=SHAPE_ASPECT('','Solid',#4011,.F.);
#391=SHAPE_ASPECT('','Solid',#4011,.F.);
#392=SHAPE_ASPECT('','Solid',#4011,.F.);
#393=SHAPE_ASPECT('','Solid',#4011,.F.);
#394=SHAPE_ASPECT('','Solid',#4011,.F.);
#395=SHAPE_ASPECT('','Solid',#4011,.F.);
#396=SHAPE_ASPECT('','Solid',#4011,.F.);
#397=SHAPE_ASPECT('','Solid',#4011,.F.);
#398=SHAPE_ASPECT('','Solid',#4011,.F.);
#399=SHAPE_ASPECT('','Solid',#4011,.F.);
#400=SHAPE_ASPECT('','Solid',#4011,.F.);
#401=SHAPE_ASPECT('','Solid',#4011,.F.);
#402=SHAPE_ASPECT('','Solid',#4011,.F.);
#403=SHAPE_ASPECT('','Solid',#4011,.F.);
#404=SHAPE_REPRESENTATION_RELATIONSHIP('','',#2916,#608);
#405=SHAPE_REPRESENTATION_RELATIONSHIP('','',#2916,#609);
#406=SHAPE_REPRESENTATION_RELATIONSHIP('','',#2916,#610);
#407=SHAPE_REPRESENTATION_RELATIONSHIP('','',#2916,#611);
#408=SHAPE_REPRESENTATION_RELATIONSHIP('','',#2916,#612);
#409=SHAPE_REPRESENTATION_RELATIONSHIP('','',#2916,#613);
#410=SHAPE_REPRESENTATION_RELATIONSHIP('','',#2916,#614);
#411=SHAPE_REPRESENTATION_RELATIONSHIP('','',#2916,#615);
#412=SHAPE_REPRESENTATION_RELATIONSHIP('','',#2916,#616);
#413=SHAPE_REPRESENTATION_RELATIONSHIP('','',#2916,#617);
#414=SHAPE_REPRESENTATION_RELATIONSHIP('','',#2916,#618);
#415=SHAPE_REPRESENTATION_RELATIONSHIP('','',#2916,#619);
#416=SHAPE_REPRESENTATION_RELATIONSHIP('','',#2916,#620);
#417=SHAPE_REPRESENTATION_RELATIONSHIP('','',#2916,#621);
#418=SHAPE_REPRESENTATION_RELATIONSHIP('','',#2916,#622);
#419=SHAPE_REPRESENTATION_RELATIONSHIP('','',#2916,#623);
#420=SHAPE_REPRESENTATION_RELATIONSHIP('','',#2916,#624);
#421=SHAPE_REPRESENTATION_RELATIONSHIP('','',#2916,#625);
#422=SHAPE_REPRESENTATION_RELATIONSHIP('','',#2916,#626);
#423=SHAPE_REPRESENTATION_RELATIONSHIP('','',#2916,#627);
#424=SHAPE_REPRESENTATION_RELATIONSHIP('','',#2916,#628);
#425=SHAPE_REPRESENTATION_RELATIONSHIP('','',#2916,#629);
#426=SHAPE_REPRESENTATION_RELATIONSHIP('','',#2916,#630);
#427=SHAPE_REPRESENTATION_RELATIONSHIP('','',#2916,#631);
#428=SHAPE_REPRESENTATION_RELATIONSHIP('','',#2916,#632);
#429=SHAPE_REPRESENTATION_RELATIONSHIP('','',#2916,#633);
#430=SHAPE_REPRESENTATION_RELATIONSHIP('','',#2916,#634);
#431=SHAPE_REPRESENTATION_RELATIONSHIP('','',#2916,#635);
#432=SHAPE_REPRESENTATION_RELATIONSHIP('','',#2916,#636);
#433=SHAPE_REPRESENTATION_RELATIONSHIP('','',#2916,#637);
#434=SHAPE_REPRESENTATION_RELATIONSHIP('','',#2916,#638);
#435=SHAPE_REPRESENTATION_RELATIONSHIP('','',#2916,#639);
#436=SHAPE_REPRESENTATION_RELATIONSHIP('','',#2916,#640);
#437=SHAPE_REPRESENTATION_RELATIONSHIP('','',#2916,#641);
#438=SHAPE_REPRESENTATION_RELATIONSHIP('','',#2916,#642);
#439=SHAPE_REPRESENTATION_RELATIONSHIP('','',#2916,#643);
#440=SHAPE_REPRESENTATION_RELATIONSHIP('','',#2916,#644);
#441=SHAPE_REPRESENTATION_RELATIONSHIP('','',#2916,#645);
#442=SHAPE_REPRESENTATION_RELATIONSHIP('','',#2916,#646);
#443=SHAPE_REPRESENTATION_RELATIONSHIP('','',#2916,#647);
#444=SHAPE_REPRESENTATION_RELATIONSHIP('','',#2916,#648);
#445=SHAPE_REPRESENTATION_RELATIONSHIP('','',#2916,#649);
#446=SHAPE_REPRESENTATION_RELATIONSHIP('','',#2916,#650);
#447=SHAPE_REPRESENTATION_RELATIONSHIP('','',#2916,#651);
#448=SHAPE_REPRESENTATION_RELATIONSHIP('','',#2916,#652);
#449=SHAPE_REPRESENTATION_RELATIONSHIP('','',#2916,#653);
#450=SHAPE_REPRESENTATION_RELATIONSHIP('','',#2916,#654);
#451=SHAPE_REPRESENTATION_RELATIONSHIP('','',#2916,#655);
#452=SHAPE_REPRESENTATION_RELATIONSHIP('','',#2916,#656);
#453=SHAPE_REPRESENTATION_RELATIONSHIP('','',#2916,#657);
#454=SHAPE_REPRESENTATION_RELATIONSHIP('','',#2916,#658);
#455=SHAPE_REPRESENTATION_RELATIONSHIP('','',#2916,#659);
#456=SHAPE_REPRESENTATION_RELATIONSHIP('','',#2916,#660);
#457=SHAPE_REPRESENTATION_RELATIONSHIP('','',#2916,#661);
#458=SHAPE_REPRESENTATION_RELATIONSHIP('','',#2916,#662);
#459=SHAPE_REPRESENTATION_RELATIONSHIP('','',#2916,#663);
#460=SHAPE_REPRESENTATION_RELATIONSHIP('','',#2916,#664);
#461=SHAPE_REPRESENTATION_RELATIONSHIP('','',#2916,#665);
#462=SHAPE_REPRESENTATION_RELATIONSHIP('','',#2916,#666);
#463=SHAPE_REPRESENTATION_RELATIONSHIP('','',#2916,#667);
#464=SHAPE_REPRESENTATION_RELATIONSHIP('','',#2916,#668);
#465=SHAPE_REPRESENTATION_RELATIONSHIP('','',#2916,#669);
#466=SHAPE_REPRESENTATION_RELATIONSHIP('','',#2916,#670);
#467=SHAPE_REPRESENTATION_RELATIONSHIP('','',#2916,#671);
#468=SHAPE_REPRESENTATION_RELATIONSHIP('','',#2916,#672);
#469=SHAPE_REPRESENTATION_RELATIONSHIP('','',#2916,#673);
#470=SHAPE_REPRESENTATION_RELATIONSHIP('','',#2916,#674);
#471=SHAPE_REPRESENTATION_RELATIONSHIP('','',#2916,#675);
#472=SHAPE_REPRESENTATION_RELATIONSHIP('','',#2916,#676);
#473=SHAPE_REPRESENTATION_RELATIONSHIP('','',#2916,#677);
#474=SHAPE_REPRESENTATION_RELATIONSHIP('','',#2916,#678);
#475=SHAPE_REPRESENTATION_RELATIONSHIP('','',#2916,#679);
#476=SHAPE_REPRESENTATION_RELATIONSHIP('','',#2916,#680);
#477=SHAPE_REPRESENTATION_RELATIONSHIP('','',#2916,#681);
#478=SHAPE_REPRESENTATION_RELATIONSHIP('','',#2916,#682);
#479=SHAPE_REPRESENTATION_RELATIONSHIP('','',#2916,#683);
#480=SHAPE_REPRESENTATION_RELATIONSHIP('','',#2916,#684);
#481=SHAPE_REPRESENTATION_RELATIONSHIP('','',#2916,#685);
#482=SHAPE_REPRESENTATION_RELATIONSHIP('','',#2916,#686);
#483=SHAPE_REPRESENTATION_RELATIONSHIP('','',#2916,#687);
#484=SHAPE_REPRESENTATION_RELATIONSHIP('','',#2916,#688);
#485=SHAPE_REPRESENTATION_RELATIONSHIP('','',#2916,#689);
#486=SHAPE_REPRESENTATION_RELATIONSHIP('','',#2916,#690);
#487=SHAPE_REPRESENTATION_RELATIONSHIP('','',#2916,#691);
#488=SHAPE_REPRESENTATION_RELATIONSHIP('','',#2916,#692);
#489=SHAPE_REPRESENTATION_RELATIONSHIP('','',#2916,#693);
#490=SHAPE_REPRESENTATION_RELATIONSHIP('','',#2916,#694);
#491=SHAPE_REPRESENTATION_RELATIONSHIP('','',#2916,#695);
#492=SHAPE_REPRESENTATION_RELATIONSHIP('','',#2916,#696);
#493=SHAPE_REPRESENTATION_RELATIONSHIP('','',#2916,#697);
#494=SHAPE_REPRESENTATION_RELATIONSHIP('','',#2916,#698);
#495=SHAPE_REPRESENTATION_RELATIONSHIP('','',#2916,#699);
#496=SHAPE_REPRESENTATION_RELATIONSHIP('','',#2916,#700);
#497=SHAPE_REPRESENTATION_RELATIONSHIP('','',#2916,#701);
#498=SHAPE_REPRESENTATION_RELATIONSHIP('','',#2916,#702);
#499=SHAPE_REPRESENTATION_RELATIONSHIP('','',#2916,#703);
#500=SHAPE_REPRESENTATION_RELATIONSHIP('','',#2916,#704);
#501=SHAPE_REPRESENTATION_RELATIONSHIP('','',#2916,#705);
#502=SHAPE_REPRESENTATION_RELATIONSHIP('','',#2916,#706);
#503=SHAPE_REPRESENTATION_RELATIONSHIP('','',#2916,#707);
#504=SHAPE_REPRESENTATION_RELATIONSHIP('','',#2916,#708);
#505=SHAPE_REPRESENTATION_RELATIONSHIP('','',#2916,#709);
#506=SHAPE_REPRESENTATION_RELATIONSHIP('','',#2916,#710);
#507=SHAPE_REPRESENTATION_RELATIONSHIP('','',#2916,#711);
#508=SHAPE_REPRESENTATION_RELATIONSHIP('','',#2916,#712);
#509=SHAPE_REPRESENTATION_RELATIONSHIP('','',#2916,#713);
#510=SHAPE_REPRESENTATION_RELATIONSHIP('','',#2916,#714);
#511=SHAPE_REPRESENTATION_RELATIONSHIP('','',#2916,#715);
#512=SHAPE_REPRESENTATION_RELATIONSHIP('','',#2916,#716);
#513=SHAPE_REPRESENTATION_RELATIONSHIP('','',#2916,#717);
#514=SHAPE_REPRESENTATION_RELATIONSHIP('','',#2916,#718);
#515=SHAPE_REPRESENTATION_RELATIONSHIP('','',#2916,#719);
#516=SHAPE_REPRESENTATION_RELATIONSHIP('','',#2916,#720);
#517=SHAPE_REPRESENTATION_RELATIONSHIP('','',#2916,#721);
#518=SHAPE_REPRESENTATION_RELATIONSHIP('','',#2916,#722);
#519=SHAPE_REPRESENTATION_RELATIONSHIP('','',#2916,#723);
#520=SHAPE_REPRESENTATION_RELATIONSHIP('','',#2916,#724);
#521=SHAPE_REPRESENTATION_RELATIONSHIP('','',#2916,#725);
#522=SHAPE_REPRESENTATION_RELATIONSHIP('','',#2916,#726);
#523=SHAPE_REPRESENTATION_RELATIONSHIP('','',#2916,#727);
#524=SHAPE_REPRESENTATION_RELATIONSHIP('','',#2916,#728);
#525=SHAPE_REPRESENTATION_RELATIONSHIP('','',#2916,#729);
#526=SHAPE_REPRESENTATION_RELATIONSHIP('','',#2916,#730);
#527=SHAPE_REPRESENTATION_RELATIONSHIP('','',#2916,#731);
#528=SHAPE_REPRESENTATION_RELATIONSHIP('','',#2916,#732);
#529=SHAPE_REPRESENTATION_RELATIONSHIP('','',#2916,#733);
#530=SHAPE_REPRESENTATION_RELATIONSHIP('','',#2916,#734);
#531=SHAPE_REPRESENTATION_RELATIONSHIP('','',#2916,#735);
#532=SHAPE_REPRESENTATION_RELATIONSHIP('','',#2916,#736);
#533=SHAPE_REPRESENTATION_RELATIONSHIP('','',#2916,#737);
#534=SHAPE_REPRESENTATION_RELATIONSHIP('','',#2916,#738);
#535=SHAPE_REPRESENTATION_RELATIONSHIP('','',#2916,#739);
#536=SHAPE_REPRESENTATION_RELATIONSHIP('','',#2916,#740);
#537=SHAPE_REPRESENTATION_RELATIONSHIP('','',#2916,#741);
#538=SHAPE_REPRESENTATION_RELATIONSHIP('','',#2916,#742);
#539=SHAPE_REPRESENTATION_RELATIONSHIP('','',#2916,#743);
#540=SHAPE_REPRESENTATION_RELATIONSHIP('','',#2916,#744);
#541=SHAPE_REPRESENTATION_RELATIONSHIP('','',#2916,#745);
#542=SHAPE_REPRESENTATION_RELATIONSHIP('','',#2916,#746);
#543=SHAPE_REPRESENTATION_RELATIONSHIP('','',#2916,#747);
#544=SHAPE_REPRESENTATION_RELATIONSHIP('','',#2916,#748);
#545=SHAPE_REPRESENTATION_RELATIONSHIP('','',#2916,#749);
#546=SHAPE_REPRESENTATION_RELATIONSHIP('','',#2916,#750);
#547=SHAPE_REPRESENTATION_RELATIONSHIP('','',#2916,#751);
#548=SHAPE_REPRESENTATION_RELATIONSHIP('','',#2916,#752);
#549=SHAPE_REPRESENTATION_RELATIONSHIP('','',#2916,#753);
#550=SHAPE_REPRESENTATION_RELATIONSHIP('','',#2916,#754);
#551=SHAPE_REPRESENTATION_RELATIONSHIP('','',#2916,#755);
#552=SHAPE_REPRESENTATION_RELATIONSHIP('','',#2916,#756);
#553=SHAPE_REPRESENTATION_RELATIONSHIP('','',#2916,#757);
#554=SHAPE_REPRESENTATION_RELATIONSHIP('','',#2916,#758);
#555=SHAPE_REPRESENTATION_RELATIONSHIP('','',#2916,#759);
#556=SHAPE_REPRESENTATION_RELATIONSHIP('','',#2916,#760);
#557=SHAPE_REPRESENTATION_RELATIONSHIP('','',#2916,#761);
#558=SHAPE_REPRESENTATION_RELATIONSHIP('','',#2916,#762);
#559=SHAPE_REPRESENTATION_RELATIONSHIP('','',#2916,#763);
#560=SHAPE_REPRESENTATION_RELATIONSHIP('','',#2916,#764);
#561=SHAPE_REPRESENTATION_RELATIONSHIP('','',#2916,#765);
#562=SHAPE_REPRESENTATION_RELATIONSHIP('','',#2916,#766);
#563=SHAPE_REPRESENTATION_RELATIONSHIP('','',#2916,#767);
#564=SHAPE_REPRESENTATION_RELATIONSHIP('','',#2916,#768);
#565=SHAPE_REPRESENTATION_RELATIONSHIP('','',#2916,#769);
#566=SHAPE_REPRESENTATION_RELATIONSHIP('','',#2916,#770);
#567=SHAPE_REPRESENTATION_RELATIONSHIP('','',#2916,#771);
#568=SHAPE_REPRESENTATION_RELATIONSHIP('','',#2916,#772);
#569=SHAPE_REPRESENTATION_RELATIONSHIP('','',#2916,#773);
#570=SHAPE_REPRESENTATION_RELATIONSHIP('','',#2916,#774);
#571=SHAPE_REPRESENTATION_RELATIONSHIP('','',#2916,#775);
#572=SHAPE_REPRESENTATION_RELATIONSHIP('','',#2916,#776);
#573=SHAPE_REPRESENTATION_RELATIONSHIP('','',#2916,#777);
#574=SHAPE_REPRESENTATION_RELATIONSHIP('','',#2916,#778);
#575=SHAPE_REPRESENTATION_RELATIONSHIP('','',#2916,#779);
#576=SHAPE_REPRESENTATION_RELATIONSHIP('','',#2916,#780);
#577=SHAPE_REPRESENTATION_RELATIONSHIP('','',#2916,#781);
#578=SHAPE_REPRESENTATION_RELATIONSHIP('','',#2916,#782);
#579=SHAPE_REPRESENTATION_RELATIONSHIP('','',#2916,#783);
#580=SHAPE_REPRESENTATION_RELATIONSHIP('','',#2916,#784);
#581=SHAPE_REPRESENTATION_RELATIONSHIP('','',#2916,#785);
#582=SHAPE_REPRESENTATION_RELATIONSHIP('','',#2916,#786);
#583=SHAPE_REPRESENTATION_RELATIONSHIP('','',#2916,#787);
#584=SHAPE_REPRESENTATION_RELATIONSHIP('','',#2916,#788);
#585=SHAPE_REPRESENTATION_RELATIONSHIP('','',#2916,#789);
#586=SHAPE_REPRESENTATION_RELATIONSHIP('','',#2916,#790);
#587=SHAPE_REPRESENTATION_RELATIONSHIP('','',#2916,#791);
#588=SHAPE_REPRESENTATION_RELATIONSHIP('','',#2916,#792);
#589=SHAPE_REPRESENTATION_RELATIONSHIP('','',#2916,#793);
#590=SHAPE_REPRESENTATION_RELATIONSHIP('','',#2916,#794);
#591=SHAPE_REPRESENTATION_RELATIONSHIP('','',#2916,#795);
#592=SHAPE_REPRESENTATION_RELATIONSHIP('','',#2916,#796);
#593=SHAPE_REPRESENTATION_RELATIONSHIP('','',#2916,#797);
#594=SHAPE_REPRESENTATION_RELATIONSHIP('','',#2916,#798);
#595=SHAPE_REPRESENTATION_RELATIONSHIP('','',#2916,#799);
#596=SHAPE_REPRESENTATION_RELATIONSHIP('','',#2916,#800);
#597=SHAPE_REPRESENTATION_RELATIONSHIP('','',#2916,#801);
#598=SHAPE_REPRESENTATION_RELATIONSHIP('','',#2916,#802);
#599=SHAPE_REPRESENTATION_RELATIONSHIP('','',#2916,#803);
#600=SHAPE_REPRESENTATION_RELATIONSHIP('','',#2916,#804);
#601=SHAPE_REPRESENTATION_RELATIONSHIP('','',#2916,#805);
#602=SHAPE_REPRESENTATION_RELATIONSHIP('','',#2916,#806);
#603=SHAPE_REPRESENTATION_RELATIONSHIP('','',#2916,#807);
#604=SHAPE_REPRESENTATION_RELATIONSHIP('','',#2916,#808);
#605=SHAPE_REPRESENTATION_RELATIONSHIP('','',#2916,#809);
#606=SHAPE_REPRESENTATION_RELATIONSHIP('','',#2916,#810);
#607=SHAPE_REPRESENTATION_RELATIONSHIP('','',#2916,#811);
#608=TESSELLATED_SHAPE_REPRESENTATION('',(#2711),#3996);
#609=TESSELLATED_SHAPE_REPRESENTATION('',(#2712),#3996);
#610=TESSELLATED_SHAPE_REPRESENTATION('',(#2713),#3996);
#611=TESSELLATED_SHAPE_REPRESENTATION('',(#2714),#3996);
#612=TESSELLATED_SHAPE_REPRESENTATION('',(#2715),#3996);
#613=TESSELLATED_SHAPE_REPRESENTATION('',(#2716),#3996);
#614=TESSELLATED_SHAPE_REPRESENTATION('',(#2717),#3996);
#615=TESSELLATED_SHAPE_REPRESENTATION('',(#2718),#3996);
#616=TESSELLATED_SHAPE_REPRESENTATION('',(#2719),#3996);
#617=TESSELLATED_SHAPE_REPRESENTATION('',(#2720),#3996);
#618=TESSELLATED_SHAPE_REPRESENTATION('',(#2721),#3996);
#619=TESSELLATED_SHAPE_REPRESENTATION('',(#2722),#3996);
#620=TESSELLATED_SHAPE_REPRESENTATION('',(#2723),#3996);
#621=TESSELLATED_SHAPE_REPRESENTATION('',(#2724),#3996);
#622=TESSELLATED_SHAPE_REPRESENTATION('',(#2725),#3996);
#623=TESSELLATED_SHAPE_REPRESENTATION('',(#2726),#3996);
#624=TESSELLATED_SHAPE_REPRESENTATION('',(#2727),#3996);
#625=TESSELLATED_SHAPE_REPRESENTATION('',(#2728),#3996);
#626=TESSELLATED_SHAPE_REPRESENTATION('',(#2729),#3996);
#627=TESSELLATED_SHAPE_REPRESENTATION('',(#2730),#3996);
#628=TESSELLATED_SHAPE_REPRESENTATION('',(#2731),#3996);
#629=TESSELLATED_SHAPE_REPRESENTATION('',(#2732),#3996);
#630=TESSELLATED_SHAPE_REPRESENTATION('',(#2733),#3996);
#631=TESSELLATED_SHAPE_REPRESENTATION('',(#2734),#3996);
#632=TESSELLATED_SHAPE_REPRESENTATION('',(#2735),#3996);
#633=TESSELLATED_SHAPE_REPRESENTATION('',(#2736),#3996);
#634=TESSELLATED_SHAPE_REPRESENTATION('',(#2737),#3996);
#635=TESSELLATED_SHAPE_REPRESENTATION('',(#2738),#3996);
#636=TESSELLATED_SHAPE_REPRESENTATION('',(#2739),#3996);
#637=TESSELLATED_SHAPE_REPRESENTATION('',(#2740),#3996);
#638=TESSELLATED_SHAPE_REPRESENTATION('',(#2741),#3996);
#639=TESSELLATED_SHAPE_REPRESENTATION('',(#2742),#3996);
#640=TESSELLATED_SHAPE_REPRESENTATION('',(#2743),#3996);
#641=TESSELLATED_SHAPE_REPRESENTATION('',(#2744),#3996);
#642=TESSELLATED_SHAPE_REPRESENTATION('',(#2745),#3996);
#643=TESSELLATED_SHAPE_REPRESENTATION('',(#2746),#3996);
#644=TESSELLATED_SHAPE_REPRESENTATION('',(#2747),#3996);
#645=TESSELLATED_SHAPE_REPRESENTATION('',(#2748),#3996);
#646=TESSELLATED_SHAPE_REPRESENTATION('',(#2749),#3996);
#647=TESSELLATED_SHAPE_REPRESENTATION('',(#2750),#3996);
#648=TESSELLATED_SHAPE_REPRESENTATION('',(#2751),#3996);
#649=TESSELLATED_SHAPE_REPRESENTATION('',(#2752),#3996);
#650=TESSELLATED_SHAPE_REPRESENTATION('',(#2753),#3996);
#651=TESSELLATED_SHAPE_REPRESENTATION('',(#2754),#3996);
#652=TESSELLATED_SHAPE_REPRESENTATION('',(#2755),#3996);
#653=TESSELLATED_SHAPE_REPRESENTATION('',(#2756),#3996);
#654=TESSELLATED_SHAPE_REPRESENTATION('',(#2757),#3996);
#655=TESSELLATED_SHAPE_REPRESENTATION('',(#2758),#3996);
#656=TESSELLATED_SHAPE_REPRESENTATION('',(#2759),#3996);
#657=TESSELLATED_SHAPE_REPRESENTATION('',(#2760),#3996);
#658=TESSELLATED_SHAPE_REPRESENTATION('',(#2761),#3996);
#659=TESSELLATED_SHAPE_REPRESENTATION('',(#2762),#3996);
#660=TESSELLATED_SHAPE_REPRESENTATION('',(#2763),#3996);
#661=TESSELLATED_SHAPE_REPRESENTATION('',(#2764),#3996);
#662=TESSELLATED_SHAPE_REPRESENTATION('',(#2765),#3996);
#663=TESSELLATED_SHAPE_REPRESENTATION('',(#2766),#3996);
#664=TESSELLATED_SHAPE_REPRESENTATION('',(#2767),#3996);
#665=TESSELLATED_SHAPE_REPRESENTATION('',(#2768),#3996);
#666=TESSELLATED_SHAPE_REPRESENTATION('',(#2769),#3996);
#667=TESSELLATED_SHAPE_REPRESENTATION('',(#2770),#3996);
#668=TESSELLATED_SHAPE_REPRESENTATION('',(#2771),#3996);
#669=TESSELLATED_SHAPE_REPRESENTATION('',(#2772),#3996);
#670=TESSELLATED_SHAPE_REPRESENTATION('',(#2773),#3996);
#671=TESSELLATED_SHAPE_REPRESENTATION('',(#2774),#3996);
#672=TESSELLATED_SHAPE_REPRESENTATION('',(#2775),#3996);
#673=TESSELLATED_SHAPE_REPRESENTATION('',(#2776),#3996);
#674=TESSELLATED_SHAPE_REPRESENTATION('',(#2777),#3996);
#675=TESSELLATED_SHAPE_REPRESENTATION('',(#2778),#3996);
#676=TESSELLATED_SHAPE_REPRESENTATION('',(#2779),#3996);
#677=TESSELLATED_SHAPE_REPRESENTATION('',(#2780),#3996);
#678=TESSELLATED_SHAPE_REPRESENTATION('',(#2781),#3996);
#679=TESSELLATED_SHAPE_REPRESENTATION('',(#2782),#3996);
#680=TESSELLATED_SHAPE_REPRESENTATION('',(#2783),#3996);
#681=TESSELLATED_SHAPE_REPRESENTATION('',(#2784),#3996);
#682=TESSELLATED_SHAPE_REPRESENTATION('',(#2785),#3996);
#683=TESSELLATED_SHAPE_REPRESENTATION('',(#2786),#3996);
#684=TESSELLATED_SHAPE_REPRESENTATION('',(#2787),#3996);
#685=TESSELLATED_SHAPE_REPRESENTATION('',(#2788),#3996);
#686=TESSELLATED_SHAPE_REPRESENTATION('',(#2789),#3996);
#687=TESSELLATED_SHAPE_REPRESENTATION('',(#2790),#3996);
#688=TESSELLATED_SHAPE_REPRESENTATION('',(#2791),#3996);
#689=TESSELLATED_SHAPE_REPRESENTATION('',(#2792),#3996);
#690=TESSELLATED_SHAPE_REPRESENTATION('',(#2793),#3996);
#691=TESSELLATED_SHAPE_REPRESENTATION('',(#2794),#3996);
#692=TESSELLATED_SHAPE_REPRESENTATION('',(#2795),#3996);
#693=TESSELLATED_SHAPE_REPRESENTATION('',(#2796),#3996);
#694=TESSELLATED_SHAPE_REPRESENTATION('',(#2797),#3996);
#695=TESSELLATED_SHAPE_REPRESENTATION('',(#2798),#3996);
#696=TESSELLATED_SHAPE_REPRESENTATION('',(#2799),#3996);
#697=TESSELLATED_SHAPE_REPRESENTATION('',(#2800),#3996);
#698=TESSELLATED_SHAPE_REPRESENTATION('',(#2801),#3996);
#699=TESSELLATED_SHAPE_REPRESENTATION('',(#2802),#3996);
#700=TESSELLATED_SHAPE_REPRESENTATION('',(#2803),#3996);
#701=TESSELLATED_SHAPE_REPRESENTATION('',(#2804),#3996);
#702=TESSELLATED_SHAPE_REPRESENTATION('',(#2805),#3996);
#703=TESSELLATED_SHAPE_REPRESENTATION('',(#2806),#3996);
#704=TESSELLATED_SHAPE_REPRESENTATION('',(#2807),#3996);
#705=TESSELLATED_SHAPE_REPRESENTATION('',(#2808),#3996);
#706=TESSELLATED_SHAPE_REPRESENTATION('',(#2809),#3996);
#707=TESSELLATED_SHAPE_REPRESENTATION('',(#2810),#3996);
#708=TESSELLATED_SHAPE_REPRESENTATION('',(#2811),#3996);
#709=TESSELLATED_SHAPE_REPRESENTATION('',(#2812),#3996);
#710=TESSELLATED_SHAPE_REPRESENTATION('',(#2813),#3996);
#711=TESSELLATED_SHAPE_REPRESENTATION('',(#2814),#3996);
#712=TESSELLATED_SHAPE_REPRESENTATION('',(#2815),#3996);
#713=TESSELLATED_SHAPE_REPRESENTATION('',(#2816),#3996);
#714=TESSELLATED_SHAPE_REPRESENTATION('',(#2817),#3996);
#715=TESSELLATED_SHAPE_REPRESENTATION('',(#2818),#3996);
#716=TESSELLATED_SHAPE_REPRESENTATION('',(#2819),#3996);
#717=TESSELLATED_SHAPE_REPRESENTATION('',(#2820),#3996);
#718=TESSELLATED_SHAPE_REPRESENTATION('',(#2821),#3996);
#719=TESSELLATED_SHAPE_REPRESENTATION('',(#2822),#3996);
#720=TESSELLATED_SHAPE_REPRESENTATION('',(#2823),#3996);
#721=TESSELLATED_SHAPE_REPRESENTATION('',(#2824),#3996);
#722=TESSELLATED_SHAPE_REPRESENTATION('',(#2825),#3996);
#723=TESSELLATED_SHAPE_REPRESENTATION('',(#2826),#3996);
#724=TESSELLATED_SHAPE_REPRESENTATION('',(#2827),#3996);
#725=TESSELLATED_SHAPE_REPRESENTATION('',(#2828),#3996);
#726=TESSELLATED_SHAPE_REPRESENTATION('',(#2829),#3996);
#727=TESSELLATED_SHAPE_REPRESENTATION('',(#2830),#3996);
#728=TESSELLATED_SHAPE_REPRESENTATION('',(#2831),#3996);
#729=TESSELLATED_SHAPE_REPRESENTATION('',(#2832),#3996);
#730=TESSELLATED_SHAPE_REPRESENTATION('',(#2833),#3996);
#731=TESSELLATED_SHAPE_REPRESENTATION('',(#2834),#3996);
#732=TESSELLATED_SHAPE_REPRESENTATION('',(#2835),#3996);
#733=TESSELLATED_SHAPE_REPRESENTATION('',(#2836),#3996);
#734=TESSELLATED_SHAPE_REPRESENTATION('',(#2837),#3996);
#735=TESSELLATED_SHAPE_REPRESENTATION('',(#2838),#3996);
#736=TESSELLATED_SHAPE_REPRESENTATION('',(#2839),#3996);
#737=TESSELLATED_SHAPE_REPRESENTATION('',(#2840),#3996);
#738=TESSELLATED_SHAPE_REPRESENTATION('',(#2841),#3996);
#739=TESSELLATED_SHAPE_REPRESENTATION('',(#2842),#3996);
#740=TESSELLATED_SHAPE_REPRESENTATION('',(#2843),#3996);
#741=TESSELLATED_SHAPE_REPRESENTATION('',(#2844),#3996);
#742=TESSELLATED_SHAPE_REPRESENTATION('',(#2845),#3996);
#743=TESSELLATED_SHAPE_REPRESENTATION('',(#2846),#3996);
#744=TESSELLATED_SHAPE_REPRESENTATION('',(#2847),#3996);
#745=TESSELLATED_SHAPE_REPRESENTATION('',(#2848),#3996);
#746=TESSELLATED_SHAPE_REPRESENTATION('',(#2849),#3996);
#747=TESSELLATED_SHAPE_REPRESENTATION('',(#2850),#3996);
#748=TESSELLATED_SHAPE_REPRESENTATION('',(#2851),#3996);
#749=TESSELLATED_SHAPE_REPRESENTATION('',(#2852),#3996);
#750=TESSELLATED_SHAPE_REPRESENTATION('',(#2853),#3996);
#751=TESSELLATED_SHAPE_REPRESENTATION('',(#2854),#3996);
#752=TESSELLATED_SHAPE_REPRESENTATION('',(#2855),#3996);
#753=TESSELLATED_SHAPE_REPRESENTATION('',(#2856),#3996);
#754=TESSELLATED_SHAPE_REPRESENTATION('',(#2857),#3996);
#755=TESSELLATED_SHAPE_REPRESENTATION('',(#2858),#3996);
#756=TESSELLATED_SHAPE_REPRESENTATION('',(#2859),#3996);
#757=TESSELLATED_SHAPE_REPRESENTATION('',(#2860),#3996);
#758=TESSELLATED_SHAPE_REPRESENTATION('',(#2861),#3996);
#759=TESSELLATED_SHAPE_REPRESENTATION('',(#2862),#3996);
#760=TESSELLATED_SHAPE_REPRESENTATION('',(#2863),#3996);
#761=TESSELLATED_SHAPE_REPRESENTATION('',(#2864),#3996);
#762=TESSELLATED_SHAPE_REPRESENTATION('',(#2865),#3996);
#763=TESSELLATED_SHAPE_REPRESENTATION('',(#2866),#3996);
#764=TESSELLATED_SHAPE_REPRESENTATION('',(#2867),#3996);
#765=TESSELLATED_SHAPE_REPRESENTATION('',(#2868),#3996);
#766=TESSELLATED_SHAPE_REPRESENTATION('',(#2869),#3996);
#767=TESSELLATED_SHAPE_REPRESENTATION('',(#2870),#3996);
#768=TESSELLATED_SHAPE_REPRESENTATION('',(#2871),#3996);
#769=TESSELLATED_SHAPE_REPRESENTATION('',(#2872),#3996);
#770=TESSELLATED_SHAPE_REPRESENTATION('',(#2873),#3996);
#771=TESSELLATED_SHAPE_REPRESENTATION('',(#2874),#3996);
#772=TESSELLATED_SHAPE_REPRESENTATION('',(#2875),#3996);
#773=TESSELLATED_SHAPE_REPRESENTATION('',(#2876),#3996);
#774=TESSELLATED_SHAPE_REPRESENTATION('',(#2877),#3996);
#775=TESSELLATED_SHAPE_REPRESENTATION('',(#2878),#3996);
#776=TESSELLATED_SHAPE_REPRESENTATION('',(#2879),#3996);
#777=TESSELLATED_SHAPE_REPRESENTATION('',(#2880),#3996);
#778=TESSELLATED_SHAPE_REPRESENTATION('',(#2881),#3996);
#779=TESSELLATED_SHAPE_REPRESENTATION('',(#2882),#3996);
#780=TESSELLATED_SHAPE_REPRESENTATION('',(#2883),#3996);
#781=TESSELLATED_SHAPE_REPRESENTATION('',(#2884),#3996);
#782=TESSELLATED_SHAPE_REPRESENTATION('',(#2885),#3996);
#783=TESSELLATED_SHAPE_REPRESENTATION('',(#2886),#3996);
#784=TESSELLATED_SHAPE_REPRESENTATION('',(#2887),#3996);
#785=TESSELLATED_SHAPE_REPRESENTATION('',(#2888),#3996);
#786=TESSELLATED_SHAPE_REPRESENTATION('',(#2889),#3996);
#787=TESSELLATED_SHAPE_REPRESENTATION('',(#2890),#3996);
#788=TESSELLATED_SHAPE_REPRESENTATION('',(#2891),#3996);
#789=TESSELLATED_SHAPE_REPRESENTATION('',(#2892),#3996);
#790=TESSELLATED_SHAPE_REPRESENTATION('',(#2893),#3996);
#791=TESSELLATED_SHAPE_REPRESENTATION('',(#2894),#3996);
#792=TESSELLATED_SHAPE_REPRESENTATION('',(#2895),#3996);
#793=TESSELLATED_SHAPE_REPRESENTATION('',(#2896),#3996);
#794=TESSELLATED_SHAPE_REPRESENTATION('',(#2897),#3996);
#795=TESSELLATED_SHAPE_REPRESENTATION('',(#2898),#3996);
#796=TESSELLATED_SHAPE_REPRESENTATION('',(#2899),#3996);
#797=TESSELLATED_SHAPE_REPRESENTATION('',(#2900),#3996);
#798=TESSELLATED_SHAPE_REPRESENTATION('',(#2901),#3996);
#799=TESSELLATED_SHAPE_REPRESENTATION('',(#2902),#3996);
#800=TESSELLATED_SHAPE_REPRESENTATION('',(#2903),#3996);
#801=TESSELLATED_SHAPE_REPRESENTATION('',(#2904),#3996);
#802=TESSELLATED_SHAPE_REPRESENTATION('',(#2905),#3996);
#803=TESSELLATED_SHAPE_REPRESENTATION('',(#2906),#3996);
#804=TESSELLATED_SHAPE_REPRESENTATION('',(#2907),#3996);
#805=TESSELLATED_SHAPE_REPRESENTATION('',(#2908),#3996);
#806=TESSELLATED_SHAPE_REPRESENTATION('',(#2909),#3996);
#807=TESSELLATED_SHAPE_REPRESENTATION('',(#2910),#3996);
#808=TESSELLATED_SHAPE_REPRESENTATION('',(#2911),#3996);
#809=TESSELLATED_SHAPE_REPRESENTATION('',(#2912),#3996);
#810=TESSELLATED_SHAPE_REPRESENTATION('',(#2913),#3996);
#811=TESSELLATED_SHAPE_REPRESENTATION('',(#2914),#3996);
#812=STYLED_ITEM('',(#1016),#2283);
#813=STYLED_ITEM('',(#1017),#2284);
#814=STYLED_ITEM('',(#1018),#2285);
#815=STYLED_ITEM('',(#1019),#2286);
#816=STYLED_ITEM('',(#1020),#2287);
#817=STYLED_ITEM('',(#1021),#2288);
#818=STYLED_ITEM('',(#1022),#2289);
#819=STYLED_ITEM('',(#1023),#2290);
#820=STYLED_ITEM('',(#1024),#2291);
#821=STYLED_ITEM('',(#1025),#2292);
#822=STYLED_ITEM('',(#1026),#2293);
#823=STYLED_ITEM('',(#1027),#2294);
#824=STYLED_ITEM('',(#1028),#2295);
#825=STYLED_ITEM('',(#1029),#2296);
#826=STYLED_ITEM('',(#1030),#2297);
#827=STYLED_ITEM('',(#1031),#2298);
#828=STYLED_ITEM('',(#1032),#2299);
#829=STYLED_ITEM('',(#1033),#2300);
#830=STYLED_ITEM('',(#1034),#2301);
#831=STYLED_ITEM('',(#1035),#2302);
#832=STYLED_ITEM('',(#1036),#2303);
#833=STYLED_ITEM('',(#1037),#2304);
#834=STYLED_ITEM('',(#1038),#2305);
#835=STYLED_ITEM('',(#1039),#2306);
#836=STYLED_ITEM('',(#1040),#2307);
#837=STYLED_ITEM('',(#1041),#2308);
#838=STYLED_ITEM('',(#1042),#2309);
#839=STYLED_ITEM('',(#1043),#2310);
#840=STYLED_ITEM('',(#1044),#2311);
#841=STYLED_ITEM('',(#1045),#2312);
#842=STYLED_ITEM('',(#1046),#2313);
#843=STYLED_ITEM('',(#1047),#2314);
#844=STYLED_ITEM('',(#1048),#2315);
#845=STYLED_ITEM('',(#1049),#2316);
#846=STYLED_ITEM('',(#1050),#2317);
#847=STYLED_ITEM('',(#1051),#2318);
#848=STYLED_ITEM('',(#1052),#2319);
#849=STYLED_ITEM('',(#1053),#2320);
#850=STYLED_ITEM('',(#1054),#2321);
#851=STYLED_ITEM('',(#1055),#2322);
#852=STYLED_ITEM('',(#1056),#2323);
#853=STYLED_ITEM('',(#1057),#2324);
#854=STYLED_ITEM('',(#1058),#2325);
#855=STYLED_ITEM('',(#1059),#2326);
#856=STYLED_ITEM('',(#1060),#2327);
#857=STYLED_ITEM('',(#1061),#2328);
#858=STYLED_ITEM('',(#1062),#2329);
#859=STYLED_ITEM('',(#1063),#2330);
#860=STYLED_ITEM('',(#1064),#2331);
#861=STYLED_ITEM('',(#1065),#2332);
#862=STYLED_ITEM('',(#1066),#2333);
#863=STYLED_ITEM('',(#1067),#2334);
#864=STYLED_ITEM('',(#1068),#2335);
#865=STYLED_ITEM('',(#1069),#2336);
#866=STYLED_ITEM('',(#1070),#2337);
#867=STYLED_ITEM('',(#1071),#2338);
#868=STYLED_ITEM('',(#1072),#2339);
#869=STYLED_ITEM('',(#1073),#2340);
#870=STYLED_ITEM('',(#1074),#2341);
#871=STYLED_ITEM('',(#1075),#2342);
#872=STYLED_ITEM('',(#1076),#2343);
#873=STYLED_ITEM('',(#1077),#2344);
#874=STYLED_ITEM('',(#1078),#2345);
#875=STYLED_ITEM('',(#1079),#2346);
#876=STYLED_ITEM('',(#1080),#2347);
#877=STYLED_ITEM('',(#1081),#2348);
#878=STYLED_ITEM('',(#1082),#2349);
#879=STYLED_ITEM('',(#1083),#2350);
#880=STYLED_ITEM('',(#1084),#2351);
#881=STYLED_ITEM('',(#1085),#2352);
#882=STYLED_ITEM('',(#1086),#2353);
#883=STYLED_ITEM('',(#1087),#2354);
#884=STYLED_ITEM('',(#1088),#2355);
#885=STYLED_ITEM('',(#1089),#2356);
#886=STYLED_ITEM('',(#1090),#2357);
#887=STYLED_ITEM('',(#1091),#2358);
#888=STYLED_ITEM('',(#1092),#2359);
#889=STYLED_ITEM('',(#1093),#2360);
#890=STYLED_ITEM('',(#1094),#2361);
#891=STYLED_ITEM('',(#1095),#2362);
#892=STYLED_ITEM('',(#1096),#2363);
#893=STYLED_ITEM('',(#1097),#2364);
#894=STYLED_ITEM('',(#1098),#2365);
#895=STYLED_ITEM('',(#1099),#2366);
#896=STYLED_ITEM('',(#1100),#2367);
#897=STYLED_ITEM('',(#1101),#2368);
#898=STYLED_ITEM('',(#1102),#2369);
#899=STYLED_ITEM('',(#1103),#2370);
#900=STYLED_ITEM('',(#1104),#2371);
#901=STYLED_ITEM('',(#1105),#2372);
#902=STYLED_ITEM('',(#1106),#2373);
#903=STYLED_ITEM('',(#1107),#2374);
#904=STYLED_ITEM('',(#1108),#2375);
#905=STYLED_ITEM('',(#1109),#2376);
#906=STYLED_ITEM('',(#1110),#2377);
#907=STYLED_ITEM('',(#1111),#2378);
#908=STYLED_ITEM('',(#1112),#2379);
#909=STYLED_ITEM('',(#1113),#2380);
#910=STYLED_ITEM('',(#1114),#2381);
#911=STYLED_ITEM('',(#1115),#2382);
#912=STYLED_ITEM('',(#1116),#2383);
#913=STYLED_ITEM('',(#1117),#2384);
#914=STYLED_ITEM('',(#1118),#2385);
#915=STYLED_ITEM('',(#1119),#2386);
#916=STYLED_ITEM('',(#1120),#2387);
#917=STYLED_ITEM('',(#1121),#2388);
#918=STYLED_ITEM('',(#1122),#2389);
#919=STYLED_ITEM('',(#1123),#2390);
#920=STYLED_ITEM('',(#1124),#2391);
#921=STYLED_ITEM('',(#1125),#2392);
#922=STYLED_ITEM('',(#1126),#2393);
#923=STYLED_ITEM('',(#1127),#2394);
#924=STYLED_ITEM('',(#1128),#2395);
#925=STYLED_ITEM('',(#1129),#2396);
#926=STYLED_ITEM('',(#1130),#2397);
#927=STYLED_ITEM('',(#1131),#2398);
#928=STYLED_ITEM('',(#1132),#2399);
#929=STYLED_ITEM('',(#1133),#2400);
#930=STYLED_ITEM('',(#1134),#2401);
#931=STYLED_ITEM('',(#1135),#2402);
#932=STYLED_ITEM('',(#1136),#2403);
#933=STYLED_ITEM('',(#1137),#2404);
#934=STYLED_ITEM('',(#1138),#2405);
#935=STYLED_ITEM('',(#1139),#2406);
#936=STYLED_ITEM('',(#1140),#2407);
#937=STYLED_ITEM('',(#1141),#2408);
#938=STYLED_ITEM('',(#1142),#2409);
#939=STYLED_ITEM('',(#1143),#2410);
#940=STYLED_ITEM('',(#1144),#2411);
#941=STYLED_ITEM('',(#1145),#2412);
#942=STYLED_ITEM('',(#1146),#2413);
#943=STYLED_ITEM('',(#1147),#2414);
#944=STYLED_ITEM('',(#1148),#2415);
#945=STYLED_ITEM('',(#1149),#2416);
#946=STYLED_ITEM('',(#1150),#2417);
#947=STYLED_ITEM('',(#1151),#2418);
#948=STYLED_ITEM('',(#1152),#2419);
#949=STYLED_ITEM('',(#1153),#2420);
#950=STYLED_ITEM('',(#1154),#2421);
#951=STYLED_ITEM('',(#1155),#2422);
#952=STYLED_ITEM('',(#1156),#2423);
#953=STYLED_ITEM('',(#1157),#2424);
#954=STYLED_ITEM('',(#1158),#2425);
#955=STYLED_ITEM('',(#1159),#2426);
#956=STYLED_ITEM('',(#1160),#2427);
#957=STYLED_ITEM('',(#1161),#2428);
#958=STYLED_ITEM('',(#1162),#2429);
#959=STYLED_ITEM('',(#1163),#2430);
#960=STYLED_ITEM('',(#1164),#2431);
#961=STYLED_ITEM('',(#1165),#2432);
#962=STYLED_ITEM('',(#1166),#2433);
#963=STYLED_ITEM('',(#1167),#2434);
#964=STYLED_ITEM('',(#1168),#2435);
#965=STYLED_ITEM('',(#1169),#2436);
#966=STYLED_ITEM('',(#1170),#2437);
#967=STYLED_ITEM('',(#1171),#2438);
#968=STYLED_ITEM('',(#1172),#2439);
#969=STYLED_ITEM('',(#1173),#2440);
#970=STYLED_ITEM('',(#1174),#2441);
#971=STYLED_ITEM('',(#1175),#2442);
#972=STYLED_ITEM('',(#1176),#2443);
#973=STYLED_ITEM('',(#1177),#2444);
#974=STYLED_ITEM('',(#1178),#2445);
#975=STYLED_ITEM('',(#1179),#2446);
#976=STYLED_ITEM('',(#1180),#2447);
#977=STYLED_ITEM('',(#1181),#2448);
#978=STYLED_ITEM('',(#1182),#2449);
#979=STYLED_ITEM('',(#1183),#2450);
#980=STYLED_ITEM('',(#1184),#2451);
#981=STYLED_ITEM('',(#1185),#2452);
#982=STYLED_ITEM('',(#1186),#2453);
#983=STYLED_ITEM('',(#1187),#2454);
#984=STYLED_ITEM('',(#1188),#2455);
#985=STYLED_ITEM('',(#1189),#2456);
#986=STYLED_ITEM('',(#1190),#2457);
#987=STYLED_ITEM('',(#1191),#2458);
#988=STYLED_ITEM('',(#1192),#2459);
#989=STYLED_ITEM('',(#1193),#2460);
#990=STYLED_ITEM('',(#1194),#2461);
#991=STYLED_ITEM('',(#1195),#2462);
#992=STYLED_ITEM('',(#1196),#2463);
#993=STYLED_ITEM('',(#1197),#2464);
#994=STYLED_ITEM('',(#1198),#2465);
#995=STYLED_ITEM('',(#1199),#2466);
#996=STYLED_ITEM('',(#1200),#2467);
#997=STYLED_ITEM('',(#1201),#2468);
#998=STYLED_ITEM('',(#1202),#2469);
#999=STYLED_ITEM('',(#1203),#2470);
#1000=STYLED_ITEM('',(#1204),#2471);
#1001=STYLED_ITEM('',(#1205),#2472);
#1002=STYLED_ITEM('',(#1206),#2473);
#1003=STYLED_ITEM('',(#1207),#2474);
#1004=STYLED_ITEM('',(#1208),#2475);
#1005=STYLED_ITEM('',(#1209),#2476);
#1006=STYLED_ITEM('',(#1210),#2477);
#1007=STYLED_ITEM('',(#1211),#2478);
#1008=STYLED_ITEM('',(#1212),#2479);
#1009=STYLED_ITEM('',(#1213),#2480);
#1010=STYLED_ITEM('',(#1214),#2481);
#1011=STYLED_ITEM('',(#1215),#2482);
#1012=STYLED_ITEM('',(#1216),#2483);
#1013=STYLED_ITEM('',(#1217),#2484);
#1014=STYLED_ITEM('',(#1218),#2485);
#1015=STYLED_ITEM('',(#1219),#2486);
#1016=PRESENTATION_STYLE_ASSIGNMENT((#1240));
#1017=PRESENTATION_STYLE_ASSIGNMENT((#1241));
#1018=PRESENTATION_STYLE_ASSIGNMENT((#1242));
#1019=PRESENTATION_STYLE_ASSIGNMENT((#1243));
#1020=PRESENTATION_STYLE_ASSIGNMENT((#1244));
#1021=PRESENTATION_STYLE_ASSIGNMENT((#1245));
#1022=PRESENTATION_STYLE_ASSIGNMENT((#1246));
#1023=PRESENTATION_STYLE_ASSIGNMENT((#1247));
#1024=PRESENTATION_STYLE_ASSIGNMENT((#1248));
#1025=PRESENTATION_STYLE_ASSIGNMENT((#1249));
#1026=PRESENTATION_STYLE_ASSIGNMENT((#1250));
#1027=PRESENTATION_STYLE_ASSIGNMENT((#1251));
#1028=PRESENTATION_STYLE_ASSIGNMENT((#1252));
#1029=PRESENTATION_STYLE_ASSIGNMENT((#1253));
#1030=PRESENTATION_STYLE_ASSIGNMENT((#1254));
#1031=PRESENTATION_STYLE_ASSIGNMENT((#1255));
#1032=PRESENTATION_STYLE_ASSIGNMENT((#1256));
#1033=PRESENTATION_STYLE_ASSIGNMENT((#1257));
#1034=PRESENTATION_STYLE_ASSIGNMENT((#1258));
#1035=PRESENTATION_STYLE_ASSIGNMENT((#1259));
#1036=PRESENTATION_STYLE_ASSIGNMENT((#1260));
#1037=PRESENTATION_STYLE_ASSIGNMENT((#1261));
#1038=PRESENTATION_STYLE_ASSIGNMENT((#1262));
#1039=PRESENTATION_STYLE_ASSIGNMENT((#1263));
#1040=PRESENTATION_STYLE_ASSIGNMENT((#1264));
#1041=PRESENTATION_STYLE_ASSIGNMENT((#1265));
#1042=PRESENTATION_STYLE_ASSIGNMENT((#1266));
#1043=PRESENTATION_STYLE_ASSIGNMENT((#1267));
#1044=PRESENTATION_STYLE_ASSIGNMENT((#1268));
#1045=PRESENTATION_STYLE_ASSIGNMENT((#1269));
#1046=PRESENTATION_STYLE_ASSIGNMENT((#1270));
#1047=PRESENTATION_STYLE_ASSIGNMENT((#1271));
#1048=PRESENTATION_STYLE_ASSIGNMENT((#1272));
#1049=PRESENTATION_STYLE_ASSIGNMENT((#1273));
#1050=PRESENTATION_STYLE_ASSIGNMENT((#1274));
#1051=PRESENTATION_STYLE_ASSIGNMENT((#1275));
#1052=PRESENTATION_STYLE_ASSIGNMENT((#1276));
#1053=PRESENTATION_STYLE_ASSIGNMENT((#1277));
#1054=PRESENTATION_STYLE_ASSIGNMENT((#1278));
#1055=PRESENTATION_STYLE_ASSIGNMENT((#1279));
#1056=PRESENTATION_STYLE_ASSIGNMENT((#1280));
#1057=PRESENTATION_STYLE_ASSIGNMENT((#1281));
#1058=PRESENTATION_STYLE_ASSIGNMENT((#1282));
#1059=PRESENTATION_STYLE_ASSIGNMENT((#1283));
#1060=PRESENTATION_STYLE_ASSIGNMENT((#1284));
#1061=PRESENTATION_STYLE_ASSIGNMENT((#1285));
#1062=PRESENTATION_STYLE_ASSIGNMENT((#1286));
#1063=PRESENTATION_STYLE_ASSIGNMENT((#1287));
#1064=PRESENTATION_STYLE_ASSIGNMENT((#1288));
#1065=PRESENTATION_STYLE_ASSIGNMENT((#1289));
#1066=PRESENTATION_STYLE_ASSIGNMENT((#1290));
#1067=PRESENTATION_STYLE_ASSIGNMENT((#1291));
#1068=PRESENTATION_STYLE_ASSIGNMENT((#1292));
#1069=PRESENTATION_STYLE_ASSIGNMENT((#1293));
#1070=PRESENTATION_STYLE_ASSIGNMENT((#1294));
#1071=PRESENTATION_STYLE_ASSIGNMENT((#1295));
#1072=PRESENTATION_STYLE_ASSIGNMENT((#1296));
#1073=PRESENTATION_STYLE_ASSIGNMENT((#1297));
#1074=PRESENTATION_STYLE_ASSIGNMENT((#1298));
#1075=PRESENTATION_STYLE_ASSIGNMENT((#1299));
#1076=PRESENTATION_STYLE_ASSIGNMENT((#1300));
#1077=PRESENTATION_STYLE_ASSIGNMENT((#1301));
#1078=PRESENTATION_STYLE_ASSIGNMENT((#1302));
#1079=PRESENTATION_STYLE_ASSIGNMENT((#1303));
#1080=PRESENTATION_STYLE_ASSIGNMENT((#1304));
#1081=PRESENTATION_STYLE_ASSIGNMENT((#1305));
#1082=PRESENTATION_STYLE_ASSIGNMENT((#1306));
#1083=PRESENTATION_STYLE_ASSIGNMENT((#1307));
#1084=PRESENTATION_STYLE_ASSIGNMENT((#1308));
#1085=PRESENTATION_STYLE_ASSIGNMENT((#1309));
#1086=PRESENTATION_STYLE_ASSIGNMENT((#1310));
#1087=PRESENTATION_STYLE_ASSIGNMENT((#1311));
#1088=PRESENTATION_STYLE_ASSIGNMENT((#1312));
#1089=PRESENTATION_STYLE_ASSIGNMENT((#1313));
#1090=PRESENTATION_STYLE_ASSIGNMENT((#1314));
#1091=PRESENTATION_STYLE_ASSIGNMENT((#1315));
#1092=PRESENTATION_STYLE_ASSIGNMENT((#1316));
#1093=PRESENTATION_STYLE_ASSIGNMENT((#1317));
#1094=PRESENTATION_STYLE_ASSIGNMENT((#1318));
#1095=PRESENTATION_STYLE_ASSIGNMENT((#1319));
#1096=PRESENTATION_STYLE_ASSIGNMENT((#1320));
#1097=PRESENTATION_STYLE_ASSIGNMENT((#1321));
#1098=PRESENTATION_STYLE_ASSIGNMENT((#1322));
#1099=PRESENTATION_STYLE_ASSIGNMENT((#1323));
#1100=PRESENTATION_STYLE_ASSIGNMENT((#1324));
#1101=PRESENTATION_STYLE_ASSIGNMENT((#1325));
#1102=PRESENTATION_STYLE_ASSIGNMENT((#1326));
#1103=PRESENTATION_STYLE_ASSIGNMENT((#1327));
#1104=PRESENTATION_STYLE_ASSIGNMENT((#1328));
#1105=PRESENTATION_STYLE_ASSIGNMENT((#1329));
#1106=PRESENTATION_STYLE_ASSIGNMENT((#1330));
#1107=PRESENTATION_STYLE_ASSIGNMENT((#1331));
#1108=PRESENTATION_STYLE_ASSIGNMENT((#1332));
#1109=PRESENTATION_STYLE_ASSIGNMENT((#1333));
#1110=PRESENTATION_STYLE_ASSIGNMENT((#1334));
#1111=PRESENTATION_STYLE_ASSIGNMENT((#1335));
#1112=PRESENTATION_STYLE_ASSIGNMENT((#1336));
#1113=PRESENTATION_STYLE_ASSIGNMENT((#1337));
#1114=PRESENTATION_STYLE_ASSIGNMENT((#1338));
#1115=PRESENTATION_STYLE_ASSIGNMENT((#1339));
#1116=PRESENTATION_STYLE_ASSIGNMENT((#1340));
#1117=PRESENTATION_STYLE_ASSIGNMENT((#1341));
#1118=PRESENTATION_STYLE_ASSIGNMENT((#1342));
#1119=PRESENTATION_STYLE_ASSIGNMENT((#1343));
#1120=PRESENTATION_STYLE_ASSIGNMENT((#1344));
#1121=PRESENTATION_STYLE_ASSIGNMENT((#1345));
#1122=PRESENTATION_STYLE_ASSIGNMENT((#1346));
#1123=PRESENTATION_STYLE_ASSIGNMENT((#1347));
#1124=PRESENTATION_STYLE_ASSIGNMENT((#1348));
#1125=PRESENTATION_STYLE_ASSIGNMENT((#1349));
#1126=PRESENTATION_STYLE_ASSIGNMENT((#1350));
#1127=PRESENTATION_STYLE_ASSIGNMENT((#1351));
#1128=PRESENTATION_STYLE_ASSIGNMENT((#1352));
#1129=PRESENTATION_STYLE_ASSIGNMENT((#1353));
#1130=PRESENTATION_STYLE_ASSIGNMENT((#1354));
#1131=PRESENTATION_STYLE_ASSIGNMENT((#1355));
#1132=PRESENTATION_STYLE_ASSIGNMENT((#1356));
#1133=PRESENTATION_STYLE_ASSIGNMENT((#1357));
#1134=PRESENTATION_STYLE_ASSIGNMENT((#1358));
#1135=PRESENTATION_STYLE_ASSIGNMENT((#1359));
#1136=PRESENTATION_STYLE_ASSIGNMENT((#1360));
#1137=PRESENTATION_STYLE_ASSIGNMENT((#1361));
#1138=PRESENTATION_STYLE_ASSIGNMENT((#1362));
#1139=PRESENTATION_STYLE_ASSIGNMENT((#1363));
#1140=PRESENTATION_STYLE_ASSIGNMENT((#1364));
#1141=PRESENTATION_STYLE_ASSIGNMENT((#1365));
#1142=PRESENTATION_STYLE_ASSIGNMENT((#1366));
#1143=PRESENTATION_STYLE_ASSIGNMENT((#1367));
#1144=PRESENTATION_STYLE_ASSIGNMENT((#1368));
#1145=PRESENTATION_STYLE_ASSIGNMENT((#1369));
#1146=PRESENTATION_STYLE_ASSIGNMENT((#1370));
#1147=PRESENTATION_STYLE_ASSIGNMENT((#1371));
#1148=PRESENTATION_STYLE_ASSIGNMENT((#1372));
#1149=PRESENTATION_STYLE_ASSIGNMENT((#1373));
#1150=PRESENTATION_STYLE_ASSIGNMENT((#1374));
#1151=PRESENTATION_STYLE_ASSIGNMENT((#1375));
#1152=PRESENTATION_STYLE_ASSIGNMENT((#1376));
#1153=PRESENTATION_STYLE_ASSIGNMENT((#1377));
#1154=PRESENTATION_STYLE_ASSIGNMENT((#1378));
#1155=PRESENTATION_STYLE_ASSIGNMENT((#1379));
#1156=PRESENTATION_STYLE_ASSIGNMENT((#1380));
#1157=PRESENTATION_STYLE_ASSIGNMENT((#1381));
#1158=PRESENTATION_STYLE_ASSIGNMENT((#1382));
#1159=PRESENTATION_STYLE_ASSIGNMENT((#1383));
#1160=PRESENTATION_STYLE_ASSIGNMENT((#1384));
#1161=PRESENTATION_STYLE_ASSIGNMENT((#1385));
#1162=PRESENTATION_STYLE_ASSIGNMENT((#1386));
#1163=PRESENTATION_STYLE_ASSIGNMENT((#1387));
#1164=PRESENTATION_STYLE_ASSIGNMENT((#1388));
#1165=PRESENTATION_STYLE_ASSIGNMENT((#1389));
#1166=PRESENTATION_STYLE_ASSIGNMENT((#1390));
#1167=PRESENTATION_STYLE_ASSIGNMENT((#1391));
#1168=PRESENTATION_STYLE_ASSIGNMENT((#1392));
#1169=PRESENTATION_STYLE_ASSIGNMENT((#1393));
#1170=PRESENTATION_STYLE_ASSIGNMENT((#1394));
#1171=PRESENTATION_STYLE_ASSIGNMENT((#1395));
#1172=PRESENTATION_STYLE_ASSIGNMENT((#1396));
#1173=PRESENTATION_STYLE_ASSIGNMENT((#1397));
#1174=PRESENTATION_STYLE_ASSIGNMENT((#1398));
#1175=PRESENTATION_STYLE_ASSIGNMENT((#1399));
#1176=PRESENTATION_STYLE_ASSIGNMENT((#1400));
#1177=PRESENTATION_STYLE_ASSIGNMENT((#1401));
#1178=PRESENTATION_STYLE_ASSIGNMENT((#1402));
#1179=PRESENTATION_STYLE_ASSIGNMENT((#1403));
#1180=PRESENTATION_STYLE_ASSIGNMENT((#1404));
#1181=PRESENTATION_STYLE_ASSIGNMENT((#1405));
#1182=PRESENTATION_STYLE_ASSIGNMENT((#1406));
#1183=PRESENTATION_STYLE_ASSIGNMENT((#1407));
#1184=PRESENTATION_STYLE_ASSIGNMENT((#1408));
#1185=PRESENTATION_STYLE_ASSIGNMENT((#1409));
#1186=PRESENTATION_STYLE_ASSIGNMENT((#1410));
#1187=PRESENTATION_STYLE_ASSIGNMENT((#1411));
#1188=PRESENTATION_STYLE_ASSIGNMENT((#1412));
#1189=PRESENTATION_STYLE_ASSIGNMENT((#1413));
#1190=PRESENTATION_STYLE_ASSIGNMENT((#1414));
#1191=PRESENTATION_STYLE_ASSIGNMENT((#1415));
#1192=PRESENTATION_STYLE_ASSIGNMENT((#1416));
#1193=PRESENTATION_STYLE_ASSIGNMENT((#1417));
#1194=PRESENTATION_STYLE_ASSIGNMENT((#1418));
#1195=PRESENTATION_STYLE_ASSIGNMENT((#1419));
#1196=PRESENTATION_STYLE_ASSIGNMENT((#1420));
#1197=PRESENTATION_STYLE_ASSIGNMENT((#1421));
#1198=PRESENTATION_STYLE_ASSIGNMENT((#1422));
#1199=PRESENTATION_STYLE_ASSIGNMENT((#1423));
#1200=PRESENTATION_STYLE_ASSIGNMENT((#1424));
#1201=PRESENTATION_STYLE_ASSIGNMENT((#1425));
#1202=PRESENTATION_STYLE_ASSIGNMENT((#1426));
#1203=PRESENTATION_STYLE_ASSIGNMENT((#1427));
#1204=PRESENTATION_STYLE_ASSIGNMENT((#1428));
#1205=PRESENTATION_STYLE_ASSIGNMENT((#1429));
#1206=PRESENTATION_STYLE_ASSIGNMENT((#1430));
#1207=PRESENTATION_STYLE_ASSIGNMENT((#1431));
#1208=PRESENTATION_STYLE_ASSIGNMENT((#1432));
#1209=PRESENTATION_STYLE_ASSIGNMENT((#1433));
#1210=PRESENTATION_STYLE_ASSIGNMENT((#1434));
#1211=PRESENTATION_STYLE_ASSIGNMENT((#1435));
#1212=PRESENTATION_STYLE_ASSIGNMENT((#1436));
#1213=PRESENTATION_STYLE_ASSIGNMENT((#1437));
#1214=PRESENTATION_STYLE_ASSIGNMENT((#1438));
#1215=PRESENTATION_STYLE_ASSIGNMENT((#1439));
#1216=PRESENTATION_STYLE_ASSIGNMENT((#1440));
#1217=PRESENTATION_STYLE_ASSIGNMENT((#1441));
#1218=PRESENTATION_STYLE_ASSIGNMENT((#1442));
#1219=PRESENTATION_STYLE_ASSIGNMENT((#1443));
#1220=PRESENTATION_STYLE_ASSIGNMENT((#150));
#1221=PRESENTATION_STYLE_ASSIGNMENT((#2056));
#1222=PRESENTATION_STYLE_ASSIGNMENT((#151));
#1223=PRESENTATION_STYLE_ASSIGNMENT((#2057));
#1224=PRESENTATION_STYLE_ASSIGNMENT((#152));
#1225=PRESENTATION_STYLE_ASSIGNMENT((#2058));
#1226=PRESENTATION_STYLE_ASSIGNMENT((#153));
#1227=PRESENTATION_STYLE_ASSIGNMENT((#2059));
#1228=PRESENTATION_STYLE_ASSIGNMENT((#154));
#1229=PRESENTATION_STYLE_ASSIGNMENT((#2060));
#1230=PRESENTATION_STYLE_ASSIGNMENT((#155));
#1231=PRESENTATION_STYLE_ASSIGNMENT((#2061));
#1232=PRESENTATION_STYLE_ASSIGNMENT((#156));
#1233=PRESENTATION_STYLE_ASSIGNMENT((#2062));
#1234=PRESENTATION_STYLE_ASSIGNMENT((#157));
#1235=PRESENTATION_STYLE_ASSIGNMENT((#2063));
#1236=PRESENTATION_STYLE_ASSIGNMENT((#158));
#1237=PRESENTATION_STYLE_ASSIGNMENT((#2064));
#1238=PRESENTATION_STYLE_ASSIGNMENT((#159));
#1239=PRESENTATION_STYLE_ASSIGNMENT((#2065));
#1240=SURFACE_STYLE_USAGE(.BOTH.,#1444);
#1241=SURFACE_STYLE_USAGE(.BOTH.,#1445);
#1242=SURFACE_STYLE_USAGE(.BOTH.,#1446);
#1243=SURFACE_STYLE_USAGE(.BOTH.,#1447);
#1244=SURFACE_STYLE_USAGE(.BOTH.,#1448);
#1245=SURFACE_STYLE_USAGE(.BOTH.,#1449);
#1246=SURFACE_STYLE_USAGE(.BOTH.,#1450);
#1247=SURFACE_STYLE_USAGE(.BOTH.,#1451);
#1248=SURFACE_STYLE_USAGE(.BOTH.,#1452);
#1249=SURFACE_STYLE_USAGE(.BOTH.,#1453);
#1250=SURFACE_STYLE_USAGE(.BOTH.,#1454);
#1251=SURFACE_STYLE_USAGE(.BOTH.,#1455);
#1252=SURFACE_STYLE_USAGE(.BOTH.,#1456);
#1253=SURFACE_STYLE_USAGE(.BOTH.,#1457);
#1254=SURFACE_STYLE_USAGE(.BOTH.,#1458);
#1255=SURFACE_STYLE_USAGE(.BOTH.,#1459);
#1256=SURFACE_STYLE_USAGE(.BOTH.,#1460);
#1257=SURFACE_STYLE_USAGE(.BOTH.,#1461);
#1258=SURFACE_STYLE_USAGE(.BOTH.,#1462);
#1259=SURFACE_STYLE_USAGE(.BOTH.,#1463);
#1260=SURFACE_STYLE_USAGE(.BOTH.,#1464);
#1261=SURFACE_STYLE_USAGE(.BOTH.,#1465);
#1262=SURFACE_STYLE_USAGE(.BOTH.,#1466);
#1263=SURFACE_STYLE_USAGE(.BOTH.,#1467);
#1264=SURFACE_STYLE_USAGE(.BOTH.,#1468);
#1265=SURFACE_STYLE_USAGE(.BOTH.,#1469);
#1266=SURFACE_STYLE_USAGE(.BOTH.,#1470);
#1267=SURFACE_STYLE_USAGE(.BOTH.,#1471);
#1268=SURFACE_STYLE_USAGE(.BOTH.,#1472);
#1269=SURFACE_STYLE_USAGE(.BOTH.,#1473);
#1270=SURFACE_STYLE_USAGE(.BOTH.,#1474);
#1271=SURFACE_STYLE_USAGE(.BOTH.,#1475);
#1272=SURFACE_STYLE_USAGE(.BOTH.,#1476);
#1273=SURFACE_STYLE_USAGE(.BOTH.,#1477);
#1274=SURFACE_STYLE_USAGE(.BOTH.,#1478);
#1275=SURFACE_STYLE_USAGE(.BOTH.,#1479);
#1276=SURFACE_STYLE_USAGE(.BOTH.,#1480);
#1277=SURFACE_STYLE_USAGE(.BOTH.,#1481);
#1278=SURFACE_STYLE_USAGE(.BOTH.,#1482);
#1279=SURFACE_STYLE_USAGE(.BOTH.,#1483);
#1280=SURFACE_STYLE_USAGE(.BOTH.,#1484);
#1281=SURFACE_STYLE_USAGE(.BOTH.,#1485);
#1282=SURFACE_STYLE_USAGE(.BOTH.,#1486);
#1283=SURFACE_STYLE_USAGE(.BOTH.,#1487);
#1284=SURFACE_STYLE_USAGE(.BOTH.,#1488);
#1285=SURFACE_STYLE_USAGE(.BOTH.,#1489);
#1286=SURFACE_STYLE_USAGE(.BOTH.,#1490);
#1287=SURFACE_STYLE_USAGE(.BOTH.,#1491);
#1288=SURFACE_STYLE_USAGE(.BOTH.,#1492);
#1289=SURFACE_STYLE_USAGE(.BOTH.,#1493);
#1290=SURFACE_STYLE_USAGE(.BOTH.,#1494);
#1291=SURFACE_STYLE_USAGE(.BOTH.,#1495);
#1292=SURFACE_STYLE_USAGE(.BOTH.,#1496);
#1293=SURFACE_STYLE_USAGE(.BOTH.,#1497);
#1294=SURFACE_STYLE_USAGE(.BOTH.,#1498);
#1295=SURFACE_STYLE_USAGE(.BOTH.,#1499);
#1296=SURFACE_STYLE_USAGE(.BOTH.,#1500);
#1297=SURFACE_STYLE_USAGE(.BOTH.,#1501);
#1298=SURFACE_STYLE_USAGE(.BOTH.,#1502);
#1299=SURFACE_STYLE_USAGE(.BOTH.,#1503);
#1300=SURFACE_STYLE_USAGE(.BOTH.,#1504);
#1301=SURFACE_STYLE_USAGE(.BOTH.,#1505);
#1302=SURFACE_STYLE_USAGE(.BOTH.,#1506);
#1303=SURFACE_STYLE_USAGE(.BOTH.,#1507);
#1304=SURFACE_STYLE_USAGE(.BOTH.,#1508);
#1305=SURFACE_STYLE_USAGE(.BOTH.,#1509);
#1306=SURFACE_STYLE_USAGE(.BOTH.,#1510);
#1307=SURFACE_STYLE_USAGE(.BOTH.,#1511);
#1308=SURFACE_STYLE_USAGE(.BOTH.,#1512);
#1309=SURFACE_STYLE_USAGE(.BOTH.,#1513);
#1310=SURFACE_STYLE_USAGE(.BOTH.,#1514);
#1311=SURFACE_STYLE_USAGE(.BOTH.,#1515);
#1312=SURFACE_STYLE_USAGE(.BOTH.,#1516);
#1313=SURFACE_STYLE_USAGE(.BOTH.,#1517);
#1314=SURFACE_STYLE_USAGE(.BOTH.,#1518);
#1315=SURFACE_STYLE_USAGE(.BOTH.,#1519);
#1316=SURFACE_STYLE_USAGE(.BOTH.,#1520);
#1317=SURFACE_STYLE_USAGE(.BOTH.,#1521);
#1318=SURFACE_STYLE_USAGE(.BOTH.,#1522);
#1319=SURFACE_STYLE_USAGE(.BOTH.,#1523);
#1320=SURFACE_STYLE_USAGE(.BOTH.,#1524);
#1321=SURFACE_STYLE_USAGE(.BOTH.,#1525);
#1322=SURFACE_STYLE_USAGE(.BOTH.,#1526);
#1323=SURFACE_STYLE_USAGE(.BOTH.,#1527);
#1324=SURFACE_STYLE_USAGE(.BOTH.,#1528);
#1325=SURFACE_STYLE_USAGE(.BOTH.,#1529);
#1326=SURFACE_STYLE_USAGE(.BOTH.,#1530);
#1327=SURFACE_STYLE_USAGE(.BOTH.,#1531);
#1328=SURFACE_STYLE_USAGE(.BOTH.,#1532);
#1329=SURFACE_STYLE_USAGE(.BOTH.,#1533);
#1330=SURFACE_STYLE_USAGE(.BOTH.,#1534);
#1331=SURFACE_STYLE_USAGE(.BOTH.,#1535);
#1332=SURFACE_STYLE_USAGE(.BOTH.,#1536);
#1333=SURFACE_STYLE_USAGE(.BOTH.,#1537);
#1334=SURFACE_STYLE_USAGE(.BOTH.,#1538);
#1335=SURFACE_STYLE_USAGE(.BOTH.,#1539);
#1336=SURFACE_STYLE_USAGE(.BOTH.,#1540);
#1337=SURFACE_STYLE_USAGE(.BOTH.,#1541);
#1338=SURFACE_STYLE_USAGE(.BOTH.,#1542);
#1339=SURFACE_STYLE_USAGE(.BOTH.,#1543);
#1340=SURFACE_STYLE_USAGE(.BOTH.,#1544);
#1341=SURFACE_STYLE_USAGE(.BOTH.,#1545);
#1342=SURFACE_STYLE_USAGE(.BOTH.,#1546);
#1343=SURFACE_STYLE_USAGE(.BOTH.,#1547);
#1344=SURFACE_STYLE_USAGE(.BOTH.,#1548);
#1345=SURFACE_STYLE_USAGE(.BOTH.,#1549);
#1346=SURFACE_STYLE_USAGE(.BOTH.,#1550);
#1347=SURFACE_STYLE_USAGE(.BOTH.,#1551);
#1348=SURFACE_STYLE_USAGE(.BOTH.,#1552);
#1349=SURFACE_STYLE_USAGE(.BOTH.,#1553);
#1350=SURFACE_STYLE_USAGE(.BOTH.,#1554);
#1351=SURFACE_STYLE_USAGE(.BOTH.,#1555);
#1352=SURFACE_STYLE_USAGE(.BOTH.,#1556);
#1353=SURFACE_STYLE_USAGE(.BOTH.,#1557);
#1354=SURFACE_STYLE_USAGE(.BOTH.,#1558);
#1355=SURFACE_STYLE_USAGE(.BOTH.,#1559);
#1356=SURFACE_STYLE_USAGE(.BOTH.,#1560);
#1357=SURFACE_STYLE_USAGE(.BOTH.,#1561);
#1358=SURFACE_STYLE_USAGE(.BOTH.,#1562);
#1359=SURFACE_STYLE_USAGE(.BOTH.,#1563);
#1360=SURFACE_STYLE_USAGE(.BOTH.,#1564);
#1361=SURFACE_STYLE_USAGE(.BOTH.,#1565);
#1362=SURFACE_STYLE_USAGE(.BOTH.,#1566);
#1363=SURFACE_STYLE_USAGE(.BOTH.,#1567);
#1364=SURFACE_STYLE_USAGE(.BOTH.,#1568);
#1365=SURFACE_STYLE_USAGE(.BOTH.,#1569);
#1366=SURFACE_STYLE_USAGE(.BOTH.,#1570);
#1367=SURFACE_STYLE_USAGE(.BOTH.,#1571);
#1368=SURFACE_STYLE_USAGE(.BOTH.,#1572);
#1369=SURFACE_STYLE_USAGE(.BOTH.,#1573);
#1370=SURFACE_STYLE_USAGE(.BOTH.,#1574);
#1371=SURFACE_STYLE_USAGE(.BOTH.,#1575);
#1372=SURFACE_STYLE_USAGE(.BOTH.,#1576);
#1373=SURFACE_STYLE_USAGE(.BOTH.,#1577);
#1374=SURFACE_STYLE_USAGE(.BOTH.,#1578);
#1375=SURFACE_STYLE_USAGE(.BOTH.,#1579);
#1376=SURFACE_STYLE_USAGE(.BOTH.,#1580);
#1377=SURFACE_STYLE_USAGE(.BOTH.,#1581);
#1378=SURFACE_STYLE_USAGE(.BOTH.,#1582);
#1379=SURFACE_STYLE_USAGE(.BOTH.,#1583);
#1380=SURFACE_STYLE_USAGE(.BOTH.,#1584);
#1381=SURFACE_STYLE_USAGE(.BOTH.,#1585);
#1382=SURFACE_STYLE_USAGE(.BOTH.,#1586);
#1383=SURFACE_STYLE_USAGE(.BOTH.,#1587);
#1384=SURFACE_STYLE_USAGE(.BOTH.,#1588);
#1385=SURFACE_STYLE_USAGE(.BOTH.,#1589);
#1386=SURFACE_STYLE_USAGE(.BOTH.,#1590);
#1387=SURFACE_STYLE_USAGE(.BOTH.,#1591);
#1388=SURFACE_STYLE_USAGE(.BOTH.,#1592);
#1389=SURFACE_STYLE_USAGE(.BOTH.,#1593);
#1390=SURFACE_STYLE_USAGE(.BOTH.,#1594);
#1391=SURFACE_STYLE_USAGE(.BOTH.,#1595);
#1392=SURFACE_STYLE_USAGE(.BOTH.,#1596);
#1393=SURFACE_STYLE_USAGE(.BOTH.,#1597);
#1394=SURFACE_STYLE_USAGE(.BOTH.,#1598);
#1395=SURFACE_STYLE_USAGE(.BOTH.,#1599);
#1396=SURFACE_STYLE_USAGE(.BOTH.,#1600);
#1397=SURFACE_STYLE_USAGE(.BOTH.,#1601);
#1398=SURFACE_STYLE_USAGE(.BOTH.,#1602);
#1399=SURFACE_STYLE_USAGE(.BOTH.,#1603);
#1400=SURFACE_STYLE_USAGE(.BOTH.,#1604);
#1401=SURFACE_STYLE_USAGE(.BOTH.,#1605);
#1402=SURFACE_STYLE_USAGE(.BOTH.,#1606);
#1403=SURFACE_STYLE_USAGE(.BOTH.,#1607);
#1404=SURFACE_STYLE_USAGE(.BOTH.,#1608);
#1405=SURFACE_STYLE_USAGE(.BOTH.,#1609);
#1406=SURFACE_STYLE_USAGE(.BOTH.,#1610);
#1407=SURFACE_STYLE_USAGE(.BOTH.,#1611);
#1408=SURFACE_STYLE_USAGE(.BOTH.,#1612);
#1409=SURFACE_STYLE_USAGE(.BOTH.,#1613);
#1410=SURFACE_STYLE_USAGE(.BOTH.,#1614);
#1411=SURFACE_STYLE_USAGE(.BOTH.,#1615);
#1412=SURFACE_STYLE_USAGE(.BOTH.,#1616);
#1413=SURFACE_STYLE_USAGE(.BOTH.,#1617);
#1414=SURFACE_STYLE_USAGE(.BOTH.,#1618);
#1415=SURFACE_STYLE_USAGE(.BOTH.,#1619);
#1416=SURFACE_STYLE_USAGE(.BOTH.,#1620);
#1417=SURFACE_STYLE_USAGE(.BOTH.,#1621);
#1418=SURFACE_STYLE_USAGE(.BOTH.,#1622);
#1419=SURFACE_STYLE_USAGE(.BOTH.,#1623);
#1420=SURFACE_STYLE_USAGE(.BOTH.,#1624);
#1421=SURFACE_STYLE_USAGE(.BOTH.,#1625);
#1422=SURFACE_STYLE_USAGE(.BOTH.,#1626);
#1423=SURFACE_STYLE_USAGE(.BOTH.,#1627);
#1424=SURFACE_STYLE_USAGE(.BOTH.,#1628);
#1425=SURFACE_STYLE_USAGE(.BOTH.,#1629);
#1426=SURFACE_STYLE_USAGE(.BOTH.,#1630);
#1427=SURFACE_STYLE_USAGE(.BOTH.,#1631);
#1428=SURFACE_STYLE_USAGE(.BOTH.,#1632);
#1429=SURFACE_STYLE_USAGE(.BOTH.,#1633);
#1430=SURFACE_STYLE_USAGE(.BOTH.,#1634);
#1431=SURFACE_STYLE_USAGE(.BOTH.,#1635);
#1432=SURFACE_STYLE_USAGE(.BOTH.,#1636);
#1433=SURFACE_STYLE_USAGE(.BOTH.,#1637);
#1434=SURFACE_STYLE_USAGE(.BOTH.,#1638);
#1435=SURFACE_STYLE_USAGE(.BOTH.,#1639);
#1436=SURFACE_STYLE_USAGE(.BOTH.,#1640);
#1437=SURFACE_STYLE_USAGE(.BOTH.,#1641);
#1438=SURFACE_STYLE_USAGE(.BOTH.,#1642);
#1439=SURFACE_STYLE_USAGE(.BOTH.,#1643);
#1440=SURFACE_STYLE_USAGE(.BOTH.,#1644);
#1441=SURFACE_STYLE_USAGE(.BOTH.,#1645);
#1442=SURFACE_STYLE_USAGE(.BOTH.,#1646);
#1443=SURFACE_STYLE_USAGE(.BOTH.,#1647);
#1444=SURFACE_SIDE_STYLE('',(#1648));
#1445=SURFACE_SIDE_STYLE('',(#1649));
#1446=SURFACE_SIDE_STYLE('',(#1650));
#1447=SURFACE_SIDE_STYLE('',(#1651));
#1448=SURFACE_SIDE_STYLE('',(#1652));
#1449=SURFACE_SIDE_STYLE('',(#1653));
#1450=SURFACE_SIDE_STYLE('',(#1654));
#1451=SURFACE_SIDE_STYLE('',(#1655));
#1452=SURFACE_SIDE_STYLE('',(#1656));
#1453=SURFACE_SIDE_STYLE('',(#1657));
#1454=SURFACE_SIDE_STYLE('',(#1658));
#1455=SURFACE_SIDE_STYLE('',(#1659));
#1456=SURFACE_SIDE_STYLE('',(#1660));
#1457=SURFACE_SIDE_STYLE('',(#1661));
#1458=SURFACE_SIDE_STYLE('',(#1662));
#1459=SURFACE_SIDE_STYLE('',(#1663));
#1460=SURFACE_SIDE_STYLE('',(#1664));
#1461=SURFACE_SIDE_STYLE('',(#1665));
#1462=SURFACE_SIDE_STYLE('',(#1666));
#1463=SURFACE_SIDE_STYLE('',(#1667));
#1464=SURFACE_SIDE_STYLE('',(#1668));
#1465=SURFACE_SIDE_STYLE('',(#1669));
#1466=SURFACE_SIDE_STYLE('',(#1670));
#1467=SURFACE_SIDE_STYLE('',(#1671));
#1468=SURFACE_SIDE_STYLE('',(#1672));
#1469=SURFACE_SIDE_STYLE('',(#1673));
#1470=SURFACE_SIDE_STYLE('',(#1674));
#1471=SURFACE_SIDE_STYLE('',(#1675));
#1472=SURFACE_SIDE_STYLE('',(#1676));
#1473=SURFACE_SIDE_STYLE('',(#1677));
#1474=SURFACE_SIDE_STYLE('',(#1678));
#1475=SURFACE_SIDE_STYLE('',(#1679));
#1476=SURFACE_SIDE_STYLE('',(#1680));
#1477=SURFACE_SIDE_STYLE('',(#1681));
#1478=SURFACE_SIDE_STYLE('',(#1682));
#1479=SURFACE_SIDE_STYLE('',(#1683));
#1480=SURFACE_SIDE_STYLE('',(#1684));
#1481=SURFACE_SIDE_STYLE('',(#1685));
#1482=SURFACE_SIDE_STYLE('',(#1686));
#1483=SURFACE_SIDE_STYLE('',(#1687));
#1484=SURFACE_SIDE_STYLE('',(#1688));
#1485=SURFACE_SIDE_STYLE('',(#1689));
#1486=SURFACE_SIDE_STYLE('',(#1690));
#1487=SURFACE_SIDE_STYLE('',(#1691));
#1488=SURFACE_SIDE_STYLE('',(#1692));
#1489=SURFACE_SIDE_STYLE('',(#1693));
#1490=SURFACE_SIDE_STYLE('',(#1694));
#1491=SURFACE_SIDE_STYLE('',(#1695));
#1492=SURFACE_SIDE_STYLE('',(#1696));
#1493=SURFACE_SIDE_STYLE('',(#1697));
#1494=SURFACE_SIDE_STYLE('',(#1698));
#1495=SURFACE_SIDE_STYLE('',(#1699));
#1496=SURFACE_SIDE_STYLE('',(#1700));
#1497=SURFACE_SIDE_STYLE('',(#1701));
#1498=SURFACE_SIDE_STYLE('',(#1702));
#1499=SURFACE_SIDE_STYLE('',(#1703));
#1500=SURFACE_SIDE_STYLE('',(#1704));
#1501=SURFACE_SIDE_STYLE('',(#1705));
#1502=SURFACE_SIDE_STYLE('',(#1706));
#1503=SURFACE_SIDE_STYLE('',(#1707));
#1504=SURFACE_SIDE_STYLE('',(#1708));
#1505=SURFACE_SIDE_STYLE('',(#1709));
#1506=SURFACE_SIDE_STYLE('',(#1710));
#1507=SURFACE_SIDE_STYLE('',(#1711));
#1508=SURFACE_SIDE_STYLE('',(#1712));
#1509=SURFACE_SIDE_STYLE('',(#1713));
#1510=SURFACE_SIDE_STYLE('',(#1714));
#1511=SURFACE_SIDE_STYLE('',(#1715));
#1512=SURFACE_SIDE_STYLE('',(#1716));
#1513=SURFACE_SIDE_STYLE('',(#1717));
#1514=SURFACE_SIDE_STYLE('',(#1718));
#1515=SURFACE_SIDE_STYLE('',(#1719));
#1516=SURFACE_SIDE_STYLE('',(#1720));
#1517=SURFACE_SIDE_STYLE('',(#1721));
#1518=SURFACE_SIDE_STYLE('',(#1722));
#1519=SURFACE_SIDE_STYLE('',(#1723));
#1520=SURFACE_SIDE_STYLE('',(#1724));
#1521=SURFACE_SIDE_STYLE('',(#1725));
#1522=SURFACE_SIDE_STYLE('',(#1726));
#1523=SURFACE_SIDE_STYLE('',(#1727));
#1524=SURFACE_SIDE_STYLE('',(#1728));
#1525=SURFACE_SIDE_STYLE('',(#1729));
#1526=SURFACE_SIDE_STYLE('',(#1730));
#1527=SURFACE_SIDE_STYLE('',(#1731));
#1528=SURFACE_SIDE_STYLE('',(#1732));
#1529=SURFACE_SIDE_STYLE('',(#1733));
#1530=SURFACE_SIDE_STYLE('',(#1734));
#1531=SURFACE_SIDE_STYLE('',(#1735));
#1532=SURFACE_SIDE_STYLE('',(#1736));
#1533=SURFACE_SIDE_STYLE('',(#1737));
#1534=SURFACE_SIDE_STYLE('',(#1738));
#1535=SURFACE_SIDE_STYLE('',(#1739));
#1536=SURFACE_SIDE_STYLE('',(#1740));
#1537=SURFACE_SIDE_STYLE('',(#1741));
#1538=SURFACE_SIDE_STYLE('',(#1742));
#1539=SURFACE_SIDE_STYLE('',(#1743));
#1540=SURFACE_SIDE_STYLE('',(#1744));
#1541=SURFACE_SIDE_STYLE('',(#1745));
#1542=SURFACE_SIDE_STYLE('',(#1746));
#1543=SURFACE_SIDE_STYLE('',(#1747));
#1544=SURFACE_SIDE_STYLE('',(#1748));
#1545=SURFACE_SIDE_STYLE('',(#1749));
#1546=SURFACE_SIDE_STYLE('',(#1750));
#1547=SURFACE_SIDE_STYLE('',(#1751));
#1548=SURFACE_SIDE_STYLE('',(#1752));
#1549=SURFACE_SIDE_STYLE('',(#1753));
#1550=SURFACE_SIDE_STYLE('',(#1754));
#1551=SURFACE_SIDE_STYLE('',(#1755));
#1552=SURFACE_SIDE_STYLE('',(#1756));
#1553=SURFACE_SIDE_STYLE('',(#1757));
#1554=SURFACE_SIDE_STYLE('',(#1758));
#1555=SURFACE_SIDE_STYLE('',(#1759));
#1556=SURFACE_SIDE_STYLE('',(#1760));
#1557=SURFACE_SIDE_STYLE('',(#1761));
#1558=SURFACE_SIDE_STYLE('',(#1762));
#1559=SURFACE_SIDE_STYLE('',(#1763));
#1560=SURFACE_SIDE_STYLE('',(#1764));
#1561=SURFACE_SIDE_STYLE('',(#1765));
#1562=SURFACE_SIDE_STYLE('',(#1766));
#1563=SURFACE_SIDE_STYLE('',(#1767));
#1564=SURFACE_SIDE_STYLE('',(#1768));
#1565=SURFACE_SIDE_STYLE('',(#1769));
#1566=SURFACE_SIDE_STYLE('',(#1770));
#1567=SURFACE_SIDE_STYLE('',(#1771));
#1568=SURFACE_SIDE_STYLE('',(#1772));
#1569=SURFACE_SIDE_STYLE('',(#1773));
#1570=SURFACE_SIDE_STYLE('',(#1774));
#1571=SURFACE_SIDE_STYLE('',(#1775));
#1572=SURFACE_SIDE_STYLE('',(#1776));
#1573=SURFACE_SIDE_STYLE('',(#1777));
#1574=SURFACE_SIDE_STYLE('',(#1778));
#1575=SURFACE_SIDE_STYLE('',(#1779));
#1576=SURFACE_SIDE_STYLE('',(#1780));
#1577=SURFACE_SIDE_STYLE('',(#1781));
#1578=SURFACE_SIDE_STYLE('',(#1782));
#1579=SURFACE_SIDE_STYLE('',(#1783));
#1580=SURFACE_SIDE_STYLE('',(#1784));
#1581=SURFACE_SIDE_STYLE('',(#1785));
#1582=SURFACE_SIDE_STYLE('',(#1786));
#1583=SURFACE_SIDE_STYLE('',(#1787));
#1584=SURFACE_SIDE_STYLE('',(#1788));
#1585=SURFACE_SIDE_STYLE('',(#1789));
#1586=SURFACE_SIDE_STYLE('',(#1790));
#1587=SURFACE_SIDE_STYLE('',(#1791));
#1588=SURFACE_SIDE_STYLE('',(#1792));
#1589=SURFACE_SIDE_STYLE('',(#1793));
#1590=SURFACE_SIDE_STYLE('',(#1794));
#1591=SURFACE_SIDE_STYLE('',(#1795));
#1592=SURFACE_SIDE_STYLE('',(#1796));
#1593=SURFACE_SIDE_STYLE('',(#1797));
#1594=SURFACE_SIDE_STYLE('',(#1798));
#1595=SURFACE_SIDE_STYLE('',(#1799));
#1596=SURFACE_SIDE_STYLE('',(#1800));
#1597=SURFACE_SIDE_STYLE('',(#1801));
#1598=SURFACE_SIDE_STYLE('',(#1802));
#1599=SURFACE_SIDE_STYLE('',(#1803));
#1600=SURFACE_SIDE_STYLE('',(#1804));
#1601=SURFACE_SIDE_STYLE('',(#1805));
#1602=SURFACE_SIDE_STYLE('',(#1806));
#1603=SURFACE_SIDE_STYLE('',(#1807));
#1604=SURFACE_SIDE_STYLE('',(#1808));
#1605=SURFACE_SIDE_STYLE('',(#1809));
#1606=SURFACE_SIDE_STYLE('',(#1810));
#1607=SURFACE_SIDE_STYLE('',(#1811));
#1608=SURFACE_SIDE_STYLE('',(#1812));
#1609=SURFACE_SIDE_STYLE('',(#1813));
#1610=SURFACE_SIDE_STYLE('',(#1814));
#1611=SURFACE_SIDE_STYLE('',(#1815));
#1612=SURFACE_SIDE_STYLE('',(#1816));
#1613=SURFACE_SIDE_STYLE('',(#1817));
#1614=SURFACE_SIDE_STYLE('',(#1818));
#1615=SURFACE_SIDE_STYLE('',(#1819));
#1616=SURFACE_SIDE_STYLE('',(#1820));
#1617=SURFACE_SIDE_STYLE('',(#1821));
#1618=SURFACE_SIDE_STYLE('',(#1822));
#1619=SURFACE_SIDE_STYLE('',(#1823));
#1620=SURFACE_SIDE_STYLE('',(#1824));
#1621=SURFACE_SIDE_STYLE('',(#1825));
#1622=SURFACE_SIDE_STYLE('',(#1826));
#1623=SURFACE_SIDE_STYLE('',(#1827));
#1624=SURFACE_SIDE_STYLE('',(#1828));
#1625=SURFACE_SIDE_STYLE('',(#1829));
#1626=SURFACE_SIDE_STYLE('',(#1830));
#1627=SURFACE_SIDE_STYLE('',(#1831));
#1628=SURFACE_SIDE_STYLE('',(#1832));
#1629=SURFACE_SIDE_STYLE('',(#1833));
#1630=SURFACE_SIDE_STYLE('',(#1834));
#1631=SURFACE_SIDE_STYLE('',(#1835));
#1632=SURFACE_SIDE_STYLE('',(#1836));
#1633=SURFACE_SIDE_STYLE('',(#1837));
#1634=SURFACE_SIDE_STYLE('',(#1838));
#1635=SURFACE_SIDE_STYLE('',(#1839));
#1636=SURFACE_SIDE_STYLE('',(#1840));
#1637=SURFACE_SIDE_STYLE('',(#1841));
#1638=SURFACE_SIDE_STYLE('',(#1842));
#1639=SURFACE_SIDE_STYLE('',(#1843));
#1640=SURFACE_SIDE_STYLE('',(#1844));
#1641=SURFACE_SIDE_STYLE('',(#1845));
#1642=SURFACE_SIDE_STYLE('',(#1846));
#1643=SURFACE_SIDE_STYLE('',(#1847));
#1644=SURFACE_SIDE_STYLE('',(#1848));
#1645=SURFACE_SIDE_STYLE('',(#1849));
#1646=SURFACE_SIDE_STYLE('',(#1850));
#1647=SURFACE_SIDE_STYLE('',(#1851));
#1648=SURFACE_STYLE_FILL_AREA(#1852);
#1649=SURFACE_STYLE_FILL_AREA(#1853);
#1650=SURFACE_STYLE_FILL_AREA(#1854);
#1651=SURFACE_STYLE_FILL_AREA(#1855);
#1652=SURFACE_STYLE_FILL_AREA(#1856);
#1653=SURFACE_STYLE_FILL_AREA(#1857);
#1654=SURFACE_STYLE_FILL_AREA(#1858);
#1655=SURFACE_STYLE_FILL_AREA(#1859);
#1656=SURFACE_STYLE_FILL_AREA(#1860);
#1657=SURFACE_STYLE_FILL_AREA(#1861);
#1658=SURFACE_STYLE_FILL_AREA(#1862);
#1659=SURFACE_STYLE_FILL_AREA(#1863);
#1660=SURFACE_STYLE_FILL_AREA(#1864);
#1661=SURFACE_STYLE_FILL_AREA(#1865);
#1662=SURFACE_STYLE_FILL_AREA(#1866);
#1663=SURFACE_STYLE_FILL_AREA(#1867);
#1664=SURFACE_STYLE_FILL_AREA(#1868);
#1665=SURFACE_STYLE_FILL_AREA(#1869);
#1666=SURFACE_STYLE_FILL_AREA(#1870);
#1667=SURFACE_STYLE_FILL_AREA(#1871);
#1668=SURFACE_STYLE_FILL_AREA(#1872);
#1669=SURFACE_STYLE_FILL_AREA(#1873);
#1670=SURFACE_STYLE_FILL_AREA(#1874);
#1671=SURFACE_STYLE_FILL_AREA(#1875);
#1672=SURFACE_STYLE_FILL_AREA(#1876);
#1673=SURFACE_STYLE_FILL_AREA(#1877);
#1674=SURFACE_STYLE_FILL_AREA(#1878);
#1675=SURFACE_STYLE_FILL_AREA(#1879);
#1676=SURFACE_STYLE_FILL_AREA(#1880);
#1677=SURFACE_STYLE_FILL_AREA(#1881);
#1678=SURFACE_STYLE_FILL_AREA(#1882);
#1679=SURFACE_STYLE_FILL_AREA(#1883);
#1680=SURFACE_STYLE_FILL_AREA(#1884);
#1681=SURFACE_STYLE_FILL_AREA(#1885);
#1682=SURFACE_STYLE_FILL_AREA(#1886);
#1683=SURFACE_STYLE_FILL_AREA(#1887);
#1684=SURFACE_STYLE_FILL_AREA(#1888);
#1685=SURFACE_STYLE_FILL_AREA(#1889);
#1686=SURFACE_STYLE_FILL_AREA(#1890);
#1687=SURFACE_STYLE_FILL_AREA(#1891);
#1688=SURFACE_STYLE_FILL_AREA(#1892);
#1689=SURFACE_STYLE_FILL_AREA(#1893);
#1690=SURFACE_STYLE_FILL_AREA(#1894);
#1691=SURFACE_STYLE_FILL_AREA(#1895);
#1692=SURFACE_STYLE_FILL_AREA(#1896);
#1693=SURFACE_STYLE_FILL_AREA(#1897);
#1694=SURFACE_STYLE_FILL_AREA(#1898);
#1695=SURFACE_STYLE_FILL_AREA(#1899);
#1696=SURFACE_STYLE_FILL_AREA(#1900);
#1697=SURFACE_STYLE_FILL_AREA(#1901);
#1698=SURFACE_STYLE_FILL_AREA(#1902);
#1699=SURFACE_STYLE_FILL_AREA(#1903);
#1700=SURFACE_STYLE_FILL_AREA(#1904);
#1701=SURFACE_STYLE_FILL_AREA(#1905);
#1702=SURFACE_STYLE_FILL_AREA(#1906);
#1703=SURFACE_STYLE_FILL_AREA(#1907);
#1704=SURFACE_STYLE_FILL_AREA(#1908);
#1705=SURFACE_STYLE_FILL_AREA(#1909);
#1706=SURFACE_STYLE_FILL_AREA(#1910);
#1707=SURFACE_STYLE_FILL_AREA(#1911);
#1708=SURFACE_STYLE_FILL_AREA(#1912);
#1709=SURFACE_STYLE_FILL_AREA(#1913);
#1710=SURFACE_STYLE_FILL_AREA(#1914);
#1711=SURFACE_STYLE_FILL_AREA(#1915);
#1712=SURFACE_STYLE_FILL_AREA(#1916);
#1713=SURFACE_STYLE_FILL_AREA(#1917);
#1714=SURFACE_STYLE_FILL_AREA(#1918);
#1715=SURFACE_STYLE_FILL_AREA(#1919);
#1716=SURFACE_STYLE_FILL_AREA(#1920);
#1717=SURFACE_STYLE_FILL_AREA(#1921);
#1718=SURFACE_STYLE_FILL_AREA(#1922);
#1719=SURFACE_STYLE_FILL_AREA(#1923);
#1720=SURFACE_STYLE_FILL_AREA(#1924);
#1721=SURFACE_STYLE_FILL_AREA(#1925);
#1722=SURFACE_STYLE_FILL_AREA(#1926);
#1723=SURFACE_STYLE_FILL_AREA(#1927);
#1724=SURFACE_STYLE_FILL_AREA(#1928);
#1725=SURFACE_STYLE_FILL_AREA(#1929);
#1726=SURFACE_STYLE_FILL_AREA(#1930);
#1727=SURFACE_STYLE_FILL_AREA(#1931);
#1728=SURFACE_STYLE_FILL_AREA(#1932);
#1729=SURFACE_STYLE_FILL_AREA(#1933);
#1730=SURFACE_STYLE_FILL_AREA(#1934);
#1731=SURFACE_STYLE_FILL_AREA(#1935);
#1732=SURFACE_STYLE_FILL_AREA(#1936);
#1733=SURFACE_STYLE_FILL_AREA(#1937);
#1734=SURFACE_STYLE_FILL_AREA(#1938);
#1735=SURFACE_STYLE_FILL_AREA(#1939);
#1736=SURFACE_STYLE_FILL_AREA(#1940);
#1737=SURFACE_STYLE_FILL_AREA(#1941);
#1738=SURFACE_STYLE_FILL_AREA(#1942);
#1739=SURFACE_STYLE_FILL_AREA(#1943);
#1740=SURFACE_STYLE_FILL_AREA(#1944);
#1741=SURFACE_STYLE_FILL_AREA(#1945);
#1742=SURFACE_STYLE_FILL_AREA(#1946);
#1743=SURFACE_STYLE_FILL_AREA(#1947);
#1744=SURFACE_STYLE_FILL_AREA(#1948);
#1745=SURFACE_STYLE_FILL_AREA(#1949);
#1746=SURFACE_STYLE_FILL_AREA(#1950);
#1747=SURFACE_STYLE_FILL_AREA(#1951);
#1748=SURFACE_STYLE_FILL_AREA(#1952);
#1749=SURFACE_STYLE_FILL_AREA(#1953);
#1750=SURFACE_STYLE_FILL_AREA(#1954);
#1751=SURFACE_STYLE_FILL_AREA(#1955);
#1752=SURFACE_STYLE_FILL_AREA(#1956);
#1753=SURFACE_STYLE_FILL_AREA(#1957);
#1754=SURFACE_STYLE_FILL_AREA(#1958);
#1755=SURFACE_STYLE_FILL_AREA(#1959);
#1756=SURFACE_STYLE_FILL_AREA(#1960);
#1757=SURFACE_STYLE_FILL_AREA(#1961);
#1758=SURFACE_STYLE_FILL_AREA(#1962);
#1759=SURFACE_STYLE_FILL_AREA(#1963);
#1760=SURFACE_STYLE_FILL_AREA(#1964);
#1761=SURFACE_STYLE_FILL_AREA(#1965);
#1762=SURFACE_STYLE_FILL_AREA(#1966);
#1763=SURFACE_STYLE_FILL_AREA(#1967);
#1764=SURFACE_STYLE_FILL_AREA(#1968);
#1765=SURFACE_STYLE_FILL_AREA(#1969);
#1766=SURFACE_STYLE_FILL_AREA(#1970);
#1767=SURFACE_STYLE_FILL_AREA(#1971);
#1768=SURFACE_STYLE_FILL_AREA(#1972);
#1769=SURFACE_STYLE_FILL_AREA(#1973);
#1770=SURFACE_STYLE_FILL_AREA(#1974);
#1771=SURFACE_STYLE_FILL_AREA(#1975);
#1772=SURFACE_STYLE_FILL_AREA(#1976);
#1773=SURFACE_STYLE_FILL_AREA(#1977);
#1774=SURFACE_STYLE_FILL_AREA(#1978);
#1775=SURFACE_STYLE_FILL_AREA(#1979);
#1776=SURFACE_STYLE_FILL_AREA(#1980);
#1777=SURFACE_STYLE_FILL_AREA(#1981);
#1778=SURFACE_STYLE_FILL_AREA(#1982);
#1779=SURFACE_STYLE_FILL_AREA(#1983);
#1780=SURFACE_STYLE_FILL_AREA(#1984);
#1781=SURFACE_STYLE_FILL_AREA(#1985);
#1782=SURFACE_STYLE_FILL_AREA(#1986);
#1783=SURFACE_STYLE_FILL_AREA(#1987);
#1784=SURFACE_STYLE_FILL_AREA(#1988);
#1785=SURFACE_STYLE_FILL_AREA(#1989);
#1786=SURFACE_STYLE_FILL_AREA(#1990);
#1787=SURFACE_STYLE_FILL_AREA(#1991);
#1788=SURFACE_STYLE_FILL_AREA(#1992);
#1789=SURFACE_STYLE_FILL_AREA(#1993);
#1790=SURFACE_STYLE_FILL_AREA(#1994);
#1791=SURFACE_STYLE_FILL_AREA(#1995);
#1792=SURFACE_STYLE_FILL_AREA(#1996);
#1793=SURFACE_STYLE_FILL_AREA(#1997);
#1794=SURFACE_STYLE_FILL_AREA(#1998);
#1795=SURFACE_STYLE_FILL_AREA(#1999);
#1796=SURFACE_STYLE_FILL_AREA(#2000);
#1797=SURFACE_STYLE_FILL_AREA(#2001);
#1798=SURFACE_STYLE_FILL_AREA(#2002);
#1799=SURFACE_STYLE_FILL_AREA(#2003);
#1800=SURFACE_STYLE_FILL_AREA(#2004);
#1801=SURFACE_STYLE_FILL_AREA(#2005);
#1802=SURFACE_STYLE_FILL_AREA(#2006);
#1803=SURFACE_STYLE_FILL_AREA(#2007);
#1804=SURFACE_STYLE_FILL_AREA(#2008);
#1805=SURFACE_STYLE_FILL_AREA(#2009);
#1806=SURFACE_STYLE_FILL_AREA(#2010);
#1807=SURFACE_STYLE_FILL_AREA(#2011);
#1808=SURFACE_STYLE_FILL_AREA(#2012);
#1809=SURFACE_STYLE_FILL_AREA(#2013);
#1810=SURFACE_STYLE_FILL_AREA(#2014);
#1811=SURFACE_STYLE_FILL_AREA(#2015);
#1812=SURFACE_STYLE_FILL_AREA(#2016);
#1813=SURFACE_STYLE_FILL_AREA(#2017);
#1814=SURFACE_STYLE_FILL_AREA(#2018);
#1815=SURFACE_STYLE_FILL_AREA(#2019);
#1816=SURFACE_STYLE_FILL_AREA(#2020);
#1817=SURFACE_STYLE_FILL_AREA(#2021);
#1818=SURFACE_STYLE_FILL_AREA(#2022);
#1819=SURFACE_STYLE_FILL_AREA(#2023);
#1820=SURFACE_STYLE_FILL_AREA(#2024);
#1821=SURFACE_STYLE_FILL_AREA(#2025);
#1822=SURFACE_STYLE_FILL_AREA(#2026);
#1823=SURFACE_STYLE_FILL_AREA(#2027);
#1824=SURFACE_STYLE_FILL_AREA(#2028);
#1825=SURFACE_STYLE_FILL_AREA(#2029);
#1826=SURFACE_STYLE_FILL_AREA(#2030);
#1827=SURFACE_STYLE_FILL_AREA(#2031);
#1828=SURFACE_STYLE_FILL_AREA(#2032);
#1829=SURFACE_STYLE_FILL_AREA(#2033);
#1830=SURFACE_STYLE_FILL_AREA(#2034);
#1831=SURFACE_STYLE_FILL_AREA(#2035);
#1832=SURFACE_STYLE_FILL_AREA(#2036);
#1833=SURFACE_STYLE_FILL_AREA(#2037);
#1834=SURFACE_STYLE_FILL_AREA(#2038);
#1835=SURFACE_STYLE_FILL_AREA(#2039);
#1836=SURFACE_STYLE_FILL_AREA(#2040);
#1837=SURFACE_STYLE_FILL_AREA(#2041);
#1838=SURFACE_STYLE_FILL_AREA(#2042);
#1839=SURFACE_STYLE_FILL_AREA(#2043);
#1840=SURFACE_STYLE_FILL_AREA(#2044);
#1841=SURFACE_STYLE_FILL_AREA(#2045);
#1842=SURFACE_STYLE_FILL_AREA(#2046);
#1843=SURFACE_STYLE_FILL_AREA(#2047);
#1844=SURFACE_STYLE_FILL_AREA(#2048);
#1845=SURFACE_STYLE_FILL_AREA(#2049);
#1846=SURFACE_STYLE_FILL_AREA(#2050);
#1847=SURFACE_STYLE_FILL_AREA(#2051);
#1848=SURFACE_STYLE_FILL_AREA(#2052);
#1849=SURFACE_STYLE_FILL_AREA(#2053);
#1850=SURFACE_STYLE_FILL_AREA(#2054);
#1851=SURFACE_STYLE_FILL_AREA(#2055);
#1852=FILL_AREA_STYLE('',(#2066));
#1853=FILL_AREA_STYLE('',(#2067));
#1854=FILL_AREA_STYLE('',(#2068));
#1855=FILL_AREA_STYLE('',(#2069));
#1856=FILL_AREA_STYLE('',(#2070));
#1857=FILL_AREA_STYLE('',(#2071));
#1858=FILL_AREA_STYLE('',(#2072));
#1859=FILL_AREA_STYLE('',(#2073));
#1860=FILL_AREA_STYLE('',(#2074));
#1861=FILL_AREA_STYLE('',(#2075));
#1862=FILL_AREA_STYLE('',(#2076));
#1863=FILL_AREA_STYLE('',(#2077));
#1864=FILL_AREA_STYLE('',(#2078));
#1865=FILL_AREA_STYLE('',(#2079));
#1866=FILL_AREA_STYLE('',(#2080));
#1867=FILL_AREA_STYLE('',(#2081));
#1868=FILL_AREA_STYLE('',(#2082));
#1869=FILL_AREA_STYLE('',(#2083));
#1870=FILL_AREA_STYLE('',(#2084));
#1871=FILL_AREA_STYLE('',(#2085));
#1872=FILL_AREA_STYLE('',(#2086));
#1873=FILL_AREA_STYLE('',(#2087));
#1874=FILL_AREA_STYLE('',(#2088));
#1875=FILL_AREA_STYLE('',(#2089));
#1876=FILL_AREA_STYLE('',(#2090));
#1877=FILL_AREA_STYLE('',(#2091));
#1878=FILL_AREA_STYLE('',(#2092));
#1879=FILL_AREA_STYLE('',(#2093));
#1880=FILL_AREA_STYLE('',(#2094));
#1881=FILL_AREA_STYLE('',(#2095));
#1882=FILL_AREA_STYLE('',(#2096));
#1883=FILL_AREA_STYLE('',(#2097));
#1884=FILL_AREA_STYLE('',(#2098));
#1885=FILL_AREA_STYLE('',(#2099));
#1886=FILL_AREA_STYLE('',(#2100));
#1887=FILL_AREA_STYLE('',(#2101));
#1888=FILL_AREA_STYLE('',(#2102));
#1889=FILL_AREA_STYLE('',(#2103));
#1890=FILL_AREA_STYLE('',(#2104));
#1891=FILL_AREA_STYLE('',(#2105));
#1892=FILL_AREA_STYLE('',(#2106));
#1893=FILL_AREA_STYLE('',(#2107));
#1894=FILL_AREA_STYLE('',(#2108));
#1895=FILL_AREA_STYLE('',(#2109));
#1896=FILL_AREA_STYLE('',(#2110));
#1897=FILL_AREA_STYLE('',(#2111));
#1898=FILL_AREA_STYLE('',(#2112));
#1899=FILL_AREA_STYLE('',(#2113));
#1900=FILL_AREA_STYLE('',(#2114));
#1901=FILL_AREA_STYLE('',(#2115));
#1902=FILL_AREA_STYLE('',(#2116));
#1903=FILL_AREA_STYLE('',(#2117));
#1904=FILL_AREA_STYLE('',(#2118));
#1905=FILL_AREA_STYLE('',(#2119));
#1906=FILL_AREA_STYLE('',(#2120));
#1907=FILL_AREA_STYLE('',(#2121));
#1908=FILL_AREA_STYLE('',(#2122));
#1909=FILL_AREA_STYLE('',(#2123));
#1910=FILL_AREA_STYLE('',(#2124));
#1911=FILL_AREA_STYLE('',(#2125));
#1912=FILL_AREA_STYLE('',(#2126));
#1913=FILL_AREA_STYLE('',(#2127));
#1914=FILL_AREA_STYLE('',(#2128));
#1915=FILL_AREA_STYLE('',(#2129));
#1916=FILL_AREA_STYLE('',(#2130));
#1917=FILL_AREA_STYLE('',(#2131));
#1918=FILL_AREA_STYLE('',(#2132));
#1919=FILL_AREA_STYLE('',(#2133));
#1920=FILL_AREA_STYLE('',(#2134));
#1921=FILL_AREA_STYLE('',(#2135));
#1922=FILL_AREA_STYLE('',(#2136));
#1923=FILL_AREA_STYLE('',(#2137));
#1924=FILL_AREA_STYLE('',(#2138));
#1925=FILL_AREA_STYLE('',(#2139));
#1926=FILL_AREA_STYLE('',(#2140));
#1927=FILL_AREA_STYLE('',(#2141));
#1928=FILL_AREA_STYLE('',(#2142));
#1929=FILL_AREA_STYLE('',(#2143));
#1930=FILL_AREA_STYLE('',(#2144));
#1931=FILL_AREA_STYLE('',(#2145));
#1932=FILL_AREA_STYLE('',(#2146));
#1933=FILL_AREA_STYLE('',(#2147));
#1934=FILL_AREA_STYLE('',(#2148));
#1935=FILL_AREA_STYLE('',(#2149));
#1936=FILL_AREA_STYLE('',(#2150));
#1937=FILL_AREA_STYLE('',(#2151));
#1938=FILL_AREA_STYLE('',(#2152));
#1939=FILL_AREA_STYLE('',(#2153));
#1940=FILL_AREA_STYLE('',(#2154));
#1941=FILL_AREA_STYLE('',(#2155));
#1942=FILL_AREA_STYLE('',(#2156));
#1943=FILL_AREA_STYLE('',(#2157));
#1944=FILL_AREA_STYLE('',(#2158));
#1945=FILL_AREA_STYLE('',(#2159));
#1946=FILL_AREA_STYLE('',(#2160));
#1947=FILL_AREA_STYLE('',(#2161));
#1948=FILL_AREA_STYLE('',(#2162));
#1949=FILL_AREA_STYLE('',(#2163));
#1950=FILL_AREA_STYLE('',(#2164));
#1951=FILL_AREA_STYLE('',(#2165));
#1952=FILL_AREA_STYLE('',(#2166));
#1953=FILL_AREA_STYLE('',(#2167));
#1954=FILL_AREA_STYLE('',(#2168));
#1955=FILL_AREA_STYLE('',(#2169));
#1956=FILL_AREA_STYLE('',(#2170));
#1957=FILL_AREA_STYLE('',(#2171));
#1958=FILL_AREA_STYLE('',(#2172));
#1959=FILL_AREA_STYLE('',(#2173));
#1960=FILL_AREA_STYLE('',(#2174));
#1961=FILL_AREA_STYLE('',(#2175));
#1962=FILL_AREA_STYLE('',(#2176));
#1963=FILL_AREA_STYLE('',(#2177));
#1964=FILL_AREA_STYLE('',(#2178));
#1965=FILL_AREA_STYLE('',(#2179));
#1966=FILL_AREA_STYLE('',(#2180));
#1967=FILL_AREA_STYLE('',(#2181));
#1968=FILL_AREA_STYLE('',(#2182));
#1969=FILL_AREA_STYLE('',(#2183));
#1970=FILL_AREA_STYLE('',(#2184));
#1971=FILL_AREA_STYLE('',(#2185));
#1972=FILL_AREA_STYLE('',(#2186));
#1973=FILL_AREA_STYLE('',(#2187));
#1974=FILL_AREA_STYLE('',(#2188));
#1975=FILL_AREA_STYLE('',(#2189));
#1976=FILL_AREA_STYLE('',(#2190));
#1977=FILL_AREA_STYLE('',(#2191));
#1978=FILL_AREA_STYLE('',(#2192));
#1979=FILL_AREA_STYLE('',(#2193));
#1980=FILL_AREA_STYLE('',(#2194));
#1981=FILL_AREA_STYLE('',(#2195));
#1982=FILL_AREA_STYLE('',(#2196));
#1983=FILL_AREA_STYLE('',(#2197));
#1984=FILL_AREA_STYLE('',(#2198));
#1985=FILL_AREA_STYLE('',(#2199));
#1986=FILL_AREA_STYLE('',(#2200));
#1987=FILL_AREA_STYLE('',(#2201));
#1988=FILL_AREA_STYLE('',(#2202));
#1989=FILL_AREA_STYLE('',(#2203));
#1990=FILL_AREA_STYLE('',(#2204));
#1991=FILL_AREA_STYLE('',(#2205));
#1992=FILL_AREA_STYLE('',(#2206));
#1993=FILL_AREA_STYLE('',(#2207));
#1994=FILL_AREA_STYLE('',(#2208));
#1995=FILL_AREA_STYLE('',(#2209));
#1996=FILL_AREA_STYLE('',(#2210));
#1997=FILL_AREA_STYLE('',(#2211));
#1998=FILL_AREA_STYLE('',(#2212));
#1999=FILL_AREA_STYLE('',(#2213));
#2000=FILL_AREA_STYLE('',(#2214));
#2001=FILL_AREA_STYLE('',(#2215));
#2002=FILL_AREA_STYLE('',(#2216));
#2003=FILL_AREA_STYLE('',(#2217));
#2004=FILL_AREA_STYLE('',(#2218));
#2005=FILL_AREA_STYLE('',(#2219));
#2006=FILL_AREA_STYLE('',(#2220));
#2007=FILL_AREA_STYLE('',(#2221));
#2008=FILL_AREA_STYLE('',(#2222));
#2009=FILL_AREA_STYLE('',(#2223));
#2010=FILL_AREA_STYLE('',(#2224));
#2011=FILL_AREA_STYLE('',(#2225));
#2012=FILL_AREA_STYLE('',(#2226));
#2013=FILL_AREA_STYLE('',(#2227));
#2014=FILL_AREA_STYLE('',(#2228));
#2015=FILL_AREA_STYLE('',(#2229));
#2016=FILL_AREA_STYLE('',(#2230));
#2017=FILL_AREA_STYLE('',(#2231));
#2018=FILL_AREA_STYLE('',(#2232));
#2019=FILL_AREA_STYLE('',(#2233));
#2020=FILL_AREA_STYLE('',(#2234));
#2021=FILL_AREA_STYLE('',(#2235));
#2022=FILL_AREA_STYLE('',(#2236));
#2023=FILL_AREA_STYLE('',(#2237));
#2024=FILL_AREA_STYLE('',(#2238));
#2025=FILL_AREA_STYLE('',(#2239));
#2026=FILL_AREA_STYLE('',(#2240));
#2027=FILL_AREA_STYLE('',(#2241));
#2028=FILL_AREA_STYLE('',(#2242));
#2029=FILL_AREA_STYLE('',(#2243));
#2030=FILL_AREA_STYLE('',(#2244));
#2031=FILL_AREA_STYLE('',(#2245));
#2032=FILL_AREA_STYLE('',(#2246));
#2033=FILL_AREA_STYLE('',(#2247));
#2034=FILL_AREA_STYLE('',(#2248));
#2035=FILL_AREA_STYLE('',(#2249));
#2036=FILL_AREA_STYLE('',(#2250));
#2037=FILL_AREA_STYLE('',(#2251));
#2038=FILL_AREA_STYLE('',(#2252));
#2039=FILL_AREA_STYLE('',(#2253));
#2040=FILL_AREA_STYLE('',(#2254));
#2041=FILL_AREA_STYLE('',(#2255));
#2042=FILL_AREA_STYLE('',(#2256));
#2043=FILL_AREA_STYLE('',(#2257));
#2044=FILL_AREA_STYLE('',(#2258));
#2045=FILL_AREA_STYLE('',(#2259));
#2046=FILL_AREA_STYLE('',(#2260));
#2047=FILL_AREA_STYLE('',(#2261));
#2048=FILL_AREA_STYLE('',(#2262));
#2049=FILL_AREA_STYLE('',(#2263));
#2050=FILL_AREA_STYLE('',(#2264));
#2051=FILL_AREA_STYLE('',(#2265));
#2052=FILL_AREA_STYLE('',(#2266));
#2053=FILL_AREA_STYLE('',(#2267));
#2054=FILL_AREA_STYLE('',(#2268));
#2055=FILL_AREA_STYLE('',(#2269));
#2056=FILL_AREA_STYLE('NULL',(#2270));
#2057=FILL_AREA_STYLE('NULL',(#2271));
#2058=FILL_AREA_STYLE('NULL',(#2272));
#2059=FILL_AREA_STYLE('NULL',(#2273));
#2060=FILL_AREA_STYLE('NULL',(#2274));
#2061=FILL_AREA_STYLE('NULL',(#2275));
#2062=FILL_AREA_STYLE('NULL',(#2276));
#2063=FILL_AREA_STYLE('NULL',(#2277));
#2064=FILL_AREA_STYLE('NULL',(#2278));
#2065=FILL_AREA_STYLE('NULL',(#2279));
#2066=FILL_AREA_STYLE_COLOUR('',#2280);
#2067=FILL_AREA_STYLE_COLOUR('',#2280);
#2068=FILL_AREA_STYLE_COLOUR('',#2281);
#2069=FILL_AREA_STYLE_COLOUR('',#2280);
#2070=FILL_AREA_STYLE_COLOUR('',#2280);
#2071=FILL_AREA_STYLE_COLOUR('',#2280);
#2072=FILL_AREA_STYLE_COLOUR('',#2281);
#2073=FILL_AREA_STYLE_COLOUR('',#2280);
#2074=FILL_AREA_STYLE_COLOUR('',#2281);
#2075=FILL_AREA_STYLE_COLOUR('',#2280);
#2076=FILL_AREA_STYLE_COLOUR('',#2280);
#2077=FILL_AREA_STYLE_COLOUR('',#2281);
#2078=FILL_AREA_STYLE_COLOUR('',#2280);
#2079=FILL_AREA_STYLE_COLOUR('',#2280);
#2080=FILL_AREA_STYLE_COLOUR('',#2280);
#2081=FILL_AREA_STYLE_COLOUR('',#2280);
#2082=FILL_AREA_STYLE_COLOUR('',#2280);
#2083=FILL_AREA_STYLE_COLOUR('',#2281);
#2084=FILL_AREA_STYLE_COLOUR('',#2280);
#2085=FILL_AREA_STYLE_COLOUR('',#2280);
#2086=FILL_AREA_STYLE_COLOUR('',#2280);
#2087=FILL_AREA_STYLE_COLOUR('',#2280);
#2088=FILL_AREA_STYLE_COLOUR('',#2280);
#2089=FILL_AREA_STYLE_COLOUR('',#2281);
#2090=FILL_AREA_STYLE_COLOUR('',#2281);
#2091=FILL_AREA_STYLE_COLOUR('',#2280);
#2092=FILL_AREA_STYLE_COLOUR('',#2280);
#2093=FILL_AREA_STYLE_COLOUR('',#2280);
#2094=FILL_AREA_STYLE_COLOUR('',#2281);
#2095=FILL_AREA_STYLE_COLOUR('',#2280);
#2096=FILL_AREA_STYLE_COLOUR('',#2280);
#2097=FILL_AREA_STYLE_COLOUR('',#2280);
#2098=FILL_AREA_STYLE_COLOUR('',#2280);
#2099=FILL_AREA_STYLE_COLOUR('',#2280);
#2100=FILL_AREA_STYLE_COLOUR('',#2280);
#2101=FILL_AREA_STYLE_COLOUR('',#2280);
#2102=FILL_AREA_STYLE_COLOUR('',#2280);
#2103=FILL_AREA_STYLE_COLOUR('',#2280);
#2104=FILL_AREA_STYLE_COLOUR('',#2280);
#2105=FILL_AREA_STYLE_COLOUR('',#2280);
#2106=FILL_AREA_STYLE_COLOUR('',#2280);
#2107=FILL_AREA_STYLE_COLOUR('',#2280);
#2108=FILL_AREA_STYLE_COLOUR('',#2280);
#2109=FILL_AREA_STYLE_COLOUR('',#2281);
#2110=FILL_AREA_STYLE_COLOUR('',#2280);
#2111=FILL_AREA_STYLE_COLOUR('',#2281);
#2112=FILL_AREA_STYLE_COLOUR('',#2280);
#2113=FILL_AREA_STYLE_COLOUR('',#2280);
#2114=FILL_AREA_STYLE_COLOUR('',#2281);
#2115=FILL_AREA_STYLE_COLOUR('',#2280);
#2116=FILL_AREA_STYLE_COLOUR('',#2280);
#2117=FILL_AREA_STYLE_COLOUR('',#2280);
#2118=FILL_AREA_STYLE_COLOUR('',#2280);
#2119=FILL_AREA_STYLE_COLOUR('',#2280);
#2120=FILL_AREA_STYLE_COLOUR('',#2281);
#2121=FILL_AREA_STYLE_COLOUR('',#2280);
#2122=FILL_AREA_STYLE_COLOUR('',#2281);
#2123=FILL_AREA_STYLE_COLOUR('',#2280);
#2124=FILL_AREA_STYLE_COLOUR('',#2281);
#2125=FILL_AREA_STYLE_COLOUR('',#2281);
#2126=FILL_AREA_STYLE_COLOUR('',#2280);
#2127=FILL_AREA_STYLE_COLOUR('',#2280);
#2128=FILL_AREA_STYLE_COLOUR('',#2280);
#2129=FILL_AREA_STYLE_COLOUR('',#2280);
#2130=FILL_AREA_STYLE_COLOUR('',#2280);
#2131=FILL_AREA_STYLE_COLOUR('',#2281);
#2132=FILL_AREA_STYLE_COLOUR('',#2280);
#2133=FILL_AREA_STYLE_COLOUR('',#2280);
#2134=FILL_AREA_STYLE_COLOUR('',#2281);
#2135=FILL_AREA_STYLE_COLOUR('',#2280);
#2136=FILL_AREA_STYLE_COLOUR('',#2281);
#2137=FILL_AREA_STYLE_COLOUR('',#2280);
#2138=FILL_AREA_STYLE_COLOUR('',#2281);
#2139=FILL_AREA_STYLE_COLOUR('',#2280);
#2140=FILL_AREA_STYLE_COLOUR('',#2280);
#2141=FILL_AREA_STYLE_COLOUR('',#2280);
#2142=FILL_AREA_STYLE_COLOUR('',#2280);
#2143=FILL_AREA_STYLE_COLOUR('',#2280);
#2144=FILL_AREA_STYLE_COLOUR('',#2280);
#2145=FILL_AREA_STYLE_COLOUR('',#2281);
#2146=FILL_AREA_STYLE_COLOUR('',#2280);
#2147=FILL_AREA_STYLE_COLOUR('',#2280);
#2148=FILL_AREA_STYLE_COLOUR('',#2281);
#2149=FILL_AREA_STYLE_COLOUR('',#2280);
#2150=FILL_AREA_STYLE_COLOUR('',#2280);
#2151=FILL_AREA_STYLE_COLOUR('',#2281);
#2152=FILL_AREA_STYLE_COLOUR('',#2280);
#2153=FILL_AREA_STYLE_COLOUR('',#2280);
#2154=FILL_AREA_STYLE_COLOUR('',#2280);
#2155=FILL_AREA_STYLE_COLOUR('',#2280);
#2156=FILL_AREA_STYLE_COLOUR('',#2280);
#2157=FILL_AREA_STYLE_COLOUR('',#2280);
#2158=FILL_AREA_STYLE_COLOUR('',#2280);
#2159=FILL_AREA_STYLE_COLOUR('',#2280);
#2160=FILL_AREA_STYLE_COLOUR('',#2280);
#2161=FILL_AREA_STYLE_COLOUR('',#2280);
#2162=FILL_AREA_STYLE_COLOUR('',#2280);
#2163=FILL_AREA_STYLE_COLOUR('',#2280);
#2164=FILL_AREA_STYLE_COLOUR('',#2280);
#2165=FILL_AREA_STYLE_COLOUR('',#2280);
#2166=FILL_AREA_STYLE_COLOUR('',#2280);
#2167=FILL_AREA_STYLE_COLOUR('',#2280);
#2168=FILL_AREA_STYLE_COLOUR('',#2280);
#2169=FILL_AREA_STYLE_COLOUR('',#2281);
#2170=FILL_AREA_STYLE_COLOUR('',#2281);
#2171=FILL_AREA_STYLE_COLOUR('',#2280);
#2172=FILL_AREA_STYLE_COLOUR('',#2281);
#2173=FILL_AREA_STYLE_COLOUR('',#2280);
#2174=FILL_AREA_STYLE_COLOUR('',#2281);
#2175=FILL_AREA_STYLE_COLOUR('',#2280);
#2176=FILL_AREA_STYLE_COLOUR('',#2280);
#2177=FILL_AREA_STYLE_COLOUR('',#2280);
#2178=FILL_AREA_STYLE_COLOUR('',#2281);
#2179=FILL_AREA_STYLE_COLOUR('',#2280);
#2180=FILL_AREA_STYLE_COLOUR('',#2280);
#2181=FILL_AREA_STYLE_COLOUR('',#2280);
#2182=FILL_AREA_STYLE_COLOUR('',#2280);
#2183=FILL_AREA_STYLE_COLOUR('',#2280);
#2184=FILL_AREA_STYLE_COLOUR('',#2281);
#2185=FILL_AREA_STYLE_COLOUR('',#2280);
#2186=FILL_AREA_STYLE_COLOUR('',#2280);
#2187=FILL_AREA_STYLE_COLOUR('',#2280);
#2188=FILL_AREA_STYLE_COLOUR('',#2280);
#2189=FILL_AREA_STYLE_COLOUR('',#2280);
#2190=FILL_AREA_STYLE_COLOUR('',#2280);
#2191=FILL_AREA_STYLE_COLOUR('',#2280);
#2192=FILL_AREA_STYLE_COLOUR('',#2280);
#2193=FILL_AREA_STYLE_COLOUR('',#2280);
#2194=FILL_AREA_STYLE_COLOUR('',#2280);
#2195=FILL_AREA_STYLE_COLOUR('',#2280);
#2196=FILL_AREA_STYLE_COLOUR('',#2280);
#2197=FILL_AREA_STYLE_COLOUR('',#2280);
#2198=FILL_AREA_STYLE_COLOUR('',#2280);
#2199=FILL_AREA_STYLE_COLOUR('',#2280);
#2200=FILL_AREA_STYLE_COLOUR('',#2280);
#2201=FILL_AREA_STYLE_COLOUR('',#2280);
#2202=FILL_AREA_STYLE_COLOUR('',#2280);
#2203=FILL_AREA_STYLE_COLOUR('',#2280);
#2204=FILL_AREA_STYLE_COLOUR('',#2280);
#2205=FILL_AREA_STYLE_COLOUR('',#2280);
#2206=FILL_AREA_STYLE_COLOUR('',#2280);
#2207=FILL_AREA_STYLE_COLOUR('',#2280);
#2208=FILL_AREA_STYLE_COLOUR('',#2280);
#2209=FILL_AREA_STYLE_COLOUR('',#2280);
#2210=FILL_AREA_STYLE_COLOUR('',#2281);
#2211=FILL_AREA_STYLE_COLOUR('',#2280);
#2212=FILL_AREA_STYLE_COLOUR('',#2281);
#2213=FILL_AREA_STYLE_COLOUR('',#2280);
#2214=FILL_AREA_STYLE_COLOUR('',#2280);
#2215=FILL_AREA_STYLE_COLOUR('',#2280);
#2216=FILL_AREA_STYLE_COLOUR('',#2280);
#2217=FILL_AREA_STYLE_COLOUR('',#2280);
#2218=FILL_AREA_STYLE_COLOUR('',#2280);
#2219=FILL_AREA_STYLE_COLOUR('',#2280);
#2220=FILL_AREA_STYLE_COLOUR('',#2281);
#2221=FILL_AREA_STYLE_COLOUR('',#2280);
#2222=FILL_AREA_STYLE_COLOUR('',#2280);
#2223=FILL_AREA_STYLE_COLOUR('',#2280);
#2224=FILL_AREA_STYLE_COLOUR('',#2280);
#2225=FILL_AREA_STYLE_COLOUR('',#2280);
#2226=FILL_AREA_STYLE_COLOUR('',#2280);
#2227=FILL_AREA_STYLE_COLOUR('',#2280);
#2228=FILL_AREA_STYLE_COLOUR('',#2280);
#2229=FILL_AREA_STYLE_COLOUR('',#2280);
#2230=FILL_AREA_STYLE_COLOUR('',#2280);
#2231=FILL_AREA_STYLE_COLOUR('',#2280);
#2232=FILL_AREA_STYLE_COLOUR('',#2281);
#2233=FILL_AREA_STYLE_COLOUR('',#2280);
#2234=FILL_AREA_STYLE_COLOUR('',#2280);
#2235=FILL_AREA_STYLE_COLOUR('',#2281);
#2236=FILL_AREA_STYLE_COLOUR('',#2280);
#2237=FILL_AREA_STYLE_COLOUR('',#2280);
#2238=FILL_AREA_STYLE_COLOUR('',#2280);
#2239=FILL_AREA_STYLE_COLOUR('',#2280);
#2240=FILL_AREA_STYLE_COLOUR('',#2280);
#2241=FILL_AREA_STYLE_COLOUR('',#2280);
#2242=FILL_AREA_STYLE_COLOUR('',#2280);
#2243=FILL_AREA_STYLE_COLOUR('',#2280);
#2244=FILL_AREA_STYLE_COLOUR('',#2280);
#2245=FILL_AREA_STYLE_COLOUR('',#2280);
#2246=FILL_AREA_STYLE_COLOUR('',#2280);
#2247=FILL_AREA_STYLE_COLOUR('',#2281);
#2248=FILL_AREA_STYLE_COLOUR('',#2281);
#2249=FILL_AREA_STYLE_COLOUR('',#2280);
#2250=FILL_AREA_STYLE_COLOUR('',#2281);
#2251=FILL_AREA_STYLE_COLOUR('',#2280);
#2252=FILL_AREA_STYLE_COLOUR('',#2281);
#2253=FILL_AREA_STYLE_COLOUR('',#2280);
#2254=FILL_AREA_STYLE_COLOUR('',#2280);
#2255=FILL_AREA_STYLE_COLOUR('',#2280);
#2256=FILL_AREA_STYLE_COLOUR('',#2280);
#2257=FILL_AREA_STYLE_COLOUR('',#2280);
#2258=FILL_AREA_STYLE_COLOUR('',#2281);
#2259=FILL_AREA_STYLE_COLOUR('',#2280);
#2260=FILL_AREA_STYLE_COLOUR('',#2280);
#2261=FILL_AREA_STYLE_COLOUR('',#2280);
#2262=FILL_AREA_STYLE_COLOUR('',#2280);
#2263=FILL_AREA_STYLE_COLOUR('',#2280);
#2264=FILL_AREA_STYLE_COLOUR('',#2280);
#2265=FILL_AREA_STYLE_COLOUR('',#2281);
#2266=FILL_AREA_STYLE_COLOUR('',#2281);
#2267=FILL_AREA_STYLE_COLOUR('',#2281);
#2268=FILL_AREA_STYLE_COLOUR('',#2280);
#2269=FILL_AREA_STYLE_COLOUR('',#2280);
#2270=FILL_AREA_STYLE_COLOUR('NULL',#110);
#2271=FILL_AREA_STYLE_COLOUR('NULL',#111);
#2272=FILL_AREA_STYLE_COLOUR('NULL',#112);
#2273=FILL_AREA_STYLE_COLOUR('NULL',#113);
#2274=FILL_AREA_STYLE_COLOUR('NULL',#114);
#2275=FILL_AREA_STYLE_COLOUR('NULL',#115);
#2276=FILL_AREA_STYLE_COLOUR('NULL',#116);
#2277=FILL_AREA_STYLE_COLOUR('NULL',#117);
#2278=FILL_AREA_STYLE_COLOUR('NULL',#118);
#2279=FILL_AREA_STYLE_COLOUR('NULL',#119);
#2280=COLOUR_RGB('',0.501960784313725,0.635278858625162,0.705882352941177);
#2281=COLOUR_RGB('',0.2,0.6,1.);
#2282=COLOUR_RGB('',0.6,0.4,0.2);
#2283=COMPLEX_TRIANGULATED_FACE($,#2487,6,((0.835198370116425,0.549948799939474,
0.),(0.78715992705143,0.616748935341106,0.),(0.78715992705143,0.616748935341106,
0.),(0.877582561890639,0.479425538603716,0.),(0.835198370116425,0.549948799939474,
0.),(0.877582561890639,0.479425538603716,0.)),$,(4,6,5,2,3,1),((1,2,3),
(4,1,5),(5,6,4),(3,5,1)),());
#2284=COMPLEX_TRIANGULATED_FACE($,#2488,5,((0.,0.,-1.),(0.,0.,-1.),(0.,
0.,-1.),(0.,0.,-1.),(0.,0.,-1.)),$,(4,3,1,5,2),((1,2,3),(3,4,1),(3,5,4)),
());
#2285=COMPLEX_TRIANGULATED_FACE($,#2489,26,((0.971764121325769,0.235954428871246,
0.),(0.877582561909547,0.479425538569105,0.),(0.877582561909547,0.479425538569105,
0.),(0.999721561819211,-0.0235965852139129,0.),(0.971764121325769,0.235954428871246,
0.),(0.959549630022946,-0.28153953101266,0.),(0.999721561819211,-0.0235965852139129,
0.),(0.853985976700416,-0.520296023047493,0.),(0.959549630022946,-0.28153953101266,
0.),(0.690224590370169,-0.723595200957229,0.),(0.853985976700416,-0.520296023047493,
0.),(0.479425538877166,-0.877582561741252,0.),(0.690224590370169,-0.723595200957229,
0.),(0.235954429212367,-0.971764121242941,0.),(0.479425538877166,-0.877582561741252,
0.),(-0.0235965848629783,-0.999721561827494,0.),(0.235954429212367,-0.971764121242941,
0.),(-0.281539530675826,-0.959549630121775,0.),(-0.0235965848629783,-0.999721561827494,
0.),(-0.520296022747715,-0.853985976883057,0.),(-0.281539530675826,-0.959549630121775,
0.),(-0.723595200714937,-0.690224590624175,0.),(-0.520296022747715,-0.853985976883057,
0.),(-0.877582561572958,-0.479425539185227,0.),(-0.723595200714937,-0.690224590624175,
0.),(-0.877582561572958,-0.479425539185227,0.)),$,(4,8,7,2,3,6,1,10,5,12,
9,14,11,16,13,18,15,20,17,22,19,24,21,26,23,25),((1,2,3),(4,1,5),(6,4,7),
(8,6,9),(10,8,11),(12,10,13),(14,12,15),(16,14,17),(18,16,19),(20,18,21),
(22,20,23),(24,22,25),(25,26,24),(23,25,22),(21,23,20),(19,21,18),(17,19,
16),(15,17,14),(13,15,12),(11,13,10),(9,11,8),(7,9,6),(5,7,4),(3,5,1)),
());
#2286=COMPLEX_TRIANGULATED_FACE($,#2490,9,((0.642787609703783,0.766044443104509,
0.),(0.642787609703783,0.766044443104509,0.),(0.642787609703783,0.766044443104509,
0.),(0.642787609703783,0.766044443104509,0.),(0.642787609703783,0.766044443104509,
0.),(0.642787609703783,0.766044443104509,0.),(0.642787609703783,0.766044443104509,
0.),(0.642787609703783,0.766044443104509,0.),(0.642787609703783,0.766044443104509,
0.)),$,(7,8,6,4,1,2,9,5,3),((1,2,3),(3,4,1),(5,6,4),(1,7,2),(4,8,5),(6,
9,4),(3,8,4)),());
#2287=COMPLEX_TRIANGULATED_FACE($,#2491,6,((0.,0.,-1.),(0.,0.,-1.),(0.,
0.,-1.),(0.,0.,-1.),(0.,0.,-1.),(0.,0.,-1.)),$,(5,1,3,2,4,6),((1,2,3),(2,
4,3),(3,5,1),(5,6,1)),());
#2288=COMPLEX_TRIANGULATED_FACE($,#2492,70,((0.994521895368273,-0.104528463267654,
0.),(1.,0.,0.),(1.,0.,0.),(0.978147600733806,-0.20791169081776,0.),(0.994521895368273,
-0.104528463267654,0.),(0.951056516295154,-0.309016994374948,0.),(0.978147600733806,
-0.20791169081776,0.),(0.913545457642601,-0.406736643075801,0.),(0.951056516295154,
-0.309016994374948,0.),(0.866025403784438,-0.5,0.),(0.913545457642601,-0.406736643075801,
0.),(0.809016994374947,-0.587785252292473,0.),(0.866025403784438,-0.5,0.),
(0.743144825477394,-0.669130606358858,0.),(0.809016994374947,-0.587785252292473,
0.),(0.5,-0.866025403784439,0.),(0.587785252292473,-0.809016994374947,0.),
(0.587785252292473,-0.809016994374947,0.),(0.4067366430758,-0.913545457642601,
0.),(0.5,-0.866025403784439,0.),(0.309016994374947,-0.951056516295154,0.),
(0.4067366430758,-0.913545457642601,0.),(0.207911690817759,-0.978147600733806,
0.),(0.309016994374947,-0.951056516295154,0.),(0.104528463267653,-0.994521895368273,
0.),(0.207911690817759,-0.978147600733806,0.),(0.,-1.,0.),(0.104528463267653,
-0.994521895368273,0.),(-0.104528463267654,-0.994521895368273,0.),(0.,-1.,
0.),(-0.207911690817759,-0.978147600733806,0.),(-0.104528463267654,-0.994521895368273,
0.),(-0.309016994374948,-0.951056516295154,0.),(-0.207911690817759,-0.978147600733806,
0.),(-0.4067366430758,-0.913545457642601,0.),(-0.309016994374948,-0.951056516295154,
0.),(-0.5,-0.866025403784438,0.),(-0.4067366430758,-0.913545457642601,0.),
(-0.587785252292473,-0.809016994374947,0.),(-0.5,-0.866025403784438,0.),
(-0.669130606358858,-0.743144825477394,0.),(-0.587785252292473,-0.809016994374947,
0.),(-0.743144825477394,-0.669130606358858,0.),(-0.669130606358858,-0.743144825477394,
0.),(-0.809016994374947,-0.587785252292473,0.),(-0.743144825477394,-0.669130606358858,
0.),(-0.866025403784439,-0.5,0.),(-0.809016994374947,-0.587785252292473,
0.),(-0.913545457642601,-0.4067366430758,0.),(-0.866025403784439,-0.5,0.),
(-0.951056516295154,-0.309016994374947,0.),(-0.913545457642601,-0.4067366430758,
0.),(-1.,0.,0.),(-0.994521895368273,-0.104528463267653,0.),(-0.994521895368273,
-0.104528463267653,0.),(0.669130606358858,-0.743144825477394,0.),(0.725728819112851,
-0.687980872633147,0.),(0.743144825477394,-0.669130606358858,0.),(0.725728819112851,
-0.687980872633147,0.),(0.622111463554919,-0.782928685713812,0.),(0.669130606358858,
-0.743144825477394,0.),(-0.978147600733806,-0.207911690817759,0.),(-0.95867332260933,
-0.284509157176335,0.),(-0.951056516295154,-0.309016994374947,0.),(-0.95867332260933,
-0.284509157176335,0.),(-0.989091862949911,-0.147299988616002,0.),(-0.978147600733806,
-0.207911690817759,0.),(-0.989091862949911,-0.147299988616002,0.),(0.622111463554919,
-0.782928685713812,0.),(-1.,0.,0.)),$,(4,2,1,6,3,8,5,10,7,12,9,14,11,16,
13,26,24,23,28,25,30,27,32,29,34,31,36,33,38,35,40,37,42,39,44,41,46,43,
48,45,50,47,52,49,54,51,56,53,58,55,60,57,70,68,67,20,18,15,17,22,19,64,
62,59,61,66,63,65,21,69),((1,2,3),(4,1,5),(6,4,7),(8,6,9),(10,8,11),(12,
10,13),(14,12,15),(16,17,18),(19,16,20),(21,19,22),(23,21,24),(25,23,26),
(27,25,28),(29,27,30),(31,29,32),(33,31,34),(35,33,36),(37,35,38),(39,37,
40),(41,39,42),(43,41,44),(45,43,46),(47,45,48),(49,47,50),(51,49,52),(53,
54,55),(56,14,57),(58,59,57),(57,14,58),(18,17,60),(56,61,60),(60,17,56),
(62,51,63),(64,65,63),(63,51,64),(55,54,66),(62,67,66),(66,54,62),(66,68,
55),(63,67,62),(60,69,18),(57,61,56),(55,70,53),(52,64,51),(50,52,49),(48,
50,47),(46,48,45),(44,46,43),(42,44,41),(40,42,39),(38,40,37),(36,38,35),
(34,36,33),(32,34,31),(30,32,29),(28,30,27),(26,28,25),(24,26,23),(22,24,
21),(20,22,19),(18,20,16),(15,58,14),(13,15,12),(11,13,10),(9,11,8),(7,
9,6),(5,7,4),(3,5,1)),());
#2289=COMPLEX_TRIANGULATED_FACE($,#2493,26,((-0.258819045102522,0.965925826289068,
0.),(0.,1.,0.),(0.,1.,0.),(-0.500000000000001,0.866025403784438,0.),(-0.258819045102522,
0.965925826289068,0.),(-0.707106781186548,0.707106781186547,0.),(-0.500000000000001,
0.866025403784438,0.),(-0.866025403784439,0.5,0.),(-0.707106781186548,0.707106781186547,
0.),(-0.965925826289069,0.25881904510252,0.),(-0.866025403784439,0.5,0.),
(-1.,0.,0.),(-0.965925826289069,0.25881904510252,0.),(-0.965925826289068,
-0.258819045102522,0.),(-1.,0.,0.),(-0.866025403784438,-0.5,0.),(-0.965925826289068,
-0.258819045102522,0.),(-0.707106781186547,-0.707106781186547,0.),(-0.866025403784438,
-0.5,0.),(-0.5,-0.866025403784439,0.),(-0.707106781186547,-0.707106781186547,
0.),(-0.258819045102521,-0.965925826289068,0.),(-0.5,-0.866025403784439,
0.),(0.,-1.,0.),(-0.258819045102521,-0.965925826289068,0.),(0.,-1.,0.)),
$,(7,1,2,11,8,15,12,19,16,21,20,25,22,23,26,17,24,13,18,9,14,5,10,3,6,4),
((1,2,3),(4,1,5),(6,4,7),(8,6,9),(10,8,11),(12,10,13),(14,12,15),(16,14,
17),(18,16,19),(20,18,21),(22,20,23),(24,22,25),(25,26,24),(23,25,22),(21,
23,20),(19,21,18),(17,19,16),(15,17,14),(13,15,12),(11,13,10),(9,11,8),
(7,9,6),(5,7,4),(3,5,1)),());
#2290=COMPLEX_TRIANGULATED_FACE($,#2494,24,((0.,0.,1.),(0.,0.,1.),(0.,0.,
1.),(0.,0.,1.),(0.,0.,1.),(0.,0.,1.),(0.,0.,1.),(0.,0.,1.),(0.,0.,1.),(0.,
0.,1.),(0.,0.,1.),(0.,0.,1.),(0.,0.,1.),(0.,0.,1.),(0.,0.,1.),(0.,0.,1.),
(0.,0.,1.),(0.,0.,1.),(0.,0.,1.),(0.,0.,1.),(0.,0.,1.),(0.,0.,1.),(0.,0.,
1.),(0.,0.,1.)),$,(8,20,18,7,16,17,19,24,9,11,22,23,14,2,12,10,3,13,4,15,
5,6,21,1),((1,2,3),(4,3,5),(3,4,1),(6,7,8),(1,9,2),(9,10,11),(12,13,6),
(14,15,16),(14,17,18),(19,20,18),(21,22,5),(11,2,9),(13,12,11),(8,12,6),
(18,15,14),(18,17,19),(5,22,4),(7,23,8),(19,21,20),(11,10,13),(5,20,21),
(16,24,14)),());
#2291=COMPLEX_TRIANGULATED_FACE($,#2495,32,((0.958083451486533,0.286489266793106,
0.),(0.877582561484322,0.479425539347474,0.),(0.877582561484322,0.479425539347474,
0.),(0.996711497239464,0.081032038544425,0.),(0.958083451486533,0.286489266793106,
0.),(0.991778467784782,-0.12796667862561,0.),(0.996711497239464,0.081032038544425,
0.),(0.943499960181085,-0.331372637884136,0.),(0.991778467784782,-0.12796667862561,
0.),(0.85398597687789,-0.520296022756196,0.),(0.943499960181085,-0.331372637884136,
0.),(0.727148708483615,-0.686479974763001,0.),(0.85398597687789,-0.520296022756196,
0.),(0.568531552263121,-0.822661457758467,0.),(0.727148708483615,-0.686479974763001,
0.),(0.385066839076917,-0.922888687460905,0.),(0.568531552263121,-0.822661457758467,
0.),(0.184772857257367,-0.98278125298611,0.),(0.385066839076917,-0.922888687460905,
0.),(-0.0235965850676611,-0.999721561822663,0.),(0.184772857257367,-0.98278125298611,
0.),(-0.230934743395643,-0.972969241185346,0.),(-0.0235965850676611,-0.999721561822663,
0.),(-0.428179945283402,-0.903693495858581,0.),(-0.230934743395643,-0.972969241185346,
0.),(-0.606711628915835,-0.794922008336852,0.),(-0.428179945283402,-0.903693495858581,
0.),(-0.758727103023512,-0.651408614571184,0.),(-0.606711628915835,-0.794922008336852,
0.),(-0.877582561932807,-0.479425538526527,0.),(-0.758727103023512,-0.651408614571184,
0.),(-0.877582561932807,-0.479425538526527,0.)),$,(6,10,9,2,5,4,1,8,3,12,
7,14,11,16,13,18,15,20,17,22,19,24,21,26,23,28,25,30,27,32,29,31),((1,2,
3),(4,1,5),(6,4,7),(8,6,9),(10,8,11),(12,10,13),(14,12,15),(16,14,17),(18,
16,19),(20,18,21),(22,20,23),(24,22,25),(26,24,27),(28,26,29),(30,28,31),
(31,32,30),(29,31,28),(27,29,26),(25,27,24),(23,25,22),(21,23,20),(19,21,
18),(17,19,16),(15,17,14),(13,15,12),(11,13,10),(9,11,8),(7,9,6),(5,7,4),
(3,5,1)),());
#2292=COMPLEX_TRIANGULATED_FACE($,#2496,24,((0.,0.,1.),(0.,0.,1.),(0.,0.,
1.),(0.,0.,1.),(0.,0.,1.),(0.,0.,1.),(0.,0.,1.),(0.,0.,1.),(0.,0.,1.),(0.,
0.,1.),(0.,0.,1.),(0.,0.,1.),(0.,0.,1.),(0.,0.,1.),(0.,0.,1.),(0.,0.,1.),
(0.,0.,1.),(0.,0.,1.),(0.,0.,1.),(0.,0.,1.),(0.,0.,1.),(0.,0.,1.),(0.,0.,
1.),(0.,0.,1.)),$,(13,9,11,15,12,3,2,4,10,8,7,5,6,23,17,18,22,16,21,14,
20,19,1,24),((1,2,3),(4,3,5),(3,4,1),(6,7,8),(1,9,2),(9,10,11),(12,13,6),
(14,15,16),(14,17,18),(19,20,18),(21,22,5),(11,2,9),(13,12,11),(8,12,6),
(18,15,14),(18,17,19),(5,22,4),(7,23,8),(19,21,20),(11,10,13),(5,20,21),
(16,24,14)),());
#2293=COMPLEX_TRIANGULATED_FACE($,#2497,9,((0.342020143298474,-0.939692620795807,
0.),(0.342020143298474,-0.939692620795807,0.),(0.342020143298474,-0.939692620795807,
0.),(0.342020143298474,-0.939692620795807,0.),(0.342020143298474,-0.939692620795807,
0.),(0.342020143298474,-0.939692620795807,0.),(0.342020143298474,-0.939692620795807,
0.),(0.342020143298474,-0.939692620795807,0.),(0.342020143298474,-0.939692620795807,
0.)),$,(3,1,4,6,7,8,2,5,9),((1,2,3),(3,4,1),(5,6,4),(1,7,2),(4,8,5),(6,
9,4),(3,8,4)),());
#2294=COMPLEX_TRIANGULATED_FACE($,#2498,26,((-0.716459674219131,-0.656514324172271,
-0.235954396811001),(-0.647021750650135,-0.592886191139508,-0.479425508855882),
(-0.647021750650135,-0.592886191139508,-0.479425508855882),(-0.737072055338644,
-0.675402091268175,0.0235966173305218),(-0.716459674219131,-0.656514324172271,
-0.235954396811001),(-0.707454194308817,-0.648262322322187,0.28153956100752),
(-0.737072055338644,-0.675402091268175,0.0235966173305218),(-0.629624499398825,
-0.576944547724396,0.520296049002749),(-0.707454194308817,-0.648262322322187,
0.28153956100752),(-0.508886935659877,-0.466308955921306,0.723595221337372),
(-0.629624499398825,-0.576944547724396,0.520296049002749),(-0.353469568474727,
-0.323895179607379,0.877582575481871),(-0.508886935659877,-0.466308955921306,
0.723595221337372),(-0.173963834503309,-0.159408482220348,0.97176412780114),
(-0.353469568474727,-0.323895179607379,0.877582575481871),(0.0173972472174097,
0.0159416397187239,0.999721561192082),(-0.173963834503309,-0.159408482220348,
0.97176412780114),(0.207572735298902,0.190205365263402,0.959549622784329),
(0.0173972472174097,0.0159416397187239,0.999721561192082),(0.383602484599291,
0.351506909585649,0.853985963773877),(0.207572735298902,0.190205365263402,
0.959549622784329),(0.533490358690951,0.488853839080536,0.690224573019551),
(0.383602484599291,0.351506909585649,0.853985963773877),(0.647021746727695,
0.592886187545254,0.479425518594386),(0.533490358690951,0.488853839080536,
0.690224573019551),(0.647021746727695,0.592886187545254,0.479425518594386)),
$,(25,23,10,26,12,24,13,22,11,21,9,20,8,19,7,18,6,17,5,16,4,15,3,14,2,1),
((1,2,3),(4,1,5),(6,4,7),(8,6,9),(10,8,11),(12,10,13),(14,12,15),(16,14,
17),(18,16,19),(20,18,21),(22,20,23),(24,22,25),(25,26,24),(23,25,22),(21,
23,20),(19,21,18),(17,19,16),(15,17,14),(13,15,12),(11,13,10),(9,11,8),
(7,9,6),(5,7,4),(3,5,1)),());
#2295=COMPLEX_TRIANGULATED_FACE($,#2499,35,((0.98078528040323,-0.195090322016128,
0.),(1.,0.,0.),(1.,0.,0.),(0.923879532511287,-0.38268343236509,0.),(0.98078528040323,
-0.195090322016128,0.),(0.831469612302545,-0.555570233019602,0.),(0.923879532511287,
-0.38268343236509,0.),(0.707106781186547,-0.707106781186548,0.),(0.831469612302545,
-0.555570233019602,0.),(0.555570233019602,-0.831469612302545,0.),(0.707106781186547,
-0.707106781186548,0.),(0.382683432365089,-0.923879532511287,0.),(0.382683432365089,
-0.923879532511287,0.),(0.47942553848057,-0.877582561957914,0.),(0.555570233019602,
-0.831469612302545,0.),(0.195090322016128,-0.98078528040323,0.),(0.,-1.,
0.),(0.195090322016128,-0.98078528040323,0.),(-0.195090322016128,-0.98078528040323,
0.),(0.,-1.,0.),(-0.38268343236509,-0.923879532511287,0.),(-0.195090322016128,
-0.98078528040323,0.),(-0.555570233019602,-0.831469612302545,0.),(-0.38268343236509,
-0.923879532511287,0.),(-0.707106781186547,-0.707106781186548,0.),(-0.555570233019602,
-0.831469612302545,0.),(-0.831469612302545,-0.555570233019602,0.),(-0.707106781186547,
-0.707106781186548,0.),(-0.923879532511287,-0.38268343236509,0.),(-0.831469612302545,
-0.555570233019602,0.),(-0.98078528040323,-0.195090322016128,0.),(-0.923879532511287,
-0.38268343236509,0.),(-1.,0.,0.),(-0.98078528040323,-0.195090322016128,
0.),(-1.,0.,0.)),$,(4,2,1,6,3,8,5,10,7,12,9,14,15,13,11,17,19,16,21,18,
23,20,25,22,27,24,29,26,31,28,33,30,35,32,34),((1,2,3),(4,1,5),(6,4,7),
(8,6,9),(10,8,11),(12,13,14),(14,15,12),(16,13,12),(17,16,18),(19,17,20),
(21,19,22),(23,21,24),(25,23,26),(27,25,28),(29,27,30),(31,29,32),(33,31,
34),(34,35,33),(32,34,31),(30,32,29),(28,30,27),(26,28,25),(24,26,23),(22,
24,21),(20,22,19),(18,20,17),(12,18,16),(14,10,15),(11,15,10),(9,11,8),
(7,9,6),(5,7,4),(3,5,1)),());
#2296=COMPLEX_TRIANGULATED_FACE($,#2500,11,((-0.0191062937084515,-0.534710837136631,
-0.844819075417553),(-0.092910818892943,-0.526923438028025,-0.844819075417553),
(-0.092910818892943,-0.526923438028025,-0.844819075417553),(-0.164927833948615,
-0.508998565223566,-0.844819075417553),(-0.164927833948615,-0.508998565223566,
-0.844819075417553),(0.0533134401291014,-0.532389337714639,-0.844819075417553),
(0.,-0.535052081400148,-0.844819075417553),(-0.0191062937084514,-0.534710837136631,
-0.844819075417553),(-0.232186123812805,-0.482048061628107,-0.844819075417553),
(-0.22217965504901,-0.486741133142591,-0.844819075417553),(0.0423053102752592,
-0.533376968506464,-0.844819075417553)),$,(5,7,6,9,8,1,3,4,11,10,2),((1,
2,3),(2,4,5),(6,1,7),(1,8,7),(4,9,10),(10,5,4),(7,11,6),(5,3,2),(3,8,1)),
());
#2297=COMPLEX_TRIANGULATED_FACE($,#2501,308,((0.,0.180519145234188,0.983571470816391),
(0.,0.417867073791145,0.90850817753129),(0.,0.629320391045779,0.777145961460257),
(0.,0.801775644244048,0.597625146975127),(0.,0.924546033614676,0.381070376344542),
(0.,0.978147600735959,0.207911690807631),(-0.0620709062167957,0.976176178477501,
0.207911690807631),(-0.133613496412155,0.968978927738901,0.207911690807631),
(-0.204434075190448,0.956545575352548,0.207911690807632),(-0.27414994718171,
0.938943307812446,0.207911690807631),(-0.342384386554496,0.916267243040595,
0.207911690807631),(-0.408768672740992,0.888639916395319,0.207911690807632),
(-0.472944082903855,0.85621061852312,0.207911690807631),(-0.534563830377988,
0.819154588632161,0.207911690807631),(-0.59329493861246,0.777672067546694,
0.207911690807631),(-0.648820040486276,0.731987215659467,0.207911690807631),
(-0.700839093274986,0.682346901629228,0.207911690807631),(-0.749071000000913,
0.629019368368848,0.207911690807631),(-0.793255128405652,0.572292783532733,
0.207911690807631),(-0.833152719336738,0.512473682336284,0.207911690807631),
(-0.868548176937919,0.449885311121989,0.207911690807631),(-0.899250233671211,
0.384865880623088,0.207911690807631),(-0.925092983875251,0.317766738363689,
0.207911690807631),(-0.945936780274901,0.24895047007119,0.207911690807631),
(-0.961668988597579,0.178788940360477,0.207911690807631),(-0.97220459621859,
0.107661283277514,0.207911690807631),(-0.977486671546497,0.0359518535608741,
0.207911690807632),(-0.977486671666139,-0.0359518503079487,0.207911690807631),
(-0.97220459657687,-0.107661280042167,0.207911690807631),(-0.961668989192561,
-0.178788937160191,0.207911690807631),(-0.945936781103369,-0.248950466923258,
0.207911690807631),(-0.925092984932729,-0.317766735285122,0.207911690807631),
(-0.899250234951985,-0.384865877630523,0.207911690807631),(-0.868548178435069,
-0.449885308231593,0.207911690807631),(-0.833152721042173,-0.512473679563678,
0.207911690807631),(-0.793255130310154,-0.572292780892903,0.207911690807631),
(-0.749071002094193,-0.629019365876055,0.207911690807631),(-0.700839095545732,
-0.682346899296943,0.207911690807631),(-0.648820042922217,-0.731987213500294,
0.207911690807631),(-0.593294941200433,-0.777672065572299,0.207911690807631),
(-0.534563833104009,-0.819154586853215,0.207911690807631),(-0.472944085753193,
-0.856210616949235,0.207911690807631),(-0.408768675698251,-0.888639915034999,
0.207911690807631),(-0.342384389603694,-0.916267241901193,0.207911690807629),
(-0.274149950306372,-0.938943306900116,0.207911690807631),(-0.204434078373686,
-0.956545574672223,0.20791169080763),(-0.133613499636772,-0.968978927294256,
0.207911690807631),(0.,-0.924546033614677,0.38107037634454),(-0.0620709094653634,
-0.976176178270938,0.207911690807631),(0.,-0.80177564424405,0.597625146975125),
(0.,-0.629320391045779,0.777145961460257),(0.,-0.417867073791151,0.908508177531287),
(0.,-0.180519145234194,0.98357147081639),(0.,0.,1.),(0.,0.,1.),(0.,0.,1.),
(0.,0.,1.),(0.,0.,1.),(0.,0.,1.),(0.,0.,1.),(0.,0.,1.),(0.,0.,1.),(0.,0.,
1.),(0.,0.,1.),(0.,0.,1.),(0.,0.,1.),(0.,0.,1.),(0.,0.,1.),(0.,0.,1.),(0.,
0.,1.),(0.,0.,1.),(0.,0.,1.),(0.,0.,1.),(0.,0.,1.),(0.,0.,1.),(0.,0.,1.),
(0.,0.,1.),(0.,0.,1.),(0.,0.,1.),(0.,0.,1.),(0.,0.,1.),(0.,0.,1.),(0.,0.,
1.),(0.,0.,1.),(0.,0.,1.),(0.,0.,1.),(0.,0.,1.),(0.,0.,1.),(0.,0.,1.),(0.,
0.,1.),(0.,0.,1.),(0.,0.,1.),(0.,0.,1.),(0.,0.,1.),(0.,0.,1.),(0.,0.,1.),
(0.,0.,1.),(0.,-0.978147600735959,0.20791169080763),(-0.0114553136072364,
-0.180155315176219,0.98357147081639),(-0.0246586453087767,-0.178827047751784,
0.98357147081639),(-0.0570800174433835,-0.413950193824618,0.908508177531289),
(-0.0377287283197247,-0.176532447033001,0.98357147081639),(-0.08733474380444,
-0.408638634839376,0.908508177531289),(-0.0505949354249465,-0.173283912425327,
0.98357147081639),(-0.117117536687018,-0.401118902520364,0.908508177531289),
(-0.0631877410998969,-0.169098998136522,0.98357147081639),(-0.146267457884492,
-0.391431631479604,0.908508177531289),(-0.0754390972078656,-0.164000318318426,
0.98357147081639),(-0.174626989058698,-0.3796291691257,0.908508177531289),
(-0.0872828007138144,-0.158015424866168,0.98357147081639),(-0.202042882926688,
-0.365775292792513,0.908508177531289),(-0.098654851427783,-0.151176658535122,
0.98357147081639),(-0.228366991367849,-0.349944865103594,0.908508177531289),
(-0.109493797844711,-0.143520974180168,0.98357147081639),(-0.253457065976527,
-0.33222342943469,0.908508177531289),(-0.11974106921185,-0.135089741061584,
0.98357147081639),(-0.277177526734167,-0.312706747660337,0.908508177531289),
(-0.129341292029372,-0.125928519296685,0.98357147081639),(-0.299400194647293,
-0.291500282682434,0.908508177531289),(-0.13824258927387,-0.116086813665201,
0.98357147081639),(-0.320004984392327,-0.268718628537068,0.908508177531289),
(-0.146396860727853,-0.105617806098747,0.98357147081639),(-0.338880553224398,
-0.244484891159151,0.908508177531289),(-0.153760042900389,-0.0945780682999687,
0.98357147081639),(-0.355924902643607,-0.218930023151039,0.908508177531289),
(-0.160292347134363,-0.0830272560442648,0.98357147081639),(-0.371045929567499,
-0.192192116149872,0.908508177531289),(-0.165958474613687,-0.0710277868160133,
0.98357147081639),(-0.384161924031363,-0.164415654617488,0.908508177531289),
(-0.170727807108614,-0.0586445025212655,0.98357147081639),(-0.395202010726914,
-0.13575073508523,0.908508177531289),(-0.174574572428417,-0.0459443190995163,
0.98357147081639),(-0.404106531993409,-0.10635225507264,0.908508177531289),
(-0.177477983687383,-0.032995864927955,0.98357147081639),(-0.410827370191609,
-0.076379076062903,0.908508177531289),(-0.179422351631554,-0.0198691099721636,
0.98357147081639),(-0.415328207718564,-0.0459931650580958,0.908508177531289),
(-0.180397169419238,-0.00663498768723182,0.98357147081639),(-0.417584723258179,
-0.0153587193530469,0.908508177531289),(-0.180397169397158,0.00663498828756606,
0.98357147081639),(-0.417584723207068,0.0153587207427051,0.908508177531289),
(-0.179422351565433,0.0198691105692538,0.98357147081639),(-0.415328207565506,
0.0459931664402446,0.908508177531289),(-0.177477983577578,0.0329958655185747,
0.98357147081639),(-0.410827369937431,0.0763790774300737,0.908508177531289),
(-0.174574572275522,0.0459443196804738,0.98357147081639),(-0.404106531639485,
0.106352256417445,0.908508177531289),(-0.170727806913454,0.0586445030894216,
0.98357147081639),(-0.395202010275156,0.135750736400402,0.908508177531289),
(-0.165958474377318,0.0710277873682977,0.98357147081639),(-0.384161923484213,
0.16441565589592,0.908508177531289),(-0.160292346858061,0.0830272565776932,
0.98357147081639),(-0.371045928927913,0.192192117384656,0.908508177531289),
(-0.153760042585647,0.0945780688116586,0.98357147081639),(-0.355924901915042,
0.218930024335502,0.908508177531289),(-0.146396860376373,0.105617806585933,
0.98357147081639),(-0.33888055241079,0.244484892286893,0.908508177531289),
(-0.138242588887551,0.116086814125251,0.98357147081639),(-0.320004983498072,
0.268718629601995,0.908508177531289),(-0.129341291610301,0.125928519727114,
0.98357147081639),(-0.299400193677225,0.291500283678792,0.908508177531289),
(-0.119741068762292,0.135089741460064,0.98357147081639),(-0.277177525693527,
0.312706748582741,0.908508177531289),(-0.109493797367095,0.143520974544547,
0.98357147081639),(-0.253457064870938,0.332223430278156,0.908508177531289),
(-0.0986548509246902,0.151176658863431,0.98357147081639),(-0.228366990203286,
0.349944865863564,0.908508177531289),(-0.0872828001879632,0.158015425156631,
0.98357147081639),(-0.202042881709444,0.36577529346488,0.908508177531289),
(-0.0754390966620975,0.164000318569476,0.98357147081639),(-0.174626987795351,
0.379629169706831,0.908508177531289),(-0.0631877405371613,0.169098998346801,
0.98357147081639),(-0.146267456581867,0.391431631966359,0.908508177531289),
(-0.0505949348482841,0.173283912593699,0.98357147081639),(-0.117117535352155,
0.401118902910113,0.908508177531289),(-0.0377287277322517,0.176532447158556,
0.98357147081639),(-0.087334742444553,0.408638635130012,0.908508177531289),
(-0.0246586447136676,0.178827047833844,0.98357147081639),(-0.0570800160658205,
0.413950194014571,0.908508177531289),(-0.0114553130077071,0.18015531521434,
0.98357147081639),(-0.0265168446243317,0.417024877327414,0.908508177531289),
(-0.0265168460121268,-0.41702487723917,0.908508177531289),(-0.085964224394296,
-0.623421451916999,0.777145961460257),(-0.13152875296981,-0.615422084205806,
0.777145961460257),(-0.176382535521404,-0.604097140987319,0.777145961460257),
(-0.220283194265618,-0.589507819210355,0.777145961460257),(-0.262993501843828,
-0.571732955647943,0.777145961460257),(-0.304282663235128,-0.550868600884594,
0.777145961460257),(-0.343927562910576,-0.527027500284761,0.777145961460257),
(-0.381713970489539,-0.500338484747199,0.777145961460257),(-0.417437698383078,
-0.47094577453742,0.777145961460257),(-0.450905705168792,-0.439008199960144,
0.777145961460257),(-0.481937138734773,-0.404698343083033,0.777145961460257),
(-0.510364313555796,-0.368201605149587,0.777145961460257),(-0.536033616820832,
-0.329715204720665,0.777145961460257),(-0.558806338515371,-0.289447111958396,
0.777145961460257),(-0.578559420973068,-0.24761492481133,0.777145961460257),
(-0.595186123846278,-0.204444693173618,0.777145961460257),(-0.608596600902211,
-0.160169697372151,0.777145961460257),(-0.618718385527818,-0.115029187582378,
0.777145961460257),(-0.625496782319887,-0.0692670909846812,0.777145961460257),
(-0.628895162644299,-0.0231306936474558,0.777145961460257),(-0.628895162567324,
0.0231306957403229,0.777145961460257),(-0.625496782089376,0.069267093066239,
0.777145961460257),(-0.618718385145019,0.115029189641379,0.777145961460257),
(-0.608596600369191,0.160169699397467,0.777145961460257),(-0.595186123165917,
0.204444695154307,0.777145961460257),(-0.578559420149043,0.247614926736687,
0.777145961460257),(-0.558806337552136,0.289447113818018,0.777145961460257),
(-0.53603361572359,0.329715206504503,0.777145961460257),(-0.510364312330478,
0.368201606848002,0.777145961460257),(-0.481937137387998,0.404698344686846,
0.777145961460257),(-0.45090570370784,0.439008201460689,0.777145961460257),
(-0.417437696815842,0.470945775926589,0.777145961460257),(-0.381713968824489,
0.500338486017485,0.777145961460257),(-0.343927561156709,0.527027501429299,
0.777145961460257),(-0.304282661401921,0.5508686018972,0.777145961460257),
(-0.262993499941188,0.571732956523144,0.777145961460257),(-0.220283192303826,
0.589507819943423,0.777145961460257),(-0.176382533511061,0.604097141574293,
0.777145961460257),(-0.131528750921779,0.615422084643514,0.777145961460257),
(-0.0859642223196447,0.623421452203075,0.777145961460257),(-0.0399351661687161,
0.628052017821047,0.777145961460257),(-0.0399351682587772,-0.628052017688149,
0.777145961460257),(-0.109521354108901,-0.794260194581796,0.597625146975126),
(-0.167572117715338,-0.784068727260153,0.597625146975126),(-0.22471736664383,
-0.769640363307189,0.597625146975126),(-0.280648303330767,-0.751053069723119,
0.597625146975126),(-0.335062692029464,-0.728407287245897,0.597625146975126),
(-0.387666492010891,-0.701825387596465,0.597625146975126),(-0.438175446480731,
-0.671451012214868,0.597625146975126),(-0.486316618626681,-0.637448296060528,
0.597625146975126),(-0.531829866495615,-0.600000980671044,0.597625146975126),
(-0.574469248730774,-0.559311421272317,0.597625146975126),(-0.614004353572737,
-0.515599493305302,0.597625146975126),(-0.650221543942637,-0.469101404278235,
0.597625146975126),(-0.6829251118795,-0.420068417364755,0.597625146975126),
(-0.711938336093464,-0.368765493645255,0.597625146975126),(-0.737104436920114,
-0.315469860328431,0.597625146975126),(-0.758287423515654,-0.260469512689969,
0.597625146975126),(-0.775372828714862,-0.204061657823493,0.597625146975126),
(-0.788268327580884,-0.146551108613326,0.597625146975126),(-0.796904236304374,
-0.0882486366076035,0.597625146975126),(-0.801233888756068,-0.0294692926923634,
0.597625146975126),(-0.801233888657998,0.0294692953587474,0.597625146975126),
(-0.796904236010696,0.0882486392595792,0.597625146975126),(-0.788268327093184,
0.146551111236563,0.597625146975126),(-0.775372828035776,0.204061660403815,
0.597625146975126),(-0.758287422648851,0.260469515213433,0.597625146975126),
(-0.737104435870279,0.315469862781402,0.597625146975126),(-0.711938334866268,
0.368765496014477,0.597625146975126),(-0.682925110481577,0.420068419637426,
0.597625146975126),(-0.650221542381539,0.469101406442073,0.597625146975126),
(-0.614004351856901,0.515599495348614,0.597625146975126),(-0.574469246869471,
0.559311423184062,0.597625146975126),(-0.531829864498904,0.600000982440893,
0.597625146975126),(-0.48631661650535,0.637448297678915,0.597625146975126),
(-0.438175444246245,0.671451013673048,0.597625146975126),(-0.387666489675324,
0.701825388886559,0.597625146975126),(-0.335062689605436,0.728407288360935,
0.597625146975126),(-0.280648300831377,0.751053070657074,0.597625146975126),
(-0.224717364082584,0.769640364055013,0.597625146975126),(-0.167572115106077,
0.784068727817807,0.597625146975126),(-0.109521351465724,0.794260194946265,
0.597625146975126),(-0.0508787638832225,0.800159693491664,0.597625146975126),
(-0.0508787665460317,-0.800159693322348,0.597625146975126),(-0.126291605718409,
-0.915879794840839,0.38107037634454),(-0.193231283452369,-0.904127778230479,
0.38107037634454),(-0.259126791274354,-0.887490098151235,0.38107037634454),
(-0.323622047573909,-0.866056660153769,0.38107037634454),(-0.386368537323396,
-0.839943284775353,0.38107037634454),(-0.447027195359515,-0.809291081676819,
0.38107037634454),(-0.505270238600301,-0.774265687123887,0.38107037634454),
(-0.560782937296784,-0.735056368933309,0.38107037634454),(-0.613265315747952,
-0.691875003720466,0.38107037634454),(-0.662433773288796,-0.644954931975095,
0.38107037634454),(-0.708022616792068,-0.594549697152006,0.38107037634454),
(-0.749785496402522,-0.540931675590415,0.38107037634454),(-0.787496736745303,
-0.484390604665418,0.38107037634454),(-0.820952556415012,-0.425232017125107,
0.38107037634454),(-0.849972169155636,-0.363775590073734,0.38107037634454),
(-0.874398760780884,-0.300353417522568,0.38107037634454),(-0.894100336555888,
-0.235308215843133,0.38107037634454),(-0.908970434461274,-0.168991471820067,
0.38107037634454),(-0.918928700485293,-0.101761543311021,0.38107037634454),
(-0.923921322835299,-0.0339817227771282,0.38107037634454),(-0.923921322722213,
0.0339817258517971,0.38107037634454),(-0.918928700146646,0.101761546369076,
0.38107037634454),(-0.908970433898897,0.168991474844982,0.38107037634454),
(-0.894100335772818,0.235308218818562,0.38107037634454),(-0.874398759781353,
0.300353420432433,0.38107037634454),(-0.849972167945046,0.363775592902312,
0.38107037634454),(-0.820952554999904,0.425232019857112,0.38107037634454),
(-0.787496735133326,0.484390607286086,0.38107037634454),(-0.749785494602384,
0.540931678085586,0.38107037634454),(-0.708022614813498,0.594549699508197,
0.38107037634454),(-0.662433771142484,0.644954934179573,0.38107037634454),
(-0.613265313445498,0.691875005761319,0.38107037634454),(-0.560782934850629,
0.735056370799509,0.38107037634454),(-0.505270236023663,0.774265688805349,
0.38107037634454),(-0.447027192666318,0.809291083164457,0.38107037634454),
(-0.386368534528194,0.839943286061128,0.38107037634454),(-0.323622044691805,
0.866056661230733,0.38107037634454),(-0.259126788320922,0.887490099013569,
0.38107037634454),(-0.19323128044357,0.904127778873522,0.38107037634454),
(-0.126291602670501,0.915879795261118,0.38107037634454),(-0.0586694790258968,
0.922682643438934,0.38107037634454),(-0.0586694820964435,-0.922682643243692,
0.38107037634454)),$,(6,5,4,3,2,14,27,41,55,69,83,97,111,125,139,153,167,
181,197,213,227,245,263,283,295,303,307,308,304,296,284,264,246,228,214,
198,182,168,154,140,126,112,98,84,70,56,42,12,28,11,10,9,8,7,16,30,44,58,
72,86,100,114,128,142,156,170,184,194,206,218,232,240,252,260,266,265,259,
251,239,231,217,205,193,183,169,155,141,127,113,99,85,71,57,43,29,15,1,
13,18,32,34,46,48,60,62,74,76,88,90,102,104,116,118,130,132,144,146,158,
160,172,174,186,188,200,202,212,216,224,230,236,244,248,256,258,272,270,
278,274,286,273,285,269,277,257,271,247,255,235,243,223,229,211,215,199,
201,185,187,171,173,157,159,143,145,129,131,115,117,101,103,87,89,73,75,
59,61,45,47,31,33,17,19,20,36,50,64,78,92,106,120,134,148,162,176,190,204,
220,234,250,268,282,290,294,293,289,281,267,249,233,219,203,189,175,161,
147,133,119,105,91,77,63,49,35,21,22,38,52,66,80,94,108,122,136,150,164,
178,192,208,222,238,254,276,288,298,300,299,297,287,275,253,237,221,207,
191,177,163,149,135,121,107,93,79,65,51,37,23,24,40,54,68,82,96,110,124,
138,152,166,180,196,210,226,242,262,280,292,302,306,305,301,291,279,261,
241,225,209,195,179,165,151,137,123,109,95,81,67,53,39,25,26),((99,100,
101),(100,102,103),(102,104,105),(104,106,107),(106,108,109),(108,110,111),
(110,112,113),(112,114,115),(114,116,117),(116,118,119),(118,120,121),(120,
122,123),(122,124,125),(124,126,127),(126,128,129),(128,130,131),(130,132,
133),(132,134,135),(134,136,137),(136,138,139),(138,140,141),(140,142,143),
(142,144,145),(144,146,147),(146,148,149),(148,150,151),(150,152,153),(152,
154,155),(154,156,157),(156,158,159),(158,160,161),(160,162,163),(162,164,
165),(164,166,167),(166,168,169),(168,170,171),(170,172,173),(172,174,175),
(174,176,177),(176,178,179),(178,180,181),(182,101,183),(101,103,184),(103,
105,185),(105,107,186),(107,109,187),(109,111,188),(111,113,189),(113,115,
190),(115,117,191),(117,119,192),(119,121,193),(121,123,194),(123,125,195),
(125,127,196),(127,129,197),(129,131,198),(131,133,199),(133,135,200),(135,
137,201),(137,139,202),(139,141,203),(141,143,204),(143,145,205),(145,147,
206),(147,149,207),(149,151,208),(151,153,209),(153,155,210),(155,157,211),
(157,159,212),(159,161,213),(161,163,214),(163,165,215),(165,167,216),(167,
169,217),(169,171,218),(171,173,219),(173,175,220),(175,177,221),(177,179,
222),(179,181,223),(224,183,225),(183,184,226),(184,185,227),(185,186,228),
(186,187,229),(187,188,230),(188,189,231),(189,190,232),(190,191,233),(191,
192,234),(192,193,235),(193,194,236),(194,195,237),(195,196,238),(196,197,
239),(197,198,240),(198,199,241),(199,200,242),(200,201,243),(201,202,244),
(202,203,245),(203,204,246),(204,205,247),(205,206,248),(206,207,249),(207,
208,250),(208,209,251),(209,210,252),(210,211,253),(211,212,254),(212,213,
255),(213,214,256),(214,215,257),(215,216,258),(216,217,259),(217,218,260),
(218,219,261),(219,220,262),(220,221,263),(221,222,264),(222,223,265),(266,
225,267),(225,226,268),(226,227,269),(227,228,270),(228,229,271),(229,230,
272),(230,231,273),(231,232,274),(232,233,275),(233,234,276),(234,235,277),
(235,236,278),(236,237,279),(237,238,280),(238,239,281),(239,240,282),(240,
241,283),(241,242,284),(242,243,285),(243,244,286),(244,245,287),(245,246,
288),(246,247,289),(247,248,290),(248,249,291),(249,250,292),(250,251,293),
(251,252,294),(252,253,295),(253,254,296),(254,255,297),(255,256,298),(256,
257,299),(257,258,300),(258,259,301),(259,260,302),(260,261,303),(261,262,
304),(262,263,305),(263,264,306),(264,265,307),(180,1,2),(181,2,3),(223,
3,4),(265,4,5),(6,7,307),(306,307,7),(305,306,8),(304,305,9),(303,304,10),
(302,303,11),(301,302,12),(300,301,13),(299,300,14),(298,299,15),(297,298,
16),(296,297,17),(295,296,18),(294,295,19),(293,294,20),(292,293,21),(291,
292,22),(290,291,23),(289,290,24),(288,289,25),(287,288,26),(286,287,27),
(285,286,28),(284,285,29),(283,284,30),(282,283,31),(281,282,32),(280,281,
33),(279,280,34),(278,279,35),(277,278,36),(276,277,37),(275,276,38),(274,
275,39),(273,274,40),(272,273,41),(271,272,42),(270,271,43),(269,270,44),
(268,269,45),(267,268,46),(308,267,47),(48,308,49),(50,266,308),(51,224,
266),(52,182,224),(53,99,182),(54,55,99),(55,56,100),(56,57,102),(57,58,
104),(58,59,106),(59,60,108),(60,61,110),(61,62,112),(62,63,114),(63,64,
116),(64,65,118),(65,66,120),(66,67,122),(67,68,124),(68,69,126),(69,70,
128),(70,71,130),(71,72,132),(72,73,134),(73,74,136),(74,75,138),(75,76,
140),(76,77,142),(77,78,144),(78,79,146),(79,80,148),(80,81,150),(81,82,
152),(82,83,154),(83,84,156),(84,85,158),(85,86,160),(86,87,162),(87,88,
164),(88,89,166),(89,90,168),(90,91,170),(91,92,172),(92,93,174),(93,94,
176),(94,95,178),(95,96,180),(1,180,96),(96,97,1),(180,178,95),(178,176,
94),(176,174,93),(174,172,92),(172,170,91),(170,168,90),(168,166,89),(166,
164,88),(164,162,87),(162,160,86),(160,158,85),(158,156,84),(156,154,83),
(154,152,82),(152,150,81),(150,148,80),(148,146,79),(146,144,78),(144,142,
77),(142,140,76),(140,138,75),(138,136,74),(136,134,73),(134,132,72),(132,
130,71),(130,128,70),(128,126,69),(126,124,68),(124,122,67),(122,120,66),
(120,118,65),(118,116,64),(116,114,63),(114,112,62),(112,110,61),(110,108,
60),(108,106,59),(106,104,58),(104,102,57),(102,100,56),(100,99,55),(99,
53,54),(182,52,53),(224,51,52),(266,50,51),(308,48,50),(49,98,48),(47,49,
308),(46,47,267),(45,46,268),(44,45,269),(43,44,270),(42,43,271),(41,42,
272),(40,41,273),(39,40,274),(38,39,275),(37,38,276),(36,37,277),(35,36,
278),(34,35,279),(33,34,280),(32,33,281),(31,32,282),(30,31,283),(29,30,
284),(28,29,285),(27,28,286),(26,27,287),(25,26,288),(24,25,289),(23,24,
290),(22,23,291),(21,22,292),(20,21,293),(19,20,294),(18,19,295),(17,18,
296),(16,17,297),(15,16,298),(14,15,299),(13,14,300),(12,13,301),(11,12,
302),(10,11,303),(9,10,304),(8,9,305),(7,8,306),(307,5,6),(5,307,265),(4,
265,223),(3,223,181),(2,181,180),(307,306,264),(306,305,263),(305,304,262),
(304,303,261),(303,302,260),(302,301,259),(301,300,258),(300,299,257),(299,
298,256),(298,297,255),(297,296,254),(296,295,253),(295,294,252),(294,293,
251),(293,292,250),(292,291,249),(291,290,248),(290,289,247),(289,288,246),
(288,287,245),(287,286,244),(286,285,243),(285,284,242),(284,283,241),(283,
282,240),(282,281,239),(281,280,238),(280,279,237),(279,278,236),(278,277,
235),(277,276,234),(276,275,233),(275,274,232),(274,273,231),(273,272,230),
(272,271,229),(271,270,228),(270,269,227),(269,268,226),(268,267,225),(267,
308,266),(265,264,222),(264,263,221),(263,262,220),(262,261,219),(261,260,
218),(260,259,217),(259,258,216),(258,257,215),(257,256,214),(256,255,213),
(255,254,212),(254,253,211),(253,252,210),(252,251,209),(251,250,208),(250,
249,207),(249,248,206),(248,247,205),(247,246,204),(246,245,203),(245,244,
202),(244,243,201),(243,242,200),(242,241,199),(241,240,198),(240,239,197),
(239,238,196),(238,237,195),(237,236,194),(236,235,193),(235,234,192),(234,
233,191),(233,232,190),(232,231,189),(231,230,188),(230,229,187),(229,228,
186),(228,227,185),(227,226,184),(226,225,183),(225,266,224),(223,222,179),
(222,221,177),(221,220,175),(220,219,173),(219,218,171),(218,217,169),(217,
216,167),(216,215,165),(215,214,163),(214,213,161),(213,212,159),(212,211,
157),(211,210,155),(210,209,153),(209,208,151),(208,207,149),(207,206,147),
(206,205,145),(205,204,143),(204,203,141),(203,202,139),(202,201,137),(201,
200,135),(200,199,133),(199,198,131),(198,197,129),(197,196,127),(196,195,
125),(195,194,123),(194,193,121),(193,192,119),(192,191,117),(191,190,115),
(190,189,113),(189,188,111),(188,187,109),(187,186,107),(186,185,105),(185,
184,103),(184,183,101),(183,224,182),(181,179,178),(179,177,176),(177,175,
174),(175,173,172),(173,171,170),(171,169,168),(169,167,166),(167,165,164),
(165,163,162),(163,161,160),(161,159,158),(159,157,156),(157,155,154),(155,
153,152),(153,151,150),(151,149,148),(149,147,146),(147,145,144),(145,143,
142),(143,141,140),(141,139,138),(139,137,136),(137,135,134),(135,133,132),
(133,131,130),(131,129,128),(129,127,126),(127,125,124),(125,123,122),(123,
121,120),(121,119,118),(119,117,116),(117,115,114),(115,113,112),(113,111,
110),(111,109,108),(109,107,106),(107,105,104),(105,103,102),(103,101,100),
(101,182,99)),());
#2298=COMPLEX_TRIANGULATED_FACE($,#2502,7,((0.919345584898911,0.393451007784804,
0.),(0.984451077338,0.175658977362533,0.),(0.934903680510615,0.354901547147523,
0.),(0.805107411685345,0.593129037941429,0.),(0.919265036921501,0.393639164583139,
0.),(0.863993312019426,0.503503283788401,0.),(0.805107411685345,0.593129037941429,
0.)),$,(3,1,2,6,4,5,7),((1,2,3),(4,1,5),(5,6,4),(6,7,4),(3,5,1)),());
#2299=COMPLEX_TRIANGULATED_FACE($,#2503,41,((-0.246662404686367,0.451512503337648,
0.857492925594205),(-0.317614766481562,0.404755163856811,0.857492925594205),
(-0.317614766481562,0.404755163856811,0.857492925594205),(-0.379903425406737,
0.346957158623538,0.857492925594205),(-0.379903425406737,0.346957158623538,
0.857492925594205),(-0.431829309220771,0.279695066552492,0.857492925594205),
(-0.431829309220771,0.279695066552492,0.857492925594205),(-0.471976015173843,
0.204803622176249,0.857492925594205),(-0.471976015173843,0.204803622176249,
0.857492925594205),(-0.499248445782166,0.124325668870039,0.857492925594205),
(-0.499248445782166,0.124325668870039,0.857492925594205),(-0.512902680232641,
0.0404564354097655,0.857492925594205),(-0.512902680232641,0.0404564354097655,
0.857492925594205),(-0.512566266603377,-0.0445163441464689,0.857492925594205),
(-0.512566266603377,-0.0445163441464689,0.857492925594205),(-0.514495755624758,
0.,0.857492925594205),(-0.498248381381217,-0.128274833879793,0.857492925594205),
(-0.498248381381217,-0.128274833879793,0.857492925594205),(-0.470339579151093,
-0.208534320532289,0.857492925594205),(-0.470339579151093,-0.208534320532289,
0.857492925594205),(-0.429601139285053,-0.283105534528867,0.857492925594205),
(-0.429601139285053,-0.283105534528867,0.857492925594205),(-0.377144300225494,
-0.349954367544275,0.857492925594205),(-0.377144300225494,-0.349954367544275,
0.857492925594205),(-0.314399947797238,-0.407257357675691,0.857492925594205),
(-0.314399947797238,-0.407257357675691,0.857492925594205),(-0.243079584372267,
-0.453451428730021,0.857492925594205),(-0.243079584372267,-0.453451428730021,
0.857492925594205),(-0.165128643546573,-0.487276526867815,0.857492925594205),
(-0.165128643546573,-0.487276526867815,0.857492925594205),(-0.0826734237830163,
-0.507809991587292,0.857492925594205),(-0.0826734237830163,-0.507809991587292,
0.857492925594205),(0.00203691146788876,-0.514491723497632,0.857492925594205),
(0.00203691146788876,-0.514491723497632,0.857492925594205),(0.0866916850837797,
-0.50713946237029,0.857492925594205),(0.0866916850837797,-0.50713946237029,
0.857492925594205),(0.168981735518859,-0.485953758722912,0.857492925594205),
(0.168981735518859,-0.485953758722912,0.857492925594205),(0.24666240471133,
-0.451512503324012,0.857492925594205),(0.24666240471133,-0.451512503324012,
0.857492925594205),(-0.246662404686367,0.451512503337648,0.857492925594205)),
$,(18,22,16,30,20,35,24,37,26,39,28,41,32,40,31,33,38,27,36,25,34,23,29,
19,21,15,17,13,12,11,10,9,7,8,5,6,3,4,1,2,14),((1,2,3),(2,4,5),(4,6,7),
(6,8,9),(8,10,11),(10,12,13),(14,15,16),(16,12,14),(14,17,18),(17,19,20),
(19,21,22),(21,23,24),(23,25,26),(25,27,28),(27,29,30),(29,31,32),(31,33,
34),(33,35,36),(35,37,38),(37,39,40),(40,38,37),(38,36,35),(36,34,33),(34,
32,31),(32,30,29),(30,28,27),(28,26,25),(26,24,23),(24,22,21),(22,20,19),
(20,18,17),(18,15,14),(16,13,12),(13,11,10),(11,9,8),(9,7,6),(7,5,4),(5,
3,2),(3,41,1)),());
#2300=COMPLEX_TRIANGULATED_FACE($,#2504,26,((0.258819045102522,-0.965925826289068,
0.),(0.,-1.,0.),(0.,-1.,0.),(0.500000000000001,-0.866025403784438,0.),(0.258819045102522,
-0.965925826289068,0.),(0.707106781186548,-0.707106781186547,0.),(0.500000000000001,
-0.866025403784438,0.),(0.866025403784439,-0.499999999999999,0.),(0.707106781186548,
-0.707106781186547,0.),(0.965925826289069,-0.258819045102519,0.),(0.866025403784439,
-0.499999999999999,0.),(1.,0.,0.),(0.965925826289069,-0.258819045102519,
0.),(0.965925826289068,0.258819045102522,0.),(1.,0.,0.),(0.866025403784438,
0.500000000000001,0.),(0.965925826289068,0.258819045102522,0.),(0.707106781186547,
0.707106781186548,0.),(0.866025403784438,0.500000000000001,0.),(0.499999999999999,
0.866025403784439,0.),(0.707106781186547,0.707106781186548,0.),(0.25881904510252,
0.965925826289068,0.),(0.499999999999999,0.866025403784439,0.),(0.,1.,0.),
(0.25881904510252,0.965925826289068,0.),(0.,1.,0.)),$,(19,25,26,15,20,11,
16,7,12,3,8,1,4,5,2,9,6,13,10,17,14,21,18,23,22,24),((1,2,3),(4,1,5),(6,
4,7),(8,6,9),(10,8,11),(12,10,13),(14,12,15),(16,14,17),(18,16,19),(20,
18,21),(22,20,23),(24,22,25),(25,26,24),(23,25,22),(21,23,20),(19,21,18),
(17,19,16),(15,17,14),(13,15,12),(11,13,10),(9,11,8),(7,9,6),(5,7,4),(3,
5,1)),());
#2301=COMPLEX_TRIANGULATED_FACE($,#2505,37,((0.,0.,-1.),(0.,0.,-1.),(0.,
0.,-1.),(0.,0.,-1.),(0.,0.,-1.),(0.,0.,-1.),(0.,0.,-1.),(0.,0.,-1.),(0.,
0.,-1.),(0.,0.,-1.),(0.,0.,-1.),(0.,0.,-1.),(0.,0.,-1.),(0.,0.,-1.),(0.,
0.,-1.),(0.,0.,-1.),(0.,0.,-1.),(0.,0.,-1.),(0.,0.,-1.),(0.,0.,-1.),(0.,
0.,-1.),(0.,0.,-1.),(0.,0.,-1.),(0.,0.,-1.),(0.,0.,-1.),(0.,0.,-1.),(0.,
0.,-1.),(0.,0.,-1.),(0.,0.,-1.),(0.,0.,-1.),(0.,0.,-1.),(0.,0.,-1.),(0.,
0.,-1.),(0.,0.,-1.),(0.,0.,-1.),(0.,0.,-1.),(0.,0.,-1.)),$,(22,20,21,37,
35,36,16,18,19,8,1,2,3,5,4,13,17,28,24,33,27,31,23,25,15,12,6,7,11,9,14,
29,30,26,34,32,10),((1,2,3),(4,5,6),(7,8,9),(10,11,12),(13,14,15),(16,3,
17),(3,18,1),(19,1,18),(4,20,5),(7,21,22),(7,23,24),(7,25,8),(7,11,26),
(12,27,10),(13,28,14),(16,29,30),(17,31,16),(18,32,19),(4,33,34),(4,35,
36),(4,22,20),(24,21,7),(26,25,7),(10,37,11),(13,30,28),(31,29,16),(32,
34,19),(36,33,4),(22,4,7),(37,26,11),(30,13,16),(34,32,4),(9,23,7),(2,17,
3),(12,15,27),(6,35,4),(15,12,13)),());
#2302=COMPLEX_TRIANGULATED_FACE($,#2506,24,((0.,0.,1.),(0.,0.,1.),(0.,0.,
1.),(0.,0.,1.),(0.,0.,1.),(0.,0.,1.),(0.,0.,1.),(0.,0.,1.),(0.,0.,1.),(0.,
0.,1.),(0.,0.,1.),(0.,0.,1.),(0.,0.,1.),(0.,0.,1.),(0.,0.,1.),(0.,0.,1.),
(0.,0.,1.),(0.,0.,1.),(0.,0.,1.),(0.,0.,1.),(0.,0.,1.),(0.,0.,1.),(0.,0.,
1.),(0.,0.,1.)),$,(17,13,11,14,9,22,23,18,19,20,15,16,21,2,4,3,5,6,7,8,
10,12,24,1),((1,2,3),(4,3,5),(3,4,1),(6,7,8),(1,9,2),(9,10,11),(12,13,6),
(14,15,16),(14,17,18),(19,20,18),(21,22,5),(11,2,9),(13,12,11),(8,12,6),
(18,15,14),(18,17,19),(5,22,4),(7,23,8),(19,21,20),(11,10,13),(5,20,21),
(16,24,14)),());
#2303=COMPLEX_TRIANGULATED_FACE($,#2507,5,((0.766044443104509,-0.642787609703783,
0.),(0.766044443104509,-0.642787609703783,0.),(0.766044443104509,-0.642787609703783,
0.),(0.766044443104509,-0.642787609703783,0.),(0.766044443104509,-0.642787609703783,
0.)),$,(2,1,4,3,5),((1,2,3),(2,4,3),(3,5,1)),());
#2304=COMPLEX_TRIANGULATED_FACE($,#2508,4,((-0.675590207612191,0.737277336813303,
0.),(-0.675590207612191,0.737277336813303,0.),(-0.675590207612191,0.737277336813303,
0.),(-0.675590207612191,0.737277336813303,0.)),$,(2,4,3,1),((1,2,3),(3,
4,1)),());
#2305=COMPLEX_TRIANGULATED_FACE($,#2509,4,((-0.737277336813303,-0.675590207612191,
0.),(-0.737277336813303,-0.675590207612191,0.),(-0.737277336813303,-0.675590207612191,
0.),(-0.737277336813303,-0.675590207612191,0.)),$,(4,2,1,3),((1,2,3),(3,
4,1)),());
#2306=COMPLEX_TRIANGULATED_FACE($,#2510,32,((-0.976296007127051,-0.216439613905997,
0.),(-0.976296007127051,-0.216439613905997,0.),(-0.976296007127051,-0.216439613905997,
0.),(-0.976296007127051,-0.216439613905997,0.),(-0.976296007127051,-0.216439613905997,
0.),(-0.976296007127051,-0.216439613905997,0.),(-0.976296007127051,-0.216439613905997,
0.),(-0.976296007127051,-0.216439613905997,0.),(-0.976296007127051,-0.216439613905997,
0.),(-0.976296007127051,-0.216439613905997,0.),(-0.976296007127051,-0.216439613905997,
0.),(-0.976296007127051,-0.216439613905997,0.),(-0.976296007127051,-0.216439613905997,
0.),(-0.976296007127051,-0.216439613905997,0.),(-0.976296007127051,-0.216439613905997,
0.),(-0.976296007127051,-0.216439613905997,0.),(-0.976296007127051,-0.216439613905997,
0.),(-0.976296007127051,-0.216439613905997,0.),(-0.976296007127051,-0.216439613905997,
0.),(-0.976296007127051,-0.216439613905997,0.),(-0.976296007127051,-0.216439613905997,
0.),(-0.976296007127051,-0.216439613905997,0.),(-0.976296007127051,-0.216439613905997,
0.),(-0.976296007127051,-0.216439613905997,0.),(-0.976296007127051,-0.216439613905997,
0.),(-0.976296007127051,-0.216439613905997,0.),(-0.976296007127051,-0.216439613905997,
0.),(-0.976296007127051,-0.216439613905997,0.),(-0.976296007127051,-0.216439613905997,
0.),(-0.976296007127051,-0.216439613905997,0.),(-0.976296007127051,-0.216439613905997,
0.),(-0.976296007127051,-0.216439613905997,0.)),$,(2,4,6,1,3,10,8,32,23,
25,11,13,9,7,16,14,31,18,29,27,30,26,17,19,15,12,21,5,22,20,24,28),((1,
2,3),(1,4,5),(5,2,1),(4,6,7),(8,9,10),(1,11,12),(3,13,1),(7,14,4),(4,15,
16),(17,18,15),(17,19,20),(17,8,21),(10,22,8),(8,23,24),(1,25,23),(13,11,
1),(4,26,6),(15,4,17),(21,19,17),(8,27,9),(23,8,1),(4,28,5),(16,26,4),(17,
29,30),(20,31,17),(24,27,8),(14,28,4),(31,29,17),(22,32,8),(30,18,17),(12,
25,1),(32,21,8)),());
#2307=COMPLEX_TRIANGULATED_FACE($,#2511,26,((-0.926787904112004,0.292215119744985,
0.235954454469721),(-0.836965346978041,0.26389417471296,0.479425565140715),
(-0.836965346978041,0.26389417471296,0.479425565140715),(-0.95345139531001,
0.300622086688204,-0.0235965628137954),(-0.926787904112004,0.292215119744985,
0.235954454469721),(-0.9151387476569,0.288542154621732,-0.281539513289358),
(-0.95345139531001,0.300622086688204,-0.0235965628137954),(-0.814460904852489,
0.256798550977114,-0.520296010635214),(-0.9151387476569,0.288542154621732,
-0.281539513289358),(-0.658278895707962,0.207554549947657,-0.723595193641812),
(-0.814460904852489,0.256798550977114,-0.520296010635214),(-0.45723626635702,
0.144166048922796,-0.87758255854699),(-0.658278895707962,0.207554549947657,
-0.723595193641812),(-0.225033740154792,0.0709528696201537,-0.971764120599547),
(-0.45723626635702,0.144166048922796,-0.87758255854699),(0.022504464004812,
-0.00709563063435073,-0.999721561798963),(-0.225033740154792,0.0709528696201537,
-0.971764120599547),(0.268509026087711,-0.0846605753729685,-0.959549628673237),
(0.022504464004812,-0.00709563063435073,-0.999721561798963),(0.496215141235952,
-0.156456041638211,-0.853985972158259),(0.268509026087711,-0.0846605753729685,
-0.959549628673237),(0.690105013547304,-0.217589286907622,-0.69022458120521),
(0.496215141235952,-0.156456041638211,-0.853985972158259),(0.836965368252756,
-0.263894181420853,-0.479425524307734),(0.690105013547304,-0.217589286907622,
-0.69022458120521),(0.836965368252756,-0.263894181420853,-0.479425524307734)),
$,(25,23,10,26,12,24,13,22,11,21,9,20,8,19,7,18,6,17,5,16,4,15,3,14,2,1),
((1,2,3),(4,1,5),(6,4,7),(8,6,9),(10,8,11),(12,10,13),(14,12,15),(16,14,
17),(18,16,19),(20,18,21),(22,20,23),(24,22,25),(25,26,24),(23,25,22),(21,
23,20),(19,21,18),(17,19,16),(15,17,14),(13,15,12),(11,13,10),(9,11,8),
(7,9,6),(5,7,4),(3,5,1)),());
#2308=COMPLEX_TRIANGULATED_FACE($,#2512,9,((-0.984807753006185,0.173648177701091,
0.),(-0.984807753006185,0.173648177701091,0.),(-0.984807753006185,0.173648177701091,
0.),(-0.984807753006185,0.173648177701091,0.),(-0.984807753006185,0.173648177701091,
0.),(-0.984807753006185,0.173648177701091,0.),(-0.984807753006185,0.173648177701091,
0.),(-0.984807753006185,0.173648177701091,0.),(-0.984807753006185,0.173648177701091,
0.)),$,(7,8,6,4,1,2,9,5,3),((1,2,3),(3,4,1),(5,6,4),(1,7,2),(4,8,5),(6,
9,4),(3,8,4)),());
#2309=COMPLEX_TRIANGULATED_FACE($,#2513,8,((-0.674219707117716,-0.738530829779029,
0.),(-0.733501615775857,-0.679687707446741,0.),(-0.733501615775857,-0.679687707446741,
0.),(-0.610233863477534,-0.79222132757537,0.),(-0.674219707117716,-0.738530829779029,
0.),(-0.54199050498376,-0.840384609870652,0.),(-0.610233863477534,-0.79222132757537,
0.),(-0.54199050498376,-0.840384609870652,0.)),$,(5,7,8,3,6,1,4,2),((1,
2,3),(4,1,5),(6,4,7),(7,8,6),(5,7,4),(3,5,1)),());
#2310=COMPLEX_TRIANGULATED_FACE($,#2514,41,((0.,0.,-1.),(0.,0.,-1.),(0.,
0.,-1.),(0.,0.,-1.),(0.,0.,-1.),(0.,0.,-1.),(0.,0.,-1.),(0.,0.,-1.),(0.,
0.,-1.),(0.,0.,-1.),(0.,0.,-1.),(0.,0.,-1.),(0.,0.,-1.),(0.,0.,-1.),(0.,
0.,-1.),(0.,0.,-1.),(0.,0.,-1.),(0.,0.,-1.),(0.,0.,-1.),(0.,0.,-1.),(0.,
0.,-1.),(0.,0.,-1.),(0.,0.,-1.),(0.,0.,-1.),(0.,0.,-1.),(0.,0.,-1.),(0.,
0.,-1.),(0.,0.,-1.),(0.,0.,-1.),(0.,0.,-1.),(0.,0.,-1.),(0.,0.,-1.),(0.,
0.,-1.),(0.,0.,-1.),(0.,0.,-1.),(0.,0.,-1.),(0.,0.,-1.),(0.,0.,-1.),(0.,
0.,-1.),(0.,0.,-1.),(0.,0.,-1.)),$,(21,20,15,19,22,23,18,16,36,37,30,28,
33,34,35,31,9,1,5,3,7,17,12,24,32,27,29,25,13,8,11,4,6,10,26,39,38,2,40,
41,14),((1,2,3),(4,5,6),(7,4,8),(3,9,1),(10,11,12),(10,13,14),(15,16,13),
(8,17,7),(18,19,20),(18,3,21),(3,22,23),(9,24,1),(10,25,11),(13,10,15),
(6,26,27),(6,5,28),(17,29,7),(18,30,31),(18,32,33),(21,19,18),(23,34,3),
(9,35,24),(12,9,10),(15,27,16),(28,26,6),(17,31,29),(33,30,18),(34,21,3),
(12,35,9),(27,15,6),(31,17,18),(2,22,3),(6,8,4),(14,25,10),(36,37,10),(18,
38,32),(9,39,36),(20,38,18),(9,40,39),(10,9,36),(3,41,9)),());
#2311=COMPLEX_TRIANGULATED_FACE($,#2515,26,((0.210328253822558,-0.948729435887589,
0.235954408995404),(0.18994363442447,-0.856780360521582,0.479425520353403),
(0.18994363442447,-0.856780360521582,0.479425520353403),(0.216379350345906,
-0.976024168225074,-0.0235966053583365),(0.210328253822558,-0.948729435887589,
0.235954408995404),(0.207684551767491,-0.936804466637027,-0.281539550056561),
(0.216379350345906,-0.976024168225074,-0.0235966053583365),(0.18483639423997,
-0.833743088965707,-0.52029603973727),(0.207684551767491,-0.936804466637027,
-0.281539550056561),(0.149391941936198,-0.673863497763132,-0.723595214237193),
(0.18483639423997,-0.833743088965707,-0.52029603973727),(0.103766675699312,
-0.468061222926296,-0.877582570820008),(0.149391941936198,-0.673863497763132,
-0.723595214237193),(0.0510698820154929,-0.230361349342443,-0.971764125639577),
(0.103766675699312,-0.468061222926296,-0.877582570820008),(-0.00510723972114683,
0.0230372694658232,-0.999721561394967),(0.0510698820154929,-0.230361349342443,
-0.971764125639577),(-0.0609363115118594,0.274865936435195,-0.959549625046528),
(-0.00510723972114683,0.0230372694658232,-0.999721561394967),(-0.112612674386468,
0.507962944125429,-0.85398596766162),(-0.0609363115118594,0.274865936435195,
-0.959549625046528),(-0.156614669623975,0.706443116717108,-0.690224578019061),
(-0.112612674386468,0.507962944125429,-0.85398596766162),(-0.18994363397392,
0.856780358489281,-0.479425524163827),(-0.156614669623975,0.706443116717108,
-0.690224578019061),(-0.18994363397392,0.856780358489281,-0.479425524163827)),
$,(2,4,17,1,15,3,14,5,16,6,18,7,19,8,20,9,21,10,22,11,23,12,24,13,25,26),
((1,2,3),(4,1,5),(6,4,7),(8,6,9),(10,8,11),(12,10,13),(14,12,15),(16,14,
17),(18,16,19),(20,18,21),(22,20,23),(24,22,25),(25,26,24),(23,25,22),(21,
23,20),(19,21,18),(17,19,16),(15,17,14),(13,15,12),(11,13,10),(9,11,8),
(7,9,6),(5,7,4),(3,5,1)),());
#2312=COMPLEX_TRIANGULATED_FACE($,#2516,8,((-0.342020143298474,-0.939692620795807,
0.),(-0.342020143298474,-0.939692620795807,0.),(-0.342020143298474,-0.939692620795807,
0.),(-0.342020143298474,-0.939692620795807,0.),(-0.342020143298474,-0.939692620795807,
0.),(-0.342020143298474,-0.939692620795807,0.),(-0.342020143298474,-0.939692620795807,
0.),(-0.342020143298474,-0.939692620795807,0.)),$,(2,1,3,6,7,5,4,8),((1,
2,3),(4,5,6),(3,6,1),(6,7,4),(5,8,6),(3,7,6)),());
#2313=COMPLEX_TRIANGULATED_FACE($,#2517,6,((-0.216439613905997,0.976296007127051,
0.),(-0.216439613905997,0.976296007127051,0.),(-0.216439613905997,0.976296007127051,
0.),(-0.216439613905997,0.976296007127051,0.),(-0.216439613905997,0.976296007127051,
0.),(-0.216439613905997,0.976296007127051,0.)),$,(6,5,3,1,2,4),((1,2,3),
(4,5,3),(3,2,4),(3,6,1)),());
#2314=COMPLEX_TRIANGULATED_FACE($,#2518,9,((-0.0929096833111835,-0.526916997806712,
0.844823217110762),(-0.0929096833111835,-0.526916997806712,0.844823217110762),
(-0.0929096833111835,-0.526916997806712,0.844823217110762),(-0.0929096833111835,
-0.526916997806712,0.844823217110762),(-0.0929096833111835,-0.526916997806712,
0.844823217110762),(-0.0929096833111835,-0.526916997806712,0.844823217110762),
(-0.0929096833111835,-0.526916997806712,0.844823217110762),(-0.0929096833111835,
-0.526916997806712,0.844823217110762),(-0.0929096833111835,-0.526916997806712,
0.844823217110762)),$,(4,3,2,1,5,6,7,8,9),((1,2,3),(4,5,1),(6,7,5),(5,4,
6),(7,6,8),(8,9,7),(3,4,1)),());
#2315=COMPLEX_TRIANGULATED_FACE($,#2519,66,((-0.994521895368273,0.104528463267654,
0.),(-1.,0.,0.),(-1.,0.,0.),(-0.978147600733806,0.20791169081776,0.),(-0.994521895368273,
0.104528463267654,0.),(-0.951056516295154,0.309016994374948,0.),(-0.978147600733806,
0.20791169081776,0.),(-0.913545457642601,0.406736643075801,0.),(-0.951056516295154,
0.309016994374948,0.),(-0.866025403784438,0.5,0.),(-0.913545457642601,0.406736643075801,
0.),(-0.809016994374947,0.587785252292473,0.),(-0.866025403784438,0.5,0.),
(-0.743144825477394,0.669130606358859,0.),(-0.809016994374947,0.587785252292473,
0.),(-0.669130606358858,0.743144825477395,0.),(-0.743144825477394,0.669130606358859,
0.),(-0.587785252292473,0.809016994374948,0.),(-0.669130606358858,0.743144825477395,
0.),(-0.499999999999999,0.866025403784439,0.),(-0.587785252292473,0.809016994374948,
0.),(-0.4067366430758,0.913545457642601,0.),(-0.499999999999999,0.866025403784439,
0.),(-0.309016994374947,0.951056516295154,0.),(-0.4067366430758,0.913545457642601,
0.),(-0.207911690817759,0.978147600733806,0.),(-0.309016994374947,0.951056516295154,
0.),(-0.104528463267653,0.994521895368273,0.),(-0.207911690817759,0.978147600733806,
0.),(0.,1.,0.),(-0.104528463267653,0.994521895368273,0.),(0.104528463267654,
0.994521895368273,0.),(0.,1.,0.),(0.20791169081776,0.978147600733806,0.),
(0.104528463267654,0.994521895368273,0.),(0.5,0.866025403784438,0.),(0.406736643075801,
0.913545457642601,0.),(0.406736643075801,0.913545457642601,0.),(0.587785252292473,
0.809016994374947,0.),(0.5,0.866025403784438,0.),(0.669130606358859,0.743144825477394,
0.),(0.587785252292473,0.809016994374947,0.),(0.743144825477395,0.669130606358858,
0.),(0.669130606358859,0.743144825477394,0.),(0.809016994374947,0.587785252292473,
0.),(0.743144825477395,0.669130606358858,0.),(0.866025403784439,0.5,0.),
(0.809016994374947,0.587785252292473,0.),(0.913545457642601,0.4067366430758,
0.),(0.866025403784439,0.5,0.),(0.951056516295154,0.309016994374947,0.),
(0.913545457642601,0.4067366430758,0.),(0.978147600733806,0.207911690817759,
0.),(0.951056516295154,0.309016994374947,0.),(0.994521895368273,0.104528463267653,
0.),(0.978147600733806,0.207911690817759,0.),(1.,0.,0.),(0.994521895368273,
0.104528463267653,0.),(0.309016994374948,0.951056516295154,0.),(0.232944503630952,
0.972490029886235,0.),(0.20791169081776,0.978147600733806,0.),(0.232944503630952,
0.972490029886235,0.),(0.366980399846776,0.93022867410562,0.),(0.309016994374948,
0.951056516295154,0.),(0.366980399846776,0.93022867410562,0.),(1.,0.,0.)),
$,(64,66,65,62,63,60,61,58,59,56,57,54,55,52,53,50,51,48,49,46,47,44,45,
42,43,40,41,38,39,36,37,34,35,32,33,22,24,23,20,21,18,19,16,17,14,15,12,
13,10,11,8,9,6,7,4,5,2,3,28,30,31,29,26,27,25,1),((1,2,3),(4,1,5),(6,4,
7),(8,6,9),(10,8,11),(12,10,13),(14,12,15),(16,14,17),(18,16,19),(20,18,
21),(22,20,23),(24,22,25),(26,24,27),(28,26,29),(30,28,31),(32,30,33),(34,
32,35),(36,37,38),(39,36,40),(41,39,42),(43,41,44),(45,43,46),(47,45,48),
(49,47,50),(51,49,52),(53,51,54),(55,53,56),(57,55,58),(59,34,60),(61,62,
60),(60,34,61),(38,37,63),(59,64,63),(63,37,59),(63,65,38),(60,64,59),(58,
66,57),(56,58,55),(54,56,53),(52,54,51),(50,52,49),(48,50,47),(46,48,45),
(44,46,43),(42,44,41),(40,42,39),(38,40,36),(35,61,34),(33,35,32),(31,33,
30),(29,31,28),(27,29,26),(25,27,24),(23,25,22),(21,23,20),(19,21,18),(17,
19,16),(15,17,14),(13,15,12),(11,13,10),(9,11,8),(7,9,6),(5,7,4),(3,5,1)),
());
#2316=COMPLEX_TRIANGULATED_FACE($,#2520,35,((-0.98078528040323,0.195090322016129,
0.),(-1.,0.,0.),(-1.,0.,0.),(-0.923879532511287,0.38268343236509,0.),(-0.98078528040323,
0.195090322016129,0.),(-0.831469612302545,0.555570233019602,0.),(-0.923879532511287,
0.38268343236509,0.),(-0.707106781186547,0.707106781186548,0.),(-0.831469612302545,
0.555570233019602,0.),(-0.555570233019602,0.831469612302546,0.),(-0.707106781186547,
0.707106781186548,0.),(-0.382683432365089,0.923879532511287,0.),(-0.382683432365089,
0.923879532511287,0.),(-0.47942553848057,0.877582561957914,0.),(-0.555570233019602,
0.831469612302546,0.),(-0.195090322016127,0.980785280403231,0.),(0.,1.,
0.),(-0.195090322016127,0.980785280403231,0.),(0.195090322016129,0.98078528040323,
0.),(0.,1.,0.),(0.38268343236509,0.923879532511287,0.),(0.195090322016129,
0.98078528040323,0.),(0.555570233019602,0.831469612302545,0.),(0.38268343236509,
0.923879532511287,0.),(0.707106781186548,0.707106781186547,0.),(0.555570233019602,
0.831469612302545,0.),(0.831469612302545,0.555570233019602,0.),(0.707106781186548,
0.707106781186547,0.),(0.923879532511287,0.382683432365089,0.),(0.831469612302545,
0.555570233019602,0.),(0.98078528040323,0.195090322016128,0.),(0.923879532511287,
0.382683432365089,0.),(1.,0.,0.),(0.98078528040323,0.195090322016128,0.),
(1.,0.,0.)),$,(33,35,34,31,32,29,30,27,28,25,26,21,22,23,24,20,18,19,16,
17,14,15,12,13,10,11,8,9,6,7,4,5,2,3,1),((1,2,3),(4,1,5),(6,4,7),(8,6,9),
(10,8,11),(12,13,14),(14,15,12),(16,13,12),(17,16,18),(19,17,20),(21,19,
22),(23,21,24),(25,23,26),(27,25,28),(29,27,30),(31,29,32),(33,31,34),(34,
35,33),(32,34,31),(30,32,29),(28,30,27),(26,28,25),(24,26,23),(22,24,21),
(20,22,19),(18,20,17),(12,18,16),(14,10,15),(11,15,10),(9,11,8),(7,9,6),
(5,7,4),(3,5,1)),());
#2317=COMPLEX_TRIANGULATED_FACE($,#2521,4,((-0.953716950745092,0.300705799514217,
0.),(-0.953716950745092,0.300705799514217,0.),(-0.953716950745092,0.300705799514217,
0.),(-0.953716950745092,0.300705799514217,0.)),$,(4,3,1,2),((1,2,3),(3,
4,1)),());
#2318=COMPLEX_TRIANGULATED_FACE($,#2522,25,((0.,0.,1.),(0.,0.,1.),(0.,0.,
1.),(0.,0.,1.),(0.,0.,1.),(0.,0.,1.),(0.,0.,1.),(0.,0.,1.),(0.,0.,1.),(0.,
0.,1.),(0.,0.,1.),(0.,0.,1.),(0.,0.,1.),(0.,0.,1.),(0.,0.,1.),(0.,0.,1.),
(0.,0.,1.),(0.,0.,1.),(0.,0.,1.),(0.,0.,1.),(0.,0.,1.),(0.,0.,1.),(0.,0.,
1.),(0.,0.,1.),(0.,0.,1.)),$,(2,17,16,3,18,4,19,5,6,20,7,21,10,23,22,13,
25,24,8,9,12,11,14,15,1),((1,2,3),(4,5,2),(6,7,5),(2,1,4),(5,4,6),(8,9,
10),(11,12,10),(13,14,15),(16,17,18),(6,8,7),(10,9,11),(19,20,15),(15,20,
13),(21,18,14),(18,21,16),(10,7,8),(12,11,19),(14,22,21),(16,23,17),(15,
12,19),(23,24,17),(13,22,14),(3,25,1)),());
#2319=COMPLEX_TRIANGULATED_FACE($,#2523,258,((0.,0.,1.),(0.,0.,1.),(0.,
0.,1.),(0.,0.,1.),(0.,0.,1.),(0.,0.,1.),(0.,0.,1.),(0.,0.,1.),(0.,0.,1.),
(0.,0.,1.),(0.,0.,1.),(0.,0.,1.),(0.,0.,1.),(0.,0.,1.),(0.,0.,1.),(0.,0.,
1.),(0.,0.,1.),(0.,0.,1.),(0.,0.,1.),(0.,0.,1.),(0.,0.,1.),(0.,0.,1.),(0.,
0.,1.),(0.,0.,1.),(0.,0.,1.),(0.,0.,1.),(0.,0.,1.),(0.,0.,1.),(0.,0.,1.),
(0.,0.,1.),(0.,0.,1.),(0.,0.,1.),(0.,0.,1.),(0.,0.,1.),(0.,0.,1.),(0.,0.,
1.),(0.,0.,1.),(0.,0.,1.),(0.,0.,1.),(0.,0.,1.),(0.,0.,1.),(0.,0.,1.),(0.,
0.,1.),(0.,0.,1.),(0.,0.,1.),(0.,0.,1.),(0.,0.,1.),(0.,0.,1.),(0.,0.,1.),
(0.,0.,1.),(0.,0.,1.),(0.,0.,1.),(0.,0.,1.),(0.,0.,1.),(0.,0.,1.),(0.,0.,
1.),(0.,0.,1.),(0.,0.,1.),(0.,0.,1.),(0.,0.,1.),(0.,0.,1.),(0.,0.,1.),(0.,
0.,1.),(0.,0.,1.),(0.,0.,1.),(0.,0.,1.),(0.,0.,1.),(0.,0.,1.),(0.,0.,1.),
(0.,0.,1.),(0.,0.,1.),(0.,0.,1.),(0.,0.,1.),(0.,0.,1.),(0.,0.,1.),(0.,0.,
1.),(0.,0.,1.),(0.,0.,1.),(0.,0.,1.),(0.,0.,1.),(0.,0.,1.),(0.,0.,1.),(0.,
0.,1.),(0.,0.,1.),(0.,0.,1.),(0.,0.,1.),(0.,0.,1.),(0.,0.,1.),(0.,0.,1.),
(0.,0.,1.),(0.,0.,1.),(0.,0.,1.),(0.,0.,1.),(0.,0.,1.),(0.,0.,1.),(0.,0.,
1.),(0.,0.,1.),(0.,0.,1.),(0.,0.,1.),(0.,0.,1.),(0.,0.,1.),(0.,0.,1.),(0.,
0.,1.),(0.,0.,1.),(0.,0.,1.),(0.,0.,1.),(0.,0.,1.),(0.,0.,1.),(0.,0.,1.),
(0.,0.,1.),(0.,0.,1.),(0.,0.,1.),(0.,0.,1.),(0.,0.,1.),(0.,0.,1.),(0.,0.,
1.),(0.,0.,1.),(0.,0.,1.),(0.,0.,1.),(0.,0.,1.),(0.,0.,1.),(0.,0.,1.),(0.,
0.,1.),(0.,0.,1.),(0.,0.,1.),(0.,0.,1.),(0.,0.,1.),(0.,0.,1.),(0.,0.,1.),
(0.,0.,1.),(0.,0.,1.),(0.,0.,1.),(0.,0.,1.),(0.,0.,1.),(0.,0.,1.),(0.,0.,
1.),(0.,0.,1.),(0.,0.,1.),(0.,0.,1.),(0.,0.,1.),(0.,0.,1.),(0.,0.,1.),(0.,
0.,1.),(0.,0.,1.),(0.,0.,1.),(0.,0.,1.),(0.,0.,1.),(0.,0.,1.),(0.,0.,1.),
(0.,0.,1.),(0.,0.,1.),(0.,0.,1.),(0.,0.,1.),(0.,0.,1.),(0.,0.,1.),(0.,0.,
1.),(0.,0.,1.),(0.,0.,1.),(0.,0.,1.),(0.,0.,1.),(0.,0.,1.),(0.,0.,1.),(0.,
0.,1.),(0.,0.,1.),(0.,0.,1.),(0.,0.,1.),(0.,0.,1.),(0.,0.,1.),(0.,0.,1.),
(0.,0.,1.),(0.,0.,1.),(0.,0.,1.),(0.,0.,1.),(0.,0.,1.),(0.,0.,1.),(0.,0.,
1.),(0.,0.,1.),(0.,0.,1.),(0.,0.,1.),(0.,0.,1.),(0.,0.,1.),(0.,0.,1.),(0.,
0.,1.),(0.,0.,1.),(0.,0.,1.),(0.,0.,1.),(0.,0.,1.),(0.,0.,1.),(0.,0.,1.),
(0.,0.,1.),(0.,0.,1.),(0.,0.,1.),(0.,0.,1.),(0.,0.,1.),(0.,0.,1.),(0.,0.,
1.),(0.,0.,1.),(0.,0.,1.),(0.,0.,1.),(0.,0.,1.),(0.,0.,1.),(0.,0.,1.),(0.,
0.,1.),(0.,0.,1.),(0.,0.,1.),(0.,0.,1.),(0.,0.,1.),(0.,0.,1.),(0.,0.,1.),
(0.,0.,1.),(0.,0.,1.),(0.,0.,1.),(0.,0.,1.),(0.,0.,1.),(0.,0.,1.),(0.,0.,
1.),(0.,0.,1.),(0.,0.,1.),(0.,0.,1.),(0.,0.,1.),(0.,0.,1.),(0.,0.,1.),(0.,
0.,1.),(0.,0.,1.),(0.,0.,1.),(0.,0.,1.),(0.,0.,1.),(0.,0.,1.),(0.,0.,1.),
(0.,0.,1.),(0.,0.,1.),(0.,0.,1.),(0.,0.,1.),(0.,0.,1.),(0.,0.,1.),(0.,0.,
1.),(0.,0.,1.),(0.,0.,1.),(0.,0.,1.),(0.,0.,1.),(0.,0.,1.),(0.,0.,1.),(0.,
0.,1.),(0.,0.,1.),(0.,0.,1.),(0.,0.,1.),(0.,0.,1.),(0.,0.,1.),(0.,0.,1.),
(0.,0.,1.),(0.,0.,1.),(0.,0.,1.),(0.,0.,1.),(0.,0.,1.),(0.,0.,1.),(0.,0.,
1.),(0.,0.,1.),(0.,0.,1.)),$,(117,113,114,109,110,105,106,101,97,98,93,
94,85,81,82,77,79,142,146,145,150,149,129,125,126,102,89,90,73,75,69,64,
67,60,63,154,153,158,162,161,166,165,174,178,177,182,180,132,131,121,122,
86,55,59,130,134,133,157,170,169,186,184,190,195,192,199,196,135,71,51,
47,52,43,48,127,128,138,137,173,204,200,147,143,144,139,140,118,39,44,124,
188,208,212,207,216,211,151,148,56,35,29,36,25,33,112,116,115,120,119,141,
220,215,164,159,160,155,156,136,19,30,108,111,203,224,230,223,234,226,168,
163,40,9,22,26,7,20,95,100,99,104,103,123,240,229,181,176,175,172,171,152,
5,17,2,15,13,91,96,219,250,237,233,252,239,185,179,11,1,12,14,78,83,84,
87,88,107,254,242,197,193,191,189,187,167,4,18,74,80,248,213,206,210,209,
202,201,194,3,62,66,68,70,72,92,217,214,205,198,183,8,24,21,10,27,46,53,
49,50,57,58,65,256,245,258,247,231,222,225,227,218,6,28,37,34,32,41,42,
45,54,61,76,251,235,238,249,232,236,228,16,31,23,257,244,246,253,241,221,
38,255,243),((1,2,3),(2,4,5),(5,3,2),(4,6,7),(8,9,10),(9,11,12),(13,14,
15),(14,16,17),(18,19,20),(19,21,22),(23,24,25),(7,5,4),(6,8,26),(12,10,
9),(11,27,28),(17,15,14),(16,29,30),(31,32,33),(32,34,35),(22,20,19),(21,
36,37),(38,39,40),(39,41,42),(43,44,45),(44,46,47),(48,49,23),(24,50,51),
(26,7,6),(28,12,11),(27,13,52),(30,17,16),(35,33,32),(34,53,54),(55,56,
57),(37,22,21),(36,38,58),(42,40,39),(41,59,60),(47,45,44),(46,61,62),(63,
64,65),(64,66,67),(68,49,48),(51,25,24),(10,26,8),(15,52,13),(29,31,69),
(54,35,34),(70,71,72),(71,73,74),(75,76,55),(56,77,78),(58,37,36),(60,42,
41),(59,43,79),(62,47,46),(67,65,64),(66,80,81),(82,83,84),(83,85,86),(25,
48,23),(50,1,87),(52,28,27),(33,69,31),(74,72,71),(73,88,89),(90,76,75),
(78,57,56),(40,58,38),(45,79,43),(61,63,91),(81,67,66),(92,93,94),(93,95,
96),(97,82,98),(86,84,83),(87,51,50),(69,30,29),(53,70,99),(89,74,73),(100,
101,102),(103,104,102),(105,106,107),(106,108,109),(57,75,55),(77,18,110),
(79,60,59),(65,91,63),(96,94,93),(95,111,112),(113,114,115),(114,116,117),
(84,98,82),(85,68,118),(3,87,1),(72,99,70),(102,101,103),(119,120,104),
(121,105,122),(109,107,106),(110,78,77),(91,62,61),(80,92,123),(112,96,
95),(124,125,126),(127,128,126),(129,113,130),(117,115,114),(118,86,85),
(99,54,53),(88,100,131),(104,103,119),(132,133,134),(135,136,133),(137,
138,139),(138,140,141),(107,122,105),(108,90,142),(20,110,18),(94,123,92),
(126,125,127),(143,144,128),(145,146,147),(146,148,149),(115,130,113),(116,
97,150),(48,118,68),(102,131,100),(133,132,135),(151,152,136),(153,154,
155),(156,137,157),(141,139,138),(142,109,108),(123,81,80),(111,124,158),
(128,127,143),(159,160,161),(162,163,160),(164,145,165),(149,147,146),(150,
117,116),(131,89,88),(166,134,120),(136,135,151),(167,168,169),(155,167,
153),(170,171,172),(171,173,174),(139,157,137),(140,121,175),(75,142,90),
(126,158,124),(160,159,162),(176,177,163),(178,179,180),(179,181,182),(147,
165,145),(148,129,183),(98,150,97),(134,166,132),(155,168,167),(184,185,
154),(186,170,187),(174,172,171),(175,141,140),(158,112,111),(188,161,144),
(163,162,176),(189,190,191),(192,193,190),(194,178,195),(182,180,179),(183,
149,148),(120,119,166),(196,169,152),(154,153,184),(197,198,199),(198,200,
201),(172,187,170),(173,156,202),(122,175,121),(161,188,159),(203,191,204),
(190,189,192),(205,206,193),(180,195,178),(181,164,207),(130,183,129),(169,
196,167),(208,209,210),(211,212,209),(213,214,215),(216,217,214),(218,197,
219),(201,199,198),(202,174,173),(144,143,188),(220,221,177),(222,223,221),
(224,225,226),(227,228,225),(191,203,189),(193,192,205),(207,182,181),(152,
151,196),(229,210,185),(209,208,211),(230,231,232),(233,234,231),(235,215,
236),(214,213,216),(237,238,217),(199,219,197),(200,186,239),(157,202,156),
(221,220,222),(240,241,242),(243,244,241),(245,226,246),(225,224,227),(205,
194,206),(165,207,164),(210,229,208),(247,248,212),(249,232,248),(231,230,
233),(215,235,213),(217,216,237),(239,201,200),(177,176,220),(250,251,252),
(253,242,254),(241,240,243),(226,245,224),(255,204,228),(195,206,194),(212,
211,247),(232,249,230),(256,236,234),(237,218,238),(187,239,186),(252,222,
250),(257,254,251),(242,253,240),(258,246,244),(228,227,255),(185,184,229),
(234,233,256),(219,238,218),(251,250,257),(244,243,258),(204,255,203),(236,
256,235),(254,257,253),(248,247,249),(246,258,245),(252,223,222)),());
#2320=COMPLEX_TRIANGULATED_FACE($,#2524,85,((0.,0.,1.),(0.,0.,1.),(0.,0.,
1.),(0.,0.,1.),(0.,0.,1.),(0.,0.,1.),(0.,0.,1.),(0.,0.,1.),(0.,0.,1.),(0.,
0.,1.),(0.,0.,1.),(0.,0.,1.),(0.,0.,1.),(0.,0.,1.),(0.,0.,1.),(0.,0.,1.),
(0.,0.,1.),(0.,0.,1.),(0.,0.,1.),(0.,0.,1.),(0.,0.,1.),(0.,0.,1.),(0.,0.,
1.),(0.,0.,1.),(0.,0.,1.),(0.,0.,1.),(0.,0.,1.),(0.,0.,1.),(0.,0.,1.),(0.,
0.,1.),(0.,0.,1.),(0.,0.,1.),(0.,0.,1.),(0.,0.,1.),(0.,0.,1.),(0.,0.,1.),
(0.,0.,1.),(0.,0.,1.),(0.,0.,1.),(0.,0.,1.),(0.,0.,1.),(0.,0.,1.),(0.,0.,
1.),(0.,0.,1.),(0.,0.,1.),(0.,0.,1.),(0.,0.,1.),(0.,0.,1.),(0.,0.,1.),(0.,
0.,1.),(0.,0.,1.),(0.,0.,1.),(0.,0.,1.),(0.,0.,1.),(0.,0.,1.),(0.,0.,1.),
(0.,0.,1.),(0.,0.,1.),(0.,0.,1.),(0.,0.,1.),(0.,0.,1.),(0.,0.,1.),(0.,0.,
1.),(0.,0.,1.),(0.,0.,1.),(0.,0.,1.),(0.,0.,1.),(0.,0.,1.),(0.,0.,1.),(0.,
0.,1.),(0.,0.,1.),(0.,0.,1.),(0.,0.,1.),(0.,0.,1.),(0.,0.,1.),(0.,0.,1.),
(0.,0.,1.),(0.,0.,1.),(0.,0.,1.),(0.,0.,1.),(0.,0.,1.),(0.,0.,1.),(0.,0.,
1.),(0.,0.,1.),(0.,0.,1.)),$,(58,56,57,54,53,51,52,55,43,41,42,39,40,30,
32,31,29,27,28,70,69,71,68,67,61,59,45,44,25,26,17,15,16,13,14,84,81,82,
72,73,49,50,37,38,33,11,12,85,80,79,66,64,63,60,47,46,23,24,19,18,78,77,
74,75,65,62,48,35,36,34,9,10,76,21,22,7,8,5,3,4,2,20,6,1,83),((1,2,3),(4,
3,2),(5,6,7),(2,8,4),(4,8,5),(9,10,11),(10,12,13),(14,15,16),(17,18,19),
(20,21,22),(23,24,21),(25,1,26),(7,4,5),(27,9,28),(13,11,10),(19,14,17),
(18,29,30),(31,32,33),(32,34,35),(36,37,38),(39,22,40),(21,20,23),(3,26,
1),(6,41,42),(11,28,9),(12,43,44),(45,16,15),(30,19,18),(35,33,32),(34,
46,47),(38,48,36),(49,50,37),(22,39,20),(51,52,24),(53,25,54),(42,7,6),
(55,27,56),(44,13,12),(16,17,14),(29,57,58),(59,31,60),(47,35,34),(37,36,
49),(61,62,50),(63,40,64),(24,23,51),(65,53,66),(26,54,25),(41,55,67),(28,
56,27),(43,68,69),(68,45,70),(58,30,29),(33,60,31),(46,71,72),(50,49,61),
(73,64,62),(40,63,39),(52,51,65),(67,42,41),(69,44,43),(15,70,45),(57,74,
75),(72,47,46),(71,76,77),(78,79,80),(81,80,79),(62,61,73),(66,52,65),(56,
67,55),(75,58,57),(74,59,82),(77,72,71),(76,78,83),(79,84,81),(64,73,63),
(70,69,68),(60,82,59),(80,83,78),(54,66,53),(83,77,76),(82,75,74),(38,85,
48)),());
#2321=COMPLEX_TRIANGULATED_FACE($,#2525,9,((0.984807753006185,0.173648177701091,
0.),(0.984807753006185,0.173648177701091,0.),(0.984807753006185,0.173648177701091,
0.),(0.984807753006185,0.173648177701091,0.),(0.984807753006185,0.173648177701091,
0.),(0.984807753006185,0.173648177701091,0.),(0.984807753006185,0.173648177701091,
0.),(0.984807753006185,0.173648177701091,0.),(0.984807753006185,0.173648177701091,
0.)),$,(7,8,6,4,1,2,9,5,3),((1,2,3),(3,4,1),(5,6,4),(1,7,2),(4,8,5),(6,
9,4),(3,8,4)),());
#2322=COMPLEX_TRIANGULATED_FACE($,#2526,24,((0.,0.,1.),(0.,0.,1.),(0.,0.,
1.),(0.,0.,1.),(0.,0.,1.),(0.,0.,1.),(0.,0.,1.),(0.,0.,1.),(0.,0.,1.),(0.,
0.,1.),(0.,0.,1.),(0.,0.,1.),(0.,0.,1.),(0.,0.,1.),(0.,0.,1.),(0.,0.,1.),
(0.,0.,1.),(0.,0.,1.),(0.,0.,1.),(0.,0.,1.),(0.,0.,1.),(0.,0.,1.),(0.,0.,
1.),(0.,0.,1.)),$,(7,16,17,8,19,3,2,11,6,5,14,13,4,18,23,24,15,22,12,21,
10,9,1,20),((1,2,3),(4,3,5),(3,4,1),(6,7,8),(1,9,2),(9,10,11),(12,13,6),
(14,15,16),(14,17,18),(19,20,18),(21,22,5),(11,2,9),(13,12,11),(8,12,6),
(18,15,14),(18,17,19),(5,22,4),(7,23,8),(19,21,20),(11,10,13),(5,20,21),
(16,24,14)),());
#2323=COMPLEX_TRIANGULATED_FACE($,#2527,44,((0.246662404564029,-0.451512502774135,
-0.857492925926114),(0.176612942679162,-0.483232604927357,-0.857492925926114),
(0.176612942679162,-0.483232604927357,-0.857492925926114),(0.102618239498483,
-0.504158089203083,-0.857492925926114),(0.102618239498483,-0.504158089203083,
-0.857492925926114),(0.0263312144186777,-0.513821514860861,-0.857492925926114),
(0.0263312144186777,-0.513821514860861,-0.857492925926114),(-0.0505440064802881,
-0.5120070169398,-0.857492925926114),(-0.0505440064802881,-0.5120070169398,
-0.857492925926114),(-0.126290157795809,-0.498755128325095,-0.857492925926114),
(-0.126290157795809,-0.498755128325095,-0.857492925926114),(-0.199215195674045,
-0.474361874310345,-0.857492925926114),(-0.199215195674045,-0.474361874310345,
-0.857492925926114),(-0.267690095273605,-0.439372159881666,-0.857492925926114),
(-0.267690095273605,-0.439372159881666,-0.857492925926114),(-0.330185240488621,
-0.394567597440722,-0.857492925926114),(-0.330185240488621,-0.394567597440722,
-0.857492925926114),(-0.385304593044944,-0.340949046875251,-0.857492925926114),
(-0.385304593044944,-0.340949046875251,-0.857492925926114),(-0.431816877688312,
-0.279714258003037,-0.857492925926114),(-0.431816877688312,-0.279714258003037,
-0.857492925926114),(-0.468683086838907,-0.212231114820202,-0.857492925926114),
(-0.468683086838907,-0.212231114820202,-0.857492925926114),(-0.495079690303784,
-0.140007079233091,-0.857492925926114),(-0.495079690303784,-0.140007079233091,
-0.857492925926114),(-0.510417031580545,-0.0646555168502813,-0.857492925926114),
(-0.510417031580545,-0.0646555168502813,-0.857492925926114),(-0.514352499809219,
0.0121403429391071,-0.857492925926114),(-0.514352499809219,0.0121403429391071,
-0.857492925926114),(-0.506798183132734,0.088665007528517,-0.857492925926114),
(-0.506798183132734,0.088665007528517,-0.857492925926114),(-0.487922832502529,
0.163209042364023,-0.857492925926114),(-0.487922832502529,0.163209042364023,
-0.857492925926114),(-0.458148092061153,0.234107256887515,-0.857492925926114),
(-0.458148092061153,0.234107256887515,-0.857492925926114),(-0.418139080308869,
0.299775902142125,-0.857492925926114),(-0.418139080308869,0.299775902142125,
-0.857492925926114),(-0.368789532455424,0.358748049106865,-0.857492925926114),
(-0.368789532455424,0.358748049106865,-0.857492925926114),(-0.31120183585232,
0.409706357466927,-0.857492925926114),(-0.31120183585232,0.409706357466927,
-0.857492925926114),(-0.246662404481017,0.451512502819484,-0.857492925926114),
(-0.246662404481017,0.451512502819484,-0.857492925926114),(0.246662404564029,
-0.451512502774135,-0.857492925926114)),$,(1,3,4,5,6,7,8,10,9,12,11,15,
13,20,16,25,19,32,22,37,26,39,28,41,31,43,34,44,35,42,33,40,30,38,27,36,
24,29,21,23,17,18,14,2),((1,2,3),(2,4,5),(4,6,7),(6,8,9),(8,10,11),(10,
12,13),(12,14,15),(14,16,17),(16,18,19),(18,20,21),(20,22,23),(22,24,25),
(24,26,27),(26,28,29),(28,30,31),(30,32,33),(32,34,35),(34,36,37),(36,38,
39),(38,40,41),(40,42,43),(43,41,40),(41,39,38),(39,37,36),(37,35,34),(35,
33,32),(33,31,30),(31,29,28),(29,27,26),(27,25,24),(25,23,22),(23,21,20),
(21,19,18),(19,17,16),(17,15,14),(15,13,12),(13,11,10),(11,9,8),(9,7,6),
(7,5,4),(5,3,2),(3,44,1)),());
#2324=COMPLEX_TRIANGULATED_FACE($,#2528,43,((-0.173648177666931,-0.984807753012208,
0.),(0.,-1.,0.),(0.,-1.,0.),(-0.34202014332567,-0.939692620785908,0.),(-0.173648177666931,
-0.984807753012208,0.),(-0.500000000000001,-0.866025403784438,0.),(-0.34202014332567,
-0.939692620785908,0.),(-0.64278760968654,-0.766044443118977,0.),(-0.500000000000001,
-0.866025403784438,0.),(-0.766044443118979,-0.642787609686539,0.),(-0.64278760968654,
-0.766044443118977,0.),(-0.866025403784439,-0.499999999999999,0.),(-0.766044443118979,
-0.642787609686539,0.),(-0.939692620785909,-0.342020143325668,0.),(-0.939692620785909,
-0.342020143325668,0.),(-0.877582561894354,-0.479425538596916,0.),(-0.866025403784439,
-0.499999999999999,0.),(-0.866025403784438,0.5,0.),(-0.939692620785908,
0.342020143325669,0.),(-0.939692620785908,0.342020143325669,0.),(-0.766044443118978,
0.64278760968654,0.),(-0.866025403784438,0.5,0.),(-0.642787609686539,0.766044443118978,
0.),(-0.766044443118978,0.64278760968654,0.),(-0.499999999999999,0.866025403784439,
0.),(-0.642787609686539,0.766044443118978,0.),(-0.342020143325668,0.939692620785909,
0.),(-0.499999999999999,0.866025403784439,0.),(-0.17364817766693,0.984807753012208,
0.),(-0.342020143325668,0.939692620785909,0.),(0.,1.,0.),(-0.17364817766693,
0.984807753012208,0.),(-0.984807753012208,0.173648177666931,0.),(-0.975308641971863,
0.220846220015194,0.),(-0.975308641971863,0.220846220015194,0.),(-0.984807753012208,
0.173648177666931,0.),(-1.,0.,0.),(-1.,0.,0.),(-0.984807753012208,-0.17364817766693,
0.),(-0.984807753012208,-0.17364817766693,0.),(-0.975308641971863,-0.220846220015194,
0.),(-0.975308641971863,-0.220846220015194,0.),(0.,1.,0.)),$,(8,4,3,12,
7,16,11,20,15,24,19,28,23,32,33,29,27,26,31,30,22,25,18,21,14,17,10,13,
6,9,2,5,38,34,35,39,43,42,41,40,36,37,1),((1,2,3),(4,1,5),(6,4,7),(8,6,
9),(10,8,11),(12,10,13),(14,15,16),(16,17,14),(18,19,20),(21,18,22),(23,
21,24),(25,23,26),(27,25,28),(29,27,30),(31,29,32),(33,20,34),(19,35,34),
(34,20,19),(36,37,38),(37,39,40),(15,14,41),(40,39,41),(41,14,40),(41,42,
15),(40,38,37),(38,33,36),(34,36,33),(32,43,31),(30,32,29),(28,30,27),(26,
28,25),(24,26,23),(22,24,21),(20,22,18),(16,12,17),(13,17,12),(11,13,10),
(9,11,8),(7,9,6),(5,7,4),(3,5,1)),());
#2325=COMPLEX_TRIANGULATED_FACE($,#2529,14,((-0.977955803374504,-0.208811988750952,
0.),(-0.950628934028714,-0.310329872534744,0.),(-0.950628934028714,-0.310329872534744,
0.),(-0.994473680740794,-0.104986181537651,0.),(-0.977955803374504,-0.208811988750952,
0.),(-1.,0.,0.),(-0.994473680740794,-0.104986181537651,0.),(-0.994473680743024,
0.104986181516527,0.),(-1.,0.,0.),(-0.97795580337894,0.208811988730179,
0.),(-0.994473680743024,0.104986181516527,0.),(-0.950628934035307,0.31032987251455,
0.),(-0.97795580337894,0.208811988730179,0.),(-0.950628934035307,0.31032987251455,
0.)),$,(6,2,1,10,5,14,9,12,13,8,11,4,7,3),((1,2,3),(4,1,5),(6,4,7),(8,6,
9),(10,8,11),(12,10,13),(13,14,12),(11,13,10),(9,11,8),(7,9,6),(5,7,4),
(3,5,1)),());
#2326=COMPLEX_TRIANGULATED_FACE($,#2530,4,((-0.766044443104509,0.642787609703783,
0.),(-0.766044443104509,0.642787609703783,0.),(-0.766044443104509,0.642787609703783,
0.),(-0.766044443104509,0.642787609703783,0.)),$,(1,2,4,3),((1,2,3),(3,
4,1)),());
#2327=COMPLEX_TRIANGULATED_FACE($,#2531,7,((0.111111111424642,0.993807989964853,
0.),(-0.0640591112103839,0.99794610589497,0.),(-0.118684956690256,0.992931961946755,
0.),(0.111111111424642,0.993807989964853,0.),(-0.118934222424775,0.992902135528076,
0.),(-0.221122388840424,0.975246065951309,0.),(-0.34010040035671,0.94038913098632,
0.)),$,(1,3,4,2,5,6,7),((1,2,3),(1,4,2),(5,3,6),(6,7,5),(3,5,1)),());
#2328=COMPLEX_TRIANGULATED_FACE($,#2532,26,((-0.971764121187723,-0.235954429439781,
0.),(-0.877582561572958,-0.479425539185227,0.),(-0.877582561572958,-0.479425539185227,
0.),(-0.999721561830255,0.0235965847459991,0.),(-0.971764121187723,-0.235954429439781,
0.),(-0.959549630121775,0.281539530675826,0.),(-0.999721561830255,0.0235965847459991,
0.),(-0.853985976822176,0.520296022847641,0.),(-0.959549630121775,0.281539530675826,
0.),(-0.690224590454838,0.723595200876465,0.),(-0.853985976822176,0.520296022847641,
0.),(-0.479425538877166,0.877582561741252,0.),(-0.690224590454838,0.723595200876465,
0.),(-0.23595442909866,0.971764121270551,0.),(-0.479425538877166,0.877582561741252,
0.),(0.0235965850969343,0.999721561821972,0.),(-0.23595442909866,0.971764121270551,
0.),(0.281539531012659,0.959549630022946,0.),(0.0235965850969343,0.999721561821972,
0.),(0.520296023147419,0.853985976639535,0.),(0.281539531012659,0.959549630022946,
0.),(0.723595201118757,0.690224590200832,0.),(0.520296023147419,0.853985976639535,
0.),(0.877582561909546,0.479425538569106,0.),(0.723595201118757,0.690224590200832,
0.),(0.877582561909546,0.479425538569106,0.)),$,(24,20,19,26,23,22,25,18,
21,16,17,14,15,12,13,10,11,8,9,6,7,4,5,2,3,1),((1,2,3),(4,1,5),(6,4,7),
(8,6,9),(10,8,11),(12,10,13),(14,12,15),(16,14,17),(18,16,19),(20,18,21),
(22,20,23),(24,22,25),(25,26,24),(23,25,22),(21,23,20),(19,21,18),(17,19,
16),(15,17,14),(13,15,12),(11,13,10),(9,11,8),(7,9,6),(5,7,4),(3,5,1)),
());
#2329=COMPLEX_TRIANGULATED_FACE($,#2533,10,((-0.453520021729584,0.283901954163088,
-0.844819075490591),(-0.409873673677627,0.343924848350957,-0.844819075490591),
(-0.409873673677627,0.343924848350957,-0.844819075490591),(-0.358341770933582,
0.397330976506246,-0.844819075490591),(-0.358341770933582,0.397330976506246,
-0.844819075490591),(-0.453520021729584,0.283901954163088,-0.844819075490591),
(-0.483070659529603,0.230051010840764,-0.844819075490591),(-0.301372805226269,
0.442103112358726,-0.844819075490591),(-0.310440358794052,0.43578379194165,
-0.844819075490591),(-0.487719411170013,0.220023875193576,-0.844819075490591)),
$,(9,8,4,6,2,5,7,3,1,10),((1,2,3),(2,4,5),(1,6,7),(4,8,9),(9,5,4),(7,10,
1),(5,3,2),(3,6,1)),());
#2330=COMPLEX_TRIANGULATED_FACE($,#2534,5,((0.,0.,-1.),(0.,0.,-1.),(0.,
0.,-1.),(0.,0.,-1.),(0.,0.,-1.)),$,(4,1,2,5,3),((1,2,3),(3,4,1),(3,5,4)),
());
#2331=COMPLEX_TRIANGULATED_FACE($,#2535,26,((0.965925826289068,0.258819045102521,
0.),(1.,0.,0.),(1.,0.,0.),(0.866025403784438,0.5,0.),(0.965925826289068,
0.258819045102521,0.),(0.707106781186547,0.707106781186548,0.),(0.866025403784438,
0.5,0.),(0.499999999999999,0.866025403784439,0.),(0.707106781186547,0.707106781186548,
0.),(0.25881904510252,0.965925826289068,0.),(0.499999999999999,0.866025403784439,
0.),(0.,1.,0.),(0.25881904510252,0.965925826289068,0.),(-0.258819045102521,
0.965925826289068,0.),(0.,1.,0.),(-0.5,0.866025403784439,0.),(-0.258819045102521,
0.965925826289068,0.),(-0.707106781186547,0.707106781186548,0.),(-0.5,0.866025403784439,
0.),(-0.866025403784439,0.5,0.),(-0.707106781186547,0.707106781186548,0.),
(-0.965925826289069,0.25881904510252,0.),(-0.866025403784439,0.5,0.),(-1.,
0.,0.),(-0.965925826289069,0.25881904510252,0.),(-1.,0.,0.)),$,(3,1,2,5,
4,7,6,9,8,11,10,13,12,15,14,17,16,19,18,21,20,23,22,25,24,26),((1,2,3),
(4,1,5),(6,4,7),(8,6,9),(10,8,11),(12,10,13),(14,12,15),(16,14,17),(18,
16,19),(20,18,21),(22,20,23),(24,22,25),(25,26,24),(23,25,22),(21,23,20),
(19,21,18),(17,19,16),(15,17,14),(13,15,12),(11,13,10),(9,11,8),(7,9,6),
(5,7,4),(3,5,1)),());
#2332=COMPLEX_TRIANGULATED_FACE($,#2536,7,((0.805107411617126,-0.593129038034028,
0.),(0.896276237424103,-0.443496230230757,0.),(0.919246782170684,-0.393681792147976,
0.),(0.805107411617126,-0.593129038034028,0.),(0.919345584653759,-0.393451008357632,
0.),(0.955149069075669,-0.296125405603576,0.),(0.984451077140368,-0.175658978470126,
0.)),$,(6,5,4,7,3,2,1),((1,2,3),(1,4,2),(5,3,6),(6,7,5),(3,5,1)),());
#2333=COMPLEX_TRIANGULATED_FACE($,#2537,5,((-0.766044443104509,0.642787609703783,
0.),(-0.766044443104509,0.642787609703783,0.),(-0.766044443104509,0.642787609703783,
0.),(-0.766044443104509,0.642787609703783,0.),(-0.766044443104509,0.642787609703783,
0.)),$,(2,3,5,1,4),((1,2,3),(3,4,1),(3,5,4)),());
#2334=COMPLEX_TRIANGULATED_FACE($,#2538,24,((0.,0.,1.),(0.,0.,1.),(0.,0.,
1.),(0.,0.,1.),(0.,0.,1.),(0.,0.,1.),(0.,0.,1.),(0.,0.,1.),(0.,0.,1.),(0.,
0.,1.),(0.,0.,1.),(0.,0.,1.),(0.,0.,1.),(0.,0.,1.),(0.,0.,1.),(0.,0.,1.),
(0.,0.,1.),(0.,0.,1.),(0.,0.,1.),(0.,0.,1.),(0.,0.,1.),(0.,0.,1.),(0.,0.,
1.),(0.,0.,1.)),$,(18,7,6,17,5,22,23,10,19,20,8,9,21,12,2,1,13,3,14,4,15,
16,24,11),((1,2,3),(4,3,5),(3,4,1),(6,7,8),(1,9,2),(9,10,11),(12,13,6),
(14,15,16),(14,17,18),(19,20,18),(21,22,5),(11,2,9),(13,12,11),(8,12,6),
(18,15,14),(18,17,19),(5,22,4),(7,23,8),(19,21,20),(11,10,13),(5,20,21),
(16,24,14)),());
#2335=COMPLEX_TRIANGULATED_FACE($,#2539,9,((-0.866025403788329,-0.499999999993262,
0.),(-0.866025403788329,-0.499999999993262,0.),(-0.866025403788329,-0.499999999993262,
0.),(-0.866025403788329,-0.499999999993262,0.),(-0.866025403788329,-0.499999999993262,
0.),(-0.866025403788329,-0.499999999993262,0.),(-0.866025403788329,-0.499999999993262,
0.),(-0.866025403788329,-0.499999999993262,0.),(-0.866025403788329,-0.499999999993262,
0.)),$,(3,1,4,6,9,7,2,5,8),((1,2,3),(3,4,1),(5,6,4),(1,7,2),(4,8,5),(6,
9,4),(3,8,4)),());
#2336=COMPLEX_TRIANGULATED_FACE($,#2540,8,((-0.366246111901072,-0.39005706603093,
-0.844819075753318),(-0.423199684708843,-0.327387776353433,-0.844819075753318),
(-0.423199684708843,-0.327387776353433,-0.844819075753318),(-0.4695523758539,
-0.256517632090402,-0.844819075753318),(-0.4695523758539,-0.256517632090402,
-0.844819075753318),(-0.366246111901072,-0.39005706603093,-0.844819075753318),
(-0.310440358481123,-0.435783791655244,-0.844819075753318),(-0.301372804930642,
-0.442103112058202,-0.844819075753318)),$,(5,7,4,8,6,2,1,3),((1,2,3),(2,
4,5),(1,6,7),(7,8,1),(5,3,2),(3,6,1)),());
#2337=COMPLEX_TRIANGULATED_FACE($,#2541,108,((0.,0.,-1.),(0.,0.,-1.),(0.,
0.,-1.),(0.,0.,-1.),(0.,0.,-1.),(0.,0.,-1.),(0.,0.,-1.),(0.,0.,-1.),(0.,
0.,-1.),(0.,0.,-1.),(0.,0.,-1.),(0.,0.,-1.),(0.,0.,-1.),(0.,0.,-1.),(0.,
0.,-1.),(0.,0.,-1.),(0.,0.,-1.),(0.,0.,-1.),(0.,0.,-1.),(0.,0.,-1.),(0.,
0.,-1.),(0.,0.,-1.),(0.,0.,-1.),(0.,0.,-1.),(0.,0.,-1.),(0.,0.,-1.),(0.,
0.,-1.),(0.,0.,-1.),(0.,0.,-1.),(0.,0.,-1.),(0.,0.,-1.),(0.,0.,-1.),(0.,
0.,-1.),(0.,0.,-1.),(0.,0.,-1.),(0.,0.,-1.),(0.,0.,-1.),(0.,0.,-1.),(0.,
0.,-1.),(0.,0.,-1.),(0.,0.,-1.),(0.,0.,-1.),(0.,0.,-1.),(0.,0.,-1.),(0.,
0.,-1.),(0.,0.,-1.),(0.,0.,-1.),(0.,0.,-1.),(0.,0.,-1.),(0.,0.,-1.),(0.,
0.,-1.),(0.,0.,-1.),(0.,0.,-1.),(0.,0.,-1.),(0.,0.,-1.),(0.,0.,-1.),(0.,
0.,-1.),(0.,0.,-1.),(0.,0.,-1.),(0.,0.,-1.),(0.,0.,-1.),(0.,0.,-1.),(0.,
0.,-1.),(0.,0.,-1.),(0.,0.,-1.),(0.,0.,-1.),(0.,0.,-1.),(0.,0.,-1.),(0.,
0.,-1.),(0.,0.,-1.),(0.,0.,-1.),(0.,0.,-1.),(0.,0.,-1.),(0.,0.,-1.),(0.,
0.,-1.),(0.,0.,-1.),(0.,0.,-1.),(0.,0.,-1.),(0.,0.,-1.),(0.,0.,-1.),(0.,
0.,-1.),(0.,0.,-1.),(0.,0.,-1.),(0.,0.,-1.),(0.,0.,-1.),(0.,0.,-1.),(0.,
0.,-1.),(0.,0.,-1.),(0.,0.,-1.),(0.,0.,-1.),(0.,0.,-1.),(0.,0.,-1.),(0.,
0.,-1.),(0.,0.,-1.),(0.,0.,-1.),(0.,0.,-1.),(0.,0.,-1.),(0.,0.,-1.),(0.,
0.,-1.),(0.,0.,-1.),(0.,0.,-1.),(0.,0.,-1.),(0.,0.,-1.),(0.,0.,-1.),(0.,
0.,-1.),(0.,0.,-1.),(0.,0.,-1.),(0.,0.,-1.)),$,(101,85,83,97,99,80,78,95,
103,82,91,72,93,74,105,87,107,89,108,90,8,24,26,60,66,61,70,64,76,68,12,
10,29,47,50,46,52,54,56,58,31,14,6,32,44,40,106,88,104,102,86,100,81,27,
18,37,16,35,4,22,2,20,1,19,13,15,34,25,36,96,94,75,49,43,48,39,45,33,41,
3,21,5,7,23,9,28,30,11,17,38,42,79,98,92,73,77,65,69,62,59,63,57,55,53,
51,84,71,67),((1,2,3),(4,5,6),(3,5,1),(7,8,4),(1,9,2),(10,11,12),(11,13,
14),(3,6,5),(9,15,16),(15,17,18),(19,20,18),(21,22,23),(24,25,26),(27,28,
26),(29,30,28),(14,12,11),(8,7,14),(16,2,9),(18,17,19),(31,32,33),(23,32,
21),(34,35,36),(37,38,35),(39,24,40),(26,25,27),(28,27,29),(14,13,8),(18,
16,15),(41,42,31),(21,43,22),(44,45,46),(35,34,37),(38,37,39),(29,10,30),
(6,7,4),(47,48,20),(49,50,51),(52,53,51),(54,55,56),(55,57,58),(23,33,32),
(43,59,60),(59,61,62),(63,64,62),(65,66,67),(68,46,69),(46,68,44),(40,38,
39),(12,30,10),(20,19,47),(51,50,52),(70,71,72),(73,74,75),(76,77,75),(78,
79,77),(58,56,55),(42,41,58),(60,22,43),(62,61,63),(80,81,64),(82,83,84),
(85,86,84),(87,88,65),(66,89,69),(44,90,45),(90,91,36),(26,40,24),(51,48,
49),(92,93,70),(71,94,95),(96,97,98),(99,100,101),(102,103,100),(104,73,
105),(75,74,76),(77,76,78),(58,57,42),(62,60,59),(64,63,80),(84,83,85),
(88,87,86),(69,67,66),(36,45,90),(47,49,48),(93,92,53),(95,72,71),(106,
98,95),(98,106,96),(100,99,102),(103,102,104),(78,54,79),(33,41,31),(84,
81,82),(67,87,65),(36,91,34),(72,92,70),(96,107,97),(107,108,101),(105,
103,104),(56,79,54),(86,85,88),(53,52,93),(101,97,107),(75,105,73),(69,
89,68),(101,108,99),(95,94,106),(80,82,81)),());
#2338=COMPLEX_TRIANGULATED_FACE($,#2542,6,((0.953716950745092,-0.300705799514217,
0.),(0.953716950745092,-0.300705799514217,0.),(0.953716950745092,-0.300705799514217,
0.),(0.953716950745092,-0.300705799514217,0.),(0.953716950745092,-0.300705799514217,
0.),(0.953716950745092,-0.300705799514217,0.)),$,(2,1,3,6,5,4),((1,2,3),
(4,5,3),(3,2,4),(3,6,1)),());
#2339=COMPLEX_TRIANGULATED_FACE($,#2543,6,((0.,0.,-1.),(0.,0.,-1.),(0.,
0.,-1.),(0.,0.,-1.),(0.,0.,-1.),(0.,0.,-1.)),$,(5,6,3,2,4,1),((1,2,3),(3,
4,1),(2,5,3),(4,6,1)),());
#2340=COMPLEX_TRIANGULATED_FACE($,#2544,12,((0.149891343158744,-0.988702475594184,
0.),(0.296395884102376,-0.955065170492135,0.),(0.266650078378959,-0.96379340924313,
0.),(0.190309473462567,-0.98172414878641,0.),(0.296395884102376,-0.955065170492135,
0.),(0.266650078378959,-0.96379340924313,0.),(0.,-1.,0.),(0.,-1.,0.),(0.0790676491988454,
-0.996869252635554,0.),(0.0959409238142411,-0.995387029821903,0.),(0.173648177757522,
-0.984807752996234,0.),(0.0790676491988454,-0.996869252635554,0.)),$,(7,
2,4,5,1,3,11,12,10,8,6,9),((1,2,3),(3,4,1),(5,6,3),(3,2,5),(7,8,9),(1,10,
9),(1,11,10),(9,8,1),(9,12,7),(4,11,1)),());
#2341=COMPLEX_TRIANGULATED_FACE($,#2545,83,((0.104528463267654,0.994521895368273,
0.),(0.,1.,0.),(0.,1.,0.),(0.309016994374948,0.951056516295154,0.),(0.20791169081776,
0.978147600733806,0.),(0.20791169081776,0.978147600733806,0.),(0.406736643075801,
0.913545457642601,0.),(0.309016994374948,0.951056516295154,0.),(0.5,0.866025403784438,
0.),(0.406736643075801,0.913545457642601,0.),(0.587785252292473,0.809016994374947,
0.),(0.5,0.866025403784438,0.),(0.669130606358859,0.743144825477394,0.),
(0.587785252292473,0.809016994374947,0.),(0.743144825477394,0.669130606358858,
0.),(0.669130606358859,0.743144825477394,0.),(0.866025403784439,0.5,0.),
(0.809016994374948,0.587785252292473,0.),(0.809016994374948,0.587785252292473,
0.),(0.913545457642601,0.4067366430758,0.),(0.877582561894354,0.479425538596916,
0.),(0.866025403784439,0.5,0.),(0.951056516295154,0.309016994374947,0.),
(0.913545457642601,0.4067366430758,0.),(0.978147600733806,0.207911690817759,
0.),(0.951056516295154,0.309016994374947,0.),(0.994521895368273,0.104528463267653,
0.),(0.978147600733806,0.207911690817759,0.),(0.978147600733806,-0.207911690817759,
0.),(0.994521895368273,-0.104528463267654,0.),(0.994521895368273,-0.104528463267654,
0.),(0.951056516295154,-0.309016994374948,0.),(0.978147600733806,-0.207911690817759,
0.),(0.913545457642601,-0.4067366430758,0.),(0.951056516295154,-0.309016994374948,
0.),(0.866025403784439,-0.5,0.),(0.913545457642601,-0.4067366430758,0.),
(0.809016994374947,-0.587785252292473,0.),(0.866025403784439,-0.5,0.),(0.669130606358858,
-0.743144825477394,0.),(0.743144825477394,-0.669130606358858,0.),(0.743144825477394,
-0.669130606358858,0.),(0.587785252292473,-0.809016994374947,0.),(0.669130606358858,
-0.743144825477394,0.),(0.5,-0.866025403784439,0.),(0.587785252292473,-0.809016994374947,
0.),(0.4067366430758,-0.913545457642601,0.),(0.5,-0.866025403784439,0.),
(0.309016994374947,-0.951056516295154,0.),(0.4067366430758,-0.913545457642601,
0.),(0.207911690817759,-0.978147600733806,0.),(0.309016994374947,-0.951056516295154,
0.),(0.,-1.,0.),(0.104528463267654,-0.994521895368273,0.),(0.104528463267654,
-0.994521895368273,0.),(0.206560913820656,0.978433742714128,0.),(0.140540282343843,
0.990074961322986,0.),(0.104528463267654,0.994521895368273,0.),(0.140540282343843,
0.990074961322986,0.),(0.78715992705143,0.616748935341106,0.),(0.74406802005443,
0.668103870316794,0.),(0.743144825477394,0.669130606358858,0.),(0.74406802005443,
0.668103870316794,0.),(1.,0.,0.),(0.999438061894197,0.0335195530574598,
0.),(0.994521895368273,0.104528463267653,0.),(0.999438061894197,0.0335195530574598,
0.),(0.999438061894197,-0.0335195530574609,0.),(1.,0.,0.),(0.744068019998886,
-0.668103870378654,0.),(0.787159926997186,-0.616748935410338,0.),(0.809016994374947,
-0.587785252292473,0.),(0.787159926997186,-0.616748935410338,0.),(0.140540282343843,
-0.990074961322986,0.),(0.206560913752911,-0.978433742728429,0.),(0.207911690817759,
-0.978147600733806,0.),(0.206560913752911,-0.978433742728429,0.),(0.140540282343843,
-0.990074961322986,0.),(0.744068019998886,-0.668103870378654,0.),(0.999438061894197,
-0.0335195530574609,0.),(0.78715992705143,0.616748935341106,0.),(0.206560913820656,
0.978433742714128,0.),(0.,-1.,0.)),$,(77,81,80,61,65,64,57,60,53,56,49,
52,45,48,41,44,25,29,28,20,23,24,16,19,12,15,8,11,14,10,9,18,13,22,17,27,
21,31,26,47,43,42,51,46,55,50,59,54,63,58,67,62,83,79,78,69,73,76,72,33,
37,40,36,2,4,7,3,6,1,39,35,30,34,75,71,66,70,74,38,5,32,68,82),((1,2,3),
(4,5,6),(7,4,8),(9,7,10),(11,9,12),(13,11,14),(15,13,16),(17,18,19),(20,
17,21),(17,22,21),(23,20,24),(25,23,26),(27,25,28),(29,30,31),(32,29,33),
(34,32,35),(36,34,37),(38,36,39),(40,41,42),(43,40,44),(45,43,46),(47,45,
48),(49,47,50),(51,49,52),(53,54,55),(6,5,56),(5,1,57),(57,56,5),(58,59,
57),(57,1,58),(19,18,60),(15,61,60),(60,18,15),(62,63,61),(61,15,62),(64,
27,65),(66,67,65),(65,27,66),(31,30,68),(64,69,68),(68,30,64),(42,41,70),
(41,38,71),(71,70,41),(72,73,71),(71,38,72),(55,54,74),(51,75,74),(74,54,
51),(76,77,75),(75,51,76),(74,78,55),(70,79,42),(68,80,31),(65,69,64),(60,
81,19),(56,82,6),(55,83,53),(52,76,51),(50,52,49),(48,50,47),(46,48,45),
(44,46,43),(42,44,40),(39,72,38),(37,39,36),(35,37,34),(33,35,32),(31,33,
29),(28,66,27),(26,28,25),(24,26,23),(21,24,20),(19,22,17),(16,62,15),(14,
16,13),(12,14,11),(10,12,9),(8,10,7),(6,8,4),(3,58,1)),());
#2342=COMPLEX_TRIANGULATED_FACE($,#2546,32,((0.675590207612191,-0.737277336813303,
0.),(0.675590207612191,-0.737277336813303,0.),(0.675590207612191,-0.737277336813303,
0.),(0.675590207612191,-0.737277336813303,0.),(0.675590207612191,-0.737277336813303,
0.),(0.675590207612191,-0.737277336813303,0.),(0.675590207612191,-0.737277336813303,
0.),(0.675590207612191,-0.737277336813303,0.),(0.675590207612191,-0.737277336813303,
0.),(0.675590207612191,-0.737277336813303,0.),(0.675590207612191,-0.737277336813303,
0.),(0.675590207612191,-0.737277336813303,0.),(0.675590207612191,-0.737277336813303,
0.),(0.675590207612191,-0.737277336813303,0.),(0.675590207612191,-0.737277336813303,
0.),(0.675590207612191,-0.737277336813303,0.),(0.675590207612191,-0.737277336813303,
0.),(0.675590207612191,-0.737277336813303,0.),(0.675590207612191,-0.737277336813303,
0.),(0.675590207612191,-0.737277336813303,0.),(0.675590207612191,-0.737277336813303,
0.),(0.675590207612191,-0.737277336813303,0.),(0.675590207612191,-0.737277336813303,
0.),(0.675590207612191,-0.737277336813303,0.),(0.675590207612191,-0.737277336813303,
0.),(0.675590207612191,-0.737277336813303,0.),(0.675590207612191,-0.737277336813303,
0.),(0.675590207612191,-0.737277336813303,0.),(0.675590207612191,-0.737277336813303,
0.),(0.675590207612191,-0.737277336813303,0.),(0.675590207612191,-0.737277336813303,
0.),(0.675590207612191,-0.737277336813303,0.)),$,(2,4,6,1,3,10,8,32,23,
25,11,13,9,7,16,14,31,18,29,27,30,26,17,19,15,12,21,5,22,20,24,28),((1,
2,3),(1,4,5),(5,2,1),(4,6,7),(8,9,10),(1,11,12),(3,13,1),(7,14,4),(4,15,
16),(17,18,15),(17,19,20),(17,8,21),(10,22,8),(8,23,24),(1,25,23),(13,11,
1),(4,26,6),(15,4,17),(21,19,17),(8,27,9),(23,8,1),(4,28,5),(16,26,4),(17,
29,30),(20,31,17),(24,27,8),(14,28,4),(31,29,17),(22,32,8),(30,18,17),(12,
25,1),(32,21,8)),());
#2343=COMPLEX_TRIANGULATED_FACE($,#2547,84,((0.,0.,1.),(0.,0.,1.),(0.,0.,
1.),(0.,0.,1.),(0.,0.,1.),(0.,0.,1.),(0.,0.,1.),(0.,0.,1.),(0.,0.,1.),(0.,
0.,1.),(0.,0.,1.),(0.,0.,1.),(0.,0.,1.),(0.,0.,1.),(0.,0.,1.),(0.,0.,1.),
(0.,0.,1.),(0.,0.,1.),(0.,0.,1.),(0.,0.,1.),(0.,0.,1.),(0.,0.,1.),(0.,0.,
1.),(0.,0.,1.),(0.,0.,1.),(0.,0.,1.),(0.,0.,1.),(0.,0.,1.),(0.,0.,1.),(0.,
0.,1.),(0.,0.,1.),(0.,0.,1.),(0.,0.,1.),(0.,0.,1.),(0.,0.,1.),(0.,0.,1.),
(0.,0.,1.),(0.,0.,1.),(0.,0.,1.),(0.,0.,1.),(0.,0.,1.),(0.,0.,1.),(0.,0.,
1.),(0.,0.,1.),(0.,0.,1.),(0.,0.,1.),(0.,0.,1.),(0.,0.,1.),(0.,0.,1.),(0.,
0.,1.),(0.,0.,1.),(0.,0.,1.),(0.,0.,1.),(0.,0.,1.),(0.,0.,1.),(0.,0.,1.),
(0.,0.,1.),(0.,0.,1.),(0.,0.,1.),(0.,0.,1.),(0.,0.,1.),(0.,0.,1.),(0.,0.,
1.),(0.,0.,1.),(0.,0.,1.),(0.,0.,1.),(0.,0.,1.),(0.,0.,1.),(0.,0.,1.),(0.,
0.,1.),(0.,0.,1.),(0.,0.,1.),(0.,0.,1.),(0.,0.,1.),(0.,0.,1.),(0.,0.,1.),
(0.,0.,1.),(0.,0.,1.),(0.,0.,1.),(0.,0.,1.),(0.,0.,1.),(0.,0.,1.),(0.,0.,
1.),(0.,0.,1.)),$,(38,37,35,40,39,65,67,64,70,66,20,22,21,24,23,42,41,47,
49,48,51,50,56,58,57,61,59,76,68,11,9,10,12,14,13,18,19,28,30,29,32,31,
36,33,43,45,44,46,54,55,63,60,62,81,83,75,84,77,16,15,26,25,27,52,53,79,
71,73,8,17,34,82,74,80,72,69,1,4,3,6,5,78,7,2),((1,2,3),(4,5,2),(6,7,8),
(7,9,10),(11,12,13),(12,14,15),(2,1,4),(16,17,5),(18,19,20),(19,21,22),
(23,24,25),(24,26,27),(10,8,7),(9,28,29),(30,31,32),(33,34,35),(36,11,37),
(15,13,12),(38,39,40),(39,41,42),(43,3,44),(5,4,16),(45,46,47),(46,18,48),
(22,20,19),(49,23,50),(27,25,24),(26,51,52),(51,6,53),(29,10,9),(54,55,
56),(55,57,58),(35,30,33),(34,59,60),(13,37,11),(14,61,62),(61,38,63),(42,
40,39),(3,43,1),(17,16,45),(20,48,18),(64,22,21),(64,65,49),(52,27,26),
(8,53,6),(28,66,67),(66,54,68),(58,56,55),(69,32,31),(60,35,34),(59,36,
70),(62,15,14),(40,63,38),(71,44,42),(47,17,45),(21,65,64),(25,50,23),(67,
29,28),(56,68,54),(57,72,73),(32,33,30),(37,70,36),(42,41,71),(48,47,46),
(53,52,51),(73,58,57),(72,74,75),(76,75,74),(77,78,79),(78,80,81),(70,60,
59),(44,71,43),(68,67,66),(74,82,76),(81,79,78),(80,69,83),(63,62,61),(75,
73,72),(83,81,80),(50,64,49),(31,83,69),(79,84,77)),());
#2344=COMPLEX_TRIANGULATED_FACE($,#2548,24,((0.,0.,1.),(0.,0.,1.),(0.,0.,
1.),(0.,0.,1.),(0.,0.,1.),(0.,0.,1.),(0.,0.,1.),(0.,0.,1.),(0.,0.,1.),(0.,
0.,1.),(0.,0.,1.),(0.,0.,1.),(0.,0.,1.),(0.,0.,1.),(0.,0.,1.),(0.,0.,1.),
(0.,0.,1.),(0.,0.,1.),(0.,0.,1.),(0.,0.,1.),(0.,0.,1.),(0.,0.,1.),(0.,0.,
1.),(0.,0.,1.)),$,(7,18,19,8,20,3,2,15,6,5,17,16,4,13,23,24,12,22,11,21,
10,9,1,14),((1,2,3),(4,3,5),(3,4,1),(6,7,8),(1,9,2),(9,10,11),(12,13,6),
(14,15,16),(14,17,18),(19,20,18),(21,22,5),(11,2,9),(13,12,11),(8,12,6),
(18,15,14),(18,17,19),(5,22,4),(7,23,8),(19,21,20),(11,10,13),(5,20,21),
(16,24,14)),());
#2345=COMPLEX_TRIANGULATED_FACE($,#2549,37,((0.920974655998054,-0.389622487812583,
0.),(0.990015255037947,-0.140960259620037,0.),(0.990015255037947,-0.140960259620037,
0.),(0.790597597946346,-0.612336049993358,0.),(0.920974655998054,-0.389622487812583,
0.),(0.607567128809481,-0.794268332486071,0.),(0.790597597946346,-0.612336049993358,
0.),(0.384072987789307,-0.923302734779116,0.),(0.607567128809481,-0.794268332486071,
0.),(0.134999774728811,-0.990845629158836,0.),(0.384072987789307,-0.923302734779116,
0.),(-0.123064356914871,-0.992398692087575,0.),(0.134999774728811,-0.990845629158836,
0.),(-0.372932462930092,-0.927858490338314,0.),(-0.123064356914871,-0.992398692087575,
0.),(0.930086003548218,0.367341838079606,0.),(0.805107411685345,0.593129037941428,
0.),(0.805107411685345,0.593129037941428,0.),(0.897093569420278,0.441840613462349,
0.),(0.993121325134804,0.117089852517164,0.),(0.929981270953212,0.367606903738556,
0.),(0.958170042854698,0.286199526512234,0.),(0.992203337039534,0.12462960309498,
0.),(0.99931416522772,-0.0370297066586432,0.),(0.990126528223927,-0.140176524807945,
0.),(0.993112791792572,0.117162207123134,0.),(-0.533798308652287,-0.845611829198219,
0.),(-0.598288783448643,-0.801280557357748,0.),(-0.372932462930092,-0.927858490338314,
0.),(-0.373666830545594,-0.927562989640062,0.),(-0.597963450379984,-0.80152336959671,
0.),(-0.667442012811047,-0.744661775260915,0.),(-0.783267417639228,-0.621684930221712,
0.),(-0.783170366205397,-0.62180718675302,0.),(-0.87711187015665,-0.48028613058291,
0.),(-0.916218520925741,-0.400678951172441,0.),(-0.916218520925741,-0.400678951172441,
0.)),$,(12,7,6,17,11,19,16,21,18,23,20,25,22,27,24,9,15,14,13,2,10,8,4,
1,5,3,29,31,26,28,30,32,34,33,35,36,37),((1,2,3),(4,1,5),(6,4,7),(8,6,9),
(10,8,11),(12,10,13),(14,12,15),(16,17,18),(18,19,16),(20,16,21),(21,22,
20),(22,23,20),(2,24,25),(2,20,26),(26,24,2),(14,27,28),(14,29,30),(30,
27,14),(31,32,33),(31,28,32),(34,35,36),(34,33,35),(36,37,34),(33,34,31),
(28,31,14),(25,3,2),(23,26,20),(19,21,16),(15,29,14),(13,15,12),(11,13,
10),(9,11,8),(7,9,6),(5,7,4),(3,5,1)),());
#2346=COMPLEX_TRIANGULATED_FACE($,#2550,6,((0.502778347415041,-0.182996352905474,
0.844823217125273),(0.502778347415041,-0.182996352905474,0.844823217125273),
(0.502778347415041,-0.182996352905474,0.844823217125273),(0.502778347415041,
-0.182996352905474,0.844823217125273),(0.502778347415041,-0.182996352905474,
0.844823217125273),(0.502778347415041,-0.182996352905474,0.844823217125273)),
$,(5,6,3,2,4,1),((1,2,3),(3,4,1),(2,5,3),(4,6,1)),());
#2347=COMPLEX_TRIANGULATED_FACE($,#2551,6,((0.785657866736913,-0.618661229134656,
0.),(0.723959654121528,-0.689842314738838,0.),(0.723959654121528,-0.689842314738838,
0.),(0.840384609962451,-0.541990504841422,0.),(0.785657866736913,-0.618661229134656,
0.),(0.840384609962451,-0.541990504841422,0.)),$,(3,5,6,1,4,2),((1,2,3),
(4,1,5),(5,6,4),(3,5,1)),());
#2348=COMPLEX_TRIANGULATED_FACE($,#2552,26,((0.926787922029445,-0.292215125394333,
-0.235954377096753),(0.83696538670977,-0.263894187240327,-0.479425488882821),
(0.83696538670977,-0.263894187240327,-0.479425488882821),(0.953451393681881,
-0.300622086174857,0.0235966351405243),(0.926787922029445,-0.292215125394333,
-0.235954377096753),(0.915138730184319,-0.288542149112648,0.281539575729749),
(0.953451393681881,-0.300622086174857,0.0235966351405243),(0.814460876172079,
-0.256798541934215,0.520296059994183),(0.915138730184319,-0.288542149112648,
0.281539575729749),(0.65827886084105,-0.207554538954161,0.723595228514765),
(0.814460876172079,-0.256798541934215,0.520296059994183),(0.457236230158441,
-0.144166037509427,0.877582579282046),(0.65827886084105,-0.207554538954161,
0.723595228514765),(0.225033706813103,-0.0709528591075589,0.971764129088133),
(0.457236230158441,-0.144166037509427,0.877582579282046),(-0.0225044913700738,
0.00709563926258511,0.99972156112171),(0.225033706813103,-0.0709528591075589,
0.971764129088133),(-0.268509045696383,0.0846605815555593,0.959549622640691),
(-0.0225044913700738,0.00709563926258511,0.99972156112171),(-0.496215152762794,
0.156456045272611,0.853985964794651),(-0.268509045696383,0.0846605815555593,
0.959549622640691),(-0.690105018075246,0.217589288335276,0.690224576227993),
(-0.496215152762794,0.156456045272611,0.853985964794651),(-0.836965368071777,
0.26389418136379,0.479425524655092),(-0.690105018075246,0.217589288335276,
0.690224576227993),(-0.836965368071777,0.26389418136379,0.479425524655092)),
$,(15,17,4,14,2,16,1,18,3,19,5,20,6,21,7,22,8,23,9,24,10,25,11,26,12,13),
((1,2,3),(4,1,5),(6,4,7),(8,6,9),(10,8,11),(12,10,13),(14,12,15),(16,14,
17),(18,16,19),(20,18,21),(22,20,23),(24,22,25),(25,26,24),(23,25,22),(21,
23,20),(19,21,18),(17,19,16),(15,17,14),(13,15,12),(11,13,10),(9,11,8),
(7,9,6),(5,7,4),(3,5,1)),());
#2349=COMPLEX_TRIANGULATED_FACE($,#2553,9,((-0.0929096833111835,0.526916997806712,
0.844823217110762),(-0.0929096833111835,0.526916997806712,0.844823217110762),
(-0.0929096833111835,0.526916997806712,0.844823217110762),(-0.0929096833111835,
0.526916997806712,0.844823217110762),(-0.0929096833111835,0.526916997806712,
0.844823217110762),(-0.0929096833111835,0.526916997806712,0.844823217110762),
(-0.0929096833111835,0.526916997806712,0.844823217110762),(-0.0929096833111835,
0.526916997806712,0.844823217110762),(-0.0929096833111835,0.526916997806712,
0.844823217110762)),$,(7,9,8,6,5,1,4,2,3),((1,2,3),(4,5,1),(6,7,5),(5,4,
6),(7,6,8),(8,9,7),(3,4,1)),());
#2350=COMPLEX_TRIANGULATED_FACE($,#2554,10,((-0.527806267864339,0.326638468363815,
-0.784045824290939),(-0.475486041505418,0.398980162095122,-0.784045824290939),
(-0.475486041505418,0.398980162095122,-0.784045824290939),(-0.413328692609133,
0.463067529932694,-0.784045824290939),(-0.413328692609133,0.463067529932694,
-0.784045824290939),(-0.527806267864339,0.326638468363815,-0.784045824290939),
(-0.565793284812644,0.255245184622277,-0.784045824290939),(-0.344385197553994,
0.516401956926616,-0.784045824290939),(-0.349616409624063,0.512874752287067,
-0.784045824290939),(-0.568358512827107,0.249480953799885,-0.784045824290939)),
$,(9,7,4,5,3,6,8,2,1,10),((1,2,3),(2,4,5),(1,6,7),(4,8,9),(9,5,4),(7,10,
1),(5,3,2),(3,6,1)),());
#2351=COMPLEX_TRIANGULATED_FACE($,#2555,102,((0.,0.,-1.),(0.,0.,-1.),(0.,
0.,-1.),(0.,0.,-1.),(0.,0.,-1.),(0.,0.,-1.),(0.,0.,-1.),(0.,0.,-1.),(0.,
0.,-1.),(0.,0.,-1.),(0.,0.,-1.),(0.,0.,-1.),(0.,0.,-1.),(0.,0.,-1.),(0.,
0.,-1.),(0.,0.,-1.),(0.,0.,-1.),(0.,0.,-1.),(0.,0.,-1.),(0.,0.,-1.),(0.,
0.,-1.),(0.,0.,-1.),(0.,0.,-1.),(0.,0.,-1.),(0.,0.,-1.),(0.,0.,-1.),(0.,
0.,-1.),(0.,0.,-1.),(0.,0.,-1.),(0.,0.,-1.),(0.,0.,-1.),(0.,0.,-1.),(0.,
0.,-1.),(0.,0.,-1.),(0.,0.,-1.),(0.,0.,-1.),(0.,0.,-1.),(0.,0.,-1.),(0.,
0.,-1.),(0.,0.,-1.),(0.,0.,-1.),(0.,0.,-1.),(0.,0.,-1.),(0.,0.,-1.),(0.,
0.,-1.),(0.,0.,-1.),(0.,0.,-1.),(0.,0.,-1.),(0.,0.,-1.),(0.,0.,-1.),(0.,
0.,-1.),(0.,0.,-1.),(0.,0.,-1.),(0.,0.,-1.),(0.,0.,-1.),(0.,0.,-1.),(0.,
0.,-1.),(0.,0.,-1.),(0.,0.,-1.),(0.,0.,-1.),(0.,0.,-1.),(0.,0.,-1.),(0.,
0.,-1.),(0.,0.,-1.),(0.,0.,-1.),(0.,0.,-1.),(0.,0.,-1.),(0.,0.,-1.),(0.,
0.,-1.),(0.,0.,-1.),(0.,0.,-1.),(0.,0.,-1.),(0.,0.,-1.),(0.,0.,-1.),(0.,
0.,-1.),(0.,0.,-1.),(0.,0.,-1.),(0.,0.,-1.),(0.,0.,-1.),(0.,0.,-1.),(0.,
0.,-1.),(0.,0.,-1.),(0.,0.,-1.),(0.,0.,-1.),(0.,0.,-1.),(0.,0.,-1.),(0.,
0.,-1.),(0.,0.,-1.),(0.,0.,-1.),(0.,0.,-1.),(0.,0.,-1.),(0.,0.,-1.),(0.,
0.,-1.),(0.,0.,-1.),(0.,0.,-1.),(0.,0.,-1.),(0.,0.,-1.),(0.,0.,-1.),(0.,
0.,-1.),(0.,0.,-1.),(0.,0.,-1.),(0.,0.,-1.)),$,(93,95,82,97,84,80,76,102,
100,90,64,62,58,72,78,69,83,73,99,86,101,89,59,54,91,10,8,21,6,19,68,66,
98,96,85,94,81,23,27,1,3,13,42,46,47,50,51,87,39,41,45,31,25,34,20,30,4,
17,2,14,28,36,32,55,88,74,77,79,71,44,49,12,5,7,18,9,22,15,29,26,24,33,
38,40,92,75,67,61,57,56,53,52,35,37,16,11,43,70,65,63,48,60),((1,2,3),(2,
4,5),(1,6,7),(5,3,2),(8,9,10),(11,12,13),(14,15,16),(15,17,18),(3,6,1),
(4,19,20),(19,21,22),(22,21,8),(23,13,24),(13,23,11),(18,16,15),(25,7,18),
(20,5,4),(10,22,8),(26,27,28),(27,29,30),(11,31,12),(31,14,32),(18,17,25),
(22,20,19),(33,34,35),(34,36,37),(26,38,39),(30,28,27),(40,41,42),(43,44,
45),(46,47,45),(32,12,31),(7,25,1),(9,33,48),(37,35,34),(49,50,51),(52,
53,54),(53,55,56),(28,38,26),(29,57,58),(57,59,60),(60,59,40),(61,62,63),
(45,44,46),(64,24,47),(16,32,14),(35,48,33),(65,66,67),(68,69,66),(70,51,
71),(51,70,49),(56,54,53),(72,39,56),(58,30,29),(42,60,40),(73,74,75),(74,
76,77),(78,79,80),(81,63,79),(63,81,61),(82,83,84),(47,46,64),(48,10,9),
(85,67,37),(66,65,68),(86,87,69),(88,89,90),(91,92,90),(49,93,50),(93,52,
94),(56,55,72),(60,58,57),(41,73,95),(77,75,74),(96,80,77),(79,78,81),(84,
62,82),(83,43,97),(24,64,23),(67,85,65),(69,68,86),(98,99,100),(90,89,91),
(101,71,92),(94,50,93),(39,72,26),(75,95,73),(80,96,78),(97,84,83),(37,
36,85),(100,87,98),(99,88,102),(92,91,101),(54,94,52),(77,76,96),(45,97,
43),(102,100,99),(71,101,70),(61,82,62),(90,102,88),(86,98,87),(95,42,41)),
());
#2352=COMPLEX_TRIANGULATED_FACE($,#2556,14,((0.308141414766518,0.951340563891653,
0.),(0.206560913820655,0.978433742714128,0.),(0.206560913820655,0.978433742714128,
0.),(0.406316140044661,0.913732561715521,0.),(0.308141414766518,0.951340563891653,
0.),(0.499999999905658,0.866025403838907,0.),(0.406316140044661,0.913732561715521,
0.),(0.588157540512137,0.808746380232217,0.),(0.499999999905658,0.866025403838907,
0.),(0.669814388435747,0.742528575237645,0.),(0.588157540512137,0.808746380232217,
0.),(0.74406802005443,0.668103870316795,0.),(0.669814388435747,0.742528575237645,
0.),(0.74406802005443,0.668103870316795,0.)),$,(12,14,13,10,11,8,9,6,7,
4,5,2,3,1),((1,2,3),(4,1,5),(6,4,7),(8,6,9),(10,8,11),(12,10,13),(13,14,
12),(11,13,10),(9,11,8),(7,9,6),(5,7,4),(3,5,1)),());
#2353=COMPLEX_TRIANGULATED_FACE($,#2557,37,((0.,0.,-1.),(0.,0.,-1.),(0.,
0.,-1.),(0.,0.,-1.),(0.,0.,-1.),(0.,0.,-1.),(0.,0.,-1.),(0.,0.,-1.),(0.,
0.,-1.),(0.,0.,-1.),(0.,0.,-1.),(0.,0.,-1.),(0.,0.,-1.),(0.,0.,-1.),(0.,
0.,-1.),(0.,0.,-1.),(0.,0.,-1.),(0.,0.,-1.),(0.,0.,-1.),(0.,0.,-1.),(0.,
0.,-1.),(0.,0.,-1.),(0.,0.,-1.),(0.,0.,-1.),(0.,0.,-1.),(0.,0.,-1.),(0.,
0.,-1.),(0.,0.,-1.),(0.,0.,-1.),(0.,0.,-1.),(0.,0.,-1.),(0.,0.,-1.),(0.,
0.,-1.),(0.,0.,-1.),(0.,0.,-1.),(0.,0.,-1.),(0.,0.,-1.)),$,(21,19,18,32,
33,35,12,34,31,36,30,13,2,22,26,24,29,37,28,25,27,20,23,16,17,1,6,4,8,15,
14,9,11,5,7,10,3),((1,2,3),(4,5,6),(3,7,1),(8,6,9),(6,10,4),(11,4,10),(12,
13,7),(1,14,2),(8,15,16),(9,17,8),(10,18,11),(19,20,21),(19,22,23),(19,
24,25),(26,27,28),(26,13,29),(7,30,12),(1,16,14),(17,15,8),(18,21,11),(23,
20,19),(19,31,24),(26,32,33),(26,34,35),(29,27,26),(12,36,13),(16,1,8),
(21,18,19),(19,33,31),(35,32,26),(36,29,13),(5,9,6),(33,19,26),(3,30,7),
(26,37,34),(25,22,19),(28,37,26)),());
#2354=COMPLEX_TRIANGULATED_FACE($,#2558,9,((-0.642787609703783,0.766044443104509,
0.),(-0.642787609703783,0.766044443104509,0.),(-0.642787609703783,0.766044443104509,
0.),(-0.642787609703783,0.766044443104509,0.),(-0.642787609703783,0.766044443104509,
0.),(-0.642787609703783,0.766044443104509,0.),(-0.642787609703783,0.766044443104509,
0.),(-0.642787609703783,0.766044443104509,0.),(-0.642787609703783,0.766044443104509,
0.)),$,(7,8,6,4,1,2,9,5,3),((1,2,3),(3,4,1),(5,6,4),(1,7,2),(4,8,5),(6,
9,4),(3,8,4)),());
#2355=COMPLEX_TRIANGULATED_FACE($,#2559,188,((0.,0.,1.),(0.,0.,1.),(0.,
0.,1.),(0.,0.,1.),(0.,0.,1.),(0.,0.,1.),(0.,0.,1.),(0.,0.,1.),(0.,0.,1.),
(0.,0.,1.),(0.,0.,1.),(0.,0.,1.),(0.,0.,1.),(0.,0.,1.),(0.,0.,1.),(0.,0.,
1.),(0.,0.,1.),(0.,0.,1.),(0.,0.,1.),(0.,0.,1.),(0.,0.,1.),(0.,0.,1.),(0.,
0.,1.),(0.,0.,1.),(0.,0.,1.),(0.,0.,1.),(0.,0.,1.),(0.,0.,1.),(0.,0.,1.),
(0.,0.,1.),(0.,0.,1.),(0.,0.,1.),(0.,0.,1.),(0.,0.,1.),(0.,0.,1.),(0.,0.,
1.),(0.,0.,1.),(0.,0.,1.),(0.,0.,1.),(0.,0.,1.),(0.,0.,1.),(0.,0.,1.),(0.,
0.,1.),(0.,0.,1.),(0.,0.,1.),(0.,0.,1.),(0.,0.,1.),(0.,0.,1.),(0.,0.,1.),
(0.,0.,1.),(0.,0.,1.),(0.,0.,1.),(0.,0.,1.),(0.,0.,1.),(0.,0.,1.),(0.,0.,
1.),(0.,0.,1.),(0.,0.,1.),(0.,0.,1.),(0.,0.,1.),(0.,0.,1.),(0.,0.,1.),(0.,
0.,1.),(0.,0.,1.),(0.,0.,1.),(0.,0.,1.),(0.,0.,1.),(0.,0.,1.),(0.,0.,1.),
(0.,0.,1.),(0.,0.,1.),(0.,0.,1.),(0.,0.,1.),(0.,0.,1.),(0.,0.,1.),(0.,0.,
1.),(0.,0.,1.),(0.,0.,1.),(0.,0.,1.),(0.,0.,1.),(0.,0.,1.),(0.,0.,1.),(0.,
0.,1.),(0.,0.,1.),(0.,0.,1.),(0.,0.,1.),(0.,0.,1.),(0.,0.,1.),(0.,0.,1.),
(0.,0.,1.),(0.,0.,1.),(0.,0.,1.),(0.,0.,1.),(0.,0.,1.),(0.,0.,1.),(0.,0.,
1.),(0.,0.,1.),(0.,0.,1.),(0.,0.,1.),(0.,0.,1.),(0.,0.,1.),(0.,0.,1.),(0.,
0.,1.),(0.,0.,1.),(0.,0.,1.),(0.,0.,1.),(0.,0.,1.),(0.,0.,1.),(0.,0.,1.),
(0.,0.,1.),(0.,0.,1.),(0.,0.,1.),(0.,0.,1.),(0.,0.,1.),(0.,0.,1.),(0.,0.,
1.),(0.,0.,1.),(0.,0.,1.),(0.,0.,1.),(0.,0.,1.),(0.,0.,1.),(0.,0.,1.),(0.,
0.,1.),(0.,0.,1.),(0.,0.,1.),(0.,0.,1.),(0.,0.,1.),(0.,0.,1.),(0.,0.,1.),
(0.,0.,1.),(0.,0.,1.),(0.,0.,1.),(0.,0.,1.),(0.,0.,1.),(0.,0.,1.),(0.,0.,
1.),(0.,0.,1.),(0.,0.,1.),(0.,0.,1.),(0.,0.,1.),(0.,0.,1.),(0.,0.,1.),(0.,
0.,1.),(0.,0.,1.),(0.,0.,1.),(0.,0.,1.),(0.,0.,1.),(0.,0.,1.),(0.,0.,1.),
(0.,0.,1.),(0.,0.,1.),(0.,0.,1.),(0.,0.,1.),(0.,0.,1.),(0.,0.,1.),(0.,0.,
1.),(0.,0.,1.),(0.,0.,1.),(0.,0.,1.),(0.,0.,1.),(0.,0.,1.),(0.,0.,1.),(0.,
0.,1.),(0.,0.,1.),(0.,0.,1.),(0.,0.,1.),(0.,0.,1.),(0.,0.,1.),(0.,0.,1.),
(0.,0.,1.),(0.,0.,1.),(0.,0.,1.),(0.,0.,1.),(0.,0.,1.),(0.,0.,1.),(0.,0.,
1.),(0.,0.,1.),(0.,0.,1.),(0.,0.,1.),(0.,0.,1.),(0.,0.,1.),(0.,0.,1.),(0.,
0.,1.),(0.,0.,1.),(0.,0.,1.),(0.,0.,1.),(0.,0.,1.),(0.,0.,1.)),$,(2,15,
17,1,16,3,18,99,101,98,9,11,27,13,38,95,104,108,105,34,73,77,54,57,51,39,
12,10,25,8,23,4,20,5,7,24,72,32,31,58,55,62,68,164,162,147,102,107,106,
103,97,100,112,109,121,125,120,129,124,163,165,149,167,151,70,64,67,61,
46,48,28,59,22,53,6,21,19,50,43,60,56,36,47,41,52,65,150,166,160,144,93,
96,94,116,117,143,135,131,148,139,161,145,154,82,33,30,14,44,29,26,40,78,
75,153,146,141,134,136,130,123,118,122,119,114,110,159,178,176,86,90,84,
113,133,127,155,142,169,37,49,66,80,168,156,158,152,140,137,128,126,115,
111,89,92,88,87,74,81,180,184,182,187,188,181,183,175,177,76,91,138,157,
79,42,63,35,83,132,186,179,173,171,85,71,185,45,174,69,172,170),((1,2,3),
(4,5,2),(6,7,5),(8,9,10),(2,1,4),(5,4,6),(11,12,13),(12,14,15),(10,16,8),
(17,18,19),(20,21,22),(20,23,24),(25,20,26),(27,28,29),(28,30,31),(32,3,
33),(6,34,7),(35,11,36),(15,13,12),(37,38,39),(37,40,41),(42,37,43),(44,
45,46),(47,48,49),(50,51,52),(19,9,17),(18,53,54),(55,56,57),(56,58,59),
(60,61,62),(61,63,64),(20,65,21),(20,66,67),(24,68,20),(26,69,25),(70,71,
72),(71,73,74),(31,29,28),(75,33,31),(3,32,1),(34,35,76),(13,36,11),(14,
77,78),(79,80,81),(37,82,38),(37,83,84),(41,85,37),(43,86,42),(87,88,44),
(45,89,90),(52,47,50),(51,91,92),(16,10,93),(54,19,18),(94,55,95),(59,57,
56),(96,97,98),(99,100,97),(101,60,102),(64,62,61),(103,64,63),(67,65,20),
(25,23,20),(104,105,106),(74,72,71),(73,107,108),(107,27,109),(31,30,75),
(76,7,34),(78,15,14),(81,110,79),(84,82,37),(42,40,37),(111,112,113),(88,
87,114),(90,46,45),(115,116,117),(118,119,117),(120,121,122),(123,124,121),
(125,49,48),(92,52,51),(126,127,128),(129,130,131),(8,17,9),(53,94,132),
(57,95,55),(133,134,59),(97,96,99),(135,136,100),(136,135,101),(63,137,
103),(68,66,20),(104,138,105),(108,74,73),(29,109,27),(36,76,35),(110,81,
78),(139,140,80),(85,83,37),(111,141,112),(142,143,144),(46,87,44),(89,
145,146),(145,115,147),(117,116,118),(148,122,149),(121,120,123),(150,125,
151),(49,50,47),(91,152,153),(154,153,152),(155,156,157),(126,158,127),
(126,159,160),(126,161,162),(126,163,164),(126,165,166),(131,167,129),(168,
93,130),(132,54,53),(59,58,133),(169,98,134),(100,99,135),(62,102,60),(137,
126,170),(22,171,20),(104,172,138),(72,173,70),(33,75,32),(79,139,80),(39,
174,37),(111,175,141),(142,114,143),(146,90,89),(117,147,115),(176,149,
119),(122,148,120),(124,123,150),(153,92,91),(157,154,155),(160,158,126),
(162,177,126),(126,178,163),(126,179,165),(126,137,180),(130,129,168),(95,
132,94),(98,169,96),(170,103,137),(139,181,129),(106,20,104),(109,108,107),
(139,182,140),(70,156,155),(113,37,111),(114,142,88),(119,118,176),(151,
124,150),(152,155,154),(177,159,126),(164,183,126),(180,179,126),(93,168,
16),(102,136,101),(129,182,139),(171,104,20),(78,77,110),(175,184,70),(174,
111,37),(147,146,145),(48,151,125),(128,185,126),(166,178,126),(134,133,
169),(104,181,172),(173,186,70),(111,184,175),(149,176,148),(185,187,126),
(167,182,129),(186,156,70),(144,126,142),(187,188,126),(139,172,181),(188,
142,126),(155,175,70),(183,161,126)),());
#2356=COMPLEX_TRIANGULATED_FACE($,#2560,44,((-0.246662404642418,0.451512503013642,
-0.857492925777453),(-0.176612942721258,0.483232605175769,-0.857492925777453),
(-0.176612942721258,0.483232605175769,-0.857492925777453),(-0.102618239503379,
0.504158089454936,-0.857492925777453),(-0.102618239503379,0.504158089454936,
-0.857492925777453),(-0.0263312143862795,0.513821515110614,-0.857492925777453),
(-0.0263312143862795,0.513821515110614,-0.857492925777453),(0.0505440065492511,
0.512007017181965,-0.857492925777453),(0.0505440065492511,0.512007017181965,
-0.857492925777453),(0.126290157899805,0.49875512855435,-0.857492925777453),
(0.126290157899805,0.49875512855435,-0.857492925777453),(0.199215195810773,
0.474361874521655,-0.857492925777453),(0.199215195810773,0.474361874521655,
-0.857492925777453),(0.267690095440045,0.439372160070393,-0.857492925777453),
(0.267690095440045,0.439372160070393,-0.857492925777453),(0.330185240681101,
0.394567597602726,-0.857492925777453),(0.330185240681101,0.394567597602726,
-0.857492925777453),(0.385304593259223,0.340949047006981,-0.857492925777453),
(0.385304593259223,0.340949047006981,-0.857492925777453),(0.431816877919668,
0.27971425810161,-0.857492925777453),(0.431816877919668,0.27971425810161,
-0.857492925777453),(0.468683087082247,0.212231114883464,-0.857492925777453),
(0.468683087082247,0.212231114883464,-0.857492925777453),(0.495079690553754,
0.140007079259666,-0.857492925777453),(0.495079690553754,0.140007079259666,
-0.857492925777453),(0.510417031831646,0.0646555168395991,-0.857492925777453),
(0.510417031831646,0.0646555168395991,-0.857492925777453),(0.514352500055931,
-0.0121403429867964,-0.857492925777453),(0.514352500055931,-0.0121403429867964,
-0.857492925777453),(0.506798183369634,-0.08866500761215,-0.857492925777453),
(0.506798183369634,-0.08866500761215,-0.857492925777453),(0.487922832724412,
-0.163209042481747,-0.857492925777453),(0.487922832724412,-0.163209042481747,
-0.857492925777453),(0.458148092263149,-0.234107257036728,-0.857492925777453),
(0.458148092263149,-0.234107257036728,-0.857492925777453),(0.418139080486543,
-0.299775902319535,-0.857492925777453),(0.418139080486543,-0.299775902319535,
-0.857492925777453),(0.368789532604881,-0.35874804930856,-0.857492925777453),
(0.368789532604881,-0.35874804930856,-0.857492925777453),(0.311201835970284,
-0.409706357688465,-0.857492925777453),(0.311201835970284,-0.409706357688465,
-0.857492925777453),(0.246662404564907,-0.451512503055986,-0.857492925777453),
(0.246662404564907,-0.451512503055986,-0.857492925777453),(-0.246662404642417,
0.451512503013642,-0.857492925777453)),$,(44,42,41,40,39,38,37,35,36,33,
34,30,32,25,29,20,26,13,23,8,19,6,17,4,14,2,11,1,10,3,12,5,15,7,18,9,21,
16,24,22,28,27,31,43),((1,2,3),(2,4,5),(4,6,7),(6,8,9),(8,10,11),(10,12,
13),(12,14,15),(14,16,17),(16,18,19),(18,20,21),(20,22,23),(22,24,25),(24,
26,27),(26,28,29),(28,30,31),(30,32,33),(32,34,35),(34,36,37),(36,38,39),
(38,40,41),(40,42,43),(43,41,40),(41,39,38),(39,37,36),(37,35,34),(35,33,
32),(33,31,30),(31,29,28),(29,27,26),(27,25,24),(25,23,22),(23,21,20),(21,
19,18),(19,17,16),(17,15,14),(15,13,12),(13,11,10),(11,9,8),(9,7,6),(7,
5,4),(5,3,2),(3,44,1)),());
#2357=COMPLEX_TRIANGULATED_FACE($,#2561,9,((-0.642787609703783,0.766044443104509,
0.),(-0.642787609703783,0.766044443104509,0.),(-0.642787609703783,0.766044443104509,
0.),(-0.642787609703783,0.766044443104509,0.),(-0.642787609703783,0.766044443104509,
0.),(-0.642787609703783,0.766044443104509,0.),(-0.642787609703783,0.766044443104509,
0.),(-0.642787609703783,0.766044443104509,0.),(-0.642787609703783,0.766044443104509,
0.)),$,(7,8,6,4,1,2,9,5,3),((1,2,3),(3,4,1),(5,6,4),(1,7,2),(4,8,5),(6,
9,4),(3,8,4)),());
#2358=COMPLEX_TRIANGULATED_FACE($,#2562,22,((-0.529905150920717,0.0740355362253492,
-0.844819075544295),(-0.515043365490689,0.144951927412187,-0.844819075544295),
(-0.528826623593605,0.0813826257567975,-0.844819075544295),(-0.526237715916211,
0.0967191601688711,-0.844819075544295),(-0.528150093906329,0.0856633404859882,
-0.844819075544295),(-0.524323964422968,0.106607269584515,-0.844819075544295),
(-0.517927533658445,0.134282536001384,-0.844819075544295),(-0.52184091869942,
0.118164229644289,-0.844819075544295),(-0.522748354155543,0.114082811256359,
-0.844819075544295),(-0.535052081200029,0.,-0.844819075544295),(-0.529905150920717,
0.0740355362253493,-0.844819075544295),(-0.529905150906715,-0.0740355363255714,
-0.844819075544295),(-0.535052081200029,0.,-0.844819075544295),(-0.517927533647812,
-0.134282536042396,-0.844819075544295),(-0.515043365455965,-0.144951927535565,
-0.844819075544295),(-0.523247374852039,-0.111771706200329,-0.844819075544295),
(-0.522125914416808,-0.116898499095991,-0.844819075544295),(-0.524898129451903,
-0.103743353012981,-0.844819075544295),(-0.526797259293657,-0.093623593165264,
-0.844819075544295),(-0.528826623571407,-0.0813826259010357,-0.844819075544295),
(-0.529905150906715,-0.0740355363255715,-0.844819075544295),(-0.52184091869942,
-0.118164229644289,-0.844819075544295)),$,(21,19,14,10,12,8,2,3,6,22,16,
20,17,1,18,7,5,9,11,13,15,4),((1,2,3),(2,4,5),(2,6,4),(7,8,9),(9,2,7),(9,
6,2),(5,3,2),(10,1,11),(12,10,13),(14,15,16),(16,17,14),(15,18,16),(15,
19,18),(15,20,19),(12,21,20),(20,15,12),(17,22,14),(13,21,12),(11,13,10),
(3,11,1)),());
#2359=COMPLEX_TRIANGULATED_FACE($,#2563,4,((0.953716950745092,-0.300705799514217,
0.),(0.953716950745092,-0.300705799514217,0.),(0.953716950745092,-0.300705799514217,
0.),(0.953716950745092,-0.300705799514217,0.)),$,(3,4,2,1),((1,2,3),(3,
4,1)),());
#2360=COMPLEX_TRIANGULATED_FACE($,#2564,6,((-0.737277336813303,-0.675590207612191,
0.),(-0.737277336813303,-0.675590207612191,0.),(-0.737277336813303,-0.675590207612191,
0.),(-0.737277336813303,-0.675590207612191,0.),(-0.737277336813303,-0.675590207612191,
0.),(-0.737277336813303,-0.675590207612191,0.)),$,(2,1,3,6,5,4),((1,2,3),
(4,5,3),(3,2,4),(3,6,1)),());
#2361=COMPLEX_TRIANGULATED_FACE($,#2565,7,((-0.916218520925741,-0.400678951172441,
0.),(-0.832217122700617,-0.554449872111001,0.),(-0.800561823841633,-0.599250169968568,
0.),(-0.916218520925741,-0.400678951172441,0.),(-0.800411360535666,-0.599451127220096,
0.),(-0.734026671808259,-0.679120641030804,0.),(-0.644350675025307,-0.764730153449196,
0.)),$,(6,5,4,7,3,2,1),((1,2,3),(1,4,2),(5,3,6),(6,7,5),(3,5,1)),());
#2362=COMPLEX_TRIANGULATED_FACE($,#2566,26,((-0.258819045102523,0.965925826289068,
0.),(0.,1.,0.),(0.,1.,0.),(-0.5,0.866025403784439,0.),(-0.258819045102523,
0.965925826289068,0.),(-0.707106781186548,0.707106781186547,0.),(-0.5,0.866025403784439,
0.),(-0.86602540378444,0.499999999999998,0.),(-0.707106781186548,0.707106781186547,
0.),(-0.965925826289069,0.258819045102519,0.),(-0.86602540378444,0.499999999999998,
0.),(-1.,0.,0.),(-0.965925826289069,0.258819045102519,0.),(-0.965925826289069,
-0.258819045102519,0.),(-1.,0.,0.),(-0.866025403784438,-0.500000000000001,
0.),(-0.965925826289069,-0.258819045102519,0.),(-0.707106781186547,-0.707106781186547,
0.),(-0.866025403784438,-0.500000000000001,0.),(-0.5,-0.866025403784439,
0.),(-0.707106781186547,-0.707106781186547,0.),(-0.258819045102523,-0.965925826289068,
0.),(-0.5,-0.866025403784439,0.),(0.,-1.,0.),(-0.258819045102523,-0.965925826289068,
0.),(0.,-1.,0.)),$,(5,1,2,9,6,13,10,19,14,21,20,25,22,23,26,17,24,15,18,
11,16,7,12,3,8,4),((1,2,3),(4,1,5),(6,4,7),(8,6,9),(10,8,11),(12,10,13),
(14,12,15),(16,14,17),(18,16,19),(20,18,21),(22,20,23),(24,22,25),(25,26,
24),(23,25,22),(21,23,20),(19,21,18),(17,19,16),(15,17,14),(13,15,12),(11,
13,10),(9,11,8),(7,9,6),(5,7,4),(3,5,1)),());
#2363=COMPLEX_TRIANGULATED_FACE($,#2567,10,((0.607692594477186,-0.126419383774622,
-0.784045821380123),(0.583269980145673,-0.212292911415418,-0.784045821380123),
(0.583269980145673,-0.212292911415418,-0.784045821380123),(0.546780348548183,
-0.293774403952925,-0.784045821380123),(0.546780348548183,-0.293774403952925,
-0.784045821380123),(0.500236103107842,-0.367472435869481,-0.784045821380123),
(0.503945459460285,-0.362368767784603,-0.784045821380123),(0.607692594477186,
-0.126419383774622,-0.784045821380123),(0.618970772925155,-0.0463393163609994,
-0.784045821380123),(0.619409815710529,-0.0400453515132231,-0.784045821380123)),
$,(2,3,7,4,9,8,10,6,5,1),((1,2,3),(2,4,5),(4,6,7),(1,8,9),(9,10,1),(7,5,
4),(5,3,2),(3,8,1)),());
#2364=COMPLEX_TRIANGULATED_FACE($,#2568,28,((0.675590207612191,-0.737277336813303,
0.),(0.675590207612191,-0.737277336813303,0.),(0.675590207612191,-0.737277336813303,
0.),(0.675590207612191,-0.737277336813303,0.),(0.675590207612191,-0.737277336813303,
0.),(0.675590207612191,-0.737277336813303,0.),(0.675590207612191,-0.737277336813303,
0.),(0.675590207612191,-0.737277336813303,0.),(0.675590207612191,-0.737277336813303,
0.),(0.675590207612191,-0.737277336813303,0.),(0.675590207612191,-0.737277336813303,
0.),(0.675590207612191,-0.737277336813303,0.),(0.675590207612191,-0.737277336813303,
0.),(0.675590207612191,-0.737277336813303,0.),(0.675590207612191,-0.737277336813303,
0.),(0.675590207612191,-0.737277336813303,0.),(0.675590207612191,-0.737277336813303,
0.),(0.675590207612191,-0.737277336813303,0.),(0.675590207612191,-0.737277336813303,
0.),(0.675590207612191,-0.737277336813303,0.),(0.675590207612191,-0.737277336813303,
0.),(0.675590207612191,-0.737277336813303,0.),(0.675590207612191,-0.737277336813303,
0.),(0.675590207612191,-0.737277336813303,0.),(0.675590207612191,-0.737277336813303,
0.),(0.675590207612191,-0.737277336813303,0.),(0.675590207612191,-0.737277336813303,
0.),(0.675590207612191,-0.737277336813303,0.)),$,(5,16,17,8,9,24,13,12,
21,20,19,22,14,11,10,7,15,18,26,28,23,3,1,6,27,2,25,4),((1,2,3),(1,4,5),
(6,7,8),(6,9,10),(1,11,12),(1,13,2),(5,14,1),(6,15,16),(6,17,7),(10,18,
6),(1,19,20),(12,21,1),(14,13,1),(6,22,23),(16,24,6),(18,17,6),(20,25,1),
(3,11,1),(23,26,6),(8,15,6),(21,19,1),(24,22,6),(27,28,1),(28,27,6),(26,
28,6),(25,27,1)),());
#2365=COMPLEX_TRIANGULATED_FACE($,#2569,128,((0.,0.,1.),(0.,0.,1.),(0.,
0.,1.),(0.,0.,1.),(0.,0.,1.),(0.,0.,1.),(0.,0.,1.),(0.,0.,1.),(0.,0.,1.),
(0.,0.,1.),(0.,0.,1.),(0.,0.,1.),(0.,0.,1.),(0.,0.,1.),(0.,0.,1.),(0.,0.,
1.),(0.,0.,1.),(0.,0.,1.),(0.,0.,1.),(0.,0.,1.),(0.,0.,1.),(0.,0.,1.),(0.,
0.,1.),(0.,0.,1.),(0.,0.,1.),(0.,0.,1.),(0.,0.,1.),(0.,0.,1.),(0.,0.,1.),
(0.,0.,1.),(0.,0.,1.),(0.,0.,1.),(0.,0.,1.),(0.,0.,1.),(0.,0.,1.),(0.,0.,
1.),(0.,0.,1.),(0.,0.,1.),(0.,0.,1.),(0.,0.,1.),(0.,0.,1.),(0.,0.,1.),(0.,
0.,1.),(0.,0.,1.),(0.,0.,1.),(0.,0.,1.),(0.,0.,1.),(0.,0.,1.),(0.,0.,1.),
(0.,0.,1.),(0.,0.,1.),(0.,0.,1.),(0.,0.,1.),(0.,0.,1.),(0.,0.,1.),(0.,0.,
1.),(0.,0.,1.),(0.,0.,1.),(0.,0.,1.),(0.,0.,1.),(0.,0.,1.),(0.,0.,1.),(0.,
0.,1.),(0.,0.,1.),(0.,0.,1.),(0.,0.,1.),(0.,0.,1.),(0.,0.,1.),(0.,0.,1.),
(0.,0.,1.),(0.,0.,1.),(0.,0.,1.),(0.,0.,1.),(0.,0.,1.),(0.,0.,1.),(0.,0.,
1.),(0.,0.,1.),(0.,0.,1.),(0.,0.,1.),(0.,0.,1.),(0.,0.,1.),(0.,0.,1.),(0.,
0.,1.),(0.,0.,1.),(0.,0.,1.),(0.,0.,1.),(0.,0.,1.),(0.,0.,1.),(0.,0.,1.),
(0.,0.,1.),(0.,0.,1.),(0.,0.,1.),(0.,0.,1.),(0.,0.,1.),(0.,0.,1.),(0.,0.,
1.),(0.,0.,1.),(0.,0.,1.),(0.,0.,1.),(0.,0.,1.),(0.,0.,1.),(0.,0.,1.),(0.,
0.,1.),(0.,0.,1.),(0.,0.,1.),(0.,0.,1.),(0.,0.,1.),(0.,0.,1.),(0.,0.,1.),
(0.,0.,1.),(0.,0.,1.),(0.,0.,1.),(0.,0.,1.),(0.,0.,1.),(0.,0.,1.),(0.,0.,
1.),(0.,0.,1.),(0.,0.,1.),(0.,0.,1.),(0.,0.,1.),(0.,0.,1.),(0.,0.,1.),(0.,
0.,1.),(0.,0.,1.),(0.,0.,1.),(0.,0.,1.),(0.,0.,1.),(0.,0.,1.)),$,(54,50,
55,46,42,47,38,43,35,39,45,75,79,74,83,87,82,91,86,80,76,73,72,69,59,58,
62,32,40,8,6,21,4,18,1,3,17,11,28,25,13,31,30,41,37,49,53,56,57,60,70,71,
67,97,89,94,90,84,85,77,64,66,51,20,33,36,14,29,10,23,16,2,5,19,15,34,44,
48,52,65,63,78,109,96,93,115,100,118,101,104,116,98,99,88,92,68,27,12,26,
7,22,9,24,61,102,117,119,103,121,123,108,125,111,128,126,112,114,95,81,
106,113,127,124,110,120,107,105,122),((1,2,3),(4,5,6),(5,7,8),(9,10,11),
(12,13,14),(15,16,17),(16,18,19),(20,21,22),(23,24,22),(25,26,27),(26,25,
1),(8,6,5),(28,29,8),(30,31,32),(31,33,34),(35,36,37),(38,39,40),(41,42,
39),(43,44,45),(44,43,9),(46,47,48),(49,50,48),(51,52,53),(52,51,12),(19,
17,16),(54,55,19),(56,57,58),(59,20,60),(22,21,23),(61,27,62),(3,26,1),
(2,4,63),(8,7,28),(64,65,66),(67,68,65),(69,30,70),(34,32,31),(71,72,35),
(36,73,74),(39,38,41),(75,76,42),(11,44,9),(10,77,78),(77,46,79),(48,47,
49),(80,53,81),(14,52,12),(13,15,82),(19,18,54),(83,84,85),(86,87,84),(88,
89,90),(91,92,89),(93,94,95),(94,93,56),(22,60,20),(96,62,24),(27,61,25),
(6,63,4),(97,66,29),(65,64,67),(98,69,99),(32,70,30),(72,71,34),(74,37,
36),(73,100,101),(102,40,101),(42,41,75),(103,45,76),(78,11,10),(48,79,
46),(104,81,50),(53,80,51),(17,82,15),(105,85,55),(84,83,86),(106,107,108),
(109,110,111),(110,112,113),(114,115,116),(89,88,91),(117,118,92),(58,94,
56),(57,59,119),(24,23,96),(63,3,2),(66,97,64),(68,67,98),(34,33,72),(101,
74,73),(40,102,38),(45,103,43),(50,49,104),(82,14,13),(85,105,83),(87,86,
106),(107,109,120),(113,111,110),(121,122,114),(115,123,124),(125,90,126),
(92,91,117),(127,95,118),(119,58,57),(62,96,61),(99,68,98),(37,71,35),(76,
75,103),(81,104,80),(108,87,106),(111,120,109),(122,121,113),(124,116,115),
(123,128,126),(90,125,88),(95,127,93),(29,28,97),(101,100,102),(55,54,105),
(113,112,122),(126,124,123),(118,117,127),(70,99,69),(120,108,107),(126,
128,125),(79,78,77),(60,119,59),(116,121,114)),());
#2366=COMPLEX_TRIANGULATED_FACE($,#2570,22,((0.329069230889817,0.421893554025747,
-0.844819075514461),(0.383053734529342,0.373564674601355,-0.844819075514461),
(0.334892733113476,0.41728597742397,-0.844819075514461),(0.346880108616045,
0.407375649607844,-0.844819075514461),(0.338261676472747,0.414559727755529,
-0.844819075514461),(0.35448658639313,0.400774237837511,-0.844819075514461),
(0.375255853962004,0.381397133856744,-0.844819075514461),(0.363253684141821,
0.392845377476032,-0.844819075514461),(0.36017279006216,0.395671948646516,
-0.844819075514461),(0.267526040791213,0.463368694610966,-0.844819075514461),
(0.329069230889817,0.421893554025747,-0.844819075514461),(0.20083592039314,
0.49592909042194,-0.844819075514461),(0.267526040791213,0.463368694610966,
-0.844819075514461),(0.142671679314795,0.515679669531763,-0.844819075514461),
(0.131989631271763,0.518516602322082,-0.844819075514461),(0.164826550497739,
0.509031372213843,-0.844819075514461),(0.159825887350239,0.510623555449218,
-0.844819075514461),(0.172604685635925,0.506446791028846,-0.844819075514461),
(0.182318219659387,0.503031605793437,-0.844819075514461),(0.193933890354031,
0.498668603201608,-0.844819075514461),(0.200835920393141,0.495929090421939,
-0.844819075514461),(0.158587234676486,0.511009607193991,-0.844819075514461)),
$,(2,1,5,4,3,6,8,10,9,11,7,13,12,22,19,18,20,17,16,15,14,21),((1,2,3),(2,
4,5),(2,6,4),(7,8,9),(9,2,7),(9,6,2),(5,3,2),(10,1,11),(12,10,13),(14,15,
16),(16,17,14),(15,18,16),(15,19,18),(15,20,19),(12,21,20),(20,15,12),(17,
22,14),(13,21,12),(11,13,10),(3,11,1)),());
#2367=COMPLEX_TRIANGULATED_FACE($,#2571,15,((0.,0.,1.),(0.,0.,1.),(0.,0.,
1.),(0.,0.,1.),(0.,0.,1.),(0.,0.,1.),(0.,0.,1.),(0.,0.,1.),(0.,0.,1.),(0.,
0.,1.),(0.,0.,1.),(0.,0.,1.),(0.,0.,1.),(0.,0.,1.),(0.,0.,1.)),$,(4,5,12,
3,1,7,11,14,10,8,9,13,15,6,2),((1,2,3),(4,5,6),(2,4,7),(2,8,3),(1,9,10),
(6,11,4),(7,12,2),(2,13,8),(10,14,1),(12,13,2),(14,15,1),(3,9,1),(11,7,
4)),());
#2368=COMPLEX_TRIANGULATED_FACE($,#2572,6,((0.,0.,-1.),(0.,0.,-1.),(0.,
0.,-1.),(0.,0.,-1.),(0.,0.,-1.),(0.,0.,-1.)),$,(4,1,3,5,2,6),((1,2,3),(3,
4,1),(2,5,3),(4,6,1)),());
#2369=COMPLEX_TRIANGULATED_FACE($,#2573,5,((0.,0.,-1.),(0.,0.,-1.),(0.,
0.,-1.),(0.,0.,-1.),(0.,0.,-1.)),$,(4,1,2,5,3),((1,2,3),(3,4,1),(3,5,4)),
());
#2370=COMPLEX_TRIANGULATED_FACE($,#2574,308,((0.,0.801775643112494,0.597625148493222),
(0.,0.629320388722418,0.777145963341678),(0.,0.417867070079165,0.90850817923861),
(0.,0.180519140137338,0.983571471751838),(0.,0.,1.),(0.,0.,1.),(0.,0.,1.),
(0.,0.,1.),(0.,0.,1.),(0.,0.,1.),(0.,0.,1.),(0.,0.,1.),(0.,0.,1.),(0.,0.,
1.),(0.,0.,1.),(0.,0.,1.),(0.,0.,1.),(0.,0.,1.),(0.,0.,1.),(0.,0.,1.),(0.,
0.,1.),(0.,0.,1.),(0.,0.,1.),(0.,0.,1.),(0.,0.,1.),(0.,0.,1.),(0.,0.,1.),
(0.,0.,1.),(0.,0.,1.),(0.,0.,1.),(0.,0.,1.),(0.,0.,1.),(0.,0.,1.),(0.,0.,
1.),(0.,0.,1.),(0.,0.,1.),(0.,0.,1.),(0.,0.,1.),(0.,0.,1.),(0.,0.,1.),(0.,
0.,1.),(0.,0.,1.),(0.,0.,1.),(0.,0.,1.),(0.,0.,1.),(0.,0.,1.),(0.,0.,1.),
(0.,0.,1.),(0.,-0.180519140137343,0.983571471751837),(0.,-0.41786707007917,
0.908508179238608),(0.,-0.629320388722421,0.777145963341675),(0.,-0.801775643112494,
0.597625148493222),(0.,-0.924546033310877,0.381070377081612),(0.,-0.978147600735959,
0.20791169080763),(0.0620709062167799,-0.976176178477502,0.20791169080763),
(0.13361349641214,-0.968978927738904,0.20791169080763),(0.204434075190433,
-0.956545575352552,0.207911690807631),(0.274149947181695,-0.93894330781245,
0.207911690807631),(0.342384386554482,-0.916267243040601,0.20791169080763),
(0.408768672740978,-0.888639916395326,0.207911690807631),(0.472944082903841,
-0.856210618523128,0.207911690807631),(0.534563830377974,-0.81915458863217,
0.20791169080763),(0.593294938612447,-0.777672067546704,0.207911690807631),
(0.648820040486265,-0.731987215659477,0.207911690807631),(0.700839093274976,
-0.682346901629238,0.207911690807632),(0.749071000000903,-0.629019368368859,
0.207911690807631),(0.793255128405644,-0.572292783532745,0.20791169080763),
(0.833152719336731,-0.512473682336295,0.207911690807631),(0.868548176937914,
-0.449885311122,0.207911690807631),(0.899250233671206,-0.3848658806231,
0.20791169080763),(0.925092983875246,-0.317766738363702,0.207911690807632),
(0.945936780274898,-0.248950470071202,0.207911690807631),(0.961668988597577,
-0.178788940360488,0.207911690807631),(0.972204596218588,-0.107661283277525,
0.20791169080763),(0.977486671546497,-0.0359518535608848,0.207911690807632),
(0.97748667166614,0.035951850307939,0.207911690807632),(0.972204596576871,
0.107661280042158,0.20791169080763),(0.961668989192563,0.178788937160181,
0.20791169080763),(0.945936781103372,0.248950466923249,0.20791169080763),
(0.925092984932732,0.317766735285115,0.207911690807631),(0.899250234951988,
0.384865877630515,0.207911690807631),(0.868548178435072,0.449885308231587,
0.207911690807631),(0.833152721042176,0.512473679563674,0.20791169080763),
(0.793255130310159,0.572292780892897,0.207911690807631),(0.749071002094196,
0.629019365876051,0.207911690807631),(0.700839095545735,0.682346899296939,
0.207911690807632),(0.648820042922221,0.731987213500291,0.207911690807632),
(0.593294941200436,0.777672065572297,0.207911690807631),(0.534563833104013,
0.819154586853212,0.207911690807632),(0.472944085753197,0.856210616949232,
0.207911690807631),(0.408768675698254,0.888639915034998,0.207911690807631),
(0.342384389603697,0.916267241901191,0.20791169080763),(0.274149950306374,
0.938943306900116,0.207911690807631),(0.204434078373689,0.956545574672222,
0.207911690807631),(0.133613499636773,0.968978927294255,0.20791169080763),
(0.,0.924546033310877,0.381070377081612),(0.0620709094653648,0.976176178270938,
0.207911690807631),(0.,0.978147600735959,0.20791169080763),(0.0114553132838025,
0.180155310089641,0.983571471751837),(0.0246586446125545,0.178827042702709,
0.983571471751837),(0.0570800169363327,0.413950190147433,0.908508179238609),
(0.0377287272544766,0.176532442048713,0.983571471751837),(0.0873347430286316,
0.408638631209374,0.908508179238609),(0.0505949339964286,0.173283907532759,
0.983571471751837),(0.117117535646644,0.40111889895716,0.908508179238609),
(0.0631877393158287,0.169098993362112,0.983571471751837),(0.146267456585175,
0.391431628002454,0.908508179238609),(0.0754390950778876,0.164000313687975,
0.983571471751837),(0.174626987507459,0.379629165753393,0.908508179238609),
(0.0872827982494366,0.158015420404696,0.983571471751837),(0.202042881131909,
0.365775289543272,0.908508179238609),(0.0986548486423221,0.15117665426674,
0.983571471751837),(0.228366989339229,0.349944861994978,0.908508179238609),
(0.109493794753218,0.143520970127939,0.983571471751837),(0.253457063725028,
0.332223426483496,0.908508179238609),(0.119741065831032,0.135089737247406,
0.983571471751837),(0.277177524271955,0.312706744882513,0.908508179238609),
(0.129341288377497,0.125928515741169,0.983571471751837),(0.299400191987674,
0.29150028009299,0.908508179238609),(0.138242585370673,0.116086810387559,
0.983571471751837),(0.320004981549671,0.268718626149997,0.908508179238609),
(0.146396856594425,0.105617803116691,0.983571471751837),(0.338880550214068,
0.244484888987352,0.908508179238609),(0.153760038559066,0.0945780656296134,
0.983571471751837),(0.35592489948187,0.218930021206248,0.908508179238609),
(0.160292342608604,0.0830272537000397,0.983571471751837),(0.371045926271439,
0.192192114442599,0.908508179238609),(0.165958469927949,0.0710277848105861,
0.983571471751837),(0.384161920618791,0.164415653156957,0.908508179238609),
(0.170727802288216,0.058644500865473,0.983571471751837),(0.395202007216271,
0.135750733879334,0.908508179238609),(0.174574567499408,0.0459443178023059,
0.983571471751837),(0.404106528403666,0.106352254127896,0.908508179238609),
(0.177477978676398,0.0329958639963365,0.983571471751837),(0.410827366542164,
0.0763790753844154,0.908508179238609),(0.179422346565671,0.0198691094111711,
0.983571471751837),(0.415328204029137,0.0459931646495311,0.908508179238609),
(0.180397164325831,0.0066349874998969,0.983571471751837),(0.417584719548708,
0.0153587192166129,0.908508179238609),(0.180397164303751,-0.00663498810023112,
0.983571471751837),(0.417584719497596,-0.0153587206062712,0.908508179238609),
(0.179422346499549,-0.0198691100082613,0.983571471751837),(0.415328203876079,
-0.04599316603168,0.908508179238609),(0.177477978566593,-0.0329958645869561,
0.983571471751837),(0.410827366287986,-0.0763790767515863,0.908508179238609),
(0.174574567346513,-0.0459443183832634,0.983571471751837),(0.404106528049742,
-0.106352255472701,0.908508179238609),(0.170727802093056,-0.058644501433629,
0.983571471751837),(0.395202006764513,-0.135750735194506,0.908508179238609),
(0.165958469691579,-0.0710277853628705,0.983571471751837),(0.384161920071641,
-0.16441565443539,0.908508179238609),(0.160292342332302,-0.0830272542334682,
0.983571471751837),(0.371045925631853,-0.192192115677383,0.908508179238609),
(0.153760038244324,-0.0945780661413032,0.983571471751837),(0.355924898753304,
-0.218930022390712,0.908508179238609),(0.146396856242945,-0.105617803603877,
0.983571471751837),(0.33888054940046,-0.244484890115095,0.908508179238609),
(0.138242584984354,-0.116086810847609,0.983571471751837),(0.320004980655417,
-0.268718627214925,0.908508179238609),(0.129341287958427,-0.125928516171597,
0.983571471751837),(0.299400191017605,-0.291500281089348,0.908508179238609),
(0.119741065381474,-0.135089737645886,0.983571471751837),(0.277177523231315,
-0.312706745804917,0.908508179238609),(0.109493794275603,-0.143520970492318,
0.983571471751837),(0.253457062619439,-0.332223427326962,0.908508179238609),
(0.0986548481392293,-0.151176654595048,0.983571471751837),(0.228366988174666,
-0.349944862754948,0.908508179238609),(0.0872827977235854,-0.15801542069516,
0.983571471751837),(0.202042879914665,-0.36577529021564,0.908508179238609),
(0.0754390945321196,-0.164000313939025,0.983571471751837),(0.174626986244111,
-0.379629166334525,0.908508179238609),(0.0631877387530931,-0.169098993572391,
0.983571471751837),(0.14626745528255,-0.39143162848921,0.908508179238609),
(0.0505949334197662,-0.173283907701131,0.983571471751837),(0.117117534311781,
-0.40111889934691,0.908508179238609),(0.0377287266670036,-0.176532442174268,
0.983571471751837),(0.0873347416687446,-0.40863863150001,0.908508179238609),
(0.0246586440174455,-0.178827042784769,0.983571471751837),(0.0570800155587696,
-0.413950190337386,0.908508179238609),(0.0114553126842731,-0.180155310127762,
0.983571471751837),(0.0265168443887783,-0.417024873622916,0.908508179238609),
(0.0265168457765735,0.417024873534672,0.908508179238609),(0.0859642240769284,
0.623421449615416,0.777145963341678),(0.131528752484225,0.615422081933756,
0.777145963341678),(0.176382534870225,0.604097138757078,0.777145963341678),
(0.220283193452364,0.589507817033976,0.777145963341678),(0.262993500872894,
0.571732953537186,0.777145963341678),(0.30428266211176,0.550868598850865,
0.777145963341678),(0.343927561640845,0.52702749833905,0.777145963341678),
(0.381713969080305,0.500338482900021,0.777145963341678),(0.417437696841957,
0.470945772798755,0.777145963341678),(0.450905703504113,0.439008198339388,
0.777145963341678),(0.481937136955529,0.404698341588944,0.777145963341678),
(0.510364311671604,0.368201603790239,0.777145963341678),(0.536033614841872,
0.329715203503403,0.777145963341678),(0.558806336452338,0.289447110889798,
0.777145963341678),(0.578559418837109,0.247614923897171,0.777145963341678),
(0.595186121648936,0.204444692418837,0.777145963341678),(0.608596598655359,
0.160169696780827,0.777145963341678),(0.618718383243598,0.115029187157707,
0.777145963341678),(0.625496780010642,0.0692670907289569,0.777145963341678),
(0.628895160322508,0.0231306935620606,0.777145963341678),(0.628895160245532,
-0.0231306956549277,0.777145963341678),(0.625496779780132,-0.0692670928105149,
0.777145963341678),(0.618718382860798,-0.115029189216707,0.777145963341678),
(0.608596598122339,-0.160169698806143,0.777145963341678),(0.595186120968575,
-0.204444694399526,0.777145963341678),(0.578559418013084,-0.247614925822528,
0.777145963341678),(0.558806335489102,-0.28944711274942,0.777145963341678),
(0.53603361374463,-0.329715205287241,0.777145963341678),(0.510364310446285,
-0.368201605488654,0.777145963341678),(0.481937135608755,-0.404698343192758,
0.777145963341678),(0.45090570204316,-0.439008199839934,0.777145963341678),
(0.417437695274722,-0.470945774187924,0.777145963341678),(0.381713967415255,
-0.500338484170307,0.777145963341678),(0.343927559886977,-0.527027499483589,
0.777145963341678),(0.304282660278553,-0.550868599863471,0.777145963341678),
(0.262993498970254,-0.571732954412388,0.777145963341678),(0.220283191490572,
-0.589507817767044,0.777145963341678),(0.176382532859882,-0.604097139344052,
0.777145963341678),(0.131528750436194,-0.615422082371463,0.777145963341678),
(0.085964222002277,-0.623421449901491,0.777145963341678),(0.039935166021281,
-0.628052015502368,0.777145963341678),(0.0399351681113423,0.628052015369471,
0.777145963341678),(0.109521353954332,0.794260193460848,0.597625148493222),
(0.167572117478842,0.784068726153589,0.597625148493222),(0.224717366326684,
0.769640362220988,0.597625148493222),(0.280648302934685,0.751053068663151,
0.597625148493222),(0.335062691556587,0.728407286217889,0.597625148493222),
(0.387666491463774,0.701825386605972,0.597625148493222),(0.43817544586233,
0.671451011267242,0.597625148493222),(0.486316617940337,0.637448295160891,
0.597625148493222),(0.531829865745039,0.600000979824257,0.597625148493222),
(0.57446924792002,0.559311420482955,0.597625148493222),(0.614004352706187,
0.515599492577631,0.597625148493222),(0.650221543024973,0.469101403616188,
0.597625148493222),(0.682925110915682,0.420068416771909,0.597625148493222),
(0.711938335088698,0.368765493124813,0.597625148493222),(0.737104435879832,
0.315469859883205,0.597625148493222),(0.758287422445476,0.260469512322365,
0.597625148493222),(0.775372827620571,0.204061657535498,0.597625148493222),
(0.788268326468393,0.146551108406497,0.597625148493222),(0.796904235179695,
0.0882486364830573,0.597625148493222),(0.801233887625278,0.0294692926507729,
0.597625148493222),(0.801233887527209,-0.0294692953171572,0.597625148493222),
(0.796904234886017,-0.0882486391350331,0.597625148493222),(0.788268325980693,
-0.146551111029734,0.597625148493222),(0.775372826941484,-0.204061660115821,
0.597625148493222),(0.758287421578673,-0.26046951484583,0.597625148493222),
(0.737104434829996,-0.315469862336176,0.597625148493222),(0.711938333861503,
-0.368765495494035,0.597625148493222),(0.682925109517758,-0.420068419044579,
0.597625148493222),(0.650221541463875,-0.469101405780026,0.597625148493222),
(0.61400435099035,-0.515599494620944,0.597625148493222),(0.574469246058717,
-0.559311422394701,0.597625148493222),(0.531829863748327,-0.600000981594105,
0.597625148493222),(0.486316615819007,-0.637448296779278,0.597625148493222),
(0.438175443627844,-0.671451012725423,0.597625148493222),(0.387666489128206,
-0.701825387896066,0.597625148493222),(0.335062689132558,-0.728407287332926,
0.597625148493222),(0.280648300435295,-0.751053069597105,0.597625148493222),
(0.224717363765438,-0.769640362968812,0.597625148493222),(0.16757211486958,
-0.784068726711243,0.597625148493222),(0.109521351311155,-0.794260193825318,
0.597625148493222),(0.0508787638114167,-0.800159692362391,0.597625148493222),
(0.0508787664742262,0.800159692193074,0.597625148493222),(0.12629160567691,
0.915879794539886,0.381070377081613),(0.193231283388874,0.904127777933388,
0.381070377081613),(0.259126791189206,0.887490097859611,0.381070377081613),
(0.323622047467569,0.866056659869188,0.381070377081613),(0.386368537196438,
0.839943284499353,0.381070377081613),(0.447027195212625,0.809291081410891,
0.381070377081613),(0.505270238434272,0.774265686869469,0.381070377081613),
(0.560782937112515,0.735056368691774,0.381070377081613),(0.613265315546437,
0.69187500349312,0.381070377081613),(0.662433773071124,0.644954931763166,
0.381070377081613),(0.708022616559417,0.594549696956641,0.381070377081613),
(0.749785496156148,0.540931675412668,0.381070377081613),(0.787496736486537,
0.48439060450625,0.381070377081613),(0.820952556145252,0.425232016985379,
0.381070377081613),(0.849972168876341,0.3637755899542,0.381070377081613),
(0.874398760493562,0.300353417423873,0.381070377081613),(0.894100336262092,
0.235308215765812,0.381070377081613),(0.908970434162592,0.168991471764538,
0.381070377081613),(0.918928700183339,0.101761543277583,0.381070377081613),
(0.923921322531704,0.0339817227659618,0.381070377081613),(0.923921322418618,
-0.0339817258406311,0.381070377081613),(0.918928699844692,-0.101761546335638,
0.381070377081613),(0.908970433600214,-0.168991474789453,0.381070377081613),
(0.894100335479022,-0.235308218741242,0.381070377081613),(0.874398759494031,
-0.300353420333739,0.381070377081613),(0.849972167665751,-0.363775592782777,
0.381070377081613),(0.820952554730144,-0.425232019717383,0.381070377081613),
(0.787496734874559,-0.484390607126919,0.381070377081613),(0.749785494356009,
-0.540931677907839,0.381070377081613),(0.708022614580846,-0.594549699312832,
0.381070377081613),(0.662433770924813,-0.644954933967645,0.381070377081613),
(0.613265313243983,-0.691875005533974,0.381070377081613),(0.560782934666359,
-0.735056370557974,0.381070377081613),(0.505270235857634,-0.774265688550931,
0.381070377081613),(0.447027192519428,-0.809291082898529,0.381070377081613),
(0.386368534401235,-0.839943285785128,0.381070377081613),(0.323622044585465,
-0.866056660946153,0.381070377081613),(0.259126788235775,-0.887490098721945,
0.381070377081613),(0.193231280380075,-0.904127778576431,0.381070377081613),
(0.126291602629002,-0.915879794960165,0.381070377081613),(0.0586694790066182,
-0.922682643135747,0.381070377081613),(0.0586694820771653,0.922682642940504,
0.381070377081613)),$,(298,299,300,301,302,293,279,265,251,237,223,209,
195,181,167,153,139,125,115,103,91,77,69,57,49,43,44,50,58,70,78,92,104,
116,126,140,154,168,182,196,210,224,238,252,266,280,294,303,304,305,306,
307,308,295,282,268,254,240,226,212,198,184,170,156,142,128,112,96,82,64,
46,26,14,6,2,1,5,13,25,45,63,81,95,111,127,141,155,169,183,197,211,225,
239,253,267,297,281,296,291,277,275,263,261,249,247,235,233,221,219,207,
205,193,191,179,177,165,163,151,149,137,135,123,121,109,107,97,93,85,79,
73,65,61,53,51,37,39,31,35,23,36,24,40,32,52,38,62,54,74,66,86,80,98,94,
110,108,124,122,138,136,152,150,166,164,180,178,194,192,208,206,222,220,
236,234,250,248,264,262,278,276,292,290,289,273,259,245,231,217,203,189,
175,161,147,133,119,105,89,75,59,41,27,19,15,16,20,28,42,60,76,90,106,120,
134,148,162,176,190,204,218,232,246,260,274,288,287,271,257,243,229,215,
201,187,173,159,145,131,117,101,87,71,55,33,21,11,9,10,12,22,34,56,72,88,
102,118,132,146,160,174,188,202,216,230,244,258,272,286,285,269,255,241,
227,213,199,185,171,157,143,129,113,99,83,67,47,29,17,7,3,4,8,18,30,48,
68,84,100,114,130,144,158,172,186,200,214,228,242,256,270,284,283),((99,
100,101),(100,102,103),(102,104,105),(104,106,107),(106,108,109),(108,110,
111),(110,112,113),(112,114,115),(114,116,117),(116,118,119),(118,120,121),
(120,122,123),(122,124,125),(124,126,127),(126,128,129),(128,130,131),(130,
132,133),(132,134,135),(134,136,137),(136,138,139),(138,140,141),(140,142,
143),(142,144,145),(144,146,147),(146,148,149),(148,150,151),(150,152,153),
(152,154,155),(154,156,157),(156,158,159),(158,160,161),(160,162,163),(162,
164,165),(164,166,167),(166,168,169),(168,170,171),(170,172,173),(172,174,
175),(174,176,177),(176,178,179),(178,180,181),(182,101,183),(101,103,184),
(103,105,185),(105,107,186),(107,109,187),(109,111,188),(111,113,189),(113,
115,190),(115,117,191),(117,119,192),(119,121,193),(121,123,194),(123,125,
195),(125,127,196),(127,129,197),(129,131,198),(131,133,199),(133,135,200),
(135,137,201),(137,139,202),(139,141,203),(141,143,204),(143,145,205),(145,
147,206),(147,149,207),(149,151,208),(151,153,209),(153,155,210),(155,157,
211),(157,159,212),(159,161,213),(161,163,214),(163,165,215),(165,167,216),
(167,169,217),(169,171,218),(171,173,219),(173,175,220),(175,177,221),(177,
179,222),(179,181,223),(224,183,225),(183,184,226),(184,185,227),(185,186,
228),(186,187,229),(187,188,230),(188,189,231),(189,190,232),(190,191,233),
(191,192,234),(192,193,235),(193,194,236),(194,195,237),(195,196,238),(196,
197,239),(197,198,240),(198,199,241),(199,200,242),(200,201,243),(201,202,
244),(202,203,245),(203,204,246),(204,205,247),(205,206,248),(206,207,249),
(207,208,250),(208,209,251),(209,210,252),(210,211,253),(211,212,254),(212,
213,255),(213,214,256),(214,215,257),(215,216,258),(216,217,259),(217,218,
260),(218,219,261),(219,220,262),(220,221,263),(221,222,264),(222,223,265),
(266,225,267),(225,226,268),(226,227,269),(227,228,270),(228,229,271),(229,
230,272),(230,231,273),(231,232,274),(232,233,275),(233,234,276),(234,235,
277),(235,236,278),(236,237,279),(237,238,280),(238,239,281),(239,240,282),
(240,241,283),(241,242,284),(242,243,285),(243,244,286),(244,245,287),(245,
246,288),(246,247,289),(247,248,290),(248,249,291),(249,250,292),(250,251,
293),(251,252,294),(252,253,295),(253,254,296),(254,255,297),(255,256,298),
(256,257,299),(257,258,300),(258,259,301),(259,260,302),(260,261,303),(261,
262,304),(262,263,305),(263,264,306),(264,265,307),(1,266,308),(2,224,266),
(3,182,224),(4,99,182),(5,6,99),(6,7,100),(7,8,102),(8,9,104),(9,10,106),
(10,11,108),(11,12,110),(12,13,112),(13,14,114),(14,15,116),(15,16,118),
(16,17,120),(17,18,122),(18,19,124),(19,20,126),(20,21,128),(21,22,130),
(22,23,132),(23,24,134),(24,25,136),(25,26,138),(26,27,140),(27,28,142),
(28,29,144),(29,30,146),(30,31,148),(31,32,150),(32,33,152),(33,34,154),
(34,35,156),(35,36,158),(36,37,160),(37,38,162),(38,39,164),(39,40,166),
(40,41,168),(41,42,170),(42,43,172),(43,44,174),(44,45,176),(45,46,178),
(46,47,180),(47,48,49),(180,49,50),(181,50,51),(223,51,52),(265,52,53),
(54,55,307),(306,307,55),(305,306,56),(304,305,57),(303,304,58),(302,303,
59),(301,302,60),(300,301,61),(299,300,62),(298,299,63),(297,298,64),(296,
297,65),(295,296,66),(294,295,67),(293,294,68),(292,293,69),(291,292,70),
(290,291,71),(289,290,72),(288,289,73),(287,288,74),(286,287,75),(285,286,
76),(284,285,77),(283,284,78),(282,283,79),(281,282,80),(280,281,81),(279,
280,82),(278,279,83),(277,278,84),(276,277,85),(275,276,86),(274,275,87),
(273,274,88),(272,273,89),(271,272,90),(270,271,91),(269,270,92),(268,269,
93),(267,268,94),(308,267,95),(96,308,97),(97,98,96),(95,97,308),(94,95,
267),(93,94,268),(92,93,269),(91,92,270),(90,91,271),(89,90,272),(88,89,
273),(87,88,274),(86,87,275),(85,86,276),(84,85,277),(83,84,278),(82,83,
279),(81,82,280),(80,81,281),(79,80,282),(78,79,283),(77,78,284),(76,77,
285),(75,76,286),(74,75,287),(73,74,288),(72,73,289),(71,72,290),(70,71,
291),(69,70,292),(68,69,293),(67,68,294),(66,67,295),(65,66,296),(64,65,
297),(63,64,298),(62,63,299),(61,62,300),(60,61,301),(59,60,302),(58,59,
303),(57,58,304),(56,57,305),(55,56,306),(307,53,54),(53,307,265),(52,265,
223),(51,223,181),(50,181,180),(49,180,47),(180,178,46),(178,176,45),(176,
174,44),(174,172,43),(172,170,42),(170,168,41),(168,166,40),(166,164,39),
(164,162,38),(162,160,37),(160,158,36),(158,156,35),(156,154,34),(154,152,
33),(152,150,32),(150,148,31),(148,146,30),(146,144,29),(144,142,28),(142,
140,27),(140,138,26),(138,136,25),(136,134,24),(134,132,23),(132,130,22),
(130,128,21),(128,126,20),(126,124,19),(124,122,18),(122,120,17),(120,118,
16),(118,116,15),(116,114,14),(114,112,13),(112,110,12),(110,108,11),(108,
106,10),(106,104,9),(104,102,8),(102,100,7),(100,99,6),(99,4,5),(182,3,
4),(224,2,3),(266,1,2),(308,96,1),(307,306,264),(306,305,263),(305,304,
262),(304,303,261),(303,302,260),(302,301,259),(301,300,258),(300,299,257),
(299,298,256),(298,297,255),(297,296,254),(296,295,253),(295,294,252),(294,
293,251),(293,292,250),(292,291,249),(291,290,248),(290,289,247),(289,288,
246),(288,287,245),(287,286,244),(286,285,243),(285,284,242),(284,283,241),
(283,282,240),(282,281,239),(281,280,238),(280,279,237),(279,278,236),(278,
277,235),(277,276,234),(276,275,233),(275,274,232),(274,273,231),(273,272,
230),(272,271,229),(271,270,228),(270,269,227),(269,268,226),(268,267,225),
(267,308,266),(265,264,222),(264,263,221),(263,262,220),(262,261,219),(261,
260,218),(260,259,217),(259,258,216),(258,257,215),(257,256,214),(256,255,
213),(255,254,212),(254,253,211),(253,252,210),(252,251,209),(251,250,208),
(250,249,207),(249,248,206),(248,247,205),(247,246,204),(246,245,203),(245,
244,202),(244,243,201),(243,242,200),(242,241,199),(241,240,198),(240,239,
197),(239,238,196),(238,237,195),(237,236,194),(236,235,193),(235,234,192),
(234,233,191),(233,232,190),(232,231,189),(231,230,188),(230,229,187),(229,
228,186),(228,227,185),(227,226,184),(226,225,183),(225,266,224),(223,222,
179),(222,221,177),(221,220,175),(220,219,173),(219,218,171),(218,217,169),
(217,216,167),(216,215,165),(215,214,163),(214,213,161),(213,212,159),(212,
211,157),(211,210,155),(210,209,153),(209,208,151),(208,207,149),(207,206,
147),(206,205,145),(205,204,143),(204,203,141),(203,202,139),(202,201,137),
(201,200,135),(200,199,133),(199,198,131),(198,197,129),(197,196,127),(196,
195,125),(195,194,123),(194,193,121),(193,192,119),(192,191,117),(191,190,
115),(190,189,113),(189,188,111),(188,187,109),(187,186,107),(186,185,105),
(185,184,103),(184,183,101),(183,224,182),(181,179,178),(179,177,176),(177,
175,174),(175,173,172),(173,171,170),(171,169,168),(169,167,166),(167,165,
164),(165,163,162),(163,161,160),(161,159,158),(159,157,156),(157,155,154),
(155,153,152),(153,151,150),(151,149,148),(149,147,146),(147,145,144),(145,
143,142),(143,141,140),(141,139,138),(139,137,136),(137,135,134),(135,133,
132),(133,131,130),(131,129,128),(129,127,126),(127,125,124),(125,123,122),
(123,121,120),(121,119,118),(119,117,116),(117,115,114),(115,113,112),(113,
111,110),(111,109,108),(109,107,106),(107,105,104),(105,103,102),(103,101,
100),(101,182,99)),());
#2371=COMPLEX_TRIANGULATED_FACE($,#2575,4,((0.737277336813303,0.675590207612191,
0.),(0.737277336813303,0.675590207612191,0.),(0.737277336813303,0.675590207612191,
0.),(0.737277336813303,0.675590207612191,0.)),$,(1,2,4,3),((1,2,3),(3,4,
1)),());
#2372=COMPLEX_TRIANGULATED_FACE($,#2576,4,((0.469552377836659,0.256517633119176,
-0.844819074338923),(0.469552377836659,0.256517633119176,-0.844819074338923),
(0.440765350799716,0.303325958611405,-0.844819074338923),(0.434405972397055,
0.312365463486112,-0.844819074338923)),$,(1,3,4,2),((1,2,3),(3,4,1)),());
#2373=COMPLEX_TRIANGULATED_FACE($,#2577,10,((-0.194363898155901,0.589486912442934,
-0.784045824650664),(-0.107783935132663,0.611273071691513,-0.784045824650664),
(-0.107783935132663,0.611273071691513,-0.784045824650664),(-0.0189740774634695,
0.620412869976333,-0.784045824650664),(-0.0189740774634695,0.620412869976333,
-0.784045824650664),(-0.194363898155901,0.589486912442933,-0.784045824650664),
(-0.269354359475327,0.55921406802717,-0.784045824650664),(0.06812241268864,
0.616953387005322,-0.784045824650664),(0.0618478282769646,0.617613949798159,
-0.784045824650664),(-0.275024614385259,0.556447307775048,-0.784045824650664)),
$,(8,6,5,4,3,7,9,1,2,10),((1,2,3),(2,4,5),(1,6,7),(4,8,9),(9,5,4),(7,10,
1),(5,3,2),(3,6,1)),());
#2374=COMPLEX_TRIANGULATED_FACE($,#2578,80,((-0.104528463267654,-0.994521895368273,
0.),(0.,-1.,0.),(0.,-1.,0.),(-0.20791169081776,-0.978147600733806,0.),(-0.104528463267654,
-0.994521895368273,0.),(-0.309016994374948,-0.951056516295154,0.),(-0.20791169081776,
-0.978147600733806,0.),(-0.406736643075801,-0.913545457642601,0.),(-0.309016994374948,
-0.951056516295154,0.),(-0.669130606358859,-0.743144825477394,0.),(-0.587785252292473,
-0.809016994374947,0.),(-0.587785252292473,-0.809016994374947,0.),(-0.743144825477395,
-0.669130606358858,0.),(-0.669130606358859,-0.743144825477394,0.),(-0.809016994374948,
-0.587785252292473,0.),(-0.743144825477395,-0.669130606358858,0.),(-0.866025403784439,
-0.499999999999999,0.),(-0.809016994374948,-0.587785252292473,0.),(-0.913545457642601,
-0.4067366430758,0.),(-0.877582561894354,-0.479425538596916,0.),(-0.866025403784439,
-0.499999999999999,0.),(-0.978147600733806,-0.207911690817759,0.),(-0.951056516295154,
-0.309016994374947,0.),(-0.951056516295154,-0.309016994374947,0.),(-0.994521895368273,
-0.104528463267653,0.),(-0.978147600733806,-0.207911690817759,0.),(-1.,
0.,0.),(-0.994521895368273,-0.104528463267653,0.),(-0.994521895368273,0.104528463267654,
0.),(-1.,0.,0.),(-0.978147600733806,0.20791169081776,0.),(-0.994521895368273,
0.104528463267654,0.),(-0.951056516295154,0.309016994374948,0.),(-0.978147600733806,
0.20791169081776,0.),(-0.866025403784438,0.5,0.),(-0.913545457642601,0.406736643075801,
0.),(-0.913545457642601,0.406736643075801,0.),(-0.809016994374947,0.587785252292473,
0.),(-0.866025403784438,0.5,0.),(-0.743144825477394,0.669130606358859,0.),
(-0.809016994374947,0.587785252292473,0.),(-0.669130606358858,0.743144825477395,
0.),(-0.743144825477394,0.669130606358859,0.),(-0.587785252292473,0.809016994374948,
0.),(-0.669130606358858,0.743144825477395,0.),(-0.309016994374947,0.951056516295154,
0.),(-0.4067366430758,0.913545457642601,0.),(-0.4067366430758,0.913545457642601,
0.),(-0.207911690817759,0.978147600733806,0.),(-0.309016994374947,0.951056516295154,
0.),(-0.104528463267653,0.994521895368273,0.),(-0.207911690817759,0.978147600733806,
0.),(0.,1.,0.),(-0.104528463267653,0.994521895368273,0.),(-0.5,-0.866025403784438,
0.),(-0.470690246449812,-0.882298527652073,0.),(-0.406736643075801,-0.913545457642601,
0.),(-0.470690246449812,-0.882298527652073,0.),(-0.52874781539362,-0.848778974596139,
0.),(-0.5,-0.866025403784438,0.),(-0.950628934028714,-0.310329872534744,
0.),(-0.927700209321539,-0.373326025914044,0.),(-0.939692620795807,-0.342020143298474,
0.),(-0.913545457642601,-0.4067366430758,0.),(-0.927700209321539,-0.373326025914044,
0.),(-0.927700209360235,0.373326025817885,0.),(-0.950628934035307,0.31032987251455,
0.),(-0.951056516295154,0.309016994374948,0.),(-0.950628934035307,0.31032987251455,
0.),(-0.499999999999999,0.866025403784439,0.),(-0.528747815443765,0.848778974564902,
0.),(-0.587785252292473,0.809016994374948,0.),(-0.528747815443765,0.848778974564902,
0.),(-0.47069024640341,0.882298527676827,0.),(-0.499999999999999,0.866025403784439,
0.),(-0.47069024640341,0.882298527676827,0.),(-0.927700209360235,0.373326025817885,
0.),(-0.950628934028714,-0.310329872534744,0.),(-0.52874781539362,-0.848778974596139,
0.),(0.,1.,0.)),$,(8,4,3,12,7,16,11,20,15,40,36,35,44,39,48,43,52,47,57,
53,51,74,70,69,78,73,80,77,76,79,72,75,68,71,50,55,54,46,49,42,45,38,41,
34,37,14,18,17,10,13,6,9,2,5,28,24,19,23,30,27,63,59,62,56,58,61,66,67,
65,26,32,33,31,22,25,21,60,64,29,1),((1,2,3),(4,1,5),(6,4,7),(8,6,9),(10,
11,12),(13,10,14),(15,13,16),(17,15,18),(19,17,20),(17,21,20),(22,23,24),
(25,22,26),(27,25,28),(29,27,30),(31,29,32),(33,31,34),(35,36,37),(38,35,
39),(40,38,41),(42,40,43),(44,42,45),(46,47,48),(49,46,50),(51,49,52),(53,
51,54),(55,8,56),(57,58,56),(56,8,57),(12,11,59),(55,60,59),(59,11,55),
(24,23,61),(23,19,62),(62,63,23),(64,65,62),(62,19,64),(63,61,23),(37,36,
66),(33,67,66),(66,36,33),(68,69,67),(67,33,68),(70,44,71),(72,73,71),(71,
44,72),(48,47,74),(70,75,74),(74,47,70),(74,76,48),(71,75,70),(66,77,37),
(61,78,24),(59,79,12),(56,60,55),(54,80,53),(52,54,51),(50,52,49),(48,50,
46),(45,72,44),(43,45,42),(41,43,40),(39,41,38),(37,39,35),(34,68,33),(32,
34,31),(30,32,29),(28,30,27),(26,28,25),(24,26,22),(20,64,19),(18,21,17),
(16,18,15),(14,16,13),(12,14,10),(9,57,8),(7,9,6),(5,7,4),(3,5,1)),());
#2375=COMPLEX_TRIANGULATED_FACE($,#2579,9,((0.342020143298474,-0.939692620795807,
0.),(0.342020143298474,-0.939692620795807,0.),(0.342020143298474,-0.939692620795807,
0.),(0.342020143298474,-0.939692620795807,0.),(0.342020143298474,-0.939692620795807,
0.),(0.342020143298474,-0.939692620795807,0.),(0.342020143298474,-0.939692620795807,
0.),(0.342020143298474,-0.939692620795807,0.),(0.342020143298474,-0.939692620795807,
0.)),$,(3,1,4,6,7,8,2,5,9),((1,2,3),(3,4,1),(5,6,4),(1,7,2),(4,8,5),(6,
9,4),(3,8,4)),());
#2376=COMPLEX_TRIANGULATED_FACE($,#2580,9,((0.642787609703783,0.766044443104509,
0.),(0.642787609703783,0.766044443104509,0.),(0.642787609703783,0.766044443104509,
0.),(0.642787609703783,0.766044443104509,0.),(0.642787609703783,0.766044443104509,
0.),(0.642787609703783,0.766044443104509,0.),(0.642787609703783,0.766044443104509,
0.),(0.642787609703783,0.766044443104509,0.),(0.642787609703783,0.766044443104509,
0.)),$,(7,8,6,4,1,2,9,5,3),((1,2,3),(3,4,1),(5,6,4),(1,7,2),(4,8,5),(6,
9,4),(3,8,4)),());
#2377=COMPLEX_TRIANGULATED_FACE($,#2581,6,((-0.904198953570439,-0.427111522160341,
0.),(-0.877582561866742,-0.479425538647458,0.),(-0.877582561866742,-0.479425538647458,
0.),(-0.927700209321539,-0.373326025914044,0.),(-0.904198953570439,-0.427111522160341,
0.),(-0.927700209321539,-0.373326025914044,0.)),$,(4,2,1,6,3,5),((1,2,3),
(4,1,5),(5,6,4),(3,5,1)),());
#2378=COMPLEX_TRIANGULATED_FACE($,#2582,10,((-0.0189740774523593,-0.620412869730085,
-0.784045824845788),(-0.107783935067954,-0.611273071452649,-0.784045824845788),
(-0.107783935067954,-0.611273071452649,-0.784045824845788),(-0.194363898039861,
-0.58948691222167,-0.784045824845788),(-0.194363898039861,-0.58948691222167,
-0.784045824845788),(-0.0189740774523592,-0.620412869730085,-0.784045824845788),
(0.0618478282636214,-0.617613949551791,-0.784045824845788),(-0.275024614223028,
-0.556447307580298,-0.784045824845788),(-0.269354359302124,-0.559214067837023,
-0.784045824845788),(0.0681224126470284,-0.616953386761947,-0.784045824845788)),
$,(4,6,5,8,7,3,2,10,9,1),((1,2,3),(2,4,5),(1,6,7),(4,8,9),(9,5,4),(7,10,
1),(5,3,2),(3,6,1)),());
#2379=COMPLEX_TRIANGULATED_FACE($,#2583,22,((0.200835920321093,-0.495929090341285,
-0.844819075578934),(0.13198963121482,-0.51851660223153,-0.844819075578934),
(0.193933890317133,-0.49866860310673,-0.844819075578934),(0.179357607764297,
-0.504094810601164,-0.844819075578934),(0.189888417399158,-0.500223068715946,
-0.844819075578934),(0.169837378201346,-0.507381507845574,-0.844819075578934),
(0.142671679374229,-0.515679669409695,-0.844819075578934),(0.158587234631888,
-0.511009607101242,-0.844819075578934),(0.162575564198935,-0.509754760118386,
-0.844819075578934),(0.267526040705452,-0.463368694542931,-0.844819075578934),
(0.200835920321093,-0.495929090341286,-0.844819075578934),(0.329069230792512,
-0.421893553972539,-0.844819075578934),(0.267526040705452,-0.463368694542931,
-0.844819075578934),(0.375255854269573,-0.381397133411315,-0.844819075578934),
(0.383053734423185,-0.373564674564402,-0.844819075578934),(0.358420824983661,
-0.397259665402853,-0.844819075578934),(0.362300027403841,-0.393725055947842,
-0.844819075578934),(0.352293444473702,-0.402703437431082,-0.844819075578934),
(0.344479040084798,-0.409408012232554,-0.844819075578934),(0.334892733006513,
-0.417285977379283,-0.844819075578934),(0.329069230792512,-0.421893553972539,
-0.844819075578934),(0.363253684047307,-0.392845377424776,-0.844819075578934)),
$,(13,20,15,17,16,18,22,21,19,11,14,2,12,8,1,7,9,5,3,4,6,10),((1,2,3),(2,
4,5),(2,6,4),(7,8,9),(9,2,7),(9,6,2),(5,3,2),(10,1,11),(12,10,13),(14,15,
16),(16,17,14),(15,18,16),(15,19,18),(15,20,19),(12,21,20),(20,15,12),(17,
22,14),(13,21,12),(11,13,10),(3,11,1)),());
#2380=COMPLEX_TRIANGULATED_FACE($,#2584,10,((0.523269604091948,-0.111667588468602,
-0.844819075967785),(0.502784491780721,-0.182998589354507,-0.844819075967785),
(0.502784491780721,-0.182998589354507,-0.844819075967785),(0.47262631465462,
-0.250808882571829,-0.844819075967785),(0.47262631465462,-0.250808882571829,
-0.844819075967785),(0.434405970271086,-0.312365462037295,-0.844819075967786),
(0.440765348649316,-0.303325957199486,-0.844819075967786),(0.523269604091948,
-0.111667588468602,-0.844819075967785),(0.532620013034918,-0.0509573409394593,
-0.844819075967786),(0.533558928262036,-0.0399449490274397,-0.844819075967786)),
$,(2,3,8,4,9,5,10,7,6,1),((1,2,3),(2,4,5),(4,6,7),(1,8,9),(9,10,1),(7,5,
4),(5,3,2),(3,8,1)),());
#2381=COMPLEX_TRIANGULATED_FACE($,#2585,9,((0.267522770904092,0.463363031407088,
0.844823217112924),(0.267522770904092,0.463363031407088,0.844823217112924),
(0.267522770904092,0.463363031407088,0.844823217112924),(0.267522770904092,
0.463363031407088,0.844823217112924),(0.267522770904092,0.463363031407088,
0.844823217112924),(0.267522770904092,0.463363031407088,0.844823217112924),
(0.267522770904092,0.463363031407088,0.844823217112924),(0.267522770904092,
0.463363031407088,0.844823217112924),(0.267522770904092,0.463363031407088,
0.844823217112924)),$,(5,6,7,9,4,8,3,2,1),((1,2,3),(4,5,1),(6,7,5),(5,4,
6),(7,6,8),(8,9,7),(3,4,1)),());
#2382=COMPLEX_TRIANGULATED_FACE($,#2586,9,((0.984807753006185,0.173648177701091,
0.),(0.984807753006185,0.173648177701091,0.),(0.984807753006185,0.173648177701091,
0.),(0.984807753006185,0.173648177701091,0.),(0.984807753006185,0.173648177701091,
0.),(0.984807753006185,0.173648177701091,0.),(0.984807753006185,0.173648177701091,
0.),(0.984807753006185,0.173648177701091,0.),(0.984807753006185,0.173648177701091,
0.)),$,(7,8,6,4,1,2,9,5,3),((1,2,3),(3,4,1),(5,6,4),(1,7,2),(4,8,5),(6,
9,4),(3,8,4)),());
#2383=COMPLEX_TRIANGULATED_FACE($,#2587,12,((0.918429193665517,0.395585409517222,
0.),(0.877582561890639,0.479425538603716,0.),(0.877582561890639,0.479425538603716,
0.),(0.951287682301676,0.308304631008206,0.),(0.918429193665517,0.395585409517222,
0.),(0.97587223732952,0.218342337647735,0.),(0.951287682301676,0.308304631008206,
0.),(0.991969031764978,0.126480986789525,0.),(0.97587223732952,0.218342337647735,
0.),(0.999438061894197,0.0335195530574598,0.),(0.991969031764978,0.126480986789525,
0.),(0.999438061894197,0.0335195530574598,0.)),$,(10,12,11,8,9,6,7,4,5,
2,3,1),((1,2,3),(4,1,5),(6,4,7),(8,6,9),(10,8,11),(11,12,10),(9,11,8),(7,
9,6),(5,7,4),(3,5,1)),());
#2384=COMPLEX_TRIANGULATED_FACE($,#2588,7,((-0.118934222182126,-0.992902135557142,
0.),(-0.340100399899815,-0.94038913115156,0.),(-0.160098069946491,-0.987101113361447,
0.),(0.111111111424641,-0.993807989964853,0.),(-0.118730999789755,-0.992926457341592,
0.),(0.00404998888554835,-0.999991798761383,0.),(0.111111111424641,-0.993807989964853,
0.)),$,(5,7,6,1,4,3,2),((1,2,3),(4,1,5),(5,6,4),(6,7,4),(3,5,1)),());
#2385=COMPLEX_TRIANGULATED_FACE($,#2589,72,((0.,-0.978147601042206,0.20791168936685),
(0.0989575514534722,-0.973129042026265,0.20791168936685),(0.0989575514534722,
-0.973129042026265,0.20791168936685),(0.196899664518069,-0.95812486218514,
0.20791168936685),(0.196899664518069,-0.95812486218514,0.20791168936685),
(0.292821320576893,-0.933289024707902,0.20791168936685),(0.292821320576893,
-0.933289024707902,0.20791168936685),(0.38573823363604,-0.898876378895324,
0.20791168936685),(0.38573823363604,-0.898876378895324,0.20791168936685),
(0.474696950430851,-0.855240045061194,0.20791168936685),(0.474696950430851,
-0.855240045061194,0.20791168936685),(0.558784634146634,-0.802827791040043,
0.20791168936685),(0.558784634146634,-0.802827791040043,0.20791168936685),
(0.708954326080858,-0.673911339091323,0.20791168936685),(0.773495390047993,
-0.598729998412579,0.20791168936685),(0.773495390047993,-0.598729998412579,
0.20791168936685),(0.830099344606735,-0.517404877738983,0.20791168936685),
(0.830099344606735,-0.517404877738983,0.20791168936685),(0.878185356585923,
-0.430770482859118,0.20791168936685),(0.878185356585923,-0.430770482859118,
0.20791168936685),(0.917259998431881,-0.339715799899518,0.20791168936685),
(0.917259998431881,-0.339715799899518,0.20791168936685),(0.946922311442828,
-0.245175173124022,0.20791168936685),(0.946922311442828,-0.245175173124022,
0.20791168936685),(0.966867920147752,-0.148118717297255,0.20791168936685),
(0.966867920147752,-0.148118717297255,0.20791168936685),(0.976892155610617,
-0.0495423629943689,0.20791168936685),(0.976892155610617,-0.0495423629943689,
0.20791168936685),(0.976892155610617,0.0495423629943681,0.20791168936685),
(0.976892155610617,0.0495423629943681,0.20791168936685),(0.966867920147752,
0.148118717297254,0.20791168936685),(0.966867920147752,0.148118717297254,
0.20791168936685),(0.946922311442829,0.245175173124021,0.20791168936685),
(0.946922311442829,0.245175173124021,0.20791168936685),(0.917259998431881,
0.339715799899517,0.20791168936685),(0.917259998431881,0.339715799899517,
0.20791168936685),(0.878185356585924,0.430770482859117,0.20791168936685),
(0.878185356585924,0.430770482859117,0.20791168936685),(0.830099344606736,
0.517404877738983,0.20791168936685),(0.830099344606736,0.517404877738983,
0.20791168936685),(0.773495390047993,0.598729998412579,0.20791168936685),
(0.773495390047993,0.598729998412579,0.20791168936685),(0.708954326080858,
0.673911339091323,0.20791168936685),(0.708954326080858,0.673911339091323,
0.20791168936685),(0.637138431359648,0.742177437483241,0.20791168936685),
(0.637138431359648,0.742177437483241,0.20791168936685),(0.558784634146635,
0.802827791040043,0.20791168936685),(0.558784634146635,0.802827791040043,
0.20791168936685),(0.474696950430852,0.855240045061194,0.20791168936685),
(0.474696950430852,0.855240045061194,0.20791168936685),(0.385738233636041,
0.898876378895325,0.20791168936685),(0.385738233636041,0.898876378895325,
0.20791168936685),(0.19689966451807,0.958124862185141,0.20791168936685),
(0.0989575514534728,0.973129042026266,0.20791168936685),(0.0989575514534728,
0.973129042026266,0.20791168936685),(0.,0.978147601042207,0.20791168936685),
(0.,0.978147601042207,0.20791168936685),(0.292821320576894,0.933289024707903,
0.20791168936685),(0.357674783338867,0.910407314770766,0.20791168936685),
(0.357604110324393,0.910435077149229,0.20791168936685),(0.19689966451807,
0.958124862185141,0.20791168936685),(0.229198153251595,0.950915840635059,
0.20791168936685),(0.292821320576892,0.933289024707902,0.20791168936685),
(0.637138431359647,-0.742177437483241,0.20791168936685),(0.609598470541312,
-0.764959106186936,0.20791168936685),(0.609657850237602,-0.764911782539849,
0.20791168936685),(0.708954326080858,-0.673911339091323,0.20791168936685),
(0.708918198414784,-0.673949343334467,0.20791168936685),(0.637138431359647,
-0.742177437483241,0.20791168936685),(0.708865879463551,-0.674004372654205,
0.20791168936685),(0.229271968991689,0.95089804588047,0.20791168936685),
(0.,-0.978147601042206,0.20791168936685)),$,(72,65,67,61,63,55,57,49,51,
45,48,41,44,30,26,28,22,24,18,20,14,16,8,12,4,10,2,6,1,5,3,9,7,11,13,15,
17,19,21,23,25,27,29,33,35,37,42,43,46,47,50,52,62,66,68,69,70,58,54,53,
64,60,56,38,40,39,34,32,36,31,59,71),((1,2,3),(2,4,5),(4,6,7),(6,8,9),(8,
10,11),(10,12,13),(14,15,16),(15,17,18),(17,19,20),(19,21,22),(21,23,24),
(23,25,26),(25,27,28),(27,29,30),(29,31,32),(31,33,34),(33,35,36),(35,37,
38),(37,39,40),(39,41,42),(41,43,44),(43,45,46),(45,47,48),(47,49,50),(49,
51,52),(53,54,55),(54,56,57),(58,52,59),(51,60,59),(59,52,51),(53,61,62),
(58,63,62),(62,61,58),(64,13,65),(12,66,65),(65,13,12),(14,67,68),(68,67,
64),(64,69,68),(68,70,14),(65,69,64),(62,71,53),(59,63,58),(57,55,54),(55,
61,53),(52,50,49),(50,48,47),(48,46,45),(46,44,43),(44,42,41),(42,40,39),
(40,38,37),(38,36,35),(36,34,33),(34,32,31),(32,30,29),(30,28,27),(28,26,
25),(26,24,23),(24,22,21),(22,20,19),(20,18,17),(18,16,15),(16,67,14),(13,
11,10),(11,9,8),(9,7,6),(7,5,4),(5,3,2),(3,72,1)),());
#2386=COMPLEX_TRIANGULATED_FACE($,#2590,32,((-0.9580834517188,-0.286489266016354,
0.),(-0.877582561932807,-0.479425538526527,0.),(-0.877582561932807,-0.479425538526527,
0.),(-0.996711497295053,-0.0810320378606735,0.),(-0.9580834517188,-0.286489266016354,
0.),(-0.991778467712957,0.127966679182275,0.),(-0.996711497295053,-0.0810320378606735,
0.),(-0.943499960036424,0.331372638296021,0.),(-0.991778467712957,0.127966679182275,
0.),(-0.85398597671565,0.520296023022487,0.),(-0.943499960036424,0.331372638296021,
0.),(-0.727148708355179,0.686479974899046,0.),(-0.85398597671565,0.520296023022487,
0.),(-0.568531552211816,0.822661457793924,0.),(-0.727148708355179,0.686479974899046,
0.),(-0.385066839134472,0.922888687436891,0.),(-0.568531552211816,0.822661457793924,
0.),(-0.184772857441238,0.982781252951541,0.),(-0.385066839134472,0.922888687436891,
0.),(0.023596584755927,0.999721561830021,0.),(-0.184772857441238,0.982781252951541,
0.),(0.230934742970894,0.972969241286161,0.),(0.023596584755927,0.999721561830021,
0.),(0.428179944776178,0.903693496098909,0.),(0.230934742970894,0.972969241286161,
0.),(0.606711628370514,0.794922008753059,0.),(0.428179944776178,0.903693496098909,
0.),(0.758727102495392,0.65140861518631,0.),(0.606711628370514,0.794922008753059,
0.),(0.877582561484322,0.479425539347474,0.),(0.758727102495392,0.65140861518631,
0.),(0.877582561484322,0.479425539347474,0.)),$,(28,24,23,32,27,30,31,26,
29,22,25,20,21,18,19,16,17,14,15,12,13,10,11,8,9,6,7,4,5,2,3,1),((1,2,3),
(4,1,5),(6,4,7),(8,6,9),(10,8,11),(12,10,13),(14,12,15),(16,14,17),(18,
16,19),(20,18,21),(22,20,23),(24,22,25),(26,24,27),(28,26,29),(30,28,31),
(31,32,30),(29,31,28),(27,29,26),(25,27,24),(23,25,22),(21,23,20),(19,21,
18),(17,19,16),(15,17,14),(13,15,12),(11,13,10),(9,11,8),(7,9,6),(5,7,4),
(3,5,1)),());
#2387=COMPLEX_TRIANGULATED_FACE($,#2591,26,((-0.965925826289068,-0.258819045102521,
0.),(-1.,0.,0.),(-1.,0.,0.),(-0.866025403784439,-0.499999999999999,0.),
(-0.965925826289068,-0.258819045102521,0.),(-0.707106781186547,-0.707106781186548,
0.),(-0.866025403784439,-0.499999999999999,0.),(-0.499999999999997,-0.86602540378444,
0.),(-0.707106781186547,-0.707106781186548,0.),(-0.258819045102518,-0.965925826289069,
0.),(-0.499999999999997,-0.86602540378444,0.),(0.,-1.,0.),(-0.258819045102518,
-0.965925826289069,0.),(0.258819045102518,-0.965925826289069,0.),(0.,-1.,
0.),(0.500000000000003,-0.866025403784437,0.),(0.258819045102518,-0.965925826289069,
0.),(0.707106781186547,-0.707106781186548,0.),(0.500000000000003,-0.866025403784437,
0.),(0.866025403784439,-0.499999999999999,0.),(0.707106781186547,-0.707106781186548,
0.),(0.965925826289069,-0.258819045102519,0.),(0.866025403784439,-0.499999999999999,
0.),(1.,0.,0.),(0.965925826289069,-0.258819045102519,0.),(1.,0.,0.)),$,
(23,25,26,21,24,19,22,17,20,15,18,13,16,11,14,9,12,7,10,5,8,3,6,1,4,2),
((1,2,3),(4,1,5),(6,4,7),(8,6,9),(10,8,11),(12,10,13),(14,12,15),(16,14,
17),(18,16,19),(20,18,21),(22,20,23),(24,22,25),(25,26,24),(23,25,22),(21,
23,20),(19,21,18),(17,19,16),(15,17,14),(13,15,12),(11,13,10),(9,11,8),
(7,9,6),(5,7,4),(3,5,1)),());
#2388=COMPLEX_TRIANGULATED_FACE($,#2592,5,((0.,0.,-1.),(0.,0.,-1.),(0.,
0.,-1.),(0.,0.,-1.),(0.,0.,-1.)),$,(2,5,4,1,3),((1,2,3),(3,4,1),(3,5,4)),
());
#2389=COMPLEX_TRIANGULATED_FACE($,#2593,26,((0.965925826289068,0.258819045102521,
0.),(1.,0.,0.),(1.,0.,0.),(0.866025403784438,0.500000000000001,0.),(0.965925826289068,
0.258819045102521,0.),(0.707106781186547,0.707106781186548,0.),(0.866025403784438,
0.500000000000001,0.),(0.499999999999999,0.866025403784439,0.),(0.707106781186547,
0.707106781186548,0.),(0.258819045102522,0.965925826289068,0.),(0.499999999999999,
0.866025403784439,0.),(0.,1.,0.),(0.258819045102522,0.965925826289068,0.),
(-0.258819045102523,0.965925826289068,0.),(0.,1.,0.),(-0.5,0.866025403784439,
0.),(-0.258819045102523,0.965925826289068,0.),(-0.707106781186548,0.707106781186547,
0.),(-0.5,0.866025403784439,0.),(-0.866025403784438,0.500000000000001,0.),
(-0.707106781186548,0.707106781186547,0.),(-0.965925826289069,0.258819045102519,
0.),(-0.866025403784438,0.500000000000001,0.),(-1.,0.,0.),(-0.965925826289069,
0.258819045102519,0.),(-1.,0.,0.)),$,(3,1,2,5,4,7,6,9,8,11,10,13,12,15,
14,17,16,19,18,21,20,23,22,25,24,26),((1,2,3),(4,1,5),(6,4,7),(8,6,9),(10,
8,11),(12,10,13),(14,12,15),(16,14,17),(18,16,19),(20,18,21),(22,20,23),
(24,22,25),(25,26,24),(23,25,22),(21,23,20),(19,21,18),(17,19,16),(15,17,
14),(13,15,12),(11,13,10),(9,11,8),(7,9,6),(5,7,4),(3,5,1)),());
#2390=COMPLEX_TRIANGULATED_FACE($,#2594,37,((0.,0.,-1.),(0.,0.,-1.),(0.,
0.,-1.),(0.,0.,-1.),(0.,0.,-1.),(0.,0.,-1.),(0.,0.,-1.),(0.,0.,-1.),(0.,
0.,-1.),(0.,0.,-1.),(0.,0.,-1.),(0.,0.,-1.),(0.,0.,-1.),(0.,0.,-1.),(0.,
0.,-1.),(0.,0.,-1.),(0.,0.,-1.),(0.,0.,-1.),(0.,0.,-1.),(0.,0.,-1.),(0.,
0.,-1.),(0.,0.,-1.),(0.,0.,-1.),(0.,0.,-1.),(0.,0.,-1.),(0.,0.,-1.),(0.,
0.,-1.),(0.,0.,-1.),(0.,0.,-1.),(0.,0.,-1.),(0.,0.,-1.),(0.,0.,-1.),(0.,
0.,-1.),(0.,0.,-1.),(0.,0.,-1.),(0.,0.,-1.),(0.,0.,-1.)),$,(21,19,18,32,
33,35,12,34,31,36,30,28,16,17,22,26,24,29,37,25,27,20,23,14,1,9,11,5,7,
13,2,6,4,8,15,10,3),((1,2,3),(4,5,6),(3,7,1),(8,6,9),(6,10,4),(11,4,10),
(12,13,14),(1,15,2),(8,16,17),(9,18,8),(10,19,11),(12,20,21),(12,22,23),
(12,24,13),(25,26,27),(25,28,29),(30,31,7),(1,17,15),(18,16,8),(19,21,11),
(23,20,12),(12,27,24),(29,26,25),(25,32,33),(25,31,34),(7,35,30),(17,1,
8),(21,19,12),(27,12,25),(34,32,25),(30,36,31),(5,9,6),(25,37,28),(36,34,
31),(14,22,12),(3,35,7),(33,37,25)),());
#2391=COMPLEX_TRIANGULATED_FACE($,#2595,41,((0.,0.,-1.),(0.,0.,-1.),(0.,
0.,-1.),(0.,0.,-1.),(0.,0.,-1.),(0.,0.,-1.),(0.,0.,-1.),(0.,0.,-1.),(0.,
0.,-1.),(0.,0.,-1.),(0.,0.,-1.),(0.,0.,-1.),(0.,0.,-1.),(0.,0.,-1.),(0.,
0.,-1.),(0.,0.,-1.),(0.,0.,-1.),(0.,0.,-1.),(0.,0.,-1.),(0.,0.,-1.),(0.,
0.,-1.),(0.,0.,-1.),(0.,0.,-1.),(0.,0.,-1.),(0.,0.,-1.),(0.,0.,-1.),(0.,
0.,-1.),(0.,0.,-1.),(0.,0.,-1.),(0.,0.,-1.),(0.,0.,-1.),(0.,0.,-1.),(0.,
0.,-1.),(0.,0.,-1.),(0.,0.,-1.),(0.,0.,-1.),(0.,0.,-1.),(0.,0.,-1.),(0.,
0.,-1.),(0.,0.,-1.),(0.,0.,-1.)),$,(31,39,38,36,34,35,18,20,19,16,22,21,
41,24,29,40,26,23,10,14,1,5,3,7,17,13,33,32,28,30,25,9,8,12,4,6,11,27,37,
2,15),((1,2,3),(4,5,6),(7,8,9),(10,11,12),(10,13,14),(15,13,16),(1,16,2),
(6,3,4),(17,9,18),(9,19,7),(20,7,19),(21,22,23),(21,10,24),(10,25,26),(14,
11,10),(3,27,1),(4,28,5),(17,29,30),(18,31,17),(19,32,20),(21,33,34),(21,
35,36),(24,22,21),(26,37,10),(13,38,14),(16,1,15),(4,30,28),(31,29,17),
(32,34,20),(36,33,21),(37,24,10),(15,38,13),(30,4,17),(34,32,21),(12,25,
10),(8,18,9),(6,27,3),(39,13,10),(21,40,35),(23,40,21),(10,41,39)),());
#2392=COMPLEX_TRIANGULATED_FACE($,#2596,4,((-0.544718079906207,-0.297580843372939,
-0.784045824605134),(-0.56835851244896,-0.249480953673943,-0.784045824605134),
(-0.565793284437125,-0.255245184489553,-0.784045824605134),(-0.544718079906207,
-0.297580843372939,-0.784045824605135)),$,(3,4,2,1),((1,2,3),(3,4,1)),());
#2393=COMPLEX_TRIANGULATED_FACE($,#2597,59,((-0.496063889764326,-0.271000938148657,
-0.824911576348904),(-0.532350406895982,-0.190062977676476,-0.824911576348904),
(-0.532350406895982,-0.190062977676476,-0.824911576348904),(-0.542396741423617,
0.159143539292701,-0.824911576348904),(-0.510823403046022,0.242033762326761,
-0.824911576348904),(-0.510823403046022,0.242033762326761,-0.824911576348904),
(-0.466671897159085,0.318964310868013,-0.824911576348904),(-0.466671897159085,
0.318964310868013,-0.824911576348904),(-0.411029380368246,0.388040899493418,
-0.824911576348904),(-0.411029380368246,0.388040899493418,-0.824911576348904),
(-0.345265956103897,0.447562633338875,-0.824911576348904),(-0.345265956103897,
0.447562633338875,-0.824911576348904),(-0.271000938127802,0.496063889775719,
-0.824911576348904),(-0.271000938127802,0.496063889775719,-0.824911576348904),
(-0.190062977654095,0.532350406903972,-0.824911576348904),(-0.190062977654095,
0.532350406903972,-0.824911576348904),(-0.104445035887437,0.555528690243841,
-0.824911576348904),(-0.104445035887437,0.555528690243841,-0.824911576348904),
(-0.0162553107038912,0.565028013535157,-0.824911576348904),(-0.0162553107038912,
0.565028013535157,-0.824911576348904),(0.0723346741774888,0.560614471912028,
-0.824911576348904),(0.0723346741774888,0.560614471912028,-0.824911576348904),
(0.,0.565261789974845,-0.824911576348904),(0.159143539315504,0.542396741416927,
-0.824911576348904),(0.159143539315504,0.542396741416927,-0.824911576348904),
(0.388040899510698,0.411029380351933,-0.824911576348904),(0.44756263335339,
0.345265956085081,-0.824911576348904),(0.44756263335339,0.345265956085081,
-0.824911576348904),(0.496063889787112,0.271000938106947,-0.824911576348904),
(0.496063889787112,0.271000938106947,-0.824911576348904),(0.318964310887632,
0.466671897145675,-0.824911576348904),(0.370808487192196,0.426640313416115,
-0.824911576348904),(0.380506931024605,0.418013596247541,-0.824911576348904),
(0.374528283817221,0.423378619944953,-0.824911576348904),(0.388040899510698,
0.411029380351933,-0.824911576348904),(0.383763440811888,0.415025918108479,
-0.824911576348904),(0.242033762348236,0.510823403035847,-0.824911576348904),
(0.318964310887631,0.466671897145676,-0.824911576348904),(0.175355142184627,
0.537374604270592,-0.824911576348904),(0.16960002868701,0.539218621224204,
-0.824911576348904),(0.184077106614366,0.534449726378496,-0.824911576348904),
(0.242033762348235,0.510823403035847,-0.824911576348904),(-0.560614471915069,
0.0723346741539203,-0.824911576348904),(-0.554885593421925,0.107809412475736,
-0.824911576348904),(-0.542396741423617,0.159143539292701,-0.824911576348904),
(-0.552263858871387,0.120521871002944,-0.824911576348904),(-0.553920782044755,
0.112661699012986,-0.824911576348904),(-0.551304708738951,0.124835929634967,
-0.824911576348904),(-0.565028013534474,-0.0162553107276453,-0.824911576348904),
(-0.560614471915069,0.0723346741539205,-0.824911576348904),(-0.55552869023945,
-0.104445035910792,-0.824911576348904),(-0.565028013534474,-0.0162553107276451,
-0.824911576348904),(-0.553057629741713,-0.116825294307544,-0.824911576348904),
(-0.551777038529547,-0.122731377231452,-0.824911576348904),(-0.554885593391263,
-0.107809412633556,-0.824911576348904),(-0.555528690239451,-0.104445035910791,
-0.824911576348904),(-0.551304708738951,-0.124835929634967,-0.824911576348904),
(0.167541268004125,0.539861847810285,-0.824911576348904),(-0.496063889764326,
-0.271000938148657,-0.824911576348904)),$,(48,55,39,56,53,38,44,35,37,33,
34,32,31,30,29,28,27,26,25,24,21,22,23,16,20,4,2,5,1,3,10,6,8,7,9,11,13,
12,17,18,15,14,58,50,40,45,47,41,59,52,57,54,46,43,49,51,42,19,36),((1,
2,3),(4,5,6),(5,7,8),(7,9,10),(9,11,12),(11,13,14),(13,15,16),(15,17,18),
(17,19,20),(21,22,23),(23,19,21),(21,24,25),(26,27,28),(27,29,30),(31,26,
32),(26,33,34),(35,36,33),(33,26,35),(34,32,26),(37,31,38),(24,39,40),(40,
25,24),(24,41,39),(37,42,41),(41,24,37),(43,4,44),(4,45,46),(46,47,4),(45,
48,46),(47,44,4),(49,43,50),(51,49,52),(3,2,53),(53,54,3),(2,55,53),(51,
56,55),(55,2,51),(54,57,3),(52,56,51),(50,52,49),(44,50,43),(40,58,25),
(38,42,37),(32,38,31),(30,28,27),(28,35,26),(25,22,21),(23,20,19),(20,18,
17),(18,16,15),(16,14,13),(14,12,11),(12,10,9),(10,8,7),(8,6,5),(6,45,4),
(3,59,1)),());
#2394=COMPLEX_TRIANGULATED_FACE($,#2598,9,((0.,1.,0.),(0.,1.,0.),(0.,1.,
0.),(0.,1.,0.),(0.,1.,0.),(0.,1.,0.),(0.,1.,0.),(0.,1.,0.),(0.,1.,0.)),
$,(7,8,6,4,3,1,9,5,2),((1,2,3),(3,4,1),(5,6,4),(1,7,2),(4,8,5),(6,9,4),
(3,8,4)),());
#2395=COMPLEX_TRIANGULATED_FACE($,#2599,32,((0.300705799514217,0.953716950745092,
0.),(0.300705799514217,0.953716950745092,0.),(0.300705799514217,0.953716950745092,
0.),(0.300705799514217,0.953716950745092,0.),(0.300705799514217,0.953716950745092,
0.),(0.300705799514217,0.953716950745092,0.),(0.300705799514217,0.953716950745092,
0.),(0.300705799514217,0.953716950745092,0.),(0.300705799514217,0.953716950745092,
0.),(0.300705799514217,0.953716950745092,0.),(0.300705799514217,0.953716950745092,
0.),(0.300705799514217,0.953716950745092,0.),(0.300705799514217,0.953716950745092,
0.),(0.300705799514217,0.953716950745092,0.),(0.300705799514217,0.953716950745092,
0.),(0.300705799514217,0.953716950745092,0.),(0.300705799514217,0.953716950745092,
0.),(0.300705799514217,0.953716950745092,0.),(0.300705799514217,0.953716950745092,
0.),(0.300705799514217,0.953716950745092,0.),(0.300705799514217,0.953716950745092,
0.),(0.300705799514217,0.953716950745092,0.),(0.300705799514217,0.953716950745092,
0.),(0.300705799514217,0.953716950745092,0.),(0.300705799514217,0.953716950745092,
0.),(0.300705799514217,0.953716950745092,0.),(0.300705799514217,0.953716950745092,
0.),(0.300705799514217,0.953716950745092,0.),(0.300705799514217,0.953716950745092,
0.),(0.300705799514217,0.953716950745092,0.),(0.300705799514217,0.953716950745092,
0.),(0.300705799514217,0.953716950745092,0.)),$,(32,29,27,31,30,2,10,8,
23,25,7,16,14,18,22,20,24,26,17,19,1,15,12,21,4,6,3,28,5,11,13,9),((1,2,
3),(1,4,5),(6,7,8),(5,2,1),(4,9,10),(8,11,6),(6,12,13),(1,14,12),(1,15,
16),(3,17,1),(10,18,4),(4,19,20),(21,22,19),(6,23,7),(12,6,1),(17,15,1),
(4,24,9),(19,4,21),(21,25,26),(21,6,27),(13,23,6),(4,28,5),(20,24,4),(27,
25,21),(11,29,6),(18,28,4),(21,30,31),(26,32,21),(16,14,1),(32,30,21),(31,
22,21),(29,27,6)),());
#2396=COMPLEX_TRIANGULATED_FACE($,#2600,4,((-0.469552376186703,-0.256517632269065,
-0.844819075514097),(-0.487719411081281,-0.220023875300011,-0.844819075514097),
(-0.483070659476422,-0.230051010866114,-0.844819075514097),(-0.469552376186703,
-0.256517632269065,-0.844819075514097)),$,(3,4,2,1),((1,2,3),(3,4,1)),());
#2397=COMPLEX_TRIANGULATED_FACE($,#2601,253,((0.,0.,1.),(0.,0.,1.),(0.,
0.,1.),(0.,0.,1.),(0.,0.,1.),(0.,0.,1.),(0.,0.,1.),(0.,0.,1.),(0.,0.,1.),
(0.,0.,1.),(0.,0.,1.),(0.,0.,1.),(0.,0.,1.),(0.,0.,1.),(0.,0.,1.),(0.,0.,
1.),(0.,0.,1.),(0.,0.,1.),(0.,0.,1.),(0.,0.,1.),(0.,0.,1.),(0.,0.,1.),(0.,
0.,1.),(0.,0.,1.),(0.,0.,1.),(0.,0.,1.),(0.,0.,1.),(0.,0.,1.),(0.,0.,1.),
(0.,0.,1.),(0.,0.,1.),(0.,0.,1.),(0.,0.,1.),(0.,0.,1.),(0.,0.,1.),(0.,0.,
1.),(0.,0.,1.),(0.,0.,1.),(0.,0.,1.),(0.,0.,1.),(0.,0.,1.),(0.,0.,1.),(0.,
0.,1.),(0.,0.,1.),(0.,0.,1.),(0.,0.,1.),(0.,0.,1.),(0.,0.,1.),(0.,0.,1.),
(0.,0.,1.),(0.,0.,1.),(0.,0.,1.),(0.,0.,1.),(0.,0.,1.),(0.,0.,1.),(0.,0.,
1.),(0.,0.,1.),(0.,0.,1.),(0.,0.,1.),(0.,0.,1.),(0.,0.,1.),(0.,0.,1.),(0.,
0.,1.),(0.,0.,1.),(0.,0.,1.),(0.,0.,1.),(0.,0.,1.),(0.,0.,1.),(0.,0.,1.),
(0.,0.,1.),(0.,0.,1.),(0.,0.,1.),(0.,0.,1.),(0.,0.,1.),(0.,0.,1.),(0.,0.,
1.),(0.,0.,1.),(0.,0.,1.),(0.,0.,1.),(0.,0.,1.),(0.,0.,1.),(0.,0.,1.),(0.,
0.,1.),(0.,0.,1.),(0.,0.,1.),(0.,0.,1.),(0.,0.,1.),(0.,0.,1.),(0.,0.,1.),
(0.,0.,1.),(0.,0.,1.),(0.,0.,1.),(0.,0.,1.),(0.,0.,1.),(0.,0.,1.),(0.,0.,
1.),(0.,0.,1.),(0.,0.,1.),(0.,0.,1.),(0.,0.,1.),(0.,0.,1.),(0.,0.,1.),(0.,
0.,1.),(0.,0.,1.),(0.,0.,1.),(0.,0.,1.),(0.,0.,1.),(0.,0.,1.),(0.,0.,1.),
(0.,0.,1.),(0.,0.,1.),(0.,0.,1.),(0.,0.,1.),(0.,0.,1.),(0.,0.,1.),(0.,0.,
1.),(0.,0.,1.),(0.,0.,1.),(0.,0.,1.),(0.,0.,1.),(0.,0.,1.),(0.,0.,1.),(0.,
0.,1.),(0.,0.,1.),(0.,0.,1.),(0.,0.,1.),(0.,0.,1.),(0.,0.,1.),(0.,0.,1.),
(0.,0.,1.),(0.,0.,1.),(0.,0.,1.),(0.,0.,1.),(0.,0.,1.),(0.,0.,1.),(0.,0.,
1.),(0.,0.,1.),(0.,0.,1.),(0.,0.,1.),(0.,0.,1.),(0.,0.,1.),(0.,0.,1.),(0.,
0.,1.),(0.,0.,1.),(0.,0.,1.),(0.,0.,1.),(0.,0.,1.),(0.,0.,1.),(0.,0.,1.),
(0.,0.,1.),(0.,0.,1.),(0.,0.,1.),(0.,0.,1.),(0.,0.,1.),(0.,0.,1.),(0.,0.,
1.),(0.,0.,1.),(0.,0.,1.),(0.,0.,1.),(0.,0.,1.),(0.,0.,1.),(0.,0.,1.),(0.,
0.,1.),(0.,0.,1.),(0.,0.,1.),(0.,0.,1.),(0.,0.,1.),(0.,0.,1.),(0.,0.,1.),
(0.,0.,1.),(0.,0.,1.),(0.,0.,1.),(0.,0.,1.),(0.,0.,1.),(0.,0.,1.),(0.,0.,
1.),(0.,0.,1.),(0.,0.,1.),(0.,0.,1.),(0.,0.,1.),(0.,0.,1.),(0.,0.,1.),(0.,
0.,1.),(0.,0.,1.),(0.,0.,1.),(0.,0.,1.),(0.,0.,1.),(0.,0.,1.),(0.,0.,1.),
(0.,0.,1.),(0.,0.,1.),(0.,0.,1.),(0.,0.,1.),(0.,0.,1.),(0.,0.,1.),(0.,0.,
1.),(0.,0.,1.),(0.,0.,1.),(0.,0.,1.),(0.,0.,1.),(0.,0.,1.),(0.,0.,1.),(0.,
0.,1.),(0.,0.,1.),(0.,0.,1.),(0.,0.,1.),(0.,0.,1.),(0.,0.,1.),(0.,0.,1.),
(0.,0.,1.),(0.,0.,1.),(0.,0.,1.),(0.,0.,1.),(0.,0.,1.),(0.,0.,1.),(0.,0.,
1.),(0.,0.,1.),(0.,0.,1.),(0.,0.,1.),(0.,0.,1.),(0.,0.,1.),(0.,0.,1.),(0.,
0.,1.),(0.,0.,1.),(0.,0.,1.),(0.,0.,1.),(0.,0.,1.),(0.,0.,1.),(0.,0.,1.),
(0.,0.,1.),(0.,0.,1.),(0.,0.,1.),(0.,0.,1.),(0.,0.,1.),(0.,0.,1.),(0.,0.,
1.),(0.,0.,1.),(0.,0.,1.),(0.,0.,1.),(0.,0.,1.),(0.,0.,1.),(0.,0.,1.),(0.,
0.,1.),(0.,0.,1.),(0.,0.,1.),(0.,0.,1.),(0.,0.,1.),(0.,0.,1.),(0.,0.,1.),
(0.,0.,1.),(0.,0.,1.),(0.,0.,1.),(0.,0.,1.)),$,(223,218,214,227,222,193,
191,187,197,195,205,203,199,211,207,233,225,185,189,215,210,219,244,232,
229,246,236,44,57,53,62,61,192,186,190,162,158,159,154,155,173,177,176,
181,179,201,248,239,65,67,64,68,70,77,80,76,81,84,93,97,98,96,92,209,230,
226,196,188,184,182,180,175,174,170,171,150,151,169,172,240,49,31,36,40,
27,32,10,22,25,8,18,46,52,48,50,56,59,60,85,88,89,220,234,237,194,166,167,
163,146,142,143,138,139,141,145,144,149,148,157,161,160,165,164,183,252,
243,242,43,35,21,28,6,16,9,23,19,11,26,30,37,33,34,41,42,45,71,212,206,
208,202,204,198,178,134,135,127,113,117,137,140,153,156,250,39,15,13,4,
2,7,17,24,29,54,216,147,114,110,111,105,106,99,94,95,90,91,82,78,79,121,
109,108,152,168,253,116,112,12,20,38,73,66,58,63,200,118,115,102,100,74,
83,228,231,133,136,104,120,1,5,14,47,130,131,126,128,103,86,87,245,213,
217,125,132,129,101,107,3,55,51,122,119,72,235,221,249,247,238,241,124,
69,75,123,224,251),((1,2,3),(4,5,2),(6,7,8),(9,10,7),(11,12,13),(14,15,
12),(2,1,4),(16,17,5),(18,19,8),(7,6,9),(12,11,14),(20,21,15),(22,3,21),
(5,4,16),(23,24,25),(26,27,24),(28,29,30),(31,32,29),(33,34,35),(36,37,
38),(37,39,40),(41,42,43),(42,44,45),(8,19,6),(46,13,10),(15,14,20),(3,
22,1),(24,23,26),(47,48,27),(29,28,31),(49,50,51),(52,53,50),(54,55,56),
(57,58,55),(59,60,61),(59,62,63),(64,65,66),(35,67,33),(68,69,70),(71,72,
73),(72,74,75),(40,38,37),(39,76,77),(78,41,79),(45,43,42),(10,9,46),(21,
20,22),(80,25,17),(27,26,47),(30,81,28),(82,83,84),(85,86,83),(87,88,89),
(90,91,88),(92,93,94),(95,96,93),(97,51,98),(50,49,52),(55,54,57),(99,100,
58),(101,63,100),(63,101,59),(66,102,64),(103,104,65),(67,35,105),(70,34,
68),(75,73,72),(74,106,107),(106,36,108),(77,40,39),(109,110,111),(110,
112,113),(114,115,116),(115,117,118),(119,120,121),(120,122,123),(43,79,
41),(44,18,124),(13,46,11),(25,80,23),(125,126,127),(81,128,28),(129,84,
28),(83,82,85),(130,131,86),(88,87,90),(132,133,91),(134,135,136),(137,
138,135),(139,140,141),(142,143,140),(144,94,145),(93,92,95),(51,97,49),
(146,56,53),(58,57,99),(61,62,59),(65,64,103),(147,148,64),(149,150,148),
(151,152,150),(33,68,34),(69,71,153),(107,75,74),(38,108,36),(113,111,110),
(112,154,155),(156,157,158),(159,114,160),(118,116,115),(161,119,162),(123,
121,120),(124,45,44),(17,16,80),(163,127,48),(127,163,125),(28,164,129),
(86,85,130),(165,89,131),(91,90,132),(166,167,168),(169,136,170),(135,134,
137),(171,141,172),(140,139,142),(94,144,92),(173,98,96),(53,52,146),(100,
99,101),(64,174,147),(150,149,151),(153,70,69),(108,107,106),(76,109,175),
(155,113,112),(176,177,178),(177,179,180),(181,182,183),(182,184,185),(186,
187,188),(158,189,156),(190,191,157),(116,160,114),(117,161,192),(121,162,
119),(122,78,193),(8,124,18),(125,194,126),(190,195,196),(84,129,82),(89,
165,87),(167,166,133),(168,197,166),(136,169,134),(198,172,138),(141,171,
139),(199,145,143),(96,95,173),(56,146,54),(200,31,201),(31,202,203),(148,
147,149),(204,105,152),(73,153,71),(111,175,109),(205,176,206),(180,178,
177),(207,181,208),(185,183,182),(200,188,209),(188,210,186),(103,211,212),
(157,156,190),(213,159,214),(192,118,117),(193,123,122),(48,47,163),(61,
190,215),(190,216,195),(131,130,165),(168,217,197),(218,170,219),(138,137,
198),(143,142,199),(98,173,97),(203,201,31),(31,28,220),(152,151,204),(175,
77,76),(154,221,222),(221,223,224),(178,206,176),(179,207,225),(183,208,
181),(184,226,227),(226,186,210),(187,209,188),(212,228,103),(103,229,230),
(189,231,156),(232,156,233),(160,214,159),(79,193,78),(215,234,61),(196,
235,190),(133,132,167),(197,217,236),(170,218,169),(145,199,144),(31,237,
202),(220,238,31),(238,237,31),(105,204,67),(224,222,221),(239,205,240),
(225,180,179),(227,185,184),(209,241,200),(212,242,228),(230,243,103),(244,
245,228),(244,246,247),(233,213,232),(162,192,161),(235,215,190),(190,156,
248),(236,219,197),(172,198,171),(200,249,250),(222,155,154),(251,224,223),
(206,240,205),(210,227,226),(103,252,211),(103,64,229),(126,194,253),(247,
253,244),(214,232,213),(248,216,190),(219,236,218),(201,249,200),(223,239,
251),(208,225,207),(243,252,103),(228,246,244),(234,62,61),(250,188,200),
(240,251,239),(253,247,126),(128,164,28),(242,246,228),(102,174,64),(231,
233,156)),());
#2398=COMPLEX_TRIANGULATED_FACE($,#2602,9,((-0.535045541813042,0.,0.844823217120593),
(-0.535045541813042,0.,0.844823217120593),(-0.535045541813042,0.,0.844823217120593),
(-0.535045541813042,0.,0.844823217120593),(-0.535045541813042,0.,0.844823217120593),
(-0.535045541813042,0.,0.844823217120593),(-0.535045541813042,0.,0.844823217120593),
(-0.535045541813042,0.,0.844823217120593),(-0.535045541813042,0.,0.844823217120593)),
$,(7,9,4,2,5,1,6,3,8),((1,2,3),(4,5,1),(6,7,5),(5,4,6),(7,6,8),(8,9,7),
(3,4,1)),());
#2399=COMPLEX_TRIANGULATED_FACE($,#2603,4,((0.216439613905997,-0.976296007127051,
0.),(0.216439613905997,-0.976296007127051,0.),(0.216439613905997,-0.976296007127051,
0.),(0.216439613905997,-0.976296007127051,0.)),$,(2,1,3,4),((1,2,3),(3,
4,1)),());
#2400=COMPLEX_TRIANGULATED_FACE($,#2604,6,((0.,0.,-1.),(0.,0.,-1.),(0.,
0.,-1.),(0.,0.,-1.),(0.,0.,-1.),(0.,0.,-1.)),$,(4,1,3,5,2,6),((1,2,3),(3,
4,1),(2,5,3),(4,6,1)),());
#2401=COMPLEX_TRIANGULATED_FACE($,#2605,4,((-0.642787609703783,-0.766044443104509,
0.),(-0.642787609703783,-0.766044443104509,0.),(-0.642787609703783,-0.766044443104509,
0.),(-0.642787609703783,-0.766044443104509,0.)),$,(3,4,2,1),((1,2,3),(3,
4,1)),());
#2402=COMPLEX_TRIANGULATED_FACE($,#2606,10,((-0.403014565966793,-0.472071397757284,
-0.784045824577927),(-0.457210111538001,-0.419798831429206,-0.784045824577927),
(-0.457210111538001,-0.419798831429206,-0.784045824577927),(-0.504677455800591,
-0.361348599787741,-0.784045824577927),(-0.504677455800591,-0.361348599787741,
-0.784045824577927),(-0.544718079977911,-0.297580843313369,-0.784045824577927),
(-0.544718079977911,-0.297580843313369,-0.784045824577927),(-0.403014565966793,
-0.472071397757284,-0.784045824577927),(-0.349616409347986,-0.512874752036537,
-0.784045824577927),(-0.344385197291246,-0.516401956666111,-0.784045824577927)),
$,(5,7,4,9,6,10,8,3,1,2),((1,2,3),(2,4,5),(4,6,7),(1,8,9),(9,10,1),(7,5,
4),(5,3,2),(3,8,1)),());
#2403=COMPLEX_TRIANGULATED_FACE($,#2607,25,((0.,0.,1.),(0.,0.,1.),(0.,0.,
1.),(0.,0.,1.),(0.,0.,1.),(0.,0.,1.),(0.,0.,1.),(0.,0.,1.),(0.,0.,1.),(0.,
0.,1.),(0.,0.,1.),(0.,0.,1.),(0.,0.,1.),(0.,0.,1.),(0.,0.,1.),(0.,0.,1.),
(0.,0.,1.),(0.,0.,1.),(0.,0.,1.),(0.,0.,1.),(0.,0.,1.),(0.,0.,1.),(0.,0.,
1.),(0.,0.,1.),(0.,0.,1.)),$,(23,8,9,16,15,3,13,1,2,24,10,17,4,5,14,22,
21,7,20,6,19,18,12,11,25),((1,2,3),(4,5,6),(7,8,9),(10,3,11),(3,10,1),(12,
13,14),(13,12,4),(9,15,7),(1,16,2),(17,18,2),(19,20,18),(21,22,14),(6,13,
4),(5,15,9),(7,23,8),(2,16,17),(18,17,19),(14,22,12),(23,24,8),(19,21,20),
(9,6,5),(14,20,21),(11,25,10)),());
#2404=COMPLEX_TRIANGULATED_FACE($,#2608,14,((0.990395758206015,-0.138261499078857,
0.),(0.999438061894197,-0.0335195530574605,0.),(0.999438061894197,-0.0335195530574605,
0.),(0.970406968218229,-0.24147529073076,0.),(0.990395758206015,-0.138261499078857,
0.),(0.939692620800873,-0.342020143284555,0.),(0.970406968218229,-0.24147529073076,
0.),(0.898592190533093,-0.438784770830687,0.),(0.939692620800873,-0.342020143284555,
0.),(0.84755994561334,-0.530699668920108,0.),(0.898592190533093,-0.438784770830687,
0.),(0.787159926997186,-0.616748935410338,0.),(0.84755994561334,-0.530699668920108,
0.),(0.787159926997186,-0.616748935410338,0.)),$,(4,2,1,6,3,8,5,10,7,12,
9,14,11,13),((1,2,3),(4,1,5),(6,4,7),(8,6,9),(10,8,11),(12,10,13),(13,14,
12),(11,13,10),(9,11,8),(7,9,6),(5,7,4),(3,5,1)),());
#2405=COMPLEX_TRIANGULATED_FACE($,#2609,8,((0.544718080284846,0.297580843803843,
-0.784045824178526),(0.582219101451368,0.215158228969699,-0.784045824178526),
(0.582219101451368,0.215158228969699,-0.784045824178526),(0.60732865230747,
0.128156364159602,-0.784045824178526),(0.60732865230747,0.128156364159602,
-0.784045824178526),(0.619409812183068,0.0400453512851701,-0.784045824178526),
(0.618970769400194,0.0463393160971031,-0.784045824178526),(0.544718080284846,
0.297580843803843,-0.784045824178526)),$,(4,3,7,2,6,1,5,8),((1,2,3),(2,
4,5),(4,6,7),(7,5,4),(5,3,2),(3,8,1)),());
#2406=COMPLEX_TRIANGULATED_FACE($,#2610,4,((0.544718081732866,0.297580844305675,
-0.784045822982043),(0.544718081732866,0.297580844305675,-0.784045822982043),
(0.503945457729882,0.362368766725046,-0.784045822982043),(0.500236101417694,
0.367472434752374,-0.784045822982043)),$,(1,3,4,2),((1,2,3),(3,4,1)),());
#2407=COMPLEX_TRIANGULATED_FACE($,#2611,41,((0.246662404560483,-0.451512503152732,
0.857492925727784),(0.31761476633023,-0.404755163692569,0.857492925727784),
(0.31761476633023,-0.404755163692569,0.857492925727784),(0.379903425233241,
-0.346957158483373,0.857492925727784),(0.379903425233241,-0.346957158483373,
0.857492925727784),(0.431829309028831,-0.279695066439305,0.857492925727784),
(0.431829309028831,-0.279695066439305,0.857492925727784),(0.471976014967546,
-0.204803622092383,0.857492925727784),(0.471976014967546,-0.204803622092383,
0.857492925727784),(0.499248445565885,-0.124325668817236,0.857492925727784),
(0.499248445565885,-0.124325668817236,0.857492925727784),(0.512902680010945,
-0.040456435389136,0.857492925727784),(0.512902680010945,-0.040456435389136,
0.857492925727784),(0.51256626638095,0.0445163441344703,0.857492925727784),
(0.51256626638095,0.0445163441344703,0.857492925727784),(0.514495755402127,
0.,0.857492925727784),(0.498248381162761,0.128274833835375,0.857492925727784),
(0.498248381162761,0.128274833835375,0.857492925727784),(0.470339578941242,
0.208534320456323,0.857492925727784),(0.470339578941242,0.208534320456323,
0.857492925727784),(0.42960113908828,0.283105534422869,0.857492925727784),
(0.42960113908828,0.283105534422869,0.857492925727784),(0.377144300046022,
0.349954367410383,0.857492925727784),(0.377144300046022,0.349954367410383,
0.857492925727784),(0.31439994763896,0.407257357516626,0.857492925727784),
(0.31439994763896,0.407257357516626,0.857492925727784),(0.243079584238664,
0.453451428549039,0.857492925727784),(0.243079584238664,0.453451428549039,
0.857492925727784),(0.165128643440641,0.487276526668645,0.857492925727784),
(0.165128643440641,0.487276526668645,0.857492925727784),(0.0826734237072069,
0.507809991374071,0.857492925727784),(0.0826734237072069,0.507809991374071,
0.857492925727784),(-0.00203691151172791,0.514491723274825,0.857492925727784),
(-0.00203691151172791,0.514491723274825,0.857492925727784),(-0.0866916850944475,
0.507139462142605,0.857492925727784),(-0.0866916850944475,0.507139462142605,
0.857492925727784),(-0.168981735495834,0.485953758495211,0.857492925727784),
(-0.168981735495834,0.485953758495211,0.857492925727784),(-0.24666240465479,
0.451512503101212,0.857492925727784),(-0.24666240465479,0.451512503101212,
0.857492925727784),(0.246662404560483,-0.451512503152732,0.857492925727784)),
$,(24,20,26,12,22,7,18,5,16,3,14,1,10,2,11,9,4,15,6,17,8,19,13,23,21,27,
25,29,30,31,32,33,35,34,37,36,39,38,41,40,28),((1,2,3),(2,4,5),(4,6,7),
(6,8,9),(8,10,11),(10,12,13),(14,15,16),(16,12,14),(14,17,18),(17,19,20),
(19,21,22),(21,23,24),(23,25,26),(25,27,28),(27,29,30),(29,31,32),(31,33,
34),(33,35,36),(35,37,38),(37,39,40),(40,38,37),(38,36,35),(36,34,33),(34,
32,31),(32,30,29),(30,28,27),(28,26,25),(26,24,23),(24,22,21),(22,20,19),
(20,18,17),(18,15,14),(16,13,12),(13,11,10),(11,9,8),(9,7,6),(7,5,4),(5,
3,2),(3,41,1)),());
#2408=COMPLEX_TRIANGULATED_FACE($,#2612,8,((0.502778347415041,0.182996352905474,
0.844823217125273),(0.502778347415041,0.182996352905474,0.844823217125273),
(0.502778347415041,0.182996352905474,0.844823217125273),(0.502778347415041,
0.182996352905474,0.844823217125273),(0.502778347415041,0.182996352905474,
0.844823217125273),(0.502778347415041,0.182996352905474,0.844823217125273),
(0.502778347415041,0.182996352905474,0.844823217125273),(0.502778347415041,
0.182996352905474,0.844823217125273)),$,(4,5,6,8,7,3,2,1),((1,2,3),(4,5,
6),(6,1,4),(6,5,7),(7,8,6),(3,4,1)),());
#2409=COMPLEX_TRIANGULATED_FACE($,#2613,4,((-0.216439613905997,0.976296007127051,
0.),(-0.216439613905997,0.976296007127051,0.),(-0.216439613905997,0.976296007127051,
0.),(-0.216439613905997,0.976296007127051,0.)),$,(1,2,3,4),((1,2,3),(3,
4,1)),());
#2410=COMPLEX_TRIANGULATED_FACE($,#2614,9,((0.866025403788329,-0.499999999993262,
0.),(0.866025403788329,-0.499999999993262,0.),(0.866025403788329,-0.499999999993262,
0.),(0.866025403788329,-0.499999999993262,0.),(0.866025403788329,-0.499999999993262,
0.),(0.866025403788329,-0.499999999993262,0.),(0.866025403788329,-0.499999999993262,
0.),(0.866025403788329,-0.499999999993262,0.),(0.866025403788329,-0.499999999993262,
0.)),$,(3,1,4,6,7,8,2,5,9),((1,2,3),(3,4,1),(5,6,4),(1,7,2),(4,8,5),(6,
9,4),(3,8,4)),());
#2411=COMPLEX_TRIANGULATED_FACE($,#2615,10,((0.38425871753499,-0.487460131033333,
-0.784045826882161),(0.310351470806663,-0.537544515288558,-0.784045826882161),
(0.310351470806663,-0.537544515288558,-0.784045826882161),(0.230023498366689,
-0.576507876397035,-0.784045826882161),(0.230023498366689,-0.576507876397035,
-0.784045826882161),(0.146996356765291,-0.60304577972688,-0.784045826882161),
(0.153118463051023,-0.601520471490008,-0.784045826882161),(0.384258717534989,
-0.487460131033333,-0.784045826882161),(0.4443727779296,-0.433364714280939,
-0.784045826882161),(0.448754786749229,-0.428825468831229,-0.784045826882161)),
$,(2,5,6,7,8,9,10,4,3,1),((1,2,3),(2,4,5),(4,6,7),(1,8,9),(9,10,1),(7,5,
4),(5,3,2),(3,8,1)),());
#2412=COMPLEX_TRIANGULATED_FACE($,#2616,8,((0.469552376766604,0.256517632773456,
-0.844819075038635),(0.501243530094757,0.187178134377418,-0.844819075038635),
(0.501243530094757,0.187178134377418,-0.844819075038635),(0.522758045344615,
0.114038399139682,-0.844819075038635),(0.522758045344615,0.114038399139682,
-0.844819075038635),(0.533558929725021,0.0399449491369665,-0.844819075038635),
(0.532620014495329,0.0509573410791813,-0.844819075038635),(0.469552376766604,
0.256517632773456,-0.844819075038636)),$,(4,3,7,2,6,1,5,8),((1,2,3),(2,
4,5),(4,6,7),(7,5,4),(5,3,2),(3,8,1)),());
#2413=COMPLEX_TRIANGULATED_FACE($,#2617,28,((-0.976296007127051,-0.216439613905997,
0.),(-0.976296007127051,-0.216439613905997,0.),(-0.976296007127051,-0.216439613905997,
0.),(-0.976296007127051,-0.216439613905997,0.),(-0.976296007127051,-0.216439613905997,
0.),(-0.976296007127051,-0.216439613905997,0.),(-0.976296007127051,-0.216439613905997,
0.),(-0.976296007127051,-0.216439613905997,0.),(-0.976296007127051,-0.216439613905997,
0.),(-0.976296007127051,-0.216439613905997,0.),(-0.976296007127051,-0.216439613905997,
0.),(-0.976296007127051,-0.216439613905997,0.),(-0.976296007127051,-0.216439613905997,
0.),(-0.976296007127051,-0.216439613905997,0.),(-0.976296007127051,-0.216439613905997,
0.),(-0.976296007127051,-0.216439613905997,0.),(-0.976296007127051,-0.216439613905997,
0.),(-0.976296007127051,-0.216439613905997,0.),(-0.976296007127051,-0.216439613905997,
0.),(-0.976296007127051,-0.216439613905997,0.),(-0.976296007127051,-0.216439613905997,
0.),(-0.976296007127051,-0.216439613905997,0.),(-0.976296007127051,-0.216439613905997,
0.),(-0.976296007127051,-0.216439613905997,0.),(-0.976296007127051,-0.216439613905997,
0.),(-0.976296007127051,-0.216439613905997,0.),(-0.976296007127051,-0.216439613905997,
0.),(-0.976296007127051,-0.216439613905997,0.)),$,(5,16,17,8,9,24,13,12,
21,20,19,22,14,11,10,7,15,18,26,28,23,3,1,6,27,2,25,4),((1,2,3),(1,4,5),
(6,7,8),(6,9,10),(1,11,12),(1,13,2),(5,14,1),(6,15,16),(6,17,7),(10,18,
6),(1,19,20),(12,21,1),(14,13,1),(6,22,23),(16,24,6),(18,17,6),(20,25,1),
(3,11,1),(23,26,6),(8,15,6),(21,19,1),(24,22,6),(27,28,1),(28,27,6),(26,
28,6),(25,27,1)),());
#2414=COMPLEX_TRIANGULATED_FACE($,#2618,5,((0.642787609703783,0.766044443104509,
0.),(0.642787609703783,0.766044443104509,0.),(0.642787609703783,0.766044443104509,
0.),(0.642787609703783,0.766044443104509,0.),(0.642787609703783,0.766044443104509,
0.)),$,(5,4,2,1,3),((1,2,3),(2,4,3),(3,5,1)),());
#2415=COMPLEX_TRIANGULATED_FACE($,#2619,5,((0.,0.,-1.),(0.,0.,-1.),(0.,
0.,-1.),(0.,0.,-1.),(0.,0.,-1.)),$,(5,3,2,4,1),((1,2,3),(3,4,1),(3,5,4)),
());
#2416=COMPLEX_TRIANGULATED_FACE($,#2620,17,((0.,0.,1.),(0.,0.,1.),(0.,0.,
1.),(0.,0.,1.),(0.,0.,1.),(0.,0.,1.),(0.,0.,1.),(0.,0.,1.),(0.,0.,1.),(0.,
0.,1.),(0.,0.,1.),(0.,0.,1.),(0.,0.,1.),(0.,0.,1.),(0.,0.,1.),(0.,0.,1.),
(0.,0.,1.)),$,(14,11,12,15,17,16,6,5,1,13,9,10,2,7,8,3,4),((1,2,3),(4,5,
6),(3,4,1),(7,8,9),(1,10,2),(2,11,12),(9,13,7),(12,3,2),(11,14,15),(8,7,
15),(13,16,7),(15,12,11),(16,17,7),(15,14,8),(6,1,4)),());
#2417=COMPLEX_TRIANGULATED_FACE($,#2621,156,((0.,0.,1.),(0.,0.,1.),(0.,
0.,1.),(0.,0.,1.),(0.,0.,1.),(0.,0.,1.),(0.,0.,1.),(0.,0.,1.),(0.,0.,1.),
(0.,0.,1.),(0.,0.,1.),(0.,0.,1.),(0.,0.,1.),(0.,0.,1.),(0.,0.,1.),(0.,0.,
1.),(0.,0.,1.),(0.,0.,1.),(0.,0.,1.),(0.,0.,1.),(0.,0.,1.),(0.,0.,1.),(0.,
0.,1.),(0.,0.,1.),(0.,0.,1.),(0.,0.,1.),(0.,0.,1.),(0.,0.,1.),(0.,0.,1.),
(0.,0.,1.),(0.,0.,1.),(0.,0.,1.),(0.,0.,1.),(0.,0.,1.),(0.,0.,1.),(0.,0.,
1.),(0.,0.,1.),(0.,0.,1.),(0.,0.,1.),(0.,0.,1.),(0.,0.,1.),(0.,0.,1.),(0.,
0.,1.),(0.,0.,1.),(0.,0.,1.),(0.,0.,1.),(0.,0.,1.),(0.,0.,1.),(0.,0.,1.),
(0.,0.,1.),(0.,0.,1.),(0.,0.,1.),(0.,0.,1.),(0.,0.,1.),(0.,0.,1.),(0.,0.,
1.),(0.,0.,1.),(0.,0.,1.),(0.,0.,1.),(0.,0.,1.),(0.,0.,1.),(0.,0.,1.),(0.,
0.,1.),(0.,0.,1.),(0.,0.,1.),(0.,0.,1.),(0.,0.,1.),(0.,0.,1.),(0.,0.,1.),
(0.,0.,1.),(0.,0.,1.),(0.,0.,1.),(0.,0.,1.),(0.,0.,1.),(0.,0.,1.),(0.,0.,
1.),(0.,0.,1.),(0.,0.,1.),(0.,0.,1.),(0.,0.,1.),(0.,0.,1.),(0.,0.,1.),(0.,
0.,1.),(0.,0.,1.),(0.,0.,1.),(0.,0.,1.),(0.,0.,1.),(0.,0.,1.),(0.,0.,1.),
(0.,0.,1.),(0.,0.,1.),(0.,0.,1.),(0.,0.,1.),(0.,0.,1.),(0.,0.,1.),(0.,0.,
1.),(0.,0.,1.),(0.,0.,1.),(0.,0.,1.),(0.,0.,1.),(0.,0.,1.),(0.,0.,1.),(0.,
0.,1.),(0.,0.,1.),(0.,0.,1.),(0.,0.,1.),(0.,0.,1.),(0.,0.,1.),(0.,0.,1.),
(0.,0.,1.),(0.,0.,1.),(0.,0.,1.),(0.,0.,1.),(0.,0.,1.),(0.,0.,1.),(0.,0.,
1.),(0.,0.,1.),(0.,0.,1.),(0.,0.,1.),(0.,0.,1.),(0.,0.,1.),(0.,0.,1.),(0.,
0.,1.),(0.,0.,1.),(0.,0.,1.),(0.,0.,1.),(0.,0.,1.),(0.,0.,1.),(0.,0.,1.),
(0.,0.,1.),(0.,0.,1.),(0.,0.,1.),(0.,0.,1.),(0.,0.,1.),(0.,0.,1.),(0.,0.,
1.),(0.,0.,1.),(0.,0.,1.),(0.,0.,1.),(0.,0.,1.),(0.,0.,1.),(0.,0.,1.),(0.,
0.,1.),(0.,0.,1.),(0.,0.,1.),(0.,0.,1.),(0.,0.,1.),(0.,0.,1.),(0.,0.,1.),
(0.,0.,1.),(0.,0.,1.),(0.,0.,1.),(0.,0.,1.),(0.,0.,1.),(0.,0.,1.),(0.,0.,
1.)),$,(54,59,55,58,63,62,67,118,111,108,103,98,102,99,94,95,90,39,46,49,
13,11,28,9,26,1,17,18,8,10,27,12,31,14,16,34,30,36,44,40,48,114,124,128,
115,149,147,130,145,126,143,141,123,127,121,113,117,109,43,33,29,42,7,23,
3,2,4,19,24,41,66,71,70,75,80,78,84,81,100,97,93,105,101,136,119,133,116,
91,86,87,82,77,79,73,76,57,60,64,52,56,21,38,15,32,20,6,25,45,51,50,88,
85,92,96,142,122,144,146,129,148,131,151,132,112,106,107,69,72,65,61,35,
5,22,37,74,110,104,150,134,120,83,47,53,89,125,156,140,139,155,153,138,
135,68,152,137,154),((1,2,3),(4,5,2),(6,7,5),(8,9,10),(11,12,13),(14,15,
12),(16,17,15),(18,19,20),(21,22,23),(24,25,23),(26,27,28),(29,30,31),(30,
32,33),(34,35,36),(37,38,39),(38,40,41),(2,1,4),(5,4,6),(10,42,8),(43,44,
45),(46,47,48),(47,49,50),(51,52,53),(54,55,56),(55,57,58),(12,11,14),(15,
14,16),(20,59,18),(60,61,62),(23,22,24),(63,64,25),(28,65,26),(66,67,68),
(33,31,30),(33,32,34),(69,37,70),(41,39,38),(6,71,7),(71,72,73),(74,75,
76),(75,77,78),(79,80,81),(82,83,80),(45,9,43),(44,84,85),(50,48,47),(50,
49,51),(86,54,87),(58,56,55),(16,88,17),(88,89,90),(91,92,93),(92,94,95),
(96,97,98),(99,100,97),(62,19,60),(61,101,102),(103,21,104),(25,24,63),
(65,28,105),(68,27,66),(106,29,107),(36,33,34),(39,70,37),(108,109,41),
(110,3,109),(73,7,71),(78,76,75),(77,111,112),(113,114,81),(80,79,82),(85,
45,44),(84,115,116),(117,118,119),(120,121,119),(122,46,123),(53,50,51),
(56,87,54),(124,125,58),(126,13,125),(90,17,88),(95,93,92),(94,127,128),
(129,130,98),(97,96,99),(102,62,61),(101,103,131),(23,104,21),(132,105,
64),(26,66,27),(67,106,133),(31,107,29),(35,69,134),(41,40,108),(3,110,
1),(72,74,135),(112,78,77),(81,114,79),(136,137,83),(42,10,137),(116,85,
84),(119,118,120),(138,139,121),(48,123,46),(52,86,140),(58,57,124),(13,
126,11),(89,91,141),(128,95,94),(98,130,96),(142,143,100),(59,20,143),(131,
102,101),(64,63,132),(133,68,67),(134,36,35),(109,108,110),(76,135,74),
(111,113,144),(83,82,136),(8,43,9),(115,117,145),(121,120,138),(146,147,
148),(149,150,151),(150,122,152),(140,53,52),(125,124,126),(93,141,91),
(127,129,153),(100,99,142),(18,60,19),(105,132,65),(70,134,69),(144,112,
111),(137,136,42),(119,145,117),(154,155,139),(156,148,155),(148,156,146),
(152,151,150),(87,140,86),(153,128,127),(143,142,59),(107,133,106),(81,
144,113),(139,138,154),(146,149,147),(123,152,122),(98,153,129),(135,73,
72),(155,154,156),(141,90,89),(145,116,115),(104,131,103),(151,147,149)),
());
#2418=COMPLEX_TRIANGULATED_FACE($,#2622,10,((-0.614282219159489,-0.0890477458158339,
-0.784045824036843),(-0.6207029449023,0.,-0.784045824036843),(-0.6207029449023,
0.,-0.784045824036843),(-0.614282219166191,0.0890477457695995,-0.784045824036843),
(-0.614282219166191,0.0890477457695995,-0.784045824036843),(-0.614282219159489,
-0.0890477458158339,-0.784045824036843),(-0.597491244199852,-0.168155757899932,
-0.784045824036843),(-0.595751146717499,0.174220311660762,-0.784045824036843),
(-0.59749124420833,0.168155757869808,-0.784045824036843),(-0.595751146688731,
-0.174220311759136,-0.784045824036843)),$,(8,10,5,9,4,3,1,6,2,7),((1,2,
3),(2,4,5),(1,6,7),(4,8,9),(9,5,4),(7,10,1),(5,3,2),(3,6,1)),());
#2419=COMPLEX_TRIANGULATED_FACE($,#2623,6,((-0.953716950745092,0.300705799514217,
0.),(-0.953716950745092,0.300705799514217,0.),(-0.953716950745092,0.300705799514217,
0.),(-0.953716950745092,0.300705799514217,0.),(-0.953716950745092,0.300705799514217,
0.),(-0.953716950745092,0.300705799514217,0.)),$,(6,1,3,2,4,5),((1,2,3),
(4,5,3),(3,2,4),(3,6,1)),());
#2420=COMPLEX_TRIANGULATED_FACE($,#2624,12,((-0.613005419279938,-0.790078702366686,
0.),(-0.52874781539362,-0.848778974596139,0.),(-0.52874781539362,-0.848778974596139,
0.),(-0.690798840701065,-0.723046998255345,0.),(-0.613005419279938,-0.790078702366686,
0.),(-0.761307742911449,-0.648390715990809,0.),(-0.690798840701065,-0.723046998255345,
0.),(-0.823788604899738,-0.566897110979888,0.),(-0.761307742911449,-0.648390715990809,
0.),(-0.877582561866742,-0.479425538647458,0.),(-0.823788604899738,-0.566897110979888,
0.),(-0.877582561866742,-0.479425538647458,0.)),$,(4,2,1,6,3,8,5,10,7,12,
9,11),((1,2,3),(4,1,5),(6,4,7),(8,6,9),(10,8,11),(11,12,10),(9,11,8),(7,
9,6),(5,7,4),(3,5,1)),());
#2421=COMPLEX_TRIANGULATED_FACE($,#2625,9,((0.866025403788329,-0.499999999993262,
0.),(0.866025403788329,-0.499999999993262,0.),(0.866025403788329,-0.499999999993262,
0.),(0.866025403788329,-0.499999999993262,0.),(0.866025403788329,-0.499999999993262,
0.),(0.866025403788329,-0.499999999993262,0.),(0.866025403788329,-0.499999999993262,
0.),(0.866025403788329,-0.499999999993262,0.),(0.866025403788329,-0.499999999993262,
0.)),$,(3,1,4,6,9,7,2,5,8),((1,2,3),(3,4,1),(5,6,4),(1,7,2),(4,8,5),(6,
9,4),(3,8,4)),());
#2422=COMPLEX_TRIANGULATED_FACE($,#2626,9,((-0.984807753006185,0.173648177701091,
0.),(-0.984807753006185,0.173648177701091,0.),(-0.984807753006185,0.173648177701091,
0.),(-0.984807753006185,0.173648177701091,0.),(-0.984807753006185,0.173648177701091,
0.),(-0.984807753006185,0.173648177701091,0.),(-0.984807753006185,0.173648177701091,
0.),(-0.984807753006185,0.173648177701091,0.),(-0.984807753006185,0.173648177701091,
0.)),$,(7,8,6,4,1,2,9,5,3),((1,2,3),(3,4,1),(5,6,4),(1,7,2),(4,8,5),(6,
9,4),(3,8,4)),());
#2423=COMPLEX_TRIANGULATED_FACE($,#2627,37,((0.,0.,-1.),(0.,0.,-1.),(0.,
0.,-1.),(0.,0.,-1.),(0.,0.,-1.),(0.,0.,-1.),(0.,0.,-1.),(0.,0.,-1.),(0.,
0.,-1.),(0.,0.,-1.),(0.,0.,-1.),(0.,0.,-1.),(0.,0.,-1.),(0.,0.,-1.),(0.,
0.,-1.),(0.,0.,-1.),(0.,0.,-1.),(0.,0.,-1.),(0.,0.,-1.),(0.,0.,-1.),(0.,
0.,-1.),(0.,0.,-1.),(0.,0.,-1.),(0.,0.,-1.),(0.,0.,-1.),(0.,0.,-1.),(0.,
0.,-1.),(0.,0.,-1.),(0.,0.,-1.),(0.,0.,-1.),(0.,0.,-1.),(0.,0.,-1.),(0.,
0.,-1.),(0.,0.,-1.),(0.,0.,-1.),(0.,0.,-1.),(0.,0.,-1.)),$,(10,22,21,37,
34,35,25,36,26,17,19,20,6,5,3,8,2,24,29,27,33,31,32,30,23,4,7,1,13,11,18,
15,28,16,12,14,9),((1,2,3),(4,5,6),(7,8,9),(10,11,12),(13,14,15),(16,13,
17),(1,18,2),(4,19,20),(4,21,22),(4,23,5),(4,8,24),(9,25,7),(12,9,10),(26,
15,27),(17,28,16),(1,29,30),(1,31,32),(1,20,18),(22,19,4),(24,23,4),(7,
33,8),(10,34,11),(26,35,36),(27,37,26),(28,30,16),(32,29,1),(20,1,4),(33,
24,8),(10,36,34),(37,35,26),(30,28,1),(6,21,4),(36,10,26),(3,31,1),(15,
14,27),(12,25,9),(15,17,13)),());
#2424=COMPLEX_TRIANGULATED_FACE($,#2628,14,((0.669814388375735,-0.74252857529178,
0.),(0.744068019998886,-0.668103870378654,0.),(0.744068019998886,-0.668103870378654,
0.),(0.588157540448647,-0.80874638027839,0.),(0.669814388375735,-0.74252857529178,
0.),(0.499999999839677,-0.866025403877001,0.),(0.588157540448647,-0.80874638027839,
0.),(0.406316139977162,-0.913732561745536,0.),(0.499999999839677,-0.866025403877001,
0.),(0.308141414698445,-0.951340563913702,0.),(0.406316139977162,-0.913732561745536,
0.),(0.206560913752911,-0.978433742728429,0.),(0.308141414698445,-0.951340563913702,
0.),(0.206560913752911,-0.978433742728429,0.)),$,(4,2,1,6,3,8,5,10,7,12,
9,14,11,13),((1,2,3),(4,1,5),(6,4,7),(8,6,9),(10,8,11),(12,10,13),(13,14,
12),(11,13,10),(9,11,8),(7,9,6),(5,7,4),(3,5,1)),());
#2425=COMPLEX_TRIANGULATED_FACE($,#2629,15,((0.,0.,1.),(0.,0.,1.),(0.,0.,
1.),(0.,0.,1.),(0.,0.,1.),(0.,0.,1.),(0.,0.,1.),(0.,0.,1.),(0.,0.,1.),(0.,
0.,1.),(0.,0.,1.),(0.,0.,1.),(0.,0.,1.),(0.,0.,1.),(0.,0.,1.)),$,(6,9,5,
13,15,14,11,7,4,3,12,10,8,2,1),((1,2,3),(4,5,6),(2,4,7),(2,8,3),(1,9,10),
(6,11,4),(7,12,2),(2,13,8),(10,14,1),(12,13,2),(14,15,1),(3,9,1),(11,7,
4)),());
#2426=COMPLEX_TRIANGULATED_FACE($,#2630,9,((-0.409868664110094,-0.34392064490847,
0.844823217120806),(-0.409868664110094,-0.34392064490847,0.844823217120806),
(-0.409868664110094,-0.34392064490847,0.844823217120806),(-0.409868664110094,
-0.34392064490847,0.844823217120806),(-0.409868664110094,-0.34392064490847,
0.844823217120806),(-0.409868664110094,-0.34392064490847,0.844823217120806),
(-0.409868664110094,-0.34392064490847,0.844823217120806),(-0.409868664110094,
-0.34392064490847,0.844823217120806),(-0.409868664110094,-0.34392064490847,
0.844823217120806)),$,(5,4,3,1,6,2,7,8,9),((1,2,3),(4,5,1),(6,7,5),(5,4,
6),(7,6,8),(8,9,7),(3,4,1)),());
#2427=COMPLEX_TRIANGULATED_FACE($,#2631,26,((-0.965925826289068,-0.258819045102522,
0.),(-1.,0.,0.),(-1.,0.,0.),(-0.866025403784438,-0.5,0.),(-0.965925826289068,
-0.258819045102522,0.),(-0.707106781186547,-0.707106781186548,0.),(-0.866025403784438,
-0.5,0.),(-0.5,-0.866025403784439,0.),(-0.707106781186547,-0.707106781186548,
0.),(-0.25881904510252,-0.965925826289069,0.),(-0.5,-0.866025403784439,
0.),(0.,-1.,0.),(-0.25881904510252,-0.965925826289069,0.),(0.258819045102521,
-0.965925826289068,0.),(0.,-1.,0.),(0.5,-0.866025403784438,0.),(0.258819045102521,
-0.965925826289068,0.),(0.707106781186547,-0.707106781186547,0.),(0.5,-0.866025403784438,
0.),(0.866025403784438,-0.5,0.),(0.707106781186547,-0.707106781186547,0.),
(0.965925826289068,-0.258819045102522,0.),(0.866025403784438,-0.5,0.),(1.,
0.,0.),(0.965925826289068,-0.258819045102522,0.),(1.,0.,0.)),$,(23,25,26,
21,24,19,22,17,20,15,18,13,16,11,14,9,12,7,10,5,8,3,6,1,4,2),((1,2,3),(4,
1,5),(6,4,7),(8,6,9),(10,8,11),(12,10,13),(14,12,15),(16,14,17),(18,16,
19),(20,18,21),(22,20,23),(24,22,25),(25,26,24),(23,25,22),(21,23,20),(19,
21,18),(17,19,16),(15,17,14),(13,15,12),(11,13,10),(9,11,8),(7,9,6),(5,
7,4),(3,5,1)),());
#2428=COMPLEX_TRIANGULATED_FACE($,#2632,11,((-0.164927833830992,0.508998564882031,
-0.844819075646288),(-0.0929108188226848,0.526923437673681,-0.844819075646288),
(-0.0929108188226848,0.526923437673681,-0.844819075646288),(-0.0191062936868604,
0.534710836776011,-0.844819075646288),(-0.0191062936868604,0.534710836776011,
-0.844819075646288),(-0.164927833830992,0.508998564882031,-0.844819075646289),
(-0.222179654892622,0.486741132816969,-0.844819075646289),(0.0533134400931146,
0.532389337355275,-0.844819075646288),(0.0423053102480418,0.533376968146327,
-0.844819075646288),(0.,0.535052081038987,-0.844819075646288),(-0.232186123708136,
0.48204806127765,-0.844819075646289)),$,(9,7,6,5,4,8,10,1,2,3,11),((1,2,
3),(2,4,5),(1,6,7),(8,9,10),(10,4,8),(10,5,4),(7,11,1),(5,3,2),(3,6,1)),
());
#2429=COMPLEX_TRIANGULATED_FACE($,#2633,26,((0.716459669042626,0.656514319428878,
0.235954425727021),(0.647021739440316,0.592886180867601,0.47942553668725),
(0.647021739440316,0.592886180867601,0.47942553668725),(0.737072055822265,
0.675402091711333,-0.0235965895395071),(0.716459669042626,0.656514319428878,
0.235954425727021),(0.707454199672765,0.64826232723734,-0.281539536211517),
(0.737072055822265,0.675402091711333,-0.0235965895395071),(0.629624508560724,
0.576944556119729,-0.520296028606289),(0.707454199672765,0.64826232723734,
-0.281539536211517),(0.508886947357387,0.466308966640099,-0.723595206203249),
(0.629624508560724,0.576944556119729,-0.520296028606289),(0.353469581395054,
0.323895191446677,-0.87758256590826),(0.508886947357387,0.466308966640099,
-0.723595206203249),(0.17396384740779,0.159408494045126,-0.971764123551258),
(0.353469581395054,0.323895191446677,-0.87758256590826),(-0.0173972353844569,
-0.0159416288758205,-0.999721561570902),(0.17396384740779,0.159408494045126,
-0.971764123551258),(-0.207572725326243,-0.190205356125145,-0.959549626753063),
(-0.0173972353844569,-0.0159416288758205,-0.999721561570902),(-0.38360247695623,
-0.351506902582074,-0.853985970089791),(-0.207572725326243,-0.190205356125145,
-0.959549626753063),(-0.533490353509656,-0.488853834332753,-0.690224580386926),
(-0.38360247695623,-0.351506902582074,-0.853985970089791),(-0.647021743820704,
-0.592886184881487,-0.479425525811768),(-0.533490353509656,-0.488853834332753,
-0.690224580386926),(-0.647021743820704,-0.592886184881487,-0.479425525811768)),
$,(15,17,4,14,2,16,1,18,3,19,5,20,6,21,7,22,8,23,9,24,10,25,11,26,12,13),
((1,2,3),(4,1,5),(6,4,7),(8,6,9),(10,8,11),(12,10,13),(14,12,15),(16,14,
17),(18,16,19),(20,18,21),(22,20,23),(24,22,25),(25,26,24),(23,25,22),(21,
23,20),(19,21,18),(17,19,16),(15,17,14),(13,15,12),(11,13,10),(9,11,8),
(7,9,6),(5,7,4),(3,5,1)),());
#2430=COMPLEX_TRIANGULATED_FACE($,#2634,7,((-0.800411360796704,0.599451126871548,
0.),(-0.644350675588455,0.764730152974696,0.),(-0.774805604053467,0.632199553881005,
0.),(-0.916218520978185,0.400678951052518,0.),(-0.800534035280857,0.599287292003549,
0.),(-0.868043294856483,0.496488507676362,0.),(-0.916218520978185,0.400678951052518,
0.)),$,(3,1,2,6,4,5,7),((1,2,3),(4,1,5),(5,6,4),(6,7,4),(3,5,1)),());
#2431=COMPLEX_TRIANGULATED_FACE($,#2635,51,((0.496063890543411,0.271000938778387,
-0.824911575673519),(0.532350407766214,0.190062978170336,-0.824911575673519),
(0.532350407766214,0.190062978170336,-0.824911575673519),(0.55552869117745,
0.104445036255925,-0.824911575673519),(0.55552869117745,0.104445036255925,
-0.824911575673519),(0.565028014515107,0.0162553109151705,-0.824911575673519),
(0.565028014515107,0.0162553109151705,-0.824911575673519),(0.560614472912116,
-0.0723346741286807,-0.824911575673519),(0.560614472912116,-0.0723346741286807,
-0.824911575673519),(0.542396742410472,-0.159143539430103,-0.824911575673519),
(0.542396742410472,-0.159143539430103,-0.824911575673519),(0.510823403996395,
-0.242033762622838,-0.824911575673519),(0.510823403996395,-0.242033762622838,
-0.824911575673519),(0.466671898047701,-0.318964311314586,-0.824911575673519),
(0.466671898047701,-0.318964311314586,-0.824911575673519),(0.411029381171514,
-0.388040900078323,-0.824911575673519),(0.411029381171514,-0.388040900078323,
-0.824911575673519),(0.104445036167446,-0.555528691194085,-0.824911575673519),
(0.0162553108251783,-0.565028014517696,-0.824911575673519),(0.0162553108251783,
-0.565028014517696,-0.824911575673519),(-0.0723346742179699,-0.560614472900596,
-0.824911575673519),(-0.0723346742179699,-0.560614472900596,-0.824911575673519),
(0.,-0.565261790960465,-0.824911575673519),(-0.159143539516491,-0.542396742385125,
-0.824911575673519),(-0.159143539516491,-0.542396742385125,-0.824911575673519),
(-0.242033762704197,-0.510823403957846,-0.824911575673519),(-0.242033762704197,
-0.510823403957846,-0.824911575673519),(-0.318964311388913,-0.4666718979969,
-0.824911575673519),(-0.318964311388913,-0.4666718979969,-0.824911575673519),
(-0.388040900143787,-0.411029381109711,-0.824911575673519),(-0.388040900143787,
-0.411029381109711,-0.824911575673519),(-0.447562634101275,-0.345265956729245,
-0.824911575673519),(-0.447562634101275,-0.345265956729245,-0.824911575673519),
(-0.496063890629736,-0.271000938620371,-0.824911575673519),(-0.496063890629736,
-0.271000938620371,-0.824911575673519),(0.190062978085549,-0.532350407796486,
-0.824911575673519),(0.184077106884907,-0.534449727327758,-0.824911575673519),
(0.104445036167446,-0.555528691194086,-0.824911575673519),(0.171756927647902,
-0.538535467842914,-0.824911575673519),(0.179392497896145,-0.536040319396232,
-0.824911575673519),(0.167541268281019,-0.539861848756346,-0.824911575673519),
(0.271000938699379,-0.496063890586574,-0.824911575673519),(0.19006297808555,
-0.532350407796485,-0.824911575673519),(0.345265956800529,-0.447562634046284,
-0.824911575673519),(0.27100093869938,-0.496063890586573,-0.824911575673519),
(0.377702487979487,-0.420549310894618,-0.824911575673519),(0.382177010276277,
-0.416487244866057,-0.824911575673519),(0.370808487328847,-0.426640314603209,
-0.824911575673519),(0.345265956800529,-0.447562634046283,-0.824911575673519),
(0.383763441384365,-0.415025918921532,-0.824911575673519),(0.496063890543411,
0.271000938778387,-0.824911575673519)),$,(7,5,13,3,11,1,9,2,10,4,12,6,14,
8,17,15,19,33,35,36,39,38,37,41,40,43,42,45,44,48,46,50,47,51,49,27,29,
34,31,30,32,25,28,18,26,21,22,20,24,23,16),((1,2,3),(2,4,5),(4,6,7),(6,
8,9),(8,10,11),(10,12,13),(12,14,15),(14,16,17),(18,19,20),(21,22,23),(23,
19,21),(21,24,25),(24,26,27),(26,28,29),(28,30,31),(30,32,33),(32,34,35),
(36,18,37),(18,38,39),(39,40,18),(38,41,39),(40,37,18),(42,36,43),(44,42,
45),(17,16,46),(46,47,17),(16,48,46),(44,49,48),(48,16,44),(47,50,17),(45,
49,44),(43,45,42),(37,43,36),(35,33,32),(33,31,30),(31,29,28),(29,27,26),
(27,25,24),(25,22,21),(23,20,19),(20,38,18),(17,15,14),(15,13,12),(13,11,
10),(11,9,8),(9,7,6),(7,5,4),(5,3,2),(3,51,1)),());
#2432=COMPLEX_TRIANGULATED_FACE($,#2636,8,((-0.342020143298474,-0.939692620795807,
0.),(-0.342020143298474,-0.939692620795807,0.),(-0.342020143298474,-0.939692620795807,
0.),(-0.342020143298474,-0.939692620795807,0.),(-0.342020143298474,-0.939692620795807,
0.),(-0.342020143298474,-0.939692620795807,0.),(-0.342020143298474,-0.939692620795807,
0.),(-0.342020143298474,-0.939692620795807,0.)),$,(2,1,3,6,7,5,4,8),((1,
2,3),(4,5,6),(3,6,1),(6,7,4),(5,8,6),(3,7,6)),());
#2433=COMPLEX_TRIANGULATED_FACE($,#2637,5,((0.,0.,-1.),(0.,0.,-1.),(0.,
0.,-1.),(0.,0.,-1.),(0.,0.,-1.)),$,(1,3,4,2,5),((1,2,3),(3,4,1),(3,5,4)),
());
#2434=COMPLEX_TRIANGULATED_FACE($,#2638,8,((0.674219707029797,0.738530829859292,
0.),(0.7335016156353,0.679687707598427,0.),(0.7335016156353,0.679687707598427,
0.),(0.610233863452742,0.792221327594467,0.),(0.674219707029797,0.738530829859292,
0.),(0.541990505031206,0.840384609840053,0.),(0.610233863452742,0.792221327594467,
0.),(0.541990505031206,0.840384609840053,0.)),$,(3,1,2,5,4,7,6,8),((1,2,
3),(4,1,5),(6,4,7),(7,8,6),(5,7,4),(3,5,1)),());
#2435=COMPLEX_TRIANGULATED_FACE($,#2639,15,((0.,0.,1.),(0.,0.,1.),(0.,0.,
1.),(0.,0.,1.),(0.,0.,1.),(0.,0.,1.),(0.,0.,1.),(0.,0.,1.),(0.,0.,1.),(0.,
0.,1.),(0.,0.,1.),(0.,0.,1.),(0.,0.,1.),(0.,0.,1.),(0.,0.,1.)),$,(12,9,
10,5,1,2,4,8,11,13,3,6,7,14,15),((1,2,3),(4,5,6),(2,4,7),(2,8,3),(1,9,10),
(6,11,4),(7,12,2),(2,13,8),(10,14,1),(12,13,2),(14,15,1),(3,9,1),(11,7,
4)),());
#2436=COMPLEX_TRIANGULATED_FACE($,#2640,12,((0.149891343172701,0.988702475592068,
0.),(0.,1.,0.),(0.079067649201348,0.996869252635356,0.),(0.,1.,0.),(0.079067649201348,
0.996869252635356,0.),(0.296395884129337,0.955065170483768,0.),(0.296395884129337,
0.955065170483768,0.),(0.266650078419752,0.963793409231844,0.),(0.173648177773809,
0.984807752993363,0.),(0.250287436874146,0.968171575157508,0.),(0.156937026415748,
0.987608611616861,0.),(0.266650078419752,0.963793409231844,0.)),$,(8,12,
10,11,9,1,2,4,6,5,7,3),((1,2,3),(4,5,3),(3,2,4),(6,7,8),(1,9,10),(1,11,
9),(10,7,1),(10,8,7),(8,12,6),(3,11,1)),());
#2437=COMPLEX_TRIANGULATED_FACE($,#2641,37,((0.,0.,-1.),(0.,0.,-1.),(0.,
0.,-1.),(0.,0.,-1.),(0.,0.,-1.),(0.,0.,-1.),(0.,0.,-1.),(0.,0.,-1.),(0.,
0.,-1.),(0.,0.,-1.),(0.,0.,-1.),(0.,0.,-1.),(0.,0.,-1.),(0.,0.,-1.),(0.,
0.,-1.),(0.,0.,-1.),(0.,0.,-1.),(0.,0.,-1.),(0.,0.,-1.),(0.,0.,-1.),(0.,
0.,-1.),(0.,0.,-1.),(0.,0.,-1.),(0.,0.,-1.),(0.,0.,-1.),(0.,0.,-1.),(0.,
0.,-1.),(0.,0.,-1.),(0.,0.,-1.),(0.,0.,-1.),(0.,0.,-1.),(0.,0.,-1.),(0.,
0.,-1.),(0.,0.,-1.),(0.,0.,-1.),(0.,0.,-1.),(0.,0.,-1.)),$,(22,20,21,3,
5,4,13,17,28,24,37,35,36,16,18,19,8,1,2,7,11,9,14,29,30,26,34,32,33,27,
31,23,25,15,12,6,10),((1,2,3),(4,5,6),(7,3,8),(3,9,1),(10,1,9),(11,12,13),
(14,15,16),(17,18,19),(4,20,5),(7,21,22),(8,23,7),(9,24,10),(11,25,26),
(11,27,28),(11,29,12),(14,30,31),(14,32,33),(14,34,15),(14,18,35),(19,36,
17),(4,22,20),(23,21,7),(24,26,10),(28,25,11),(11,31,29),(33,30,14),(35,
34,14),(17,37,18),(22,4,7),(26,24,11),(31,11,14),(37,35,18),(2,8,3),(16,
32,14),(13,27,11),(19,6,36),(6,19,4)),());
#2438=COMPLEX_TRIANGULATED_FACE($,#2642,5,((-0.642787609703783,-0.766044443104509,
0.),(-0.642787609703783,-0.766044443104509,0.),(-0.642787609703783,-0.766044443104509,
0.),(-0.642787609703783,-0.766044443104509,0.),(-0.642787609703783,-0.766044443104509,
0.)),$,(5,3,2,4,1),((1,2,3),(3,4,1),(3,5,4)),());
#2439=COMPLEX_TRIANGULATED_FACE($,#2643,5,((-0.766044443104509,0.642787609703783,
0.),(-0.766044443104509,0.642787609703783,0.),(-0.766044443104509,0.642787609703783,
0.),(-0.766044443104509,0.642787609703783,0.),(-0.766044443104509,0.642787609703783,
0.)),$,(5,4,2,1,3),((1,2,3),(2,4,3),(3,5,1)),());
#2440=COMPLEX_TRIANGULATED_FACE($,#2644,9,((0.267522770904092,-0.463363031407088,
0.844823217112924),(0.267522770904092,-0.463363031407088,0.844823217112924),
(0.267522770904092,-0.463363031407088,0.844823217112924),(0.267522770904092,
-0.463363031407088,0.844823217112924),(0.267522770904092,-0.463363031407088,
0.844823217112924),(0.267522770904092,-0.463363031407088,0.844823217112924),
(0.267522770904092,-0.463363031407088,0.844823217112924),(0.267522770904092,
-0.463363031407088,0.844823217112924),(0.267522770904092,-0.463363031407088,
0.844823217112924)),$,(3,1,2,8,4,9,5,7,6),((1,2,3),(4,5,1),(6,7,5),(5,4,
6),(7,6,8),(8,9,7),(3,4,1)),());
#2441=COMPLEX_TRIANGULATED_FACE($,#2645,6,((0.,0.,-1.),(0.,0.,-1.),(0.,
0.,-1.),(0.,0.,-1.),(0.,0.,-1.),(0.,0.,-1.)),$,(5,6,3,2,4,1),((1,2,3),(3,
4,1),(2,5,3),(4,6,1)),());
#2442=COMPLEX_TRIANGULATED_FACE($,#2646,15,((0.0358194222799336,-0.999358278590582,
0.),(0.140540282343843,-0.990074961322986,0.),(0.140540282343843,-0.990074961322986,
0.),(-0.0692973369101447,-0.997596050060926,0.),(-0.0692973369101447,-0.997596050060926,
0.),(0.,-1.,0.),(0.0358194222799336,-0.999358278590582,0.),(-0.17364817768551,
-0.984807753008932,0.),(-0.276079747924647,-0.9611347318591,0.),(-0.17364817768551,
-0.984807753008932,0.),(-0.375459908509484,-0.926838635956686,0.),(-0.276079747924647,
-0.9611347318591,0.),(-0.470690246449812,-0.882298527652073,0.),(-0.375459908509484,
-0.926838635956686,0.),(-0.470690246449812,-0.882298527652073,0.)),$,(4,
2,1,6,7,5,3,9,11,8,13,10,15,12,14),((1,2,3),(4,5,6),(6,7,4),(8,5,4),(9,
8,10),(11,9,12),(13,11,14),(14,15,13),(12,14,11),(10,12,9),(4,10,8),(6,
1,7),(3,7,1)),());
#2443=COMPLEX_TRIANGULATED_FACE($,#2647,31,((-0.167717867041642,-0.985835035426821,
0.),(0.,-1.,0.),(0.,-1.,0.),(-0.330684298793416,-0.943741434150004,0.),
(-0.167717867041642,-0.985835035426821,0.),(-0.74635699433109,-0.665545818868289,
0.),(-0.624160948788374,-0.781295789063014,0.),(-0.624160948788374,-0.781295789063014,
0.),(-0.847408799106518,-0.530940982781371,0.),(-0.74635699433109,-0.665545818868289,
0.),(-0.48428246779056,-0.874911704911236,0.),(-0.415248651061408,-0.909707951922858,
0.),(-0.330684298793416,-0.943741434150004,0.),(-0.415248651061408,-0.909707951922858,
0.),(-0.58020587075626,-0.814469856741163,0.),(-0.499999999961645,-0.866025403806583,
0.),(-0.566327438247451,-0.82418033990631,0.),(-0.485254604440287,-0.874372900351732,
0.),(-0.92445357264526,-0.38129462627136,0.),(-0.902847921551729,-0.429960033665599,
0.),(-0.87758256196394,-0.479425538469539,0.),(-0.902847921551729,-0.429960033665599,
0.),(-0.847408799106518,-0.530940982781371,0.),(-0.975308641971863,-0.220846220015194,
0.),(-0.975308641971863,-0.220846220015194,0.),(-0.967994615506509,-0.250970963161887,
0.),(-0.933765794082534,-0.357884676678696,0.),(-0.95894474862053,-0.283592963758109,
0.),(-0.924447831712186,-0.381308544937872,0.),(-0.967994615506509,-0.250970963161887,
0.),(-0.58020587075626,-0.814469856741163,0.)),$,(4,2,1,6,3,18,16,15,20,
17,9,8,5,7,14,11,12,10,25,23,21,22,19,30,31,29,26,27,24,28,13),((1,2,3),
(4,1,5),(6,7,8),(9,6,10),(11,4,12),(13,14,12),(12,4,13),(8,7,15),(11,16,
17),(11,18,16),(17,7,11),(17,15,7),(19,9,20),(21,22,20),(9,23,21),(20,9,
21),(24,25,26),(19,27,28),(28,25,19),(19,29,27),(28,26,25),(26,30,24),(20,
29,19),(15,31,8),(12,18,11),(10,23,9),(8,10,6),(5,13,4),(3,5,1)),());
#2444=COMPLEX_TRIANGULATED_FACE($,#2648,68,((0.,0.978147600681821,0.207911691062327),
(-0.0989575514170126,0.973129041667729,0.207911691062327),(-0.0989575514170126,
0.973129041667729,0.207911691062327),(-0.196899664445524,0.958124861832133,
0.207911691062327),(-0.196899664445524,0.958124861832133,0.207911691062327),
(-0.292821320469007,0.933289024364045,0.207911691062327),(-0.292821320469007,
0.933289024364045,0.207911691062327),(-0.38573823349392,0.898876378564146,
0.207911691062327),(-0.38573823349392,0.898876378564146,0.207911691062327),
(-0.474696950255956,0.855240044746092,0.207911691062327),(-0.474696950255956,
0.855240044746092,0.207911691062327),(-0.558784633940758,0.802827790744253,
0.207911691062327),(-0.558784633940758,0.802827790744253,0.207911691062327),
(-0.637138431124903,0.742177437209797,0.207911691062327),(-0.637138431124903,
0.742177437209797,0.207911691062327),(-0.708954325819653,0.67391133884303,
0.207911691062327),(-0.708954325819653,0.67391133884303,0.207911691062327),
(-0.773495389763009,0.598729998191985,0.207911691062327),(-0.773495389763009,
0.598729998191985,0.207911691062327),(-0.830099344300896,0.517404877548353,
0.207911691062327),(-0.830099344300896,0.517404877548353,0.207911691062327),
(-0.878185356262368,0.430770482700407,0.207911691062327),(-0.878185356262368,
0.430770482700407,0.207911691062327),(-0.917259998093929,0.339715799774355,
0.207911691062327),(-0.917259998093929,0.339715799774355,0.207911691062327),
(-0.946922311093948,0.245175173033691,0.207911691062327),(-0.946922311093948,
0.245175173033691,0.207911691062327),(-0.966867919791523,0.148118717242683,
0.207911691062327),(-0.966867919791523,0.148118717242683,0.207911691062327),
(-0.976892155250695,0.0495423629761158,0.207911691062327),(-0.976892155250695,
0.0495423629761158,0.207911691062327),(-0.976892155250695,-0.0495423629761148,
0.207911691062327),(-0.976892155250695,-0.0495423629761148,0.207911691062327),
(-0.917259998093929,-0.339715799774354,0.207911691062327),(-0.878185356262369,
-0.430770482700406,0.207911691062327),(-0.878185356262369,-0.430770482700406,
0.207911691062327),(-0.830099344300897,-0.517404877548352,0.207911691062327),
(-0.830099344300897,-0.517404877548352,0.207911691062327),(-0.77349538976301,
-0.598729998191985,0.207911691062327),(-0.77349538976301,-0.598729998191985,
0.207911691062327),(-0.708954325819654,-0.673911338843029,0.207911691062327),
(-0.708954325819654,-0.673911338843029,0.207911691062327),(-0.637138431124903,
-0.742177437209796,0.207911691062327),(-0.637138431124903,-0.742177437209796,
0.207911691062327),(-0.558784633940758,-0.802827790744252,0.207911691062327),
(-0.558784633940758,-0.802827790744252,0.207911691062327),(-0.474696950255957,
-0.855240044746093,0.207911691062327),(-0.474696950255957,-0.855240044746093,
0.207911691062327),(-0.385738233493921,-0.898876378564146,0.207911691062327),
(-0.385738233493921,-0.898876378564146,0.207911691062327),(-0.292821320469008,
-0.933289024364045,0.207911691062327),(-0.292821320469008,-0.933289024364045,
0.207911691062327),(-0.196899664445525,-0.958124861832133,0.207911691062327),
(-0.196899664445525,-0.958124861832133,0.207911691062327),(-0.0989575514170134,
-0.97312904166773,0.207911691062327),(-0.0989575514170134,-0.97312904166773,
0.207911691062327),(0.,-0.978147600681822,0.207911691062327),(0.,-0.978147600681822,
0.207911691062327),(-0.966867919791523,-0.148118717242682,0.207911691062327),
(-0.967273253732674,-0.145448208421453,0.207911691062327),(-0.967261960081708,
-0.145523294693653,0.207911691062327),(-0.966867919791521,-0.148118717242689,
0.207911691062327),(-0.946922311093946,-0.245175173033697,0.207911691062327),
(-0.946922311093946,-0.245175173033697,0.207911691062327),(-0.917259998093929,
-0.339715799774354,0.207911691062327),(-0.938116351048875,-0.276966497277826,
0.207911691062327),(-0.938137848352969,-0.276893673108046,0.207911691062327),
(0.,0.978147600681821,0.207911691062327)),$,(1,7,6,11,10,15,14,19,18,23,
22,27,26,31,30,35,34,39,38,43,42,47,46,51,50,60,54,65,58,68,62,67,61,52,
48,45,44,41,40,37,36,33,32,29,28,25,24,21,20,17,16,13,12,9,8,5,4,3,57,64,
66,63,59,53,49,55,56,2),((1,2,3),(2,4,5),(4,6,7),(6,8,9),(8,10,11),(10,
12,13),(12,14,15),(14,16,17),(16,18,19),(18,20,21),(20,22,23),(22,24,25),
(24,26,27),(26,28,29),(28,30,31),(30,32,33),(34,35,36),(35,37,38),(37,39,
40),(39,41,42),(41,43,44),(43,45,46),(45,47,48),(47,49,50),(49,51,52),(51,
53,54),(53,55,56),(55,57,58),(59,33,60),(32,61,60),(60,33,32),(62,63,64),
(34,65,66),(64,63,66),(66,65,64),(66,67,34),(64,59,62),(60,62,59),(58,56,
55),(56,54,53),(54,52,51),(52,50,49),(50,48,47),(48,46,45),(46,44,43),(44,
42,41),(42,40,39),(40,38,37),(38,36,35),(36,65,34),(33,31,30),(31,29,28),
(29,27,26),(27,25,24),(25,23,22),(23,21,20),(21,19,18),(19,17,16),(17,15,
14),(15,13,12),(13,11,10),(11,9,8),(9,7,6),(7,5,4),(5,3,2),(3,68,1)),());
#2445=COMPLEX_TRIANGULATED_FACE($,#2649,17,((0.,0.,1.),(0.,0.,1.),(0.,0.,
1.),(0.,0.,1.),(0.,0.,1.),(0.,0.,1.),(0.,0.,1.),(0.,0.,1.),(0.,0.,1.),(0.,
0.,1.),(0.,0.,1.),(0.,0.,1.),(0.,0.,1.),(0.,0.,1.),(0.,0.,1.),(0.,0.,1.),
(0.,0.,1.)),$,(11,15,5,3,2,9,4,14,12,13,17,7,10,16,6,8,1),((1,2,3),(4,5,
6),(3,4,1),(7,8,9),(1,10,2),(2,11,12),(9,13,7),(12,3,2),(11,14,15),(8,7,
15),(13,16,7),(15,12,11),(16,17,7),(15,14,8),(6,1,4)),());
#2446=COMPLEX_TRIANGULATED_FACE($,#2650,4,((0.976296007127051,0.216439613905997,
0.),(0.976296007127051,0.216439613905997,0.),(0.976296007127051,0.216439613905997,
0.),(0.976296007127051,0.216439613905997,0.)),$,(2,4,3,1),((1,2,3),(3,4,
1)),());
#2447=COMPLEX_TRIANGULATED_FACE($,#2651,31,((-0.74635699433109,0.665545818868289,
0.),(-0.847408799106518,0.530940982781371,0.),(-0.847408799106518,0.530940982781371,
0.),(-0.624160948788373,0.781295789063014,0.),(-0.74635699433109,0.665545818868289,
0.),(-0.167717867041641,0.985835035426822,0.),(-0.330684298793416,0.943741434150004,
0.),(-0.330684298793416,0.943741434150004,0.),(0.,1.,0.),(-0.167717867041641,
0.985835035426822,0.),(-0.484282467790559,0.874911704911236,0.),(-0.580205870891277,
0.81446985664498,0.),(-0.514601841881012,0.857429264914996,0.),(-0.499999999989138,
0.86602540379071,0.),(-0.624160948788373,0.781295789063014,0.),(-0.580205870891277,
0.814469856644981,0.),(-0.415248651169338,0.909707951873592,0.),(-0.430597392490507,
0.902544118356757,0.),(-0.484274971912185,0.874915853999373,0.),(-0.975308641971863,
0.220846220015194,0.),(-0.967994615583633,0.250970962864422,0.),(-0.945349933586238,
0.326057514970129,0.),(-0.924453572645259,0.38129462627136,0.),(-0.975308641971863,
0.220846220015194,0.),(-0.967994615583633,0.250970962864422,0.),(-0.902847921687287,
0.429960033380949,0.),(-0.916884339268898,0.399152988719158,0.),(-0.924451625121817,
0.381299348032005,0.),(-0.902847921687287,0.429960033380949,0.),(-0.415248651169338,
0.909707951873592,0.),(0.,1.,0.)),$,(19,21,20,17,18,4,6,5,2,3,11,15,13,
12,16,14,8,9,10,31,29,27,26,30,28,23,24,25,22,7,1),((1,2,3),(4,1,5),(6,
7,8),(9,6,10),(11,4,12),(12,13,11),(13,14,11),(15,16,12),(12,4,15),(8,7,
17),(11,18,17),(11,19,18),(17,7,11),(20,21,22),(22,23,20),(24,25,21),(21,
20,24),(3,2,26),(23,27,26),(23,28,27),(26,2,23),(26,29,3),(22,28,23),(17,
30,8),(14,19,11),(10,31,9),(8,10,6),(5,15,4),(3,5,1)),());
#2448=COMPLEX_TRIANGULATED_FACE($,#2652,9,((-0.866025403788329,-0.499999999993262,
0.),(-0.866025403788329,-0.499999999993262,0.),(-0.866025403788329,-0.499999999993262,
0.),(-0.866025403788329,-0.499999999993262,0.),(-0.866025403788329,-0.499999999993262,
0.),(-0.866025403788329,-0.499999999993262,0.),(-0.866025403788329,-0.499999999993262,
0.),(-0.866025403788329,-0.499999999993262,0.),(-0.866025403788329,-0.499999999993262,
0.)),$,(3,1,4,6,8,9,2,5,7),((1,2,3),(3,4,1),(5,6,4),(1,7,2),(4,8,5),(6,
9,4),(3,8,4)),());
#2449=COMPLEX_TRIANGULATED_FACE($,#2653,28,((0.970941817426052,0.239315664287559,
0.),(1.,0.,0.),(1.,0.,0.),(0.88545602565321,0.464723172043769,0.),(0.970941817426052,
0.239315664287559,0.),(0.748510748171101,0.663122658240796,0.),(0.88545602565321,
0.464723172043769,0.),(0.568064746731155,0.822983865893657,0.),(0.748510748171101,
0.663122658240796,0.),(0.354604887042536,0.935016242685415,0.),(0.568064746731155,
0.822983865893657,0.),(0.120536680255322,0.992708874098054,0.),(0.354604887042536,
0.935016242685415,0.),(-0.120536680255324,0.992708874098054,0.),(0.120536680255322,
0.992708874098054,0.),(-0.354604887042536,0.935016242685415,0.),(-0.120536680255324,
0.992708874098054,0.),(-0.568064746731156,0.822983865893656,0.),(-0.354604887042536,
0.935016242685415,0.),(-0.748510748171102,0.663122658240795,0.),(-0.568064746731156,
0.822983865893656,0.),(-0.88545602565321,0.464723172043768,0.),(-0.748510748171102,
0.663122658240795,0.),(-0.970941817426052,0.239315664287557,0.),(-0.88545602565321,
0.464723172043768,0.),(-1.,0.,0.),(-0.970941817426052,0.239315664287557,
0.),(-1.,0.,0.)),$,(3,1,2,5,4,7,6,9,8,11,10,13,12,15,14,17,16,19,18,21,
20,23,22,25,24,27,26,28),((1,2,3),(4,1,5),(6,4,7),(8,6,9),(10,8,11),(12,
10,13),(14,12,15),(16,14,17),(18,16,19),(20,18,21),(22,20,23),(24,22,25),
(26,24,27),(27,28,26),(25,27,24),(23,25,22),(21,23,20),(19,21,18),(17,19,
16),(15,17,14),(13,15,12),(11,13,10),(9,11,8),(7,9,6),(5,7,4),(3,5,1)),
());
#2450=COMPLEX_TRIANGULATED_FACE($,#2654,47,((0.17364817766693,0.984807753012208,
0.),(0.,1.,0.),(0.,1.,0.),(0.866025403784439,0.5,0.),(0.766044443118978,
0.642787609686539,0.),(0.766044443118978,0.642787609686539,0.),(0.939692620785908,
0.342020143325669,0.),(0.939692620785908,0.342020143325669,0.),(0.877582561894354,
0.479425538596915,0.),(0.866025403784439,0.5,0.),(0.984807753012208,0.17364817766693,
0.),(1.,0.,0.),(0.984807753012208,0.17364817766693,0.),(0.984807753012208,
-0.173648177666931,0.),(1.,0.,0.),(0.939692620785908,-0.342020143325669,
0.),(0.984807753012208,-0.173648177666931,0.),(0.866025403784438,-0.5,0.),
(0.939692620785908,-0.342020143325669,0.),(0.766044443118978,-0.642787609686539,
0.),(0.866025403784438,-0.5,0.),(0.,-1.,0.),(0.17364817766693,-0.984807753012208,
0.),(0.17364817766693,-0.984807753012208,0.),(0.64278760968654,0.766044443118977,
0.),(0.678912757978859,0.73421895035033,0.),(0.678912757978859,0.73421895035033,
0.),(0.64278760968654,0.766044443118977,0.),(0.500000000000001,0.866025403784438,
0.),(0.500000000000001,0.866025403784438,0.),(0.342020143325669,0.939692620785908,
0.),(0.342020143325669,0.939692620785908,0.),(0.17364817766693,0.984807753012208,
0.),(0.296395884129337,0.955065170483768,0.),(0.342020143325669,-0.939692620785908,
0.),(0.296395884102376,-0.955065170492135,0.),(0.296395884102376,-0.955065170492135,
0.),(0.342020143325669,-0.939692620785908,0.),(0.5,-0.866025403784439,0.),
(0.5,-0.866025403784439,0.),(0.642787609686539,-0.766044443118978,0.),(0.642787609686539,
-0.766044443118978,0.),(0.766044443118978,-0.642787609686539,0.),(0.678912757931385,
-0.734218950394227,0.),(0.678912757931385,-0.734218950394227,0.),(0.296395884129337,
0.955065170483768,0.),(0.,-1.,0.)),$,(41,45,44,13,17,16,7,8,11,12,4,2,3,
6,1,10,5,15,9,19,14,47,43,42,24,20,21,25,29,28,33,32,40,36,34,38,39,35,
31,30,27,26,18,22,23,37,46),((1,2,3),(4,5,6),(7,8,9),(9,10,7),(11,8,7),
(12,11,13),(14,12,15),(16,14,17),(18,16,19),(20,18,21),(22,23,24),(25,6,
26),(5,27,26),(26,6,5),(28,29,30),(29,31,32),(1,33,34),(32,31,34),(34,33,
32),(35,24,36),(23,37,36),(36,24,23),(38,39,40),(39,41,42),(20,43,44),(42,
41,44),(44,43,42),(44,45,20),(42,40,39),(40,35,38),(36,38,35),(34,46,1),
(32,30,29),(30,25,28),(26,28,25),(24,47,22),(21,43,20),(19,21,18),(17,19,
16),(15,17,14),(13,15,12),(7,13,11),(9,4,10),(6,10,4),(3,33,1)),());
#2451=COMPLEX_TRIANGULATED_FACE($,#2655,4,((-0.300705799514217,-0.953716950745092,
0.),(-0.300705799514217,-0.953716950745092,0.),(-0.300705799514217,-0.953716950745092,
0.),(-0.300705799514217,-0.953716950745092,0.)),$,(4,2,1,3),((1,2,3),(3,
4,1)),());
#2452=COMPLEX_TRIANGULATED_FACE($,#2656,34,((-0.19509032201613,-0.98078528040323,
0.),(0.,-1.,0.),(0.,-1.,0.),(-0.382683432365091,-0.923879532511287,0.),
(-0.19509032201613,-0.98078528040323,0.),(-0.555570233019603,-0.831469612302545,
0.),(-0.382683432365091,-0.923879532511287,0.),(-0.707106781186548,-0.707106781186547,
0.),(-0.555570233019603,-0.831469612302545,0.),(-0.831469612302546,-0.555570233019602,
0.),(-0.707106781186548,-0.707106781186547,0.),(-0.923879532511287,-0.382683432365089,
0.),(-0.831469612302546,-0.555570233019602,0.),(-0.980785280403231,-0.195090322016127,
0.),(-0.923879532511287,-0.382683432365089,0.),(-1.,0.,0.),(-0.980785280403231,
-0.195090322016127,0.),(-0.98078528040323,0.195090322016129,0.),(-1.,0.,
0.),(-0.923879532511287,0.38268343236509,0.),(-0.98078528040323,0.195090322016129,
0.),(-0.831469612302545,0.555570233019603,0.),(-0.923879532511287,0.38268343236509,
0.),(-0.707106781186547,0.707106781186548,0.),(-0.831469612302545,0.555570233019603,
0.),(-0.555570233019602,0.831469612302545,0.),(-0.707106781186547,0.707106781186548,
0.),(-0.382683432365089,0.923879532511287,0.),(-0.555570233019602,0.831469612302545,
0.),(-0.195090322016128,0.98078528040323,0.),(-0.382683432365089,0.923879532511287,
0.),(0.,1.,0.),(-0.195090322016128,0.98078528040323,0.),(0.,1.,0.)),$,(8,
4,3,12,7,16,11,20,15,24,19,28,23,32,27,34,31,30,33,26,29,22,25,18,21,14,
17,10,13,6,9,2,5,1),((1,2,3),(4,1,5),(6,4,7),(8,6,9),(10,8,11),(12,10,13),
(14,12,15),(16,14,17),(18,16,19),(20,18,21),(22,20,23),(24,22,25),(26,24,
27),(28,26,29),(30,28,31),(32,30,33),(33,34,32),(31,33,30),(29,31,28),(27,
29,26),(25,27,24),(23,25,22),(21,23,20),(19,21,18),(17,19,16),(15,17,14),
(13,15,12),(11,13,10),(9,11,8),(7,9,6),(5,7,4),(3,5,1)),());
#2453=COMPLEX_TRIANGULATED_FACE($,#2657,6,((0.,0.,-1.),(0.,0.,-1.),(0.,
0.,-1.),(0.,0.,-1.),(0.,0.,-1.),(0.,0.,-1.)),$,(6,2,3,1,4,5),((1,2,3),(2,
4,3),(3,5,1),(5,6,1)),());
#2454=COMPLEX_TRIANGULATED_FACE($,#2658,4,((0.737277336813303,0.675590207612191,
0.),(0.737277336813303,0.675590207612191,0.),(0.737277336813303,0.675590207612191,
0.),(0.737277336813303,0.675590207612191,0.)),$,(4,3,1,2),((1,2,3),(3,4,
1)),());
#2455=COMPLEX_TRIANGULATED_FACE($,#2659,5,((0.,0.,-1.),(0.,0.,-1.),(0.,
0.,-1.),(0.,0.,-1.),(0.,0.,-1.)),$,(5,3,2,4,1),((1,2,3),(3,4,1),(3,5,4)),
());
#2456=COMPLEX_TRIANGULATED_FACE($,#2660,5,((0.766044443104509,-0.642787609703783,
0.),(0.766044443104509,-0.642787609703783,0.),(0.766044443104509,-0.642787609703783,
0.),(0.766044443104509,-0.642787609703783,0.),(0.766044443104509,-0.642787609703783,
0.)),$,(5,3,2,4,1),((1,2,3),(3,4,1),(3,5,4)),());
#2457=COMPLEX_TRIANGULATED_FACE($,#2661,8,((-0.738530829771435,0.674219707126035,
0.),(-0.67968770744263,0.733501615779667,0.),(-0.67968770744263,0.733501615779667,
0.),(-0.792221327565043,0.610233863490941,0.),(-0.738530829771435,0.674219707126035,
0.),(-0.840384609858413,0.541990505002738,0.),(-0.792221327565043,0.610233863490941,
0.),(-0.840384609858413,0.541990505002738,0.)),$,(3,1,2,5,4,7,6,8),((1,
2,3),(4,1,5),(6,4,7),(7,8,6),(5,7,4),(3,5,1)),());
#2458=COMPLEX_TRIANGULATED_FACE($,#2662,76,((-0.101168321987433,-0.994869323391895,
0.),(0.,-1.,0.),(0.,-1.,0.),(-0.201298520088661,-0.979529941252494,0.),
(-0.101168321987433,-0.994869323391895,0.),(-0.299363122973359,-0.954139256400049,
0.),(-0.201298520088661,-0.979529941252494,0.),(-0.394355855113319,-0.918957811620231,
0.),(-0.299363122973359,-0.954139256400049,0.),(-0.485301962531082,-0.874346616144582,
0.),(-0.394355855113319,-0.918957811620231,0.),(-0.848644257494752,-0.528964010326962,
0.),(-0.790775736937699,-0.612105982547662,0.),(-0.790775736937699,-0.612105982547662,
0.),(-0.897804539570742,-0.440394151557634,0.),(-0.848644257494752,-0.528964010326962,
0.),(-0.937752132147081,-0.347305252844819,0.),(-0.897804539570742,-0.440394151557634,
0.),(-0.998716507171053,0.0506491688387136,0.),(-0.998716507171053,-0.0506491688387122,
0.),(-0.998716507171053,-0.0506491688387122,0.),(-0.988468324328111,0.151427777504577,
0.),(-0.998716507171053,0.0506491688387136,0.),(-0.968077118866204,0.250652532258721,
0.),(-0.988468324328111,0.151427777504577,0.),(-0.93775213214708,0.347305252844821,
0.),(-0.968077118866204,0.250652532258721,0.),(-0.897804539570741,0.440394151557635,
0.),(-0.93775213214708,0.347305252844821,0.),(-0.848644257494751,0.528964010326963,
0.),(-0.897804539570741,0.440394151557635,0.),(-0.571268215094792,0.820763441207277,
0.),(-0.651372482722222,0.758758122692791,0.),(-0.651372482722222,0.758758122692791,
0.),(-0.48530196253108,0.874346616144582,0.),(-0.571268215094792,0.820763441207277,
0.),(-0.394355855113318,0.918957811620231,0.),(-0.48530196253108,0.874346616144582,
0.),(-0.299363122973357,0.954139256400049,0.),(-0.394355855113318,0.918957811620231,
0.),(-0.20129852008866,0.979529941252495,0.),(-0.299363122973357,0.954139256400049,
0.),(-0.101168321987432,0.994869323391895,0.),(-0.20129852008866,0.979529941252495,
0.),(0.,1.,0.),(-0.101168321987432,0.994869323391895,0.),(-0.968077118866204,
-0.25065253225872,0.),(-0.959400796159685,-0.282046294654198,0.),(-0.937752132147081,
-0.347305252844819,0.),(-0.959400796159685,-0.282046294654198,0.),(-0.988468324328112,
-0.151427777504576,0.),(-0.968077118866204,-0.25065253225872,0.),(-0.988710327216472,
-0.149839543697571,0.),(-0.988468324328112,-0.151427777504576,0.),(-0.790775736937698,
0.612105982547663,0.),(-0.840384609858413,0.541990505002738,0.),(-0.848644257494751,
0.528964010326963,0.),(-0.840384609858413,0.541990505002738,0.),(-0.72479278722912,
0.688966919075687,0.),(-0.790775736937698,0.612105982547663,0.),(-0.679687707442629,
0.733501615779668,0.),(-0.72479278722912,0.688966919075687,0.),(-0.571268215094793,
-0.820763441207276,0.),(-0.54199050498376,-0.840384609870653,0.),(-0.485301962531082,
-0.874346616144582,0.),(-0.54199050498376,-0.840384609870653,0.),(-0.651372482722223,
-0.758758122692791,0.),(-0.571268215094793,-0.820763441207276,0.),(-0.724792787229121,
-0.688966919075686,0.),(-0.651372482722223,-0.75875812269279,0.),(-0.733501615775858,
-0.679687707446741,0.),(-0.724792787229121,-0.688966919075686,0.),(-0.733501615775858,
-0.679687707446741,0.),(-0.679687707442629,0.733501615779668,0.),(-0.988710327216472,
-0.149839543697572,0.),(0.,1.,0.)),$,(8,4,3,12,7,16,11,20,15,24,19,52,46,
45,56,51,60,55,74,76,75,68,73,64,67,58,63,54,57,50,53,28,32,31,22,27,18,
21,14,17,10,13,6,9,2,5,66,62,59,61,70,65,71,69,44,48,49,47,38,43,36,37,
30,26,23,25,34,29,40,33,42,39,41,35,72,1),((1,2,3),(4,1,5),(6,4,7),(8,6,
9),(10,8,11),(12,13,14),(15,12,16),(17,15,18),(19,20,21),(22,19,23),(24,
22,25),(26,24,27),(28,26,29),(30,28,31),(32,33,34),(35,32,36),(37,35,38),
(39,37,40),(41,39,42),(43,41,44),(45,43,46),(47,17,48),(49,50,48),(48,17,
49),(51,47,52),(21,20,53),(51,54,53),(53,20,51),(55,30,56),(57,58,56),(56,
30,57),(59,55,60),(34,33,61),(59,62,61),(61,33,59),(63,10,64),(65,66,64),
(64,10,65),(67,63,68),(69,67,70),(14,13,71),(69,72,71),(71,13,69),(71,73,
14),(70,72,69),(68,70,67),(64,68,63),(61,74,34),(60,62,59),(56,60,55),(53,
75,21),(52,54,51),(48,52,47),(46,76,45),(44,46,43),(42,44,41),(40,42,39),
(38,40,37),(36,38,35),(34,36,32),(31,57,30),(29,31,28),(27,29,26),(25,27,
24),(23,25,22),(21,23,19),(18,49,17),(16,18,15),(14,16,12),(11,65,10),(9,
11,8),(7,9,6),(5,7,4),(3,5,1)),());
#2459=COMPLEX_TRIANGULATED_FACE($,#2663,5,((0.,0.,-1.),(0.,0.,-1.),(0.,
0.,-1.),(0.,0.,-1.),(0.,0.,-1.)),$,(2,5,4,1,3),((1,2,3),(3,4,1),(3,5,4)),
());
#2460=COMPLEX_TRIANGULATED_FACE($,#2664,5,((0.,0.,-1.),(0.,0.,-1.),(0.,
0.,-1.),(0.,0.,-1.),(0.,0.,-1.)),$,(1,3,4,2,5),((1,2,3),(3,4,1),(3,5,4)),
());
#2461=COMPLEX_TRIANGULATED_FACE($,#2665,37,((-0.123064356969675,0.992398692080779,
0.),(-0.372932462998883,0.927858490310665,0.),(-0.372932462998883,0.927858490310665,
0.),(0.134999774692835,0.990845629163738,0.),(-0.123064356969675,0.992398692080779,
0.),(0.384072987773248,0.923302734785796,0.),(0.134999774692835,0.990845629163738,
0.),(0.60756712881069,0.794268332485146,0.),(0.384072987773248,0.923302734785796,
0.),(0.79059759795886,0.6123360499772,0.),(0.60756712881069,0.794268332485146,
0.),(0.920974656013387,0.389622487776338,0.),(0.79059759795886,0.6123360499772,
0.),(0.990015255046161,0.14096025956235,0.),(0.920974656013387,0.389622487776338,
0.),(-0.783170366275021,0.621807186665327,0.),(-0.916218520978185,0.400678951052518,
0.),(-0.916218520978185,0.400678951052518,0.),(-0.831191981214768,0.555985512728766,
0.),(-0.59796345045457,0.801523369541067,0.),(-0.783347553600034,0.621583952711814,
0.),(-0.726941081456196,0.686699835511337,0.),(-0.604034067961845,0.796958496247744,
0.),(-0.467588408886771,0.883946310515938,0.),(-0.373666830446569,0.927562989679955,
0.),(-0.598021844674102,0.801479802173819,0.),(0.999220480158079,-0.0394769810479133,
0.),(0.993073710092793,-0.117493005419624,0.),(0.990015255046161,0.14096025956235,
0.),(0.990126528303237,0.140176524247745,0.),(0.993121325125766,-0.117089852593819,
0.),(0.978617021095177,-0.205690850605472,0.),(0.930028651865003,-0.367487015702821,
0.),(0.930086003512917,-0.367341838168988,0.),(0.854495925963872,-0.519458095048239,
0.),(0.805107411617126,-0.593129038034028,0.),(0.805107411617126,-0.593129038034028,
0.)),$,(24,26,25,22,23,20,21,18,19,16,17,11,15,6,10,33,37,36,35,29,34,32,
31,28,27,30,1,3,5,4,2,7,9,8,12,13,14),((1,2,3),(4,1,5),(6,4,7),(8,6,9),
(10,8,11),(12,10,13),(14,12,15),(16,17,18),(18,19,16),(20,16,21),(21,22,
20),(22,23,20),(2,24,25),(2,20,26),(26,24,2),(14,27,28),(14,29,30),(30,
27,14),(31,32,33),(31,28,32),(34,35,36),(34,33,35),(36,37,34),(33,34,31),
(28,31,14),(25,3,2),(23,26,20),(19,21,16),(15,29,14),(13,15,12),(11,13,
10),(9,11,8),(7,9,6),(5,7,4),(3,5,1)),());
#2462=COMPLEX_TRIANGULATED_FACE($,#2666,17,((0.,0.,1.),(0.,0.,1.),(0.,0.,
1.),(0.,0.,1.),(0.,0.,1.),(0.,0.,1.),(0.,0.,1.),(0.,0.,1.),(0.,0.,1.),(0.,
0.,1.),(0.,0.,1.),(0.,0.,1.),(0.,0.,1.),(0.,0.,1.),(0.,0.,1.),(0.,0.,1.),
(0.,0.,1.)),$,(2,6,7,5,4,3,13,12,14,1,8,9,15,10,11,16,17),((1,2,3),(4,5,
6),(3,4,1),(7,8,9),(1,10,2),(2,11,12),(9,13,7),(12,3,2),(11,14,15),(8,7,
15),(13,16,7),(15,12,11),(16,17,7),(15,14,8),(6,1,4)),());
#2463=COMPLEX_TRIANGULATED_FACE($,#2667,24,((0.,0.,1.),(0.,0.,1.),(0.,0.,
1.),(0.,0.,1.),(0.,0.,1.),(0.,0.,1.),(0.,0.,1.),(0.,0.,1.),(0.,0.,1.),(0.,
0.,1.),(0.,0.,1.),(0.,0.,1.),(0.,0.,1.),(0.,0.,1.),(0.,0.,1.),(0.,0.,1.),
(0.,0.,1.),(0.,0.,1.),(0.,0.,1.),(0.,0.,1.),(0.,0.,1.),(0.,0.,1.),(0.,0.,
1.),(0.,0.,1.)),$,(23,8,10,24,9,15,13,1,21,19,6,4,17,14,3,2,16,5,18,7,20,
22,12,11),((1,2,3),(4,3,5),(3,4,1),(6,7,8),(1,9,2),(9,10,11),(12,13,6),
(14,15,16),(14,17,18),(19,20,18),(21,22,5),(11,2,9),(13,12,11),(8,12,6),
(18,15,14),(18,17,19),(5,22,4),(7,23,8),(19,21,20),(11,10,13),(5,20,21),
(16,24,14)),());
#2464=COMPLEX_TRIANGULATED_FACE($,#2668,122,((0.,0.,1.),(0.,0.,1.),(0.,
0.,1.),(0.,0.,1.),(0.,0.,1.),(0.,0.,1.),(0.,0.,1.),(0.,0.,1.),(0.,0.,1.),
(0.,0.,1.),(0.,0.,1.),(0.,0.,1.),(0.,0.,1.),(0.,0.,1.),(0.,0.,1.),(0.,0.,
1.),(0.,0.,1.),(0.,0.,1.),(0.,0.,1.),(0.,0.,1.),(0.,0.,1.),(0.,0.,1.),(0.,
0.,1.),(0.,0.,1.),(0.,0.,1.),(0.,0.,1.),(0.,0.,1.),(0.,0.,1.),(0.,0.,1.),
(0.,0.,1.),(0.,0.,1.),(0.,0.,1.),(0.,0.,1.),(0.,0.,1.),(0.,0.,1.),(0.,0.,
1.),(0.,0.,1.),(0.,0.,1.),(0.,0.,1.),(0.,0.,1.),(0.,0.,1.),(0.,0.,1.),(0.,
0.,1.),(0.,0.,1.),(0.,0.,1.),(0.,0.,1.),(0.,0.,1.),(0.,0.,1.),(0.,0.,1.),
(0.,0.,1.),(0.,0.,1.),(0.,0.,1.),(0.,0.,1.),(0.,0.,1.),(0.,0.,1.),(0.,0.,
1.),(0.,0.,1.),(0.,0.,1.),(0.,0.,1.),(0.,0.,1.),(0.,0.,1.),(0.,0.,1.),(0.,
0.,1.),(0.,0.,1.),(0.,0.,1.),(0.,0.,1.),(0.,0.,1.),(0.,0.,1.),(0.,0.,1.),
(0.,0.,1.),(0.,0.,1.),(0.,0.,1.),(0.,0.,1.),(0.,0.,1.),(0.,0.,1.),(0.,0.,
1.),(0.,0.,1.),(0.,0.,1.),(0.,0.,1.),(0.,0.,1.),(0.,0.,1.),(0.,0.,1.),(0.,
0.,1.),(0.,0.,1.),(0.,0.,1.),(0.,0.,1.),(0.,0.,1.),(0.,0.,1.),(0.,0.,1.),
(0.,0.,1.),(0.,0.,1.),(0.,0.,1.),(0.,0.,1.),(0.,0.,1.),(0.,0.,1.),(0.,0.,
1.),(0.,0.,1.),(0.,0.,1.),(0.,0.,1.),(0.,0.,1.),(0.,0.,1.),(0.,0.,1.),(0.,
0.,1.),(0.,0.,1.),(0.,0.,1.),(0.,0.,1.),(0.,0.,1.),(0.,0.,1.),(0.,0.,1.),
(0.,0.,1.),(0.,0.,1.),(0.,0.,1.),(0.,0.,1.),(0.,0.,1.),(0.,0.,1.),(0.,0.,
1.),(0.,0.,1.),(0.,0.,1.),(0.,0.,1.),(0.,0.,1.),(0.,0.,1.),(0.,0.,1.)),
$,(60,65,64,56,57,63,58,59,67,66,69,62,2,1,20,54,61,68,52,47,42,49,37,46,
32,43,22,4,3,23,21,7,9,28,11,31,55,71,76,81,74,86,77,91,80,88,83,75,78,
72,73,53,12,10,30,8,27,6,25,5,26,13,34,15,17,38,19,41,35,40,48,45,51,50,
70,116,114,95,112,92,79,94,24,18,39,16,36,33,14,29,44,99,105,84,107,87,
111,113,93,115,96,117,98,121,122,103,118,97,110,89,108,106,85,104,82,109,
90,119,101,120,100,102),((1,2,3),(4,5,1),(6,7,8),(9,10,6),(2,11,3),(1,12,
4),(13,14,15),(7,16,8),(6,17,9),(11,2,18),(4,19,5),(20,21,22),(23,24,22),
(25,26,24),(27,28,13),(29,30,31),(32,33,34),(35,36,34),(16,7,37),(9,38,
10),(39,40,41),(42,43,41),(44,45,43),(46,47,48),(47,49,50),(51,18,50),(3,
12,1),(19,20,52),(22,21,23),(24,23,25),(53,54,55),(54,56,57),(58,59,57),
(14,31,15),(31,14,29),(60,32,61),(34,33,35),(62,63,36),(64,65,66),(65,67,
68),(69,70,71),(70,72,73),(74,37,73),(8,17,6),(38,39,75),(41,40,42),(43,
42,44),(76,77,78),(79,80,78),(81,82,46),(50,49,51),(52,5,19),(25,83,26),
(83,84,85),(84,86,87),(88,89,53),(57,56,58),(28,27,59),(29,60,30),(34,61,
32),(36,35,62),(68,66,65),(90,91,68),(91,90,69),(73,72,74),(75,10,38),(44,
92,45),(92,93,94),(93,95,96),(97,98,99),(98,100,101),(102,103,101),(104,
105,106),(107,76,108),(78,77,79),(109,110,80),(111,112,113),(112,114,115),
(50,48,47),(22,52,20),(87,85,84),(89,88,87),(57,55,54),(15,27,13),(62,64,
63),(68,67,90),(73,71,70),(41,75,39),(96,94,93),(116,117,96),(117,116,97),
(101,100,102),(118,119,103),(119,118,104),(120,121,122),(78,108,76),(80,
79,109),(115,113,112),(82,81,115),(18,51,11),(87,86,89),(59,58,28),(66,
63,64),(37,74,16),(96,95,116),(101,99,98),(106,119,104),(122,105,120),(109,
111,110),(115,114,82),(85,26,83),(61,30,60),(94,45,92),(103,102,118),(120,
107,121),(113,110,111),(55,88,53),(99,117,97),(108,121,107),(71,91,69),
(48,81,46),(122,106,105)),());
#2465=COMPLEX_TRIANGULATED_FACE($,#2669,4,((0.642787609703783,0.766044443104509,
0.),(0.642787609703783,0.766044443104509,0.),(0.642787609703783,0.766044443104509,
0.),(0.642787609703783,0.766044443104509,0.)),$,(1,2,4,3),((1,2,3),(3,4,
1)),());
#2466=COMPLEX_TRIANGULATED_FACE($,#2670,6,((0.216439613905997,-0.976296007127051,
0.),(0.216439613905997,-0.976296007127051,0.),(0.216439613905997,-0.976296007127051,
0.),(0.216439613905997,-0.976296007127051,0.),(0.216439613905997,-0.976296007127051,
0.),(0.216439613905997,-0.976296007127051,0.)),$,(1,5,3,6,4,2),((1,2,3),
(4,5,3),(3,2,4),(3,6,1)),());
#2467=COMPLEX_TRIANGULATED_FACE($,#2671,37,((0.,0.,-1.),(0.,0.,-1.),(0.,
0.,-1.),(0.,0.,-1.),(0.,0.,-1.),(0.,0.,-1.),(0.,0.,-1.),(0.,0.,-1.),(0.,
0.,-1.),(0.,0.,-1.),(0.,0.,-1.),(0.,0.,-1.),(0.,0.,-1.),(0.,0.,-1.),(0.,
0.,-1.),(0.,0.,-1.),(0.,0.,-1.),(0.,0.,-1.),(0.,0.,-1.),(0.,0.,-1.),(0.,
0.,-1.),(0.,0.,-1.),(0.,0.,-1.),(0.,0.,-1.),(0.,0.,-1.),(0.,0.,-1.),(0.,
0.,-1.),(0.,0.,-1.),(0.,0.,-1.),(0.,0.,-1.),(0.,0.,-1.),(0.,0.,-1.),(0.,
0.,-1.),(0.,0.,-1.),(0.,0.,-1.),(0.,0.,-1.),(0.,0.,-1.)),$,(10,22,21,37,
34,35,25,36,26,17,19,20,6,5,3,8,2,24,29,27,33,31,32,30,23,4,7,1,13,11,18,
15,28,16,12,14,9),((1,2,3),(4,5,6),(7,8,9),(10,11,12),(13,14,15),(16,13,
17),(1,18,2),(4,19,20),(4,21,22),(4,23,5),(4,8,24),(9,25,7),(12,9,10),(26,
15,27),(17,28,16),(1,29,30),(1,31,32),(1,20,18),(22,19,4),(24,23,4),(7,
33,8),(10,34,11),(26,35,36),(27,37,26),(28,30,16),(32,29,1),(20,1,4),(33,
24,8),(10,36,34),(37,35,26),(30,28,1),(6,21,4),(36,10,26),(3,31,1),(15,
14,27),(12,25,9),(15,17,13)),());
#2468=COMPLEX_TRIANGULATED_FACE($,#2672,9,((0.,1.,0.),(0.,1.,0.),(0.,1.,
0.),(0.,1.,0.),(0.,1.,0.),(0.,1.,0.),(0.,1.,0.),(0.,1.,0.),(0.,1.,0.)),
$,(7,8,6,4,1,2,9,5,3),((1,2,3),(3,4,1),(5,6,4),(1,7,2),(4,8,5),(6,9,4),
(3,8,4)),());
#2469=COMPLEX_TRIANGULATED_FACE($,#2673,26,((-0.210328253397185,0.948729433968857,
-0.235954417089448),(-0.18994363348587,0.856780356287832,-0.479425528291392),
(-0.18994363348587,0.856780356287832,-0.479425528291392),(-0.216379350384788,
0.97602416840046,0.0235965977472961),(-0.210328253397185,0.948729433968857,
-0.235954417089448),(-0.207684552187775,0.936804468532804,0.281539543438455),
(-0.216379350384788,0.97602416840046,0.0235965977472961),(-0.184836394936033,
0.833743092105443,0.520296034458755),(-0.207684552187775,0.936804468532804,
0.281539543438455),(-0.149391942792092,0.673863501623819,0.72359521046514),
(-0.184836394936033,0.833743092105443,0.520296034458755),(-0.103766676601335,
0.46806122699506,0.877582568543264),(-0.149391942792092,0.673863501623819,
0.72359521046514),(-0.0510698828637119,0.230361353168512,0.971764124688012),
(-0.103766676601335,0.46806122699506,0.877582568543264),(0.00510723900346628,
-0.0230372662285754,0.999721561473231),(-0.0510698828637119,0.230361353168512,
0.971764124688012),(0.0609363109717331,-0.274865933998843,0.95954962577873),
(0.00510723900346628,-0.0230372662285754,0.999721561473231),(0.112612674038118,
-0.507962942554121,0.853985968642192),(0.0609363109717331,-0.274865933998843,
0.95954962577873),(0.156614669449399,-0.706443115929647,0.690224578864638),
(0.112612674038118,-0.507962942554121,0.853985968642192),(0.189943633926964,
-0.856780358277478,0.479425524560943),(0.156614669449399,-0.706443115929647,
0.690224578864638),(0.189943633926964,-0.856780358277478,0.479425524560943)),
$,(12,10,23,13,25,11,26,9,24,8,22,7,21,6,20,5,19,4,18,3,17,2,16,1,15,14),
((1,2,3),(4,1,5),(6,4,7),(8,6,9),(10,8,11),(12,10,13),(14,12,15),(16,14,
17),(18,16,19),(20,18,21),(22,20,23),(24,22,25),(25,26,24),(23,25,22),(21,
23,20),(19,21,18),(17,19,16),(15,17,14),(13,15,12),(11,13,10),(9,11,8),
(7,9,6),(5,7,4),(3,5,1)),());
#2470=COMPLEX_TRIANGULATED_FACE($,#2674,37,((-0.797910299470305,-0.602776205568209,
0.),(-0.617082791899794,-0.786898232264602,0.),(-0.617082791899794,-0.786898232264602,
0.),(-0.925597373501237,-0.378509580020917,0.),(-0.797910299470305,-0.602776205568209,
0.),(-0.991640117657491,-0.129034402591855,0.),(-0.925597373501237,-0.378509580020917,
0.),(-0.991640117657491,0.129034402591859,0.),(-0.991640117657491,-0.129034402591855,
0.),(-0.925597373501236,0.378509580020921,0.),(-0.991640117657491,0.129034402591859,
0.),(-0.797910299470303,0.602776205568212,0.),(-0.925597373501236,0.378509580020921,
0.),(-0.617082791899791,0.786898232264604,0.),(-0.797910299470303,0.602776205568212,
0.),(-0.146915635765035,-0.989149026167319,0.),(0.11111111142464,-0.993807989964853,
0.),(0.11111111142464,-0.993807989964853,0.),(-0.0659015863110265,-0.99782612760024,
0.),(-0.395157873864551,-0.918613223681679,0.),(-0.146633715852506,-0.989190857911297,
0.),(-0.231228959314109,-0.972899361894392,0.),(-0.388169265988663,-0.921588097222302,
0.),(-0.531725750906825,-0.84691659909496,0.),(-0.616459695603185,-0.787386464004067,
0.),(-0.39509094628222,-0.918642010886624,0.),(-0.465422171628669,0.885088810321571,
0.),(-0.394784925758149,0.918773564266045,0.),(-0.617082791899791,0.786898232264604,
0.),(-0.616459696228773,0.787386463514283,0.),(-0.395157873864548,0.918613223681681,
0.),(-0.311175008487763,0.95035262618285,0.),(-0.146761234429736,0.989171946664815,
0.),(-0.14691563576503,0.98914902616732,0.),(0.0226159441401557,0.999744226825366,
0.),(0.111111111424642,0.993807989964853,0.),(0.111111111424642,0.993807989964853,
0.)),$,(29,25,24,33,28,37,32,35,36,31,34,27,30,23,26,10,4,3,6,17,7,11,13,
19,20,15,18,14,22,21,16,12,8,9,5,1,2),((1,2,3),(4,1,5),(6,4,7),(8,6,9),
(10,8,11),(12,10,13),(14,12,15),(16,17,18),(18,19,16),(20,16,21),(21,22,
20),(22,23,20),(2,24,25),(2,20,26),(26,24,2),(14,27,28),(14,29,30),(30,
27,14),(31,32,33),(31,28,32),(34,35,36),(34,33,35),(36,37,34),(33,34,31),
(28,31,14),(25,3,2),(23,26,20),(19,21,16),(15,29,14),(13,15,12),(11,13,
10),(9,11,8),(7,9,6),(5,7,4),(3,5,1)),());
#2471=COMPLEX_TRIANGULATED_FACE($,#2675,10,((0.230023499652198,0.576507879490349,
-0.784045824230508),(0.310351472536868,0.537544518157242,-0.784045824230508),
(0.310351472536868,0.537544518157242,-0.784045824230508),(0.38425871967174,
0.487460133613959,-0.784045824230508),(0.38425871967174,0.487460133613959,
-0.784045824230508),(0.230023499652198,0.576507879490349,-0.784045824230508),
(0.153118463924004,0.601520474724058,-0.784045824230508),(0.448754789237486,
0.428825471075497,-0.784045824230508),(0.444372780366141,0.43336471657989,
-0.784045824230508),(0.14699635758923,0.603045782973567,-0.784045824230508)),
$,(7,5,6,2,4,8,10,1,3,9),((1,2,3),(2,4,5),(1,6,7),(4,8,9),(9,5,4),(7,10,
1),(5,3,2),(3,6,1)),());
#2472=COMPLEX_TRIANGULATED_FACE($,#2676,43,((0.946105122415562,0.323859687733799,
0.),(0.88010675800112,0.474775836075045,0.),(0.88010675800112,0.474775836075045,
0.),(0.986434266037538,0.164156750659191,0.),(0.946105122415562,0.323859687733799,
0.),(0.946105122394622,-0.323859687794974,0.),(0.986434266026924,-0.164156750722973,
0.),(0.986434266026924,-0.164156750722973,0.),(0.880106757970422,-0.474775836131951,
0.),(0.946105122394622,-0.323859687794974,0.),(0.790229805262496,-0.612810619094347,
0.),(0.823780272401878,-0.566909219189004,0.),(0.880106757970422,-0.474775836131951,
0.),(0.823780272401878,-0.566909219189004,0.),(0.678912757931385,-0.734218950394227,
0.),(0.678912757931385,-0.734218950394227,0.),(0.7013445365283,-0.712822447094579,
0.),(0.766044443359369,-0.642787609400053,0.),(0.713317460791097,-0.700841066241513,
0.),(0.776825633492853,-0.629715757424274,0.),(0.790238248682213,-0.612799731004893,
0.),(0.678912757978859,0.73421895035033,0.),(0.701344536567977,0.712822447055541,
0.),(0.755043315264673,0.655674913409177,0.),(0.79022980530212,0.612810619043252,
0.),(0.766044443484423,0.642787609251018,0.),(0.678912757978859,0.73421895035033,
0.),(0.701344536567978,0.712822447055541,0.),(0.87758256187975,0.479425538623647,
0.),(0.823780272461181,0.566909219102831,0.),(0.823780272461181,0.566909219102831,
0.),(0.814059992557474,0.58078079213876,0.),(0.790237203944334,0.612801078248269,
0.),(1.,0.,0.),(0.995454521933591,0.0952380951193636,0.),(0.999856446307259,
0.0169436353188837,0.),(0.986434266037538,0.164156750659191,0.),(0.995454521933591,
0.0952380951193636,0.),(0.995454521933591,-0.0952380951193638,0.),(0.996924830792493,
-0.0783637782994153,0.),(1.,0.,0.),(0.995454521933591,-0.0952380951193638,
0.),(0.7013445365283,-0.712822447094579,0.)),$,(14,18,17,10,13,16,12,11,
20,15,30,25,19,24,42,43,39,33,35,31,27,41,36,34,29,32,40,37,21,23,22,26,
28,2,6,3,9,5,8,4,1,7,38),((1,2,3),(4,1,5),(6,7,8),(9,6,10),(11,9,12),(13,
14,12),(12,9,13),(15,16,17),(11,18,19),(11,20,18),(19,16,11),(11,21,20),
(19,17,16),(22,23,24),(24,25,22),(24,26,25),(27,28,23),(23,22,27),(29,2,
30),(30,31,29),(25,32,30),(25,33,32),(30,2,25),(34,4,35),(35,36,34),(37,
38,35),(35,4,37),(8,7,39),(34,40,39),(34,41,40),(39,7,34),(39,42,8),(36,
41,34),(29,3,2),(26,33,25),(17,43,15),(12,21,11),(10,13,9),(8,10,6),(5,
37,4),(3,5,1)),());
#2473=COMPLEX_TRIANGULATED_FACE($,#2677,77,((0.101168321987433,0.994869323391895,
0.),(0.,1.,0.),(0.,1.,0.),(0.201298520088661,0.979529941252494,0.),(0.101168321987433,
0.994869323391895,0.),(0.485301962531081,0.874346616144582,0.),(0.394355855113319,
0.91895781162023,0.),(0.394355855113319,0.91895781162023,0.),(0.848644257494751,
0.528964010326962,0.),(0.790775736937699,0.612105982547662,0.),(0.790775736937699,
0.612105982547662,0.),(0.897804539570742,0.440394151557634,0.),(0.848644257494751,
0.528964010326962,0.),(0.937752132147081,0.34730525284482,0.),(0.897804539570742,
0.440394151557634,0.),(0.968077118866204,0.25065253225872,0.),(0.937752132147081,
0.34730525284482,0.),(0.988468324328112,0.151427777504576,0.),(0.968077118866204,
0.25065253225872,0.),(0.998716507171053,0.0506491688387119,0.),(0.988468324328112,
0.151427777504576,0.),(0.998716507171053,-0.050649168838713,0.),(0.998716507171053,
0.0506491688387119,0.),(0.988468324328111,-0.151427777504577,0.),(0.998716507171053,
-0.050649168838713,0.),(0.968077118866204,-0.250652532258721,0.),(0.988468324328111,
-0.151427777504577,0.),(0.93775213214708,-0.347305252844821,0.),(0.968077118866204,
-0.250652532258721,0.),(0.897804539570742,-0.440394151557635,0.),(0.93775213214708,
-0.347305252844821,0.),(0.848644257494751,-0.528964010326963,0.),(0.897804539570742,
-0.440394151557635,0.),(0.485301962531081,-0.874346616144582,0.),(0.571268215094792,
-0.820763441207277,0.),(0.571268215094792,-0.820763441207277,0.),(0.394355855113318,
-0.918957811620231,0.),(0.485301962531081,-0.874346616144582,0.),(0.299363122973358,
-0.954139256400049,0.),(0.394355855113318,-0.918957811620231,0.),(0.20129852008866,
-0.979529941252495,0.),(0.299363122973358,-0.954139256400049,0.),(0.101168321987432,
-0.994869323391895,0.),(0.20129852008866,-0.979529941252495,0.),(0.,-1.,
0.),(0.101168321987432,-0.994869323391895,0.),(0.299363122973359,0.954139256400049,
0.),(0.235441141586741,0.971888609280062,0.),(0.201298520088661,0.979529941252494,
0.),(0.235441141586741,0.971888609280062,0.),(0.364590312471245,0.931168032125309,
0.),(0.299363122973359,0.954139256400049,0.),(0.571268215094793,0.820763441207276,
0.),(0.541990505031207,0.840384609840052,0.),(0.485301962531081,0.874346616144582,
0.),(0.541990505031207,0.840384609840052,0.),(0.651372482722223,0.758758122692791,
0.),(0.571268215094793,0.820763441207276,0.),(0.724792787229121,0.688966919075686,
0.),(0.651372482722223,0.758758122692791,0.),(0.733501615635301,0.679687707598426,
0.),(0.724792787229121,0.688966919075686,0.),(0.790775736937698,-0.612105982547663,
0.),(0.840384609962451,-0.541990504841422,0.),(0.848644257494751,-0.528964010326963,
0.),(0.840384609962451,-0.541990504841422,0.),(0.72479278722912,-0.688966919075687,
0.),(0.790775736937698,-0.612105982547663,0.),(0.72479278722912,-0.688966919075687,
0.),(0.679687707453376,-0.733501615769709,0.),(0.651372482722222,-0.758758122692791,
0.),(0.62412001521367,-0.781328488287537,0.),(0.651372482722222,-0.758758122692791,
0.),(0.62412001521367,-0.781328488287537,0.),(0.733501615635301,0.679687707598426,
0.),(0.364590312471245,0.931168032125309,0.),(0.,-1.,0.)),$,(71,75,74,67,
70,51,55,54,22,28,27,18,21,14,17,10,13,6,9,2,5,4,1,8,3,12,7,16,11,20,15,
24,19,53,47,46,57,52,63,56,69,62,73,68,77,72,61,65,66,64,59,60,45,49,50,
48,39,44,34,38,32,33,30,26,23,25,36,29,35,37,41,43,40,42,31,58,76),((1,
2,3),(4,1,5),(6,7,8),(9,10,11),(12,9,13),(14,12,15),(16,14,17),(18,16,19),
(20,18,21),(22,20,23),(24,22,25),(26,24,27),(28,26,29),(30,28,31),(32,30,
33),(34,35,36),(37,34,38),(39,37,40),(41,39,42),(43,41,44),(45,43,46),(47,
4,48),(49,50,48),(48,4,49),(8,7,51),(47,52,51),(51,7,47),(53,6,54),(55,
56,54),(54,6,55),(57,53,58),(59,57,60),(11,10,61),(59,62,61),(61,10,59),
(63,32,64),(65,66,64),(64,32,65),(67,63,68),(67,69,70),(70,71,67),(36,35,
72),(71,73,72),(72,35,71),(72,74,36),(70,73,71),(68,69,67),(64,68,63),(61,
75,11),(60,62,59),(58,60,57),(54,58,53),(51,76,8),(48,52,47),(46,77,45),
(44,46,43),(42,44,41),(40,42,39),(38,40,37),(36,38,34),(33,65,32),(31,33,
30),(29,31,28),(27,29,26),(25,27,24),(23,25,22),(21,23,20),(19,21,18),(17,
19,16),(15,17,14),(13,15,12),(11,13,9),(8,55,6),(5,49,4),(3,5,1)),());
#2474=COMPLEX_TRIANGULATED_FACE($,#2678,14,((-0.883379367914907,0.468658609589389,
0.),(-0.927700209360235,0.373326025817884,0.),(-0.927700209360235,0.373326025817884,
0.),(-0.829294853644429,0.558811279162174,0.),(-0.883379367914907,0.468658609589389,
0.),(-0.766044443134291,0.64278760966829,0.),(-0.829294853644429,0.558811279162174,
0.),(-0.694327220307787,0.719659441082837,0.),(-0.766044443134291,0.64278760966829,
0.),(-0.614935849704114,0.788577136841209,0.),(-0.694327220307787,0.719659441082837,
0.),(-0.528747815443765,0.848778974564902,0.),(-0.614935849704114,0.788577136841209,
0.),(-0.528747815443765,0.848778974564902,0.)),$,(12,14,13,10,11,8,9,6,
7,4,5,2,3,1),((1,2,3),(4,1,5),(6,4,7),(8,6,9),(10,8,11),(12,10,13),(13,
14,12),(11,13,10),(9,11,8),(7,9,6),(5,7,4),(3,5,1)),());
#2475=COMPLEX_TRIANGULATED_FACE($,#2679,28,((-0.970941817426052,-0.239315664287558,
0.),(-1.,0.,0.),(-1.,0.,0.),(-0.88545602565321,-0.464723172043769,0.),(-0.970941817426052,
-0.239315664287558,0.),(-0.748510748171101,-0.663122658240796,0.),(-0.88545602565321,
-0.464723172043769,0.),(-0.568064746731156,-0.822983865893657,0.),(-0.748510748171101,
-0.663122658240796,0.),(-0.354604887042536,-0.935016242685415,0.),(-0.568064746731156,
-0.822983865893657,0.),(-0.120536680255323,-0.992708874098054,0.),(-0.354604887042536,
-0.935016242685415,0.),(0.120536680255323,-0.992708874098054,0.),(-0.120536680255323,
-0.992708874098054,0.),(0.354604887042536,-0.935016242685415,0.),(0.120536680255323,
-0.992708874098054,0.),(0.568064746731156,-0.822983865893656,0.),(0.354604887042536,
-0.935016242685415,0.),(0.748510748171101,-0.663122658240795,0.),(0.568064746731156,
-0.822983865893656,0.),(0.88545602565321,-0.464723172043768,0.),(0.748510748171101,
-0.663122658240795,0.),(0.970941817426052,-0.239315664287558,0.),(0.88545602565321,
-0.464723172043768,0.),(1.,0.,0.),(0.970941817426052,-0.239315664287558,
0.),(1.,0.,0.)),$,(25,27,28,23,26,21,24,19,22,17,20,15,18,13,16,11,14,9,
12,7,10,5,8,3,6,1,4,2),((1,2,3),(4,1,5),(6,4,7),(8,6,9),(10,8,11),(12,10,
13),(14,12,15),(16,14,17),(18,16,19),(20,18,21),(22,20,23),(24,22,25),(26,
24,27),(27,28,26),(25,27,24),(23,25,22),(21,23,20),(19,21,18),(17,19,16),
(15,17,14),(13,15,12),(11,13,10),(9,11,8),(7,9,6),(5,7,4),(3,5,1)),());
#2476=COMPLEX_TRIANGULATED_FACE($,#2680,5,((0.642787609703783,0.766044443104509,
0.),(0.642787609703783,0.766044443104509,0.),(0.642787609703783,0.766044443104509,
0.),(0.642787609703783,0.766044443104509,0.),(0.642787609703783,0.766044443104509,
0.)),$,(2,5,4,1,3),((1,2,3),(3,4,1),(3,5,4)),());
#2477=COMPLEX_TRIANGULATED_FACE($,#2681,9,((-0.409868664110094,0.34392064490847,
0.844823217120806),(-0.409868664110094,0.34392064490847,0.844823217120806),
(-0.409868664110094,0.34392064490847,0.844823217120806),(-0.409868664110094,
0.34392064490847,0.844823217120806),(-0.409868664110094,0.34392064490847,
0.844823217120806),(-0.409868664110094,0.34392064490847,0.844823217120806),
(-0.409868664110094,0.34392064490847,0.844823217120806),(-0.409868664110094,
0.34392064490847,0.844823217120806),(-0.409868664110094,0.34392064490847,
0.844823217120806)),$,(7,9,8,2,6,1,5,3,4),((1,2,3),(4,5,1),(6,7,5),(5,4,
6),(7,6,8),(8,9,7),(3,4,1)),());
#2478=COMPLEX_TRIANGULATED_FACE($,#2682,28,((0.300705799514217,0.953716950745092,
0.),(0.300705799514217,0.953716950745092,0.),(0.300705799514217,0.953716950745092,
0.),(0.300705799514217,0.953716950745092,0.),(0.300705799514217,0.953716950745092,
0.),(0.300705799514217,0.953716950745092,0.),(0.300705799514217,0.953716950745092,
0.),(0.300705799514217,0.953716950745092,0.),(0.300705799514217,0.953716950745092,
0.),(0.300705799514217,0.953716950745092,0.),(0.300705799514217,0.953716950745092,
0.),(0.300705799514217,0.953716950745092,0.),(0.300705799514217,0.953716950745092,
0.),(0.300705799514217,0.953716950745092,0.),(0.300705799514217,0.953716950745092,
0.),(0.300705799514217,0.953716950745092,0.),(0.300705799514217,0.953716950745092,
0.),(0.300705799514217,0.953716950745092,0.),(0.300705799514217,0.953716950745092,
0.),(0.300705799514217,0.953716950745092,0.),(0.300705799514217,0.953716950745092,
0.),(0.300705799514217,0.953716950745092,0.),(0.300705799514217,0.953716950745092,
0.),(0.300705799514217,0.953716950745092,0.),(0.300705799514217,0.953716950745092,
0.),(0.300705799514217,0.953716950745092,0.),(0.300705799514217,0.953716950745092,
0.),(0.300705799514217,0.953716950745092,0.)),$,(5,16,17,8,9,24,13,12,21,
20,19,22,14,11,10,7,15,18,26,28,23,3,1,6,27,2,25,4),((1,2,3),(1,4,5),(6,
7,8),(6,9,10),(1,11,12),(1,13,2),(5,14,1),(6,15,16),(6,17,7),(10,18,6),
(1,19,20),(12,21,1),(14,13,1),(6,22,23),(16,24,6),(18,17,6),(20,25,1),(3,
11,1),(23,26,6),(8,15,6),(21,19,1),(24,22,6),(27,28,1),(28,27,6),(26,28,
6),(25,27,1)),());
#2479=COMPLEX_TRIANGULATED_FACE($,#2683,84,((0.,0.,1.),(0.,0.,1.),(0.,0.,
1.),(0.,0.,1.),(0.,0.,1.),(0.,0.,1.),(0.,0.,1.),(0.,0.,1.),(0.,0.,1.),(0.,
0.,1.),(0.,0.,1.),(0.,0.,1.),(0.,0.,1.),(0.,0.,1.),(0.,0.,1.),(0.,0.,1.),
(0.,0.,1.),(0.,0.,1.),(0.,0.,1.),(0.,0.,1.),(0.,0.,1.),(0.,0.,1.),(0.,0.,
1.),(0.,0.,1.),(0.,0.,1.),(0.,0.,1.),(0.,0.,1.),(0.,0.,1.),(0.,0.,1.),(0.,
0.,1.),(0.,0.,1.),(0.,0.,1.),(0.,0.,1.),(0.,0.,1.),(0.,0.,1.),(0.,0.,1.),
(0.,0.,1.),(0.,0.,1.),(0.,0.,1.),(0.,0.,1.),(0.,0.,1.),(0.,0.,1.),(0.,0.,
1.),(0.,0.,1.),(0.,0.,1.),(0.,0.,1.),(0.,0.,1.),(0.,0.,1.),(0.,0.,1.),(0.,
0.,1.),(0.,0.,1.),(0.,0.,1.),(0.,0.,1.),(0.,0.,1.),(0.,0.,1.),(0.,0.,1.),
(0.,0.,1.),(0.,0.,1.),(0.,0.,1.),(0.,0.,1.),(0.,0.,1.),(0.,0.,1.),(0.,0.,
1.),(0.,0.,1.),(0.,0.,1.),(0.,0.,1.),(0.,0.,1.),(0.,0.,1.),(0.,0.,1.),(0.,
0.,1.),(0.,0.,1.),(0.,0.,1.),(0.,0.,1.),(0.,0.,1.),(0.,0.,1.),(0.,0.,1.),
(0.,0.,1.),(0.,0.,1.),(0.,0.,1.),(0.,0.,1.),(0.,0.,1.),(0.,0.,1.),(0.,0.,
1.),(0.,0.,1.)),$,(72,71,73,70,75,46,42,45,38,41,25,21,26,16,22,57,59,55,
61,63,74,76,77,34,37,10,18,36,39,35,40,43,65,66,69,68,81,80,82,49,52,50,
30,29,9,12,4,1,8,13,20,17,19,24,44,47,53,51,78,79,84,62,58,60,54,56,33,
6,15,2,3,11,23,27,32,31,67,83,7,14,48,5,28,64),((1,2,3),(2,1,4),(3,5,1),
(6,7,8),(7,9,10),(11,12,13),(12,14,15),(16,17,18),(19,20,17),(3,21,5),(22,
23,5),(10,8,7),(9,24,25),(15,13,12),(14,26,27),(28,29,30),(31,32,29),(17,
16,19),(33,34,20),(35,4,36),(5,21,22),(37,38,39),(40,41,42),(25,10,9),(43,
11,44),(27,15,14),(45,46,47),(48,49,45),(50,51,52),(53,54,51),(29,28,31),
(55,56,32),(57,18,58),(20,19,33),(4,35,2),(59,60,23),(38,37,60),(39,61,
37),(62,63,64),(63,65,66),(8,40,6),(24,43,67),(13,44,11),(26,68,69),(45,
70,48),(71,72,49),(51,50,53),(73,74,54),(75,30,76),(32,31,55),(18,57,16),
(77,36,34),(23,22,59),(39,78,61),(66,64,63),(65,42,41),(67,25,24),(69,27,
26),(68,47,46),(49,48,71),(79,52,80),(54,53,73),(30,75,28),(81,58,56),(34,
33,77),(60,59,38),(41,66,65),(44,67,43),(47,70,45),(82,80,72),(52,79,50),
(83,76,74),(56,55,81),(36,77,35),(42,6,40),(72,71,82),(74,73,83),(58,81,
57),(46,69,68),(76,83,75),(80,82,79),(64,84,62)),());
#2480=COMPLEX_TRIANGULATED_FACE($,#2684,15,((-0.375459908468864,0.926838635973141,
0.),(-0.47069024640341,0.882298527676827,0.),(-0.47069024640341,0.882298527676827,
0.),(-0.276079747890948,0.96113473186878,0.),(-0.375459908468864,0.926838635973141,
0.),(-0.173648177659613,0.984807753013498,0.),(-0.276079747890948,0.96113473186878,
0.),(-0.0692973368926553,0.997596050062141,0.),(-0.173648177659613,0.984807753013498,
0.),(-0.0692973368926553,0.997596050062141,0.),(0.0358194222886941,0.999358278590268,
0.),(0.,1.,0.),(0.0358194222886941,0.999358278590268,0.),(0.140540282343843,
0.990074961322986,0.),(0.140540282343843,0.990074961322986,0.)),$,(13,15,
14,11,12,9,10,7,8,6,3,5,4,2,1),((1,2,3),(4,1,5),(6,4,7),(8,6,9),(10,11,
12),(11,13,12),(14,13,11),(11,15,14),(12,8,10),(9,10,8),(7,9,6),(5,7,4),
(3,5,1)),());
#2481=COMPLEX_TRIANGULATED_FACE($,#2685,4,((0.737277336813303,0.675590207612191,
0.),(0.737277336813303,0.675590207612191,0.),(0.737277336813303,0.675590207612191,
0.),(0.737277336813303,0.675590207612191,0.)),$,(1,2,3,4),((1,2,3),(3,4,
1)),());
#2482=COMPLEX_TRIANGULATED_FACE($,#2686,26,((0.25881904510252,-0.965925826289069,
0.),(0.,-1.,0.),(0.,-1.,0.),(0.5,-0.866025403784439,0.),(0.25881904510252,
-0.965925826289069,0.),(0.707106781186548,-0.707106781186547,0.),(0.5,-0.866025403784439,
0.),(0.866025403784439,-0.499999999999999,0.),(0.707106781186548,-0.707106781186547,
0.),(0.965925826289069,-0.258819045102519,0.),(0.866025403784439,-0.499999999999999,
0.),(1.,0.,0.),(0.965925826289069,-0.258819045102519,0.),(0.965925826289068,
0.258819045102522,0.),(1.,0.,0.),(0.866025403784439,0.5,0.),(0.965925826289068,
0.258819045102522,0.),(0.707106781186547,0.707106781186548,0.),(0.866025403784439,
0.5,0.),(0.499999999999999,0.866025403784439,0.),(0.707106781186547,0.707106781186548,
0.),(0.258819045102519,0.965925826289069,0.),(0.499999999999999,0.866025403784439,
0.),(0.,1.,0.),(0.258819045102519,0.965925826289069,0.),(0.,1.,0.)),$,(21,
25,26,17,22,13,18,9,14,5,10,1,6,3,2,7,4,11,8,15,12,19,16,23,20,24),((1,
2,3),(4,1,5),(6,4,7),(8,6,9),(10,8,11),(12,10,13),(14,12,15),(16,14,17),
(18,16,19),(20,18,21),(22,20,23),(24,22,25),(25,26,24),(23,25,22),(21,23,
20),(19,21,18),(17,19,16),(15,17,14),(13,15,12),(11,13,10),(9,11,8),(7,
9,6),(5,7,4),(3,5,1)),());
#2483=COMPLEX_TRIANGULATED_FACE($,#2687,34,((0.195090322016129,0.98078528040323,
0.),(0.,1.,0.),(0.,1.,0.),(0.38268343236509,0.923879532511287,0.),(0.195090322016129,
0.98078528040323,0.),(0.555570233019603,0.831469612302545,0.),(0.38268343236509,
0.923879532511287,0.),(0.707106781186548,0.707106781186547,0.),(0.555570233019603,
0.831469612302545,0.),(0.831469612302546,0.555570233019602,0.),(0.707106781186548,
0.707106781186547,0.),(0.923879532511287,0.382683432365089,0.),(0.831469612302546,
0.555570233019602,0.),(0.98078528040323,0.195090322016128,0.),(0.923879532511287,
0.382683432365089,0.),(1.,0.,0.),(0.98078528040323,0.195090322016128,0.),
(0.98078528040323,-0.195090322016129,0.),(1.,0.,0.),(0.923879532511287,
-0.38268343236509,0.),(0.98078528040323,-0.195090322016129,0.),(0.831469612302545,
-0.555570233019603,0.),(0.923879532511287,-0.38268343236509,0.),(0.707106781186547,
-0.707106781186548,0.),(0.831469612302545,-0.555570233019603,0.),(0.555570233019602,
-0.831469612302545,0.),(0.707106781186547,-0.707106781186548,0.),(0.38268343236509,
-0.923879532511287,0.),(0.555570233019602,-0.831469612302545,0.),(0.195090322016128,
-0.98078528040323,0.),(0.38268343236509,-0.923879532511287,0.),(0.,-1.,
0.),(0.195090322016128,-0.98078528040323,0.),(0.,-1.,0.)),$,(28,32,31,24,
27,20,23,16,19,12,15,8,11,4,7,2,3,6,1,10,5,14,9,18,13,22,17,26,21,30,25,
34,29,33),((1,2,3),(4,1,5),(6,4,7),(8,6,9),(10,8,11),(12,10,13),(14,12,
15),(16,14,17),(18,16,19),(20,18,21),(22,20,23),(24,22,25),(26,24,27),(28,
26,29),(30,28,31),(32,30,33),(33,34,32),(31,33,30),(29,31,28),(27,29,26),
(25,27,24),(23,25,22),(21,23,20),(19,21,18),(17,19,16),(15,17,14),(13,15,
12),(11,13,10),(9,11,8),(7,9,6),(5,7,4),(3,5,1)),());
#2484=COMPLEX_TRIANGULATED_FACE($,#2688,4,((0.766044443104509,-0.642787609703783,
0.),(0.766044443104509,-0.642787609703783,0.),(0.766044443104509,-0.642787609703783,
0.),(0.766044443104509,-0.642787609703783,0.)),$,(2,1,3,4),((1,2,3),(3,
4,1)),());
#2485=COMPLEX_TRIANGULATED_FACE($,#2689,212,((0.,0.,-1.),(0.,0.,-1.),(0.,
0.,-1.),(0.,0.,-1.),(0.,0.,-1.),(0.,0.,-1.),(0.,0.,-1.),(0.,0.,-1.),(0.,
0.,-1.),(0.,0.,-1.),(0.,0.,-1.),(0.,0.,-1.),(0.,0.,-1.),(0.,0.,-1.),(0.,
0.,-1.),(0.,0.,-1.),(0.,0.,-1.),(0.,0.,-1.),(0.,0.,-1.),(0.,0.,-1.),(0.,
0.,-1.),(0.,0.,-1.),(0.,0.,-1.),(0.,0.,-1.),(0.,0.,-1.),(0.,0.,-1.),(0.,
0.,-1.),(0.,0.,-1.),(0.,0.,-1.),(0.,0.,-1.),(0.,0.,-1.),(0.,0.,-1.),(0.,
0.,-1.),(0.,0.,-1.),(0.,0.,-1.),(0.,0.,-1.),(0.,0.,-1.),(0.,0.,-1.),(0.,
0.,-1.),(0.,0.,-1.),(0.,0.,-1.),(0.,0.,-1.),(0.,0.,-1.),(0.,0.,-1.),(0.,
0.,-1.),(0.,0.,-1.),(0.,0.,-1.),(0.,0.,-1.),(0.,0.,-1.),(0.,0.,-1.),(0.,
0.,-1.),(0.,0.,-1.),(0.,0.,-1.),(0.,0.,-1.),(0.,0.,-1.),(0.,0.,-1.),(0.,
0.,-1.),(0.,0.,-1.),(0.,0.,-1.),(0.,0.,-1.),(0.,0.,-1.),(0.,0.,-1.),(0.,
0.,-1.),(0.,0.,-1.),(0.,0.,-1.),(0.,0.,-1.),(0.,0.,-1.),(0.,0.,-1.),(0.,
0.,-1.),(0.,0.,-1.),(0.,0.,-1.),(0.,0.,-1.),(0.,0.,-1.),(0.,0.,-1.),(0.,
0.,-1.),(0.,0.,-1.),(0.,0.,-1.),(0.,0.,-1.),(0.,0.,-1.),(0.,0.,-1.),(0.,
0.,-1.),(0.,0.,-1.),(0.,0.,-1.),(0.,0.,-1.),(0.,0.,-1.),(0.,0.,-1.),(0.,
0.,-1.),(0.,0.,-1.),(0.,0.,-1.),(0.,0.,-1.),(0.,0.,-1.),(0.,0.,-1.),(0.,
0.,-1.),(0.,0.,-1.),(0.,0.,-1.),(0.,0.,-1.),(0.,0.,-1.),(0.,0.,-1.),(0.,
0.,-1.),(0.,0.,-1.),(0.,0.,-1.),(0.,0.,-1.),(0.,0.,-1.),(0.,0.,-1.),(0.,
0.,-1.),(0.,0.,-1.),(0.,0.,-1.),(0.,0.,-1.),(0.,0.,-1.),(0.,0.,-1.),(0.,
0.,-1.),(0.,0.,-1.),(0.,0.,-1.),(0.,0.,-1.),(0.,0.,-1.),(0.,0.,-1.),(0.,
0.,-1.),(0.,0.,-1.),(0.,0.,-1.),(0.,0.,-1.),(0.,0.,-1.),(0.,0.,-1.),(0.,
0.,-1.),(0.,0.,-1.),(0.,0.,-1.),(0.,0.,-1.),(0.,0.,-1.),(0.,0.,-1.),(0.,
0.,-1.),(0.,0.,-1.),(0.,0.,-1.),(0.,0.,-1.),(0.,0.,-1.),(0.,0.,-1.),(0.,
0.,-1.),(0.,0.,-1.),(0.,0.,-1.),(0.,0.,-1.),(0.,0.,-1.),(0.,0.,-1.),(0.,
0.,-1.),(0.,0.,-1.),(0.,0.,-1.),(0.,0.,-1.),(0.,0.,-1.),(0.,0.,-1.),(0.,
0.,-1.),(0.,0.,-1.),(0.,0.,-1.),(0.,0.,-1.),(0.,0.,-1.),(0.,0.,-1.),(0.,
0.,-1.),(0.,0.,-1.),(0.,0.,-1.),(0.,0.,-1.),(0.,0.,-1.),(0.,0.,-1.),(0.,
0.,-1.),(0.,0.,-1.),(0.,0.,-1.),(0.,0.,-1.),(0.,0.,-1.),(0.,0.,-1.),(0.,
0.,-1.),(0.,0.,-1.),(0.,0.,-1.),(0.,0.,-1.),(0.,0.,-1.),(0.,0.,-1.),(0.,
0.,-1.),(0.,0.,-1.),(0.,0.,-1.),(0.,0.,-1.),(0.,0.,-1.),(0.,0.,-1.),(0.,
0.,-1.),(0.,0.,-1.),(0.,0.,-1.),(0.,0.,-1.),(0.,0.,-1.),(0.,0.,-1.),(0.,
0.,-1.),(0.,0.,-1.),(0.,0.,-1.),(0.,0.,-1.),(0.,0.,-1.),(0.,0.,-1.),(0.,
0.,-1.),(0.,0.,-1.),(0.,0.,-1.),(0.,0.,-1.),(0.,0.,-1.),(0.,0.,-1.),(0.,
0.,-1.),(0.,0.,-1.),(0.,0.,-1.),(0.,0.,-1.),(0.,0.,-1.),(0.,0.,-1.),(0.,
0.,-1.),(0.,0.,-1.),(0.,0.,-1.),(0.,0.,-1.),(0.,0.,-1.),(0.,0.,-1.),(0.,
0.,-1.),(0.,0.,-1.),(0.,0.,-1.),(0.,0.,-1.),(0.,0.,-1.),(0.,0.,-1.)),$,
(27,66,63,177,179,140,186,147,150,36,34,73,25,29,31,69,56,62,84,94,102,
98,136,175,181,143,191,193,155,188,184,182,144,157,151,129,119,111,115,
77,38,32,70,22,20,58,23,46,82,78,90,99,104,105,137,142,124,134,183,146,
152,189,195,158,197,160,211,172,170,190,167,131,135,123,114,109,108,76,
71,89,79,30,67,61,24,18,55,16,53,21,60,33,72,68,88,95,107,112,110,132,120,
116,205,207,168,209,200,161,163,192,153,180,141,145,125,118,106,101,103,
81,93,97,57,19,35,37,75,39,117,113,148,127,164,173,185,149,199,165,203,
212,204,202,156,194,178,176,138,174,96,100,65,86,49,40,28,64,14,13,52,50,
74,92,80,85,122,126,154,130,187,201,162,210,171,206,166,198,196,159,139,
121,133,128,91,87,59,83,26,12,51,2,41,43,9,11,169,208,8,6,45,4,7,47,15,
17,54,48,10,1,44,5,3,42),((1,2,3),(4,5,6),(7,8,9),(10,11,12),(3,13,1),(14,
15,16),(17,18,19),(20,21,22),(23,24,4),(5,25,26),(27,28,29),(9,30,7),(31,
32,33),(34,35,36),(37,38,39),(40,41,10),(11,42,43),(44,45,46),(47,13,3),
(16,2,14),(48,49,50),(49,48,17),(22,51,20),(52,53,54),(55,56,57),(24,23,
58),(26,6,5),(59,60,26),(61,62,27),(28,63,64),(65,66,64),(67,68,69),(70,
30,9),(33,8,31),(71,72,73),(72,71,34),(39,74,37),(75,76,77),(78,79,80),
(41,40,81),(43,12,11),(82,83,43),(84,85,44),(45,86,87),(88,89,87),(90,47,
91),(1,14,2),(92,93,16),(19,49,17),(18,94,95),(51,22,96),(54,21,52),(97,
98,99),(100,101,102),(101,100,55),(6,23,4),(26,25,59),(64,29,28),(64,63,
65),(103,104,105),(104,106,69),(69,106,67),(107,108,109),(110,70,111),(7,
31,8),(112,113,33),(36,72,34),(35,114,115),(74,39,116),(77,38,75),(117,
118,119),(120,121,122),(121,120,78),(12,40,10),(43,42,82),(87,46,45),(87,
86,88),(123,124,90),(16,15,92),(125,126,127),(126,128,50),(95,19,18),(20,
52,21),(54,53,97),(129,130,99),(57,101,55),(56,131,132),(133,134,58),(59,
135,60),(62,61,136),(65,137,66),(138,139,103),(67,140,68),(141,142,109),
(109,142,107),(143,144,110),(33,32,112),(145,146,147),(146,148,73),(115,
36,35),(37,75,38),(77,76,117),(149,150,119),(80,121,78),(79,151,152),(153,
154,81),(82,155,83),(85,84,156),(88,157,89),(158,159,160),(3,91,47),(93,
92,125),(50,128,48),(161,162,95),(163,164,96),(99,54,97),(99,98,129),(165,
166,102),(132,57,56),(167,168,132),(58,134,24),(135,169,136),(29,61,27),
(137,170,171),(69,105,104),(140,172,173),(174,141,175),(107,176,108),(176,
177,178),(9,111,70),(113,112,145),(73,148,71),(179,180,115),(181,182,116),
(119,77,117),(119,118,149),(183,184,122),(152,80,79),(185,186,152),(81,
154,41),(155,187,156),(46,84,44),(157,188,189),(190,191,192),(193,194,160),
(160,194,158),(127,93,125),(95,94,161),(162,161,163),(129,165,130),(102,
166,100),(132,131,167),(136,60,135),(171,66,137),(139,138,171),(173,68,
140),(195,196,174),(178,108,176),(147,113,145),(115,114,179),(180,179,181),
(149,183,150),(122,184,120),(152,151,185),(156,83,155),(189,89,157),(197,
198,199),(198,200,192),(192,200,190),(201,193,202),(158,203,159),(203,204,
205),(50,127,126),(96,164,51),(167,133,168),(136,169,62),(105,138,103),
(196,195,173),(109,175,141),(144,143,178),(73,147,146),(116,182,74),(185,
153,186),(156,187,85),(206,207,197),(190,208,191),(209,210,201),(205,159,
203),(96,162,163),(58,168,133),(173,172,196),(178,177,144),(116,180,181),
(81,186,153),(207,206,189),(192,199,198),(208,211,212),(210,209,212),(160,
202,193),(124,123,205),(102,130,165),(175,195,174),(122,150,183),(199,206,
197),(212,211,210),(205,204,124),(171,170,139),(189,188,207),(202,209,201),
(111,143,110),(91,123,90),(212,191,208)),());
#2486=COMPLEX_TRIANGULATED_FACE($,#2690,6,((0.,0.,-1.),(0.,0.,-1.),(0.,
0.,-1.),(0.,0.,-1.),(0.,0.,-1.),(0.,0.,-1.)),$,(2,6,4,5,3,1),((1,2,3),(2,
4,3),(3,5,1),(5,6,1)),());
#2487=COORDINATES_LIST('',6,((-165.28939,-64.8269679599999,-131.),(-165.28939,
-64.8269679599999,-126.),(-161.496004836653,-71.13879984881,-131.),(-161.496004836653,
-71.13879984881,-126.),(-157.19656418284,-77.1174119665549,-131.),(-157.19656418284,
-77.1174119665549,-126.)));
#2488=COORDINATES_LIST('',5,((-176.232698518017,-20.3894739682959,-125.),
(-176.1954573,-18.91838226,-125.),(-176.195457258702,-24.9183822597198,
-125.),(-134.0354948,-24.91838226,-125.),(-134.0354948,-18.91838226,-125.)));
#2489=COORDINATES_LIST('',26,((-99.2422702431252,-21.623424944817,-136.),
(-99.2422702431252,-21.623424944817,-129.),(-98.8928022369464,-24.8678126209815,
-136.),(-98.8928022369464,-24.8678126209815,-129.),(-98.7401210956564,-18.3991381222333,
-136.),(-98.7401210956564,-18.3991381222333,-129.),(-97.7155327442074,-27.9112014922985,
-136.),(-97.7155327442074,-27.9112014922985,-129.),(-97.4205754290841,-15.4146819717059,
-136.),(-97.4205754290841,-15.4146819717059,-129.),(-95.373558099893,-12.8734422477559,
-136.),(-95.373558099893,-12.8734422477559,-129.),(-92.7385699561492,-10.9486002378963,
-136.),(-92.7385699561492,-10.9486002378963,-129.),(-89.6951810852455,-9.77133074408893,
-136.),(-89.6951810852455,-9.77133074408893,-129.),(-86.4507934092037,-9.42186273677125,
-136.),(-86.4507934092037,-9.42186273677125,-129.),(-83.2265065864437,-9.92401188310821,
-136.),(-83.2265065864437,-9.92401188310821,-129.),(-80.2420504354532,-11.2435575486329,
-136.),(-80.2420504354532,-11.2435575486329,-129.),(-77.7008107107846,-13.290574876932,
-136.),(-77.7008107107846,-13.290574876932,-129.),(-75.7759687,-15.92556302,
-136.),(-75.7759687,-15.92556302,-129.)));
#2490=COORDINATES_LIST('',9,((-153.339838512768,37.8769141147838,-131.),
(-153.339838512768,37.8769141147838,-126.),(-153.339838512768,37.8769141147838,
-125.),(-121.043433583805,10.7770126493002,-125.),(-120.364243887151,10.2071048253125,
-131.),(-115.51437428607,6.13758103160121,-126.),(-108.947787822063,0.627560751306943,
-115.),(-108.838103620423,0.535524778160962,-120.5),(-108.838103620423,
0.535524778160962,-114.9093193)));
#2491=COORDINATES_LIST('',6,((1.666624444,4.339986272,-111.5),(1.93153162496651,
4.39871477307555,-111.5),(3.13230139188171,-0.0499205752091461,-111.5),
(4.10871830175968,-4.54739240458255,-111.5),(4.48033942499999,-8.351861821,
-111.5),(4.74524660300001,-8.293133313,-111.5)));
#2492=COORDINATES_LIST('',70,((-179.24575072,-21.91838226,-115.),(-179.24575072,
-21.91838226,-110.),(-178.739026041565,-12.249499407742,-115.),(-178.739026041565,
-12.249499407742,-110.),(-177.224403787877,-2.68655085935723,-115.),(-177.224403787877,
-2.68655085935723,-110.),(-174.718478477302,6.66568971968268,-115.),(-174.718478477302,
6.66568971968268,-110.),(-171.248705551941,15.7047572245115,-115.),(-171.248705551941,
15.7047572245115,-110.),(-166.853100570061,24.33161774,-115.),(-166.853100570061,
24.33161774,-110.),(-161.579822699683,32.4517535770538,-115.),(-161.579822699683,
32.4517535770538,-110.),(-155.486647076659,39.9761988281944,-115.),(-155.486647076659,
39.9761988281944,-110.),(-153.875666487939,41.7198484585661,-115.),(-153.875666487939,
41.7198484585661,-111.5),(-148.640331808194,46.822514096659,-111.5),(-148.640331808194,
46.822514096659,-110.),(-144.29106109883,50.5025211685276,-115.),(-144.29106109883,
50.5025211685276,-111.5),(-141.115886557054,52.9156897196826,-115.),(-141.115886557054,
52.9156897196826,-110.),(-132.99575072,58.1889675900606,-115.),(-132.99575072,
58.1889675900606,-110.),(-124.368890204512,62.5845725719406,-115.),(-124.368890204512,
62.5845725719406,-110.),(-115.329822699683,66.0543454973017,-115.),(-115.329822699683,
66.0543454973017,-110.),(-105.977582120643,68.560270807877,-115.),(-105.977582120643,
68.560270807877,-110.),(-96.4146335722579,70.0748930615653,-115.),(-96.4146335722579,
70.0748930615653,-110.),(-86.74575072,70.58161774,-115.),(-86.74575072,
70.58161774,-110.),(-77.076867867742,70.0748930615653,-115.),(-77.076867867742,
70.0748930615653,-110.),(-67.5139193193573,68.560270807877,-115.),(-67.5139193193573,
68.560270807877,-110.),(-58.1616787403173,66.0543454973017,-115.),(-58.1616787403173,
66.0543454973017,-110.),(-49.1226112354885,62.5845725719406,-115.),(-49.1226112354885,
62.5845725719406,-110.),(-40.49575072,58.1889675900606,-115.),(-40.49575072,
58.1889675900606,-110.),(-32.3756148829462,52.9156897196826,-115.),(-32.3756148829462,
52.9156897196826,-110.),(-24.8511696318056,46.822514096659,-115.),(-24.8511696318056,
46.822514096659,-110.),(-18.004854363341,39.9761988281944,-115.),(-18.004854363341,
39.9761988281944,-110.),(-11.9116787403174,32.4517535770537,-115.),(-11.9116787403174,
32.4517535770537,-110.),(-6.63840086993941,24.33161774,-115.),(-6.63840086993941,
24.33161774,-110.),(-2.24279588805941,15.7047572245115,-115.),(-2.24279588805941,
15.7047572245115,-110.),(1.22697703730169,6.66568971968263,-115.),(1.22697703730169,
6.66568971968263,-110.),(1.93153162136299,4.39871477881095,-115.),(1.93153162136299,
4.39871477881095,-111.5),(3.73290234787703,-2.68655085935727,-111.5),(3.73290234787703,
-2.68655085935727,-110.),(4.74524660286678,-8.29313331301984,-115.),(4.74524660286678,
-8.29313331301984,-111.5),(5.24752460156527,-12.2494994077421,-115.),(5.24752460156527,
-12.2494994077421,-110.),(5.75424928,-21.91838226,-115.),(5.75424928,-21.91838226,
-110.)));
#2493=COORDINATES_LIST('',26,((-21.82420214,50.9521065,-121.5),(-21.82420214,
50.9521065,-111.5),(-21.82420214,59.9521065,-121.5),(-21.82420214,59.9521065,
-111.5),(-20.6595164370387,59.7987727183008,-121.5),(-20.6595164370387,
59.7987727183008,-111.5),(-20.6595164370387,51.1054402816992,-121.5),(-20.6595164370387,
51.1054402816992,-111.5),(-19.57420214,59.34922081703,-121.5),(-19.57420214,
59.34922081703,-111.5),(-19.57420214,51.55499218297,-121.5),(-19.57420214,
51.55499218297,-111.5),(-18.6422216246605,58.6340870153395,-121.5),(-18.6422216246605,
58.6340870153395,-111.5),(-18.6422216246605,52.2701259846605,-121.5),(-18.6422216246605,
52.2701259846605,-111.5),(-17.92708782297,57.7021065,-121.5),(-17.92708782297,
57.7021065,-111.5),(-17.92708782297,53.2021065,-121.5),(-17.92708782297,
53.2021065,-111.5),(-17.4775359216992,54.2874207970387,-121.5),(-17.4775359216992,
54.2874207970387,-111.5),(-17.4775359216992,56.6167922029613,-121.5),(-17.4775359216992,
56.6167922029613,-111.5),(-17.32420214,55.4521065,-121.5),(-17.32420214,
55.4521065,-111.5)));
#2494=COORDINATES_LIST('',24,((-153.339838528993,-81.7136786385528,-131.),
(-150.205522786866,-85.0331431846883,-131.),(-146.927721312985,-88.1704476981731,
-131.),(-143.513745075399,-91.1202405978006,-131.),(-139.960118086965,-93.8874283846939,
-131.),(-136.262578525021,-96.4760261382159,-131.),(-132.416130748787,-98.8891150051064,
-131.),(-128.43342765791,-101.118241464548,-131.),(-124.360724023769,-103.135292358246,
-131.),(-120.3642439,-54.04386932,-131.),(-120.21689980734,-104.931319342168,
-131.),(-120.017630267779,-54.4027885409807,-131.),(-117.77890753542,-56.5497527570743,
-131.),(-115.998163712905,-106.509675100795,-131.),(-115.282992197848,-58.6348079446578,
-131.),(-112.638008440869,-60.5441980205049,-131.),(-111.699320728626,-107.873113179663,
-131.),(-109.851748667262,-62.2713698332389,-131.),(-107.314757933859,-109.023274165479,
-131.),(-106.961373497401,-63.7957310606174,-131.),(-105.2329525,-109.4882022,
-131.),(-103.985298066071,-65.1071878700995,-131.),(-100.915807333626,-66.2081538220183,
-131.),(-97.75799206,-67.09559488,-131.)));
#2495=COORDINATES_LIST('',32,((-107.178336413838,-23.5795390501956,-142.),
(-107.178336413838,-23.5795390501956,-136.),(-107.077209310015,-19.2950653481199,
-142.),(-107.077209310015,-19.2950653481199,-136.),(-106.386461475886,-27.7914122293819,
-142.),(-106.386461475886,-27.7914122293819,-136.),(-106.087499904118,-15.1252431832327,
-142.),(-106.087499904118,-15.1252431832327,-136.),(-104.736193230806,-31.7466058168294,
-142.),(-104.736193230806,-31.7466058168294,-136.),(-104.252463246364,-11.2523137932742,
-142.),(-104.252463246364,-11.2523137932742,-136.),(-101.652299244227,-7.84554277706322,
-142.),(-101.652299244227,-7.84554277706322,-136.),(-98.4006475416385,-5.05382237559759,
-142.),(-98.4006475416385,-5.05382237559759,-136.),(-94.6396209212424,-2.99916416665451,
-142.),(-94.6396209212424,-2.99916416665451,-136.),(-90.5335942938555,-1.77136657336204,
-142.),(-90.5335942938555,-1.77136657336204,-136.),(-86.2620207261028,-1.42409024220542,
-142.),(-86.2620207261028,-1.42409024220542,-136.),(-82.01158848029,-1.97251281528192,
-142.),(-82.01158848029,-1.97251281528192,-136.),(-77.9680618415061,-3.3926655945104,
-142.),(-77.9680618415061,-3.3926655945104,-136.),(-74.3081623269644,-5.62248108875264,
-142.),(-74.3081623269644,-5.62248108875264,-136.),(-71.1918451076917,-8.56450566101056,
-142.),(-71.1918451076917,-8.56450566101056,-136.),(-68.7553082,-12.09015872,
-142.),(-68.7553082,-12.09015872,-136.)));
#2496=COORDINATES_LIST('',24,((-99.32410599,66.69332678,-131.),(-97.2088340402974,
66.9684566930279,-131.),(-92.6953145114864,67.3872676975344,-131.),(-91.84914554,
24.30071944,-131.),(-88.5782471014633,24.5468340470501,-131.),(-88.1894001940938,
67.5763458896499,-131.),(-85.3173167779459,24.5620921265341,-131.),(-83.685255554309,
67.5360693540719,-131.),(-82.072176010265,24.3476035857477,-131.),(-79.1770571098041,
67.2656274030749,-131.),(-78.834749546347,23.9037391188196,-131.),(-75.6257942465534,
23.233685478669,-131.),(-74.6600955223547,66.7631662432962,-131.),(-72.4872726606415,
22.3440834378473,-131.),(-70.1551726659197,66.0306372406417,-131.),(-69.4287485617313,
21.238425785623,-131.),(-66.5907323212377,19.9866276244432,-131.),(-66.14226448,
19.76790272,-131.),(-65.7153690742582,65.078638058966,-131.),(-61.35546585816,
63.9107848628415,-131.),(-57.0697148366003,62.5258909311878,-131.),(-52.8527379682527,
60.9216409527531,-131.),(-48.6995907714326,59.0946131822585,-131.),(-44.61897365744,
57.0473359627338,-131.)));
#2497=COORDINATES_LIST('',9,((-56.2539203293295,-14.0127969218422,-120.5),
(-56.2539203293295,-14.0127969218422,-114.9093193),(-56.1193727386378,-13.9638256037426,
-115.),(-48.0642620292468,-11.0320050720694,-126.),(-42.1150162499085,-8.86665669225135,
-131.),(-41.2818667504441,-8.56341507377983,-125.),(-1.66446112393499,5.85614133182143,
-131.),(-1.66446112393499,5.85614133182143,-126.),(-1.66446112393499,5.85614133182143,
-125.)));
#2498=COORDINATES_LIST('',26,((-162.678227907,57.6999093989169,-117.698563777384),
(-162.394399441432,57.9599902659336,-118.225561405048),(-162.019679762175,
58.3033575841985,-118.634964875409),(-161.579605395938,58.7066114385772,
-118.898874018729),(-161.104166683311,59.1422707454957,-118.999303863148),
(-160.625763986634,59.5806460433568,-118.929410280784),(-160.176999658857,
59.9918627802706,-118.693956403739),(-159.788456247087,60.3478972153811,
-118.308988024513),(-159.48661234255,60.6244861904807,-117.800740101776),
(-159.443119215115,60.6643402983833,-115.301436246962),(-159.292038108376,
60.8027806241336,-117.203848891301),(-159.269524408959,60.8234106284301,
-115.910114017374),(-159.217993456982,60.8706300454173,-116.558991542386),
(-152.544374817742,46.6407492015086,-117.698563777384),(-152.260546352174,
46.9008300685254,-118.225561405048),(-151.885826672917,47.2441973867902,
-118.634964875409),(-151.445752306679,47.647451241169,-118.898874018729),
(-150.970313594053,48.0831105480874,-118.999303863148),(-150.491910897376,
48.5214858459485,-118.929410280784),(-150.043146569599,48.9327025828623,
-118.693956403739),(-149.654603157829,49.2887370179728,-118.308988024513),
(-149.352759253292,49.5653259930724,-117.800740101776),(-149.309266125857,
49.6051801009751,-115.301436246962),(-149.158185019118,49.7436204267254,
-117.203848891301),(-149.135671319701,49.7642504310218,-115.910114017374),
(-149.084140367724,49.811469848009,-116.558991542386)));
#2499=COORDINATES_LIST('',35,((-112.74575072,-21.91838226,-142.),(-112.74575072,
-21.91838226,-135.1),(-112.246168010484,-16.8460338875807,-142.),(-112.246168010484,
-16.8460338875807,-135.1),(-110.766618565293,-11.9686130185077,-142.),(-110.766618565293,
-11.9686130185077,-135.1),(-108.363960639866,-7.47355620149035,-142.),(-108.363960639866,
-7.47355620149035,-135.1),(-105.13052703085,-3.53360594914977,-142.),(-105.13052703085,
-3.53360594914977,-135.1),(-101.19057677851,-0.300172340133832,-142.),(-101.19057677851,
-0.300172340133832,-135.1),(-99.2108147204948,0.898764350905756,-135.1),
(-96.6955199614923,2.10248558529345,-142.),(-96.6955199614923,2.10248558529345,
-135.1),(-91.8180990924193,3.58203503048398,-142.),(-91.8180990924193,3.58203503048398,
-135.1),(-86.74575072,4.08161773999999,-142.),(-86.74575072,4.08161773999999,
-135.1),(-81.6734023475807,3.58203503048398,-142.),(-81.6734023475807,3.58203503048398,
-135.1),(-76.7959814785077,2.10248558529345,-142.),(-76.7959814785077,2.10248558529345,
-135.1),(-72.3009246614904,-0.300172340133829,-142.),(-72.3009246614904,
-0.300172340133829,-135.1),(-68.3609744091498,-3.53360594914977,-142.),
(-68.3609744091498,-3.53360594914977,-135.1),(-65.1275408001338,-7.47355620149034,
-142.),(-65.1275408001338,-7.47355620149034,-135.1),(-62.7248828747066,
-11.9686130185077,-142.),(-62.7248828747066,-11.9686130185077,-135.1),(-61.245333429516,
-16.8460338875807,-142.),(-61.245333429516,-16.8460338875807,-135.1),(-60.74575072,
-21.91838226,-142.),(-60.74575072,-21.91838226,-135.1)));
#2500=COORDINATES_LIST('',11,((-90.7497693499999,18.0658472599993,-126.000000000001),
(-89.2363816700079,9.48299920109984,-120.499999999842),(-86.74575072,9.58161774158237,
-120.499999998887),(-85.620910217911,9.5615277474098,-120.500000000195),
(-85.3108038140484,18.2401996730622,-126.000000000001),(-81.2758331228049,
9.10306196346669,-120.500000000195),(-79.7678357913247,17.6553398134358,
-126.000000000001),(-77.0359917066573,8.04777498667695,-120.500000000195),
(-74.3591157901088,16.3091215901204,-126.000000000001),(-73.6654182100513,
6.73741822888772,-120.500000000195),(-69.307792050821,14.2850481482955,
-126.000000002987)));
#2501=COORDINATES_LIST('',308,((-86.7457510103971,-109.18111367,-136.000000000153),
(-86.7457509311736,-113.803843838215,-132.905351881781),(-86.7457509297628,
-113.189991891343,-133.988125734967),(-86.7457509277811,-112.327715625325,
-134.88572980742),(-86.7457509253513,-111.27044903902,-135.542540887795),
(-86.7457509226239,-110.083709396199,-135.917857354232),(-86.74575072,65.34434915,
-136.000000000153),(-86.74575072,66.2469448761985,-135.917857354232),(-86.74575072,
67.4336845190196,-135.542540887795),(-86.74575072,68.490951105325,-134.88572980742),
(-86.74575072,69.3532273713426,-133.988125734967),(-86.74575072,69.9670793182145,
-132.905351881781),(-86.74575072,70.2350871538291,-132.03955845407),(-86.74575072,
-114.071851673829,-132.03955845407),(-81.2082665882635,-109.005238688652,
-136.000000000153),(-81.2082662984515,65.1684741502236,-136.000000000153),
(-81.1509900232229,-109.906015264751,-135.917857354232),(-81.1509897304135,
66.0692507261322,-135.917857354232),(-81.0756823651375,-111.090363075352,
-135.542540887795),(-81.0756820683868,67.2535985364831,-135.542540887795),
(-81.0085907574135,-112.145498777853,-134.88572980742),(-81.0085904571515,
68.3087342387602,-134.88572980742),(-80.9538727688393,-113.006037156232,
-133.988125734967),(-80.9538724657135,69.1692726169575,-133.988125734967),
(-80.9149191931248,-113.618651905987,-132.905351881781),(-80.9149188879603,
69.7818873665829,-132.905351881781),(-80.89791205717,-113.886119581188,
-132.03955845407),(-80.8979117511152,70.0493550417273,-132.03955845407),
(-74.8257923810005,-108.363155880678,-136.000000000153),(-74.8257920933253,
64.5263913210105,-136.000000000153),(-74.7024991574282,-109.257291119875,
-135.917857354232),(-74.7024988667777,65.4205265597967,-135.917857354232),
(-74.5403923006625,-110.432906850814,-135.542540887795),(-74.5403920060997,
66.5961422901967,-135.542540887795),(-74.395971269389,-111.480263141789,
-134.88572980742),(-74.3959709713407,67.6434985806906,-134.88572980742),
(-74.278185623655,-112.334456855531,-133.988125734967),(-74.2781853227641,
68.4976922940407,-133.988125734967),(-74.1943343676285,-112.942554857124,
-132.905351881781),(-74.194334064714,69.1057902953545,-132.905351881781),
(-74.1577248989193,-113.208050519521,-132.03955845407),(-74.1577245951211,
69.3712859576297,-132.03955845407),(-68.5077304243173,-107.25394875386,
-136.000000000153),(-68.5077301403334,63.417184173167,-136.000000000153),
(-68.3190867856501,-108.13661098968,-135.917857354232),(-68.319086498729,
64.2998464083589,-135.917857354232),(-68.071056712081,-109.297141929573,
-135.542540887795),(-68.0710564212979,65.4603773474262,-135.542540887795),
(-67.8500866696881,-110.331059177172,-134.88572980742),(-67.8500863754642,
66.49429459429,-134.88572980742),(-67.6698698487612,-111.174292393069,-133.988125734967),
(-67.6698695517311,67.3375278095874,-133.988125734967),(-67.5415740220698,
-111.774587648366,-132.905351881781),(-67.541573723042,67.9378230644574,
-132.905351881781),(-67.4855600483338,-112.036676630769,-132.03955845407),
(-67.4855597484337,68.1999120466741,-132.03955845407),(-62.2882218266269,
-105.683611165338,-136.000000000153),(-62.2882215478689,61.8468465639467,
-136.000000000153),(-62.0352471523776,-106.550030728333,-135.917857354232),
(-62.0352468707364,62.7132661260998,-135.917857354232),(-61.7026341498481,
-107.689205679949,-135.542540887795),(-61.7026338644159,63.8524410766098,
-135.542540887795),(-61.4063091590445,-108.704096873301,-134.88572980742),
(-61.406308870235,64.8673322689755,-134.88572980742),(-61.1646350061796,
-109.53181298573,-133.988125734967),(-61.1646347146154,65.6950483806002,
-133.988125734967),(-60.9925878849826,-110.121061660541,-132.905351881781),
(-60.9925875914576,66.2842970548384,-132.905351881781),(-60.9174720906765,
-110.378327704543,-132.03955845407),(-60.9174717962952,66.5415630985906,
-132.03955845407),(-56.2008751404833,-103.660628797306,-136.000000000153),
(-56.2008748684576,59.8238641756569,-136.000000000153),(-55.8849364377878,
-104.506123789065,-135.917857354232),(-55.8849361629484,60.6693591663653,
-135.917857354232),(-55.4695378575516,-105.617786957197,-135.542540887795),
(-55.4695375790128,61.7810223331146,-135.542540887795),(-55.0994591789305,
-106.608167897113,-134.88572980742),(-55.0994588970958,62.7714032717986,
-134.88572980742),(-54.7976336362835,-107.415894150706,-133.988125734967),
(-54.7976333517609,63.5791295243871,-133.988125734967),(-54.5827649169748,
-107.990912103591,-132.905351881781),(-54.5827646305386,64.1541474765579,
-132.905351881781),(-54.4889532076586,-108.241965012648,-132.03955845407),
(-54.4889529203868,64.4052003853027,-132.03955845407),(-50.2785847509979,
-101.195933302669,-136.000000000153),(-50.2785844871742,57.3591686613123,
-136.000000000153),(-49.9013892676759,-102.015934895542,-135.917857354232),
(-49.9013890011234,58.1791702529294,-135.917857354232),(-49.4054498119944,
-103.094079151261,-135.542540887795),(-49.4054495418541,59.2573145069987,
-135.542540887795),(-48.9636172512518,-104.054598085372,-134.88572980742),
(-48.963616977915,60.2178334396392,-134.88572980742),(-48.6032713029195,
-104.837969744585,-133.988125734967),(-48.6032710269758,61.0012050976529,
-133.988125734967),(-48.3467420782979,-105.395649733103,-132.905351881781),
(-48.3467418004983,61.5588850853172,-132.905351881781),(-48.2347413872305,
-105.639132884782,-132.03955845407),(-48.2347411086206,61.8023682366229,
-132.03955845407),(-44.5533531234246,-98.3028432333308,-136.000000000153),
(-44.5533528692287,54.466078572921,-136.000000000153),(-44.1169391224714,
-99.092920359138,-135.917857354232),(-44.1169388656463,55.2561556972759,
-135.917857354232),(-43.5431387148465,-100.131719700711,-135.542540887795),
(-43.5431384545645,56.2949550369393,-135.542540887795),(-43.0319398163685,
-101.057186242901,-134.88572980742),(-43.0319395530066,57.220421577428,
-134.88572980742),(-42.6150206749888,-101.811970177871,-133.988125734967),
(-42.6150204091151,57.9752055110104,-133.988125734967),(-42.3182171600247,
-102.349298649277,-132.905351881781),(-42.3182168923629,58.5125339814286,
-132.905351881781),(-42.1886327088331,-102.583896326077,-132.03955845407),
(-42.1886324403906,58.7471316577978,-132.03955845407),(-39.0561178704407,
-94.9969920703135,-136.000000000153),(-39.0561176272463,51.1602273916096,
-136.000000000153),(-38.5628436158022,-95.7528753646536,-135.917857354232),
(-38.5628433700923,51.9161106843083,-135.917857354232),(-37.9142829193894,
-96.7467163996846,-135.542540887795),(-37.9142826703722,52.909951717181,
-135.542540887795),(-37.3364800646047,-97.6321295775403,-134.88572980742),
(-37.3364798126409,53.7953648931138,-134.88572980742),(-36.8652406491426,
-98.3542471387811,-133.988125734967),(-36.8652403947758,54.5174824527864,
-133.988125734967),(-36.5297666902453,-98.8683205144583,-132.905351881781),
(-36.5297664341677,55.0315558273472,-132.905351881781),(-36.3832987184692,
-99.0927650135993,-132.03955845407),(-36.3832984616446,55.2560003260007,
-132.03955845407),(-33.8165845736047,-91.2962437446342,-136.000000000153),
(-33.8165843427258,47.459479048494,-136.000000000153),(-33.2691155867525,
-92.0138486173788,-135.917857354232),(-33.2691153534855,48.1770839194167,
-135.917857354232),(-32.5492992492113,-92.9573608960756,-135.542540887795),
(-32.5492990128045,49.1205961957181,-135.542540887795),(-31.908014729424,
-93.7979361747979,-134.88572980742),(-31.9080144902198,49.9611714723063,
-134.88572980742),(-31.3850014910038,-94.483485233126,-133.988125734967),
(-31.3850012495182,50.6467205288939,-133.988125734967),(-31.012669899266,
-94.9715255987439,-132.905351881781),(-31.0126696561563,51.1347608932727,
-132.905351881781),(-30.8501098804518,-95.1846040824863,-132.03955845407),
(-30.8501096366331,51.3478393764742,-132.03955845407),(-28.8630662623783,
-87.2205961054219,-136.000000000153),(-28.8630660450626,43.3838313927972,
-136.000000000153),(-28.2643609185487,-87.8960448127428,-135.917857354232),
(-28.2643606989851,44.0592800981257,-135.917857354232),(-27.4771786338684,
-88.7841298483833,-135.542540887795),(-27.4771784113495,44.9473651311466,
-135.542540887795),(-26.7758777782355,-89.5753249851267,-134.88572980742),
(-26.7758775530835,45.7385602655561,-134.88572980742),(-26.2039169398027,
-90.2206010177179,-133.988125734967),(-26.2039167125034,46.3838362962439,
-133.988125734967),(-25.7967396950573,-90.6799711343341,-132.905351881781),
(-25.7967394662292,46.8432064115051,-132.905351881781),(-25.6189660598479,
-90.8805321838309,-132.03955845407),(-25.6189658303525,47.0437674604104,
-132.03955845407),(-24.222330418127,-82.7920728569166,-136.000000000153),
(-24.2223302155486,38.9553081288483,-136.000000000153),(-23.5756239600558,
-83.4217154555714,-135.917857354232),(-23.5756237553821,39.5849507253509,
-135.917857354232),(-22.7253294496952,-84.2495742753551,-135.542540887795),
(-22.7253292422665,40.4128095423049,-135.542540887795),(-21.967801899519,
-84.9871138642871,-134.88572980742),(-21.9678016896359,41.150349128716,
-134.88572980742),(-21.349984183692,-85.5886299729223,-133.988125734967),
(-21.3499839718071,41.7518652352952,-133.988125734967),(-20.9101615623135,
-86.0168475279129,-132.905351881781),(-20.9101613490036,42.1800827888222,
-132.905351881781),(-20.7181349516451,-86.2038073651669,-132.03955845407),
(-20.718134737713,42.3670426254371,-132.03955845407),(-19.9194543298454,
-78.0346045482921,-136.000000000153),(-19.9194541430992,34.1978398059045,
-136.000000000153),(-19.2282413853866,-78.6150386189361,-135.917857354232),
(-19.2282411967088,34.7782738742482,-135.917857354232),(-18.3194294123063,
-79.3781976963432,-135.542540887795),(-18.3194292210888,35.5414329486308,
-135.542540887795),(-17.5097686428319,-80.0580962717882,-134.88572980742),
(-17.5097684493518,36.2213315213814,-134.88572980742),(-16.8494325704673,
-80.6126020251139,-133.988125734967),(-16.8494323751418,36.7758372725097,
-133.988125734967),(-16.3793412556699,-81.0073530459239,-132.905351881781),
(-16.3793410590308,37.1705882917552,-132.905351881781),(-16.1740993297265,
-81.1797013902324,-132.03955845407),(-16.1740991325139,37.3429366353808,
-132.03955845407),(-15.9776895832297,-72.9738992594012,-136.000000000153),
(-15.9776894133248,29.1371345038959,-136.000000000153),(-15.2457052813256,
-73.501988292347,-135.917857354232),(-15.2457051096632,29.6652235344058,
-135.917857354232),(-14.2832868211241,-74.196323720873,-135.542540887795),
(-14.2832866471511,30.359558959729,-135.542540887795),(-13.4258680214995,
-74.8149072936974,-134.88572980742),(-13.4258678454679,30.9781425297001,
-134.88572980742),(-12.7265818712228,-75.3194062916832,-133.988125734967),
(-12.7265816935124,31.4826415253587,-133.988125734967),(-12.4183364153582,
-67.6373036812227,-136.000000000153),(-12.4183362632127,23.8005389138724,
-136.000000000153),(-12.2287621101034,-75.6785576499117,-132.905351881781),
(-12.2287619311977,31.8417928819306,-132.905351881781),(-12.0114139410804,
-75.8353631771522,-132.03955845407),(-12.0114137616529,31.9985984084478,
-132.03955845407),(-11.6495362024066,-68.1101940252954,-135.917857354232),
(-11.6495360486873,24.2734292553867,-135.917857354232),(-10.6387119057287,
-68.7319538029336,-135.542540887795),(-10.6387117499403,24.895189029661,
-135.542540887795),(-9.7381683366585,-69.2858797137956,-134.88572980742),
(-9.73816817902669,25.4491149375261,-134.88572980742),(-9.26062861393644,
-62.0536553416949,-136.000000000153),(-9.2606284803724,18.2168905638363,
-136.000000000153),(-9.00371086284614,-69.737645779474,-133.988125734967),
(-9.00371070371093,25.9008810007603,-133.988125734967),(-8.48085273957143,
-70.0592567177271,-132.905351881781),(-8.48085257936595,26.2224919372735,
-132.905351881781),(-8.45916687962173,-62.4687916245961,-135.917857354232),
(-8.45916674467616,18.6320268440703,-135.917857354232),(-8.25257281854736,
-70.1996720929823,-132.03955845407),(-8.25257265787463,26.3629073117691,
-132.03955845407),(-7.40539896924029,-63.0146159286475,-135.542540887795),
(-7.4053988324783,19.177851144615,-135.542540887795),(-6.52162958307859,
-56.2531267754666,-136.000000000153),(-6.52162946881783,12.416361988493,
-136.000000000153),(-6.46659692609053,-63.5008909108292,-134.88572980742),
(-6.46659678771028,19.6641261236724,-134.88572980742),(-5.70093693949648,
-63.8974828218236,-133.988125734967),(-5.70093679979646,20.0607180321188,
-133.988125734967),(-5.69183721116673,-56.6082657123189,-135.917857354232),
(-5.69183709572407,12.7715009225839,-135.917857354232),(-5.15586583881164,
-64.1798154410454,-132.905351881781),(-5.15586569817206,20.3430506495267,
-132.905351881781),(-4.91788772911426,-64.3030818973735,-132.03955845407),
(-4.91788758806448,20.4663171050629,-132.03955845407),(-4.60081996559893,
-57.0752050549713,-135.542540887795),(-4.6008198486024,13.2384402616055,
-135.542540887795),(-4.21614013725864,-50.2670624796305,-136.000000000153),
(-4.21614004291856,6.43029768498457,-136.000000000153),(-3.62883248224512,
-57.4912014091878,-134.88572980742),(-3.62883236386419,13.6544366125874,
-134.88572980742),(-3.36250110266535,-50.5602849950865,-135.917857354232),
(-3.36250100734946,6.72352019759982,-135.917857354232),(-2.83610740361473,
-57.8304760894218,-133.988125734967),(-2.83610728410476,13.9937112901833,
-133.988125734967),(-2.35661852168766,-44.127809536487,-136.000000000153),
(-2.35661844777808,0.291044735652925,-136.000000000153),(-2.27176874322366,
-58.0720047400337,-132.905351881781),(-2.27176862290993,14.2352399389172,
-132.905351881781),(-2.24013008582256,-50.9458161616532,-135.542540887795),
(-2.24012998922371,7.10905136043142,-135.542540887795),(-2.02537841458528,
-58.1774561786408,-132.03955845407),(-2.02537829392065,14.3406913767044,
-132.03955845407),(-1.48374566028343,-44.3575311348964,-135.917857354232),
(-1.48374558560938,0.520766331157487,-135.917857354232),(-1.24020952133824,
-51.2892859554332,-134.88572980742),(-1.24020942359634,7.45252115088385,
-134.88572980742),(-0.953113091305663,-37.8685428186071,-136.000000000153),
(-0.953113038225983,-5.96822198689766,-136.000000000153),(-0.424703023898687,
-51.5694100557374,-133.988125734967),(-0.424702925224577,7.73264524847415,
-133.988125734967),(-0.336085863428578,-44.6595708185905,-135.542540887795),
(-0.336085787749366,0.822806011032334,-135.542540887795),(-0.0657231733907221,
-38.033522146205,-135.917857354232),(-0.0657231197619956,-5.80324266225288,
-135.917857354232),(-0.0132080121727357,-31.5230857207385,-136.000000000153),
(-0.0132079802097479,-12.3136790878941,-136.000000000153),(0.155853661781571,
-51.7688295818385,-132.905351881781),(0.155853761119304,7.93206477264324,
-132.905351881781),(0.409324782258816,-51.8558961714974,-132.03955845407),
(0.409324881886289,8.01913136145869,-132.03955845407),(0.458017721325754,
-25.125727387273,-136.000000000153),(0.458017731999313,-18.7110374229278,
-136.000000000153),(0.686364480251167,-44.9286580334988,-134.88572980742),
(0.686364556825858,1.0918932225381,-134.88572980742),(0.883903745681799,
-31.6224312735878,-135.917857354232),(0.883903777975384,-12.2143335380303,
-135.917857354232),(1.10102375844415,-38.2504382057691,-135.542540887795),
(1.10102381279475,-5.58632660657151,-135.542540887795),(1.36000356833904,
-25.1589023287119,-135.917857354232),(1.36000357912301,-18.6778624844906,
-135.917857354232),(1.52024561860954,-45.1481178385373,-133.988125734967),
(1.52024569591455,1.3113530248015,-133.988125734967),(2.06343302571817,
-31.7530515529467,-135.542540887795),(2.06343305844645,-12.0837132625967,
-135.542540887795),(2.11388315731288,-45.3043506306158,-132.905351881781),
(2.11388323513781,1.46758581490449,-132.905351881781),(2.14047883451383,
-38.4436887668316,-134.88572980742),(2.14047888950754,-5.39307604896824,
-134.88572980742),(2.37306537983123,-45.372561886881,-132.03955845407),
(2.37306545788316,1.53579707030721,-132.03955845407),(2.54594133742481,
-25.2025209909889,-135.542540887795),(2.54594134835393,-18.6342438261602,
-135.542540887795),(2.98822854428053,-38.6012983748123,-133.988125734967),
(2.98822859979873,-5.23546644380869,-133.988125734967),(3.1142758983696,
-31.8694211860803,-134.88572980742),(3.11427593148514,-11.9673436329602,
-134.88572980742),(3.59173907832754,-38.7135001928578,-132.905351881781),
(3.59173913421913,-5.12326462777155,-132.905351881781),(3.60249353425834,
-25.2413808659782,-134.88572980742),(3.60249354531679,-18.595383954687,
-134.88572980742),(3.85523185182901,-38.7624875204368,-132.03955845407),
(3.85523190788362,-5.07427730106942,-132.03955845407),(3.97131316800235,
-31.9643289170498,-133.988125734967),(3.97131320143373,-11.8724359048427,
-133.988125734967),(4.46418716473801,-25.2730738640713,-133.988125734967),
(4.46418717590193,-18.5636909594615,-133.988125734967),(4.58143548870074,
-32.0318934525994,-132.905351881781),(4.58143552235697,-11.8048713713235,
-132.905351881781),(4.84781496906861,-32.0613921371425,-132.03955845407),
(4.847815002823,-11.7753726876669,-132.03955845407),(5.07762433507783,-25.2956360165372,
-132.905351881781),(5.07762434631683,-18.541128809037,-132.905351881781),
(5.34545107920743,-25.3054866550829,-132.03955845407),(5.34545109047921,
-18.5312781713825,-132.03955845407)));
#2502=COORDINATES_LIST('',7,((-109.3869083,4.13180511,-123.5),(-109.040076519257,
2.87710711082937,-122.696299079057),(-108.931169849049,2.60726088407239,
-123.5),(-108.930606013202,2.60594378647284,-122.508012766285),(-108.543703935596,
1.83689494549248,-121.941078355034),(-108.13150262975,1.20951466108318,
-123.5),(-108.13150262975,1.20951466108318,-121.4345094)));
#2503=COORDINATES_LIST('',41,((-103.285931798988,8.35821612614811,-129.999999996483),
(-99.2108147211407,0.898764349089861,-135.09999999958),(-98.0769809793354,
10.667707109784,-129.99999999958),(-95.2852285980811,2.63925031279036,-135.09999999869),
(-92.5589437389845,12.0883345255067,-129.99999999958),(-91.126707778545,
3.70986807554954,-135.09999999869),(-86.8823377469334,12.5813473561826,
-129.99999999958),(-86.8486858707502,4.08141397699289,-135.09999999869),
(-82.5678561603749,3.74375321347657,-135.09999999869),(-81.2020060168431,
12.133297496979,-129.99999999958),(-78.4009885226318,2.7060962904137,-135.09999999869),
(-75.6728931907965,10.7564065800765,-129.99999999958),(-74.4617442444694,
0.996747783696714,-135.09999999869),(-74.2806867201208,-44.735528869779,
-135.09999999958),(-70.8575756409562,-1.33766573534851,-135.09999999869),
(-70.695115048175,-42.3726506283212,-135.099999999353),(-70.4458190533718,
8.488232600403,-129.99999999958),(-70.2055696426856,-52.1949806470625,-129.999999996483),
(-67.6867950362333,-4.23346755128205,-135.09999999869),(-67.5473628766694,
-39.4518332657211,-135.099999999353),(-65.6633645610777,5.3906454314377,
-129.99999999958),(-65.4477918505581,-49.0596229759509,-129.99999999958),
(-65.0358930595924,-7.6116677393544,-135.09999999869),(-64.9232926790863,
-36.0527490659637,-135.099999999353),(-62.977179406573,-11.3801178047424,
-135.09999999869),(-62.8944822499779,-32.2681161852704,-135.099999999353),
(-61.5668104189656,-15.4360242532747,-135.09999999869),(-61.5162722491379,
-28.2011695428286,-135.099999999353),(-61.4559826055402,1.5481391763459,
-129.99999999958),(-61.2709668542993,-45.1839230145465,-129.99999999958),
(-60.8432572861958,-19.6687525299905,-135.09999999869),(-60.8262566526654,
-23.9628448413093,-135.099999999353),(-60.7457507209045,-21.91838226,-135.099999999353),
(-57.9384395986841,-2.93447261089605,-129.99999999958),(-57.7890275541159,
-40.6735997500741,-129.99999999958),(-55.2066849441897,-7.93491596602471,
-129.99999999958),(-55.096952177382,-35.6516830436576,-129.99999999958),
(-53.3352337878812,-13.3167918294903,-129.99999999958),(-53.2681735226607,
-30.255157691893,-129.99999999958),(-52.3751344387955,-18.9332966572357,
-129.99999999958),(-52.3525759043843,-24.63122683869,-129.99999999958)));
#2504=COORDINATES_LIST('',26,((-26.32420214,55.4521065,-121.5),(-26.32420214,
55.4521065,-111.5),(-26.1708683583008,56.6167922029613,-121.5),(-26.1708683583008,
56.6167922029613,-111.5),(-26.1708683583008,54.2874207970387,-121.5),(-26.1708683583008,
54.2874207970387,-111.5),(-25.72131645703,57.7021065,-121.5),(-25.72131645703,
57.7021065,-111.5),(-25.72131645703,53.2021065,-121.5),(-25.72131645703,
53.2021065,-111.5),(-25.0061826553395,58.6340870153395,-121.5),(-25.0061826553395,
58.6340870153395,-111.5),(-25.0061826553395,52.2701259846605,-121.5),(-25.0061826553395,
52.2701259846605,-111.5),(-24.07420214,59.34922081703,-121.5),(-24.07420214,
59.34922081703,-111.5),(-24.07420214,51.55499218297,-121.5),(-24.07420214,
51.55499218297,-111.5),(-22.9888878429614,59.7987727183008,-121.5),(-22.9888878429614,
59.7987727183008,-111.5),(-22.9888878429613,51.1054402816992,-121.5),(-22.9888878429613,
51.1054402816992,-111.5),(-21.82420214,50.9521065,-121.5),(-21.82420214,
50.9521065,-111.5),(-21.82420214,59.9521065,-121.5),(-21.82420214,59.9521065,
-111.5)));
#2505=COORDINATES_LIST('',37,((-21.4957308044406,-92.3345373739302,-121.5),
(-18.1184651410154,-89.049012586625,-121.5),(-14.9195292049404,-85.6169840878002,
-121.5),(-13.875261965,-86.83993084,-121.5),(-13.7734671561559,-85.8844320131908,
-121.5),(-13.7615924586507,-87.8487444090505,-121.5),(-13.4463831359784,
-84.9222459056096,-121.5),(-13.4220154359925,-88.8085858112103,-121.5),
(-12.9142007004062,-84.0594341551907,-121.5),(-12.879517507559,-89.6639656867392,
-121.5),(-12.1988774158496,-83.3353364097296,-121.5),(-12.1553368774879,
-90.3792018155714,-121.5),(-11.9026377877958,-82.0436433508105,-121.5),
(-11.343377826556,-82.7929160392444,-121.5),(-11.2924573621256,-90.9112818061197,
-121.5),(-10.7711086,-101.3335639,-121.5),(-10.3833967122459,-82.4534713071345,
-121.5),(-10.3300848685776,-91.2383128012863,-121.5),(-9.37526196500001,
-91.33993084,-121.5),(-9.37526196500001,-82.33993084,-121.5),(-9.06350332705953,
-78.3252740909266,-121.5),(-8.4204390614221,-82.4415488787138,-121.5),(-8.36712721776557,
-91.2263903728655,-121.5),(-7.45806656787008,-82.7685798738825,-121.5),
(-7.40714610344563,-90.8869456407582,-121.5),(-6.59518705251182,-83.3006598644314,
-121.5),(-6.55164651415027,-90.3445252702689,-121.5),(-6.529860625309,-74.6575648172606,
-121.5),(-6.06882817399999,-73.94947074,-121.5),(-5.87100642244341,-84.0158959932545,
-121.5),(-5.83632322959551,-89.6204275248132,-121.5),(-5.32850849400923,
-84.8712758687853,-121.5),(-5.30414079402143,-88.7576157743871,-121.5),
(-4.98893147134928,-85.8311172709495,-121.5),(-4.97705677384093,-87.7954296668042,
-121.5),(-4.875261965,-86.83993084,-121.5),(4.655794029,-82.94849727,-121.5)));
#2506=COORDINATES_LIST('',24,((-99.32410599,-110.5300913,-131.),(-94.7893701562461,
-111.058249343838,-131.),(-91.84914554,-68.13748395,-131.),(-91.3529152949126,
-68.189633103795,-131.),(-90.261808082413,-111.354633858019,-131.),(-88.2579121895592,
-68.3952798772692,-131.),(-85.7504602296449,-111.419844691522,-131.),(-85.0056824746278,
-68.3881813635419,-131.),(-81.752175082645,-68.1506962341295,-131.),(-81.2495099991781,
-111.255406120801,-131.),(-78.5075716249543,-67.682813343788,-131.),(-76.7531118021779,
-110.861654428291,-131.),(-75.3135752778896,-66.9926444448373,-131.),(-72.2554582328383,
-110.237738773334,-131.),(-72.1907810436254,-66.0842942334224,-131.),(-69.1317274522361,
-64.9546524721336,-131.),(-67.7716757930043,-109.385316510397,-131.),(-66.1422644839499,
-63.6046672362675,-131.),(-63.355268483061,-108.312583704723,-131.),(-59.0264510769301,
-107.024821332086,-131.),(-54.780164209566,-105.522160699897,-131.),(-50.6106583260664,
-103.803371857168,-131.),(-46.5125791309534,-101.866103650389,-131.),(-44.61897366,
-100.8841005,-131.)));
#2507=COORDINATES_LIST('',5,((-166.160932381432,-97.8930243855803,-121.5),
(-166.160932381432,-97.8930243855803,-111.5),(-157.16190582078,-87.1684021525631,
-121.5),(-157.16190582078,-87.1684021525631,-121.),(-157.16190582078,-87.1684021525631,
-111.5)));
#2508=COORDINATES_LIST('',4,((-153.692352478697,41.5197963567521,-115.),
(-153.692352478697,41.5197963567521,-111.5),(-144.107747087958,50.3024690668587,
-115.),(-144.107747087958,50.3024690668587,-111.5)));
#2509=COORDINATES_LIST('',4,((-144.291061099786,50.5025211701962,-115.),
(-144.291061099786,50.5025211701962,-111.5),(-144.107747118,50.3024690635062,
-115.),(-144.107747118,50.3024690635062,-111.5)));
#2510=COORDINATES_LIST('',32,((19.2399525695375,8.23589932289746,-121.5),
(19.2399525695375,8.23589932289746,-111.5),(20.1042999893972,4.33708006541087,
-116.545106358535),(20.1184169616101,4.27340251879444,-115.958299769149),
(20.119563060604,4.26823280031577,-117.088599299174),(20.1643988216019,
4.06599175188282,-115.358660543315),(20.1719509828956,4.03192615370896,
-117.698563846599),(20.1912415038658,3.94491223671536,-117.850405625639),
(20.2240515125236,3.79691585163403,-114.927068875568),(20.2712737728368,
3.58391000044412,-118.309745962657),(20.3153291774052,3.38518891239425,
-114.520145088029),(20.3654254983257,3.15921901158064,-118.642581216721),
(20.4308584462972,2.86407005670011,-114.206372894593),(20.494469291522,
2.57714007617471,-118.89887407499),(20.5499086063845,2.32706948714859,-114.032979546352),
(20.6142488135872,2.0368495673465,-119.000571284469),(20.6793713065138,
1.74310098467714,-113.999428715531),(20.7437115137165,1.4528810648757,-118.967020453648),
(20.7991508285793,1.20281047584776,-114.10112592501),(20.8627616738036,
0.915880495324889,-118.793627105408),(20.9281946217756,0.620731540442,-114.357418783279),
(20.9782909426957,0.394761639630209,-118.479854911973),(21.0223463472645,
0.196040551578494,-114.690254037343),(21.0695686075775,-0.0169652996108065,
-118.072931124432),(21.1023786162356,-0.164961684692779,-115.149594374361),
(21.1216691372057,-0.251975601686486,-115.301436153401),(21.1292212984996,
-0.286041199861317,-117.641339456682),(21.1740570594975,-0.488282248293863,
-115.911400700828),(21.1752031584913,-0.49345196677239,-117.04170023085),
(21.1893201307042,-0.55712951338882,-116.454893641465),(22.0536675503526,
-4.45594876992183,-121.5),(22.0536675503526,-4.45594876992183,-111.5)));
#2511=COORDINATES_LIST('',26,((-121.915802153416,-126.16751129986,-115.301436155719),
(-121.548651256386,-126.28327353938,-114.77443849874),(-121.063926562055,
-126.436106656826,-114.365035009911),(-120.494661258268,-126.615595327508,
-114.101125861244),(-119.879649835865,-126.809507694776,-114.000696025622),
(-119.260804308163,-127.004628950868,-114.070589630575),(-118.680297976427,
-127.187661904242,-114.30604354229),(-118.177691388996,-127.346133161235,
-114.691011965316),(-117.787236355218,-127.469243167251,-115.199259937043),
(-117.730975248331,-127.486982227087,-117.698563946364),(-117.53554174117,
-127.548602178582,-115.796151197097),(-117.506418849218,-127.557784591647,
-117.089886152668),(-117.439760119359,-127.578802009592,-116.441008591316),
(-117.405214973457,-111.861757229103,-115.301436155719),(-117.038064076428,
-111.977519468623,-114.77443849874),(-116.553339382096,-112.13035258607,
-114.365035009911),(-115.984074078309,-112.309841256751,-114.101125861244),
(-115.369062655906,-112.50375362402,-114.000696025622),(-114.750217128204,
-112.698874880112,-114.070589630575),(-114.169710796468,-112.881907833486,
-114.30604354229),(-113.667104209038,-113.040379090479,-114.691011965316),
(-113.276649175259,-113.163489096495,-115.199259937043),(-113.220388068372,
-113.18122815633,-117.698563946364),(-113.024954561211,-113.242848107825,
-115.796151197097),(-112.995831669259,-113.25203052089,-117.089886152668),
(-112.9291729394,-113.273047938835,-116.441008591316)));
#2512=COORDINATES_LIST('',9,((-105.232952508468,-109.488202198507,-131.),
(-105.232952508468,-109.488202198507,-126.),(-105.232952508468,-109.488202198507,
-125.),(-97.9119518586552,-67.9687443202371,-125.),(-97.757992054297,-67.0955948810056,
-131.),(-96.6586158690858,-60.8607227101612,-126.),(-95.1700915743358,-52.4188819409988,
-115.),(-95.1452281846184,-52.2778746509489,-120.5),(-95.1452281846184,
-52.2778746509489,-114.9093193)));
#2513=COORDINATES_LIST('',8,((-34.71466224,58.75854029,-121.5),(-34.71466224,
58.75854029,-121.),(-28.1632998244014,54.1348651895144,-121.5),(-28.1632998244014,
54.1348651895144,-121.),(-22.0206588347599,48.9805774009111,-121.5),(-22.0206588347599,
48.9805774009111,-121.),(-16.3295956034078,43.3316376568422,-121.5),(-16.3295956034078,
43.3316376568422,-121.)));
#2514=COORDINATES_LIST('',41,((-178.1472955,39.11173276,-121.5),(-168.6162395,
43.00316632,-121.5),(-168.514444691163,43.9586651467953,-121.5),(-168.502569993651,
41.9943527509465,-121.5),(-168.187360670977,44.9208512543869,-121.5),(-168.162992970991,
41.0345113487881,-121.5),(-167.655178235399,45.7836630048157,-121.5),(-167.620495042559,
40.1791314732587,-121.5),(-167.4226733,30.11270622,-121.5),(-166.939854950848,
46.5077607502701,-121.5),(-166.896314412483,39.463895344426,-121.5),(-166.084355361567,
47.0501811207478,-121.5),(-166.03343489713,38.9318153538808,-121.5),(-165.8529762,
54.79078844,-121.5),(-165.4030294,54.29975763,-121.5),(-165.174425590035,
33.4443295649803,-121.5),(-165.124374247289,47.3896258528626,-121.5),(-165.071062403597,
38.6047843587228,-121.5),(-164.1162395,38.50316632,-121.5),(-164.1162395,
47.50316632,-121.5),(-163.161416596386,47.4015482812687,-121.5),(-163.108104752727,
38.616706787136,-121.5),(-162.381195378351,37.2040433282539,-121.5),(-162.199044102872,
47.0745172861219,-121.5),(-162.148123638442,38.9561515192479,-121.5),(-161.336164587524,
46.5424372955812,-121.5),(-161.292624049157,39.4985718897266,-121.5),(-160.611983957441,
45.8272011667415,-121.5),(-160.577300764602,40.2226696351818,-121.5),(-160.069486029009,
44.9718212912121,-121.5),(-160.045118329023,41.0854813856123,-121.5),(-159.729909006349,
44.0119798890537,-121.5),(-159.718034308838,42.0476674932016,-121.5),(-159.6162395,
43.00316632,-121.5),(-159.404370780887,40.8258015557566,-121.5),(-156.2683709,
63.57346114,-121.5),(-156.245877533995,44.306479933707,-121.5),(-155.158153,
43.11943688,-121.5),(-152.553069536557,45.7543957150433,-121.5),(-149.141176420161,
48.9126000307862,-121.5),(-145.5735476,51.90210958,-121.5)));
#2515=COORDINATES_LIST('',26,((5.46142158876316,1.08344143256569,-116.44100848737),
(5.47654932987503,1.01520460260835,-117.089886014826),(5.48315858492684,
0.985392179869203,-115.796151134001),(5.52751087770827,0.785331917179317,
-117.698563785315),(5.54027897800367,0.72773873903775,-115.199259917553),
(5.62889010761206,0.328039766223292,-114.691011987905),(5.74295327172263,
-0.186465914185512,-114.306043601449),(5.87469525422089,-0.780715590426004,
-114.070589717458),(6.01513805673817,-1.41421212921772,-114.000696128978),
(6.15471073440194,-2.04378378846319,-114.101125968544),(6.28390163991031,
-2.62652630011911,-114.365035108579),(6.39390662657514,-3.1227267251528,
-114.774438577367),(6.47722903636767,-3.49856982470113,-115.301436205159),
(20.1058616944751,4.33003566600147,-116.44100848737),(20.120989435587,4.26179883604413,
-117.089886014826),(20.1275986906388,4.23198641330498,-115.796151134001),
(20.1719509834202,4.0319261506151,-117.698563785315),(20.1847190837156,
3.97433297247353,-115.199259917553),(20.273330213324,3.57463399965907,-114.691011987905),
(20.3873933774346,3.06012831925027,-114.306043601449),(20.5191353599328,
2.46587864300978,-114.070589717458),(20.6595781624501,1.83238210421806,
-114.000696128978),(20.7991508401139,1.20281044497259,-114.101125968544),
(20.9283417456223,0.620067933316673,-114.365035108579),(21.0383467322871,
0.12386750828298,-114.774438577367),(21.1216691420796,-0.251975591265352,
-115.301436205159)));
#2516=COORDINATES_LIST('',8,((-58.3060411915849,-35.4621233143544,-120.5),
(-58.3060411915849,-35.4621233143544,-114.9093193),(-50.1163828882882,-38.442915165297,
-126.),(-44.1671371083072,-40.6082635453489,-131.),(-43.3339876110925,-40.9115051630016,
-125.),(-3.7165819836192,-55.3310615689538,-131.),(-3.7165819836192,-55.3310615689538,
-126.),(-3.7165819836192,-55.3310615689538,-125.)));
#2517=COORDINATES_LIST('',6,((6.59856896707995,-7.88226163736063,-121.5),
(6.702574629049,-7.85920413722104,-121.),(8.17044069308855,-7.53378606539941,
-121.),(8.17044069308855,-7.53378606539941,-111.5),(22.0536675503043,-4.45594877137256,
-121.5),(22.0536675503043,-4.45594877137256,-111.5)));
#2518=COORDINATES_LIST('',9,((-97.9119518596835,-67.9687443182049,-125.000000002878),
(-95.1700915797548,-52.4188819386095,-115.000000002229),(-95.1452281922543,
-52.277874662785,-114.909319279501),(-94.628980966314,-52.4160070835473,
-114.938698152706),(-92.2156682817088,-52.9398262896909,-114.999999884462),
(-92.0031053395065,-69.0106333872014,-125.000000004487),(-91.6898660721753,
-53.02796518702,-114.997146940139),(-89.2612450595779,-53.460771007606,
-115.000000003838),(-89.2363816720774,-53.3197637317815,-114.90931928111)));
#2519=COORDINATES_LIST('',66,((-179.2457507,-21.91838226,-115.),(-179.2457507,
-21.91838226,-110.),(-178.739026021675,-31.5872651101673,-115.),(-178.739026021675,
-31.5872651101673,-110.),(-177.224403768314,-41.1502136564845,-115.),(-177.224403768314,
-41.1502136564845,-110.),(-174.718478458281,-50.5024542335022,-115.),(-174.718478458281,
-50.5024542335022,-110.),(-171.24870553367,-59.5415217363768,-115.),(-171.24870553367,
-59.5415217363768,-110.),(-166.85310055274,-68.16838225,-115.),(-166.85310055274,
-68.16838225,-110.),(-161.579822683502,-76.2885180852981,-115.),(-161.579822683502,
-76.2885180852981,-110.),(-155.486647061796,-83.8129633348118,-115.),(-155.486647061796,
-83.8129633348118,-110.),(-148.640331794812,-90.659278601796,-115.),(-148.640331794812,
-90.659278601796,-110.),(-141.115886545298,-96.7524542235023,-115.),(-141.115886545298,
-96.7524542235023,-110.),(-132.99575071,-102.02573209274,-115.),(-132.99575071,
-102.02573209274,-110.),(-124.368890196377,-106.42133707367,-115.),(-124.368890196377,
-106.42133707367,-110.),(-120.691437698487,-107.964534596165,-115.),(-120.691437698487,
-107.964534596165,-111.5),(-115.329822693502,-109.891109998281,-111.5),
(-115.329822693502,-109.891109998281,-110.),(-108.293117301204,-111.873710005027,
-115.),(-108.293117301204,-111.873710005027,-111.5),(-105.977582116485,
-112.397035308314,-115.),(-105.977582116485,-112.397035308314,-110.),(-96.4146335701675,
-113.911657561675,-115.),(-96.4146335701675,-113.911657561675,-110.),(-86.74575072,
-114.41838224,-115.),(-86.74575072,-114.41838224,-110.),(-77.0768678698327,
-113.911657561675,-115.),(-77.0768678698327,-113.911657561675,-110.),(-67.5139193235156,
-112.397035308314,-115.),(-67.5139193235156,-112.397035308314,-110.),(-58.1616787464977,
-109.891109998281,-115.),(-58.1616787464977,-109.891109998281,-110.),(-49.1226112436232,
-106.42133707367,-115.),(-49.1226112436232,-106.42133707367,-110.),(-40.4957507300001,
-102.02573209274,-115.),(-40.4957507300001,-102.02573209274,-110.),(-32.375614894702,
-96.7524542235023,-115.),(-32.375614894702,-96.7524542235023,-110.),(-24.8511696451883,
-90.6592786017961,-115.),(-24.8511696451883,-90.6592786017961,-110.),(-18.004854378204,
-83.8129633348118,-115.),(-18.004854378204,-83.8129633348118,-110.),(-11.9116787564977,
-76.2885180852981,-115.),(-11.9116787564977,-76.2885180852981,-110.),(-6.63840088725995,
-68.1683822500001,-115.),(-6.63840088725995,-68.1683822500001,-110.),(-2.24279590633035,
-59.5415217363769,-115.),(-2.24279590633035,-59.5415217363769,-110.),(1.22697701828058,
-50.5024542335023,-115.),(1.22697701828058,-50.5024542335023,-110.),(3.73290232831408,
-41.1502136564846,-115.),(3.73290232831408,-41.1502136564846,-110.),(5.24752458167485,
-31.5872651101675,-115.),(5.24752458167485,-31.5872651101675,-110.),(5.75424926000001,
-21.91838226,-115.),(5.75424926000001,-21.91838226,-110.)));
#2520=COORDINATES_LIST('',35,((-112.7457507,-21.91838226,-142.),(-112.7457507,
-21.91838226,-135.1),(-112.246167990868,-26.9907306285175,-142.),(-112.246167990868,
-26.9907306285175,-135.1),(-110.766618546816,-31.8681514938387,-142.),(-110.766618546816,
-31.8681514938387,-135.1),(-108.363960623237,-36.3632083073983,-142.),(-108.363960623237,
-36.3632083073983,-135.1),(-105.130527016708,-40.3031585567081,-142.),(-105.130527016708,
-40.3031585567081,-135.1),(-101.190576767398,-43.5365921632368,-142.),(-101.190576767398,
-43.5365921632368,-135.1),(-96.6955199538387,-45.9392500868159,-142.),(-96.6955199538387,
-45.9392500868159,-135.1),(-91.8180990885175,-47.4187995308683,-142.),(-91.8180990885175,
-47.4187995308683,-135.1),(-86.74575072,-47.91838224,-142.),(-86.74575072,
-47.91838224,-135.1),(-81.6734023514825,-47.4187995308683,-142.),(-81.6734023514825,
-47.4187995308683,-135.1),(-76.7959814861614,-45.9392500868159,-142.),(-76.7959814861614,
-45.9392500868159,-135.1),(-74.2806867290937,-44.7355288533541,-135.1),
(-72.3009246726018,-43.5365921632368,-142.),(-72.3009246726018,-43.5365921632368,
-135.1),(-68.3609744232919,-40.3031585567081,-142.),(-68.3609744232919,
-40.3031585567081,-135.1),(-65.1275408167632,-36.3632083073983,-142.),(-65.1275408167632,
-36.3632083073983,-135.1),(-62.7248828931841,-31.8681514938387,-142.),(-62.7248828931841,
-31.8681514938387,-135.1),(-61.2453334491317,-26.9907306285175,-142.),(-61.2453334491317,
-26.9907306285175,-135.1),(-60.74575074,-21.91838226,-142.),(-60.74575074,
-21.91838226,-135.1)));
#2521=COORDINATES_LIST('',4,((-108.293117305177,-111.873709998368,-115.),
(-108.293117305177,-111.873709998368,-111.5),(-108.211524096291,-111.614929401169,
-115.),(-108.211524096291,-111.614929401169,-111.5)));
#2522=COORDINATES_LIST('',25,((-176.195457259044,-24.9183822587658,-131.),
(-175.928747666753,-29.4560408176456,-131.),(-175.434435580855,-33.9570484501869,
-131.),(-174.713851714416,-38.4160830244411,-131.),(-173.766777400888,-42.8389827965025,
-131.),(-172.592884956437,-47.2275461510168,-131.),(-171.200726653335,-51.5472219308118,
-131.),(-169.597088505474,-55.7750441260717,-131.),(-167.782526593013,-59.9119862398099,
-131.),(-165.863652534514,-63.7588558149616,-131.),(-165.289390008767,-64.8269679643112,
-131.),(-163.015483949144,-68.750472201282,-131.),(-160.550320391332,-72.5466161259361,
-131.),(-157.895534064304,-76.2135555949343,-131.),(-157.1965642,-77.11741198,
-131.),(-133.1488756,-24.91838226,-131.),(-133.088566710825,-25.7393893534663,
-131.),(-132.73255447239,-28.8126759354947,-131.),(-132.135943601999,-32.019386457687,
-131.),(-131.313261520468,-35.1844499813684,-131.),(-130.273747182624,-38.2777612853072,
-131.),(-129.020256543989,-41.28782619887,-131.),(-127.553339848242,-44.2116698048411,
-131.),(-126.06049207393,-46.7500520591604,-131.),(-124.22096951857,-49.4476026633408,
-131.)));
#2523=COORDINATES_LIST('',258,((-182.743463624558,-21.2521629158861,-110.),
(-182.661462013146,-25.9521204602394,-110.),(-182.597027062518,-16.5632936663967,
-110.),(-182.350561623403,-30.6322819681789,-110.),(-182.222255438523,-11.8959303312679,
-110.),(-181.811618526786,-35.2835441894996,-110.),(-181.618202957913,-7.2447512396527,
-110.),(-181.044543840884,-39.9112542275904,-110.),(-180.785724679217,-2.61845898906835,
-110.),(-180.051157235011,-44.5058324968774,-110.),(-179.731236071236,1.95296057553797,
-110.),(-179.24575072,-21.91838226,-110.),(-179.243109540131,-22.6204929417912,
-110.),(-179.131261509518,-17.3050406766053,-110.),(-179.107503352489,-26.9863555553221,
-110.),(-178.83705471015,-49.0366970999062,-110.),(-178.787957974548,-12.7159751465044,
-110.),(-178.742082771938,-31.5682267145023,-110.),(-178.457022124776,6.45864554814532,
-110.),(-178.216673298058,-8.15505785564968,-110.),(-178.147389415403,-36.1337807181,
-110.),(-177.417113394808,-3.6166252629261,-110.),(-177.404925704386,-53.4946923546953,
-110.),(-177.324402515486,-40.6737361374532,-110.),(-176.961117827523,10.9036850333972,
-110.),(-176.39265614967,0.880806894538011,-110.),(-176.279593937092,-45.1580003618902,
-110.),(-175.753673811006,-57.8849868816039,-110.),(-175.245904652223,15.2800802235856,
-110.),(-175.148390941697,5.31068406213166,-110.),(-175.014940828559,-49.5769333938581,
-110.),(-173.88672028518,-62.1991505678277,-110.),(-173.685998366066,9.66867925707134,
-110.),(-173.528502141166,-53.9353037064363,-110.),(-173.323413106182,19.5598914002829,
-110.),(-172.004094407937,13.9601166333368,-110.),(-171.823570056172,-58.2229829674126,
-110.),(-171.81557407716,-66.4081081895966,-110.),(-171.198286998957,23.732275717044,
-110.),(-170.110351227536,18.1655582563252,-110.),(-169.912666863442,-62.4111041410558,
-110.),(-169.544807291964,-70.5030316671284,-110.),(-168.867600199273,27.8018884676917,
-110.),(-168.014583878441,22.2610752310676,-110.),(-167.798739003452,-66.4925439677193,
-110.),(-167.072383784182,-74.4887192791532,-110.),(-166.335026119909,31.7616822493731,
-110.),(-165.718789721399,26.2438384538341,-110.),(-165.479067070585,-70.4712959387629,
-110.),(-164.402964677375,-78.3581118529638,-110.),(-163.617649854298,35.5868107341263,
-110.),(-163.220693461985,30.1185048763824,-110.),(-162.959591346695,-74.3370302785273,
-110.),(-161.553586061321,-82.0847977651486,-110.),(-160.722551416669,39.2669656404545,
-110.),(-160.532707915015,33.8657714964165,-110.),(-160.258416871492,-78.0636540801197,
-110.),(-158.530671494329,-85.660672780449,-110.),(-157.668504427019,37.4651923313647,
-110.),(-157.645942352195,42.806182037972,-110.),(-157.378726118422,-81.6462852935414,
-110.),(-155.331349691673,-89.0899931864706,-110.),(-154.629941031882,40.9152740327317,
-110.),(-154.392518072495,46.1985487657527,-110.),(-154.317294726775,-85.0879828512876,
-110.),(-151.961141320919,-92.367199679492,-110.),(-151.414154442438,44.2197738379772,
-110.),(-151.082896480564,-88.3789074018976,-110.),(-150.983663904369,49.4232175908182,
-110.),(-148.441995397993,-95.469604785633,-110.),(-148.03835124413,47.3608471287988,
-110.),(-147.698451645741,-91.4969611431229,-110.),(-147.428860264215,52.4709608600492,
-110.),(-144.78207101502,-98.3902232586585,-110.),(-144.519101269493,50.3220737084809,
-110.),(-144.1667605613,-94.4391617385329,-110.),(-143.723592030973,55.3450301881273,
-110.),(-140.977797704371,-101.132625037286,-110.),(-140.857750537046,53.1030443401006,
-110.),(-140.484404942751,-97.2075629027194,-110.),(-139.873286315373,58.0407688467195,
-110.),(-137.051219248236,55.7065010741863,-110.),(-137.035177885151,-103.692789396038,
-110.),(-136.662999068359,-99.7935663076742,-110.),(-135.90271514595,60.5420533763736,
-110.),(-133.12119326346,58.1173604655221,-110.),(-132.980254605368,-106.052671867342,
-110.),(-132.729229221944,-102.180056832391,-110.),(-131.823601443362,62.8412884329002,
-110.),(-129.086126410436,60.3235356914961,-110.),(-128.822721421972,-108.206781976396,
-110.),(-128.685062278577,-104.365490185517,-110.),(-127.630870383754,64.9408094866459,
-110.),(-124.94658737364,62.3253741120856,-110.),(-124.55846918386,-110.157891933237,
-110.),(-124.527207579365,-106.350942133095,-110.),(-123.330385302286,66.8372653119964,
-110.),(-120.699679872718,64.1246228105661,-110.),(-120.26993435743,-108.129819574102,
-110.),(-120.193626149003,-111.903474845825,-110.),(-118.949273293269,68.5197786314686,
-110.),(-116.370907667379,65.710144717396,-110.),(-115.942434710423,-109.690679568405,
-110.),(-115.757338538173,-113.43086687554,-110.),(-114.501216389791,69.9829164710359,
-110.),(-111.979591652585,67.0742585629234,-110.),(-111.545572726452,-111.032889275598,
-110.),(-111.260551659492,-114.736410330035,-110.),(-109.980771345178,71.2280020142178,
-110.),(-107.525376172903,68.2176993091483,-110.),(-107.076488301869,-112.156672885125,
-110.),(-106.698794894474,-115.822005321868,-110.),(-105.393968874828,72.2529728699436,
-110.),(-103.005932814124,69.1413814466409,-110.),(-102.551724594873,-113.058172403412,
-110.),(-102.078098924333,-116.686482489071,-110.),(-100.769095456216,73.0525183475665,
-110.),(-98.4496197830119,69.8390945674454,-110.),(-98.0015932896947,-113.731964361897,
-110.),(-97.4294525754409,-117.323109561896,-110.),(-96.1215780053509,73.6238156833643,
-110.),(-93.8756576020691,70.3074116321157,-110.),(-93.4257680857917,-114.177790664875,
-110.),(-92.7646240040056,-117.730353167303,-110.),(-91.4458104728897,73.967126502731,
-110.),(-89.2827389685514,70.5470794850487,-110.),(-88.8220747469841,-114.39524233242,
-110.),(-88.0789648769809,-117.909200575933,-110.),(-86.74575072,74.08161774,
-110.),(-86.74575072,-117.91838226,-110.),(-85.4125365630199,74.0724360559331,
-110.),(-84.6694266922805,70.5584778124443,-110.),(-84.2087624713317,-114.383844005087,
-110.),(-82.0456909671109,-117.803891022731,-110.),(-80.7268774359949,73.893588647303,
-110.),(-80.0657333534446,70.341026144912,-110.),(-79.6158438382995,-114.144176152202,
-110.),(-77.3699234346499,-117.460580203364,-110.),(-76.0620488645596,73.4863450418962,
-110.),(-75.4899081500539,69.89519984196,-110.),(-75.0418816574529,-113.675859087537,
-110.),(-72.7224059837851,-116.889282867567,-110.),(-71.4134025156667,72.8497179690712,
-110.),(-70.9397768453798,69.2214078834993,-110.),(-70.4855686260925,-112.978145966683,
-110.),(-68.0975325651723,-116.089737389944,-110.),(-66.7927065455296,71.9852408018684,
-110.),(-66.4150131386704,68.3199083652068,-110.),(-65.9661252670346,-112.054463829141,
-110.),(-63.5107300948594,-115.064766534225,-110.),(-62.2309497805202,70.8996458100356,
-110.),(-61.9459287138557,67.1961247556239,-110.),(-61.5119097873845,-110.911023082949,
-110.),(-58.9902850502537,-113.819680991044,-110.),(-57.7341629018136,69.59410235553,
-110.),(-57.549066729526,65.8539150483533,-110.),(-57.1205937729311,-109.546909237553,
-110.),(-54.5422281467465,-112.356543151468,-110.),(-53.297875290942,68.0667103257997,
-110.),(-53.2215670825267,64.2930550540806,-110.),(-52.7918215677259,-107.961387330767,
-110.),(-50.1611161376641,-110.674029831976,-110.),(-48.9642938606621,62.5141776131072,
-110.),(-48.9330322561198,66.3211274132295,-110.),(-48.5449140663808,-106.162138632058,
-110.),(-45.8606310558903,-108.777574006501,-110.),(-44.8064391614387,60.5287256655249,
-110.),(-44.6687800181321,64.3700174564323,-110.),(-44.4053750292881,-104.160300211327,
-110.),(-41.6678999962665,-106.678052952756,-110.),(-40.7622722180714,58.3432923124,
-110.),(-40.5112468345875,62.2159073472769,-110.),(-40.3703081764406,-101.954124985475,
-110.),(-37.5887862939255,-104.378817896359,-110.),(-36.8285023716559,55.9568017876836,
-110.),(-36.4563235545296,59.8560248758013,-110.),(-36.4402821919327,-99.5432655943101,
-110.),(-33.618215125002,-101.877533366974,-110.),(-33.0070964972627,53.3707983827293,
-110.),(-32.6337509029935,-96.939808860096,-110.),(-32.5137037354031,57.295860517148,
-110.),(-29.7679094097144,-99.1817947085593,-110.),(-29.3247408787138,50.6023972185437,
-110.),(-28.9724001703649,-94.1588382283281,-110.),(-28.7094304251674,54.5534587388298,
-110.),(-26.0626411761494,-96.3077253802431,-110.),(-25.7930497942723,47.6601966231341,
-110.),(-25.4531501957114,-91.197611648639,-110.),(-25.0495060421813,51.6328402657677,
-110.),(-22.5078375356732,-93.2599821107758,-110.),(-22.4086049594479,44.5421428819095,
-110.),(-22.0773469975031,-88.056538357919,-110.),(-21.5303601189503,48.5304351593325,
-110.),(-19.1742067130945,41.2512183311581,-110.),(-19.0989833672643,-90.0353132855062,
-110.),(-18.8615604082144,-84.7520385528183,-110.),(-18.1601517481123,45.2532286662711,
-110.),(-16.1127753213576,37.8095207733255,-110.),(-15.8455590873581,-86.6429465575523,
-110.),(-15.8229970130249,-81.3019568513503,-110.),(-14.9608299457315,41.8239082605876,
-110.),(-13.2330845683771,34.2268895600155,-110.),(-12.958793524743,-77.7025360160024,
-110.),(-12.7689500231182,-83.1037301602893,-110.),(-11.9379153788728,38.2480332454542,
-110.),(-10.5319100934346,30.5002657587448,-110.),(-10.2708079777242,-73.9552693959279,
-110.),(-9.87385158568332,-79.4235752541694,-110.),(-9.08853676280216,34.5213473332363,
-110.),(-8.01243436974151,26.6345314192178,-110.),(-7.77271171862252,-70.0806029739554,
-110.),(-7.15647532019535,-75.5984467695352,-110.),(-6.41911765585247,30.6519547592005,
-110.),(-5.69276243676881,22.655779447999,-110.),(-5.47691756173323,-66.0978397514516,
-110.),(-4.62390124098004,-71.6386529880499,-110.),(-3.94669414802715,26.6662671470975,
-110.),(-3.57883457661859,18.5743396210765,-110.),(-3.38115021253937,-62.0023227764708,
-110.),(-2.29321444120711,-67.5690402372522,-110.),(-1.67592736281467,22.5713436695346,
-110.),(-1.66793138377115,14.3862184472544,-110.),(-1.48740703200589,-57.7968811531879,
-110.),(-0.168088333863836,-63.3966559202922,-110.),(0.0370007012725215,
10.0985391862144,-110.),(0.19449692609963,-53.5054437770745,-110.),(0.395218845198983,
18.362386047782,-110.),(1.52343938859366,5.74016887382672,-110.),(1.65688950167321,
-49.1474485823709,-110.),(1.75440321230383,-59.11684474338,-110.),(2.26217237100616,
14.0482223616026,-110.),(2.78809249708263,1.32123584196665,-110.),(2.90115470958564,
-44.7175714150234,-110.),(3.46961638764089,-54.7404495531471,-110.),(3.83290107548519,
-3.16302838254553,-110.),(3.91342426435246,9.65792783475335,-110.),(3.9256119547505,
-40.2201392573747,-110.),(4.65588797540382,-7.70298380189877,-110.),(4.72517185803638,
-35.6817066643121,-110.),(4.96552068480548,-50.295410068126,-110.),(5.25058133193786,
-12.2685378054846,-110.),(5.29645653454334,-31.1207893732945,-110.),(5.34555327014243,
5.19993257983091,-110.),(5.6160019124885,-16.8504089646585,-110.),(5.63976006951676,
-26.5317238432224,-110.),(5.75160810013042,-21.2162715781959,-110.),(5.75424928,
-21.91838226,-110.),(6.23973463122597,-45.7897250956089,-110.),(6.55965579506028,
0.669067976556345,-110.),(7.2942232392226,-41.2183055309006,-110.),(7.5530424009367,
-3.92551029264325,-110.),(8.1267015179559,-36.5920132801407,-110.),(8.32011708678085,
-8.55322033033002,-110.),(8.73075399857469,-31.9408341884941,-110.),(8.85906018338385,
-13.2044825516415,-110.),(9.10552562255447,-27.2734708535144,-110.),(9.16996057313139,
-17.8846440598939,-110.),(9.25196218456271,-22.5846016043504,-110.)));
#2524=COORDINATES_LIST('',85,((-146.6612722,53.08915264,-121.),(-145.645518799343,
51.9806523734882,-121.),(-143.698691346394,55.3646852083054,-121.),(-141.901387937223,
54.8185627379075,-121.),(-139.859834832726,58.0566398100692,-121.),(-138.048024964974,
57.4514317704571,-121.),(-135.912990373078,60.5457111729091,-121.),(-134.094401968614,
59.8746783703647,-121.),(-131.853451369531,62.8350279871059,-121.),(-130.036498942287,
62.0926577251255,-121.),(-127.675965902098,64.9267516658285,-121.),(-125.869698815904,
64.108769679379,-121.),(-123.374794234523,66.8220473040688,-121.),(-121.58884460176,
65.9254234320486,-121.),(-118.958265230217,68.5159103592431,-121.),(-117.189357509234,
67.5436478506125,-121.),(-114.472287590457,69.9925413708433,-121.),(-112.712767658779,
68.9471983707909,-121.),(-109.955775116149,71.2399728942967,-121.),(-108.202373261133,
70.1209060786823,-121.),(-105.403873824479,72.2604222492257,-121.),(-103.665680344771,
71.0641921229556,-121.),(-100.811085619899,73.0551724597072,-121.),(-99.097410950826,
71.7796556219981,-121.),(-96.1717210402458,73.6244123955624,-121.),(-94.4920509659736,
72.2687932980197,-121.),(-91.4799650133409,73.9672291424854,-121.),(-89.8439096499511,
72.5319882600903,-121.),(-86.7457507202168,74.0816177414383,-121.),(-86.74575072,
72.5816177405551,-121.),(-83.3525499019694,74.022578612688,-121.),(-82.0539529779805,
72.4672189330925,-121.),(-78.675045285602,73.7452808326071,-121.),(-77.4024974261765,
72.1243519601401,-121.),(-74.0315270365967,73.2410518353386,-121.),(-72.8005918954806,
71.5548953169078,-121.),(-69.4164283471249,72.5090500503108,-121.),(-68.2424081092953,
70.7596172546494,-121.),(-64.8243662450208,71.5473434554861,-121.),(-63.7222457430657,
69.7381676843357,-121.),(-60.2617135888813,70.356235628164,-121.),(-59.2345961114523,
68.4890868484968,-121.),(-55.7660002144849,68.9468794351716,-121.),(-54.7825447867457,
67.012599368804,-121.),(-51.3710876305335,67.3304822480519,-121.),(-50.4179052369362,
65.3242916908713,-121.),(-47.0721465654743,65.5057272740917,-121.),(-46.1703688617493,
63.4351340138463,-121.),(-42.8641381320955,63.4700937804272,-121.),(-42.0384429755264,
61.3461624867474,-121.),(-38.7425153187898,61.2200708050011,-121.),(-38.0165744539686,
59.0557669820512,-121.),(-34.7146622409617,58.7585402889088,-121.),(-34.0997194981887,
56.5613318390127,-121.),(-34.0065681579471,58.2975078315403,-121.),(-30.3388588844325,
55.7638651295706,-121.),(-30.2833795389675,53.8592595033761,-121.),(-26.6204896247183,
52.9247306686122,-121.),(-26.5917529465111,50.9660101300221,-121.),(-23.0658802099313,
47.911360808432,-121.),(-23.0471488879087,49.907839251254,-121.),(-19.7154832152767,
44.7049240155592,-121.),(-19.6151203892751,46.7089033149741,-121.),(-16.535426220105,
41.3438625072019,-121.),(-16.3295956021718,43.3316376513528,-121.),(-14.9354344231845,
41.7944555362828,-121.),(-13.521329211328,37.8245063875569,-121.),(-11.9096429994945,
38.2135845698156,-121.),(-10.6696293469109,34.142410727786,-121.),(-9.06869623203184,
34.4969323723934,-121.),(-7.98201053534943,30.298722297728,-121.),(-6.40956748380753,
30.6397582060969,-121.),(-5.49028646124695,26.3364133184227,-121.),(-3.93351609051661,
26.6424627181924,-121.),(-3.21244244897632,22.282988748521,-121.),(-1.65392458819119,
22.5280747110464,-121.),(-1.14697849074916,18.1389151149583,-121.),(0.413760711589398,
18.3254601281053,-121.),(0.709622608437557,13.8995959828658,-121.),(2.27107344125456,
14.0314884137197,-121.),(2.35986904695125,9.5599325097506,-121.),(3.73792669653504,
5.33892906436881,-121.),(3.888859648,4.832643956,-121.),(3.91958954770123,
9.64074014960575,-121.),(5.35672571158048,5.15806202053593,-121.)));
#2525=COORDINATES_LIST('',9,((-105.232952518363,65.6514377067622,-131.),
(-105.232952518363,65.6514377067622,-126.),(-105.232952518363,65.6514377067622,
-125.),(-97.9119518651298,24.1319798090955,-125.),(-97.7579920607716,23.258830369864,
-131.),(-96.6586158755603,17.0239581990196,-126.),(-95.1700915808104,8.58211742985712,
-115.),(-95.1452281902379,8.44111013495805,-120.5),(-95.1452281902379,8.44111013495805,
-114.9093193)));
#2526=COORDINATES_LIST('',24,((-153.3398385,37.87691413,-131.),(-151.896296299997,
39.4473464675043,-131.),(-148.707946270621,42.6694087394805,-131.),(-145.377752765829,
45.7105969314699,-131.),(-141.901488535532,48.5749516819829,-131.),(-138.274171433425,
51.2655952304768,-131.),(-134.491002301743,53.7841345930975,-131.),(-130.56917061432,
56.1186934159848,-131.),(-126.556150466078,58.2432704712368,-131.),(-122.465589270528,
60.1511347867839,-131.),(-120.36424386182,10.2071048036247,-131.),(-118.292320855931,
61.8450721410769,-131.),(-118.01678971439,12.4981325208421,-131.),(-115.528579865152,
14.6059064958933,-131.),(-114.030737150229,63.3267658411254,-131.),(-112.904787236492,
16.527535018352,-131.),(-110.139464104023,18.2684927283699,-131.),(-109.674851005233,
64.5967729295354,-131.),(-107.250559550706,19.8178785675607,-131.),(-105.232952510251,
65.6514377128501,-131.),(-104.274487360928,21.1538066557785,-131.),(-101.220818931464,
22.2728051500506,-131.),(-98.2421320130887,23.1381138003204,-131.),(-97.757992055773,
23.2588303694262,-131.)));
#2527=COORDINATES_LIST('',44,((-108.080187200094,17.1340417501716,-135.999999999674),
(-103.285931805525,8.35821611932196,-129.999999996577),(-102.021437397144,
19.8775912007905,-135.999999999674),(-98.5886988152485,10.4852376065393,
-129.999999998987),(-95.6214539960991,21.6874876699535,-135.999999999674),
(-93.6269139324496,11.8884157676979,-129.999999998987),(-89.0232020505013,
22.5233010612984,-135.999999999674),(-88.5114152342466,12.5364059248816,
-129.999999998987),(-83.3564745084634,12.4147330487488,-129.999999998987),
(-82.3740756055492,22.3663606848006,-135.999999999674),(-78.2772446126445,
11.5261151102941,-129.999999998987),(-75.8226051586897,21.2201723291353,
-135.999999999674),(-73.3871871495008,9.89040236586808,-129.999999998987),
(-70.2055696400411,-52.1949806423629,-129.999999996577),(-69.5151397337437,
19.1103399481517,-135.999999999674),(-68.7955379221952,7.54413393525146,
-129.999999998987),(-65.8778169591073,-49.3916299856134,-129.999999998987),
(-65.4113142470862,-60.9708062740939,-135.999999999674),(-64.6048667870057,
4.5397215780985,-129.999999998987),(-63.592577685548,16.0839937108535,-135.999999999674),
(-62.0162194371497,-45.9745723692517,-129.999999998987),(-60.9087864122277,
0.944278901833868,-129.999999998987),(-59.8291405003975,-57.3548902042002,
-135.999999999674),(-58.7070387797953,-42.020139217444,-129.999999998987),
(-58.1872192635357,12.2087371913032,-135.999999999674),(-57.7898611258544,
-3.16187784543549,-129.999999998987),(-56.0241966146814,-37.6166660323081,
-129.999999998987),(-55.3177625649227,-7.68702390718463,-129.999999998987),
(-54.8482393477254,-52.9473811038072,-135.999999999674),(-54.0276232025206,
-32.8625191282908,-129.999999998987),(-53.5477133262703,-12.530074997961,
-129.999999998987),(-53.4198112427826,7.57113721648899,-135.999999999674),
(-52.7619186941073,-27.8638982912492,-129.999999998987),(-52.5192533849751,
-17.5828453592851,-129.999999998987),(-52.2553568366493,-22.7324644507235,
-129.999999998987),(-50.5798758901424,-47.8467354430397,-135.999999999674),
(-49.3968496405804,2.27479010645713,-135.999999999674),(-47.1193983140435,
-42.1668932174094,-135.999999999674),(-46.2082007713886,-3.56199249629062,
-135.999999999674),(-44.544107970221,-36.0347327165947,-135.999999999674),
(-43.9250937818698,-9.80882651338656,-135.999999999674),(-42.9115325894232,
-29.5872362731099,-135.999999999674),(-42.598529509455,-16.3261679954549,
-135.999999999674),(-42.2581412079119,-22.9684303033519,-135.999999999674)));
#2528=COORDINATES_LIST('',43,((-86.74575072,-53.41838226,-126.),(-86.74575072,
-53.41838226,-121.4345094),(-86.74575072,9.58161773999999,-126.),(-86.74575072,
9.58161773999999,-121.4345094),(-81.2758331234917,-52.9398264798846,-126.),
(-81.2758331234917,-52.9398264798846,-121.4345094),(-81.2758331234917,9.10306195988454,
-126.),(-81.2758331234917,9.10306195988454,-121.4345094),(-75.9721162052414,
-51.5186998147561,-126.),(-75.9721162052414,-51.5186998147561,-121.4345094),
(-75.9721162052414,7.68193529475609,-126.),(-75.9721162052414,7.68193529475609,
-121.4345094),(-70.99575072,-49.1981824792098,-126.),(-70.99575072,-49.1981824792098,
-121.4345094),(-70.99575072,5.36141795920979,-126.),(-70.99575072,5.36141795920979,
-121.4345094),(-66.497941014874,-46.0487822182478,-126.),(-66.497941014874,
-46.0487822182478,-121.4345094),(-66.497941014874,2.21201769824778,-126.),
(-66.497941014874,2.21201769824778,-121.4345094),(-62.6153507617522,-42.166191965126,
-126.),(-62.6153507617522,-42.166191965126,-121.4345094),(-62.6153507617522,
-1.67057255487404,-126.),(-62.6153507617522,-1.67057255487404,-121.4345094),
(-59.4659505007902,-37.66838226,-126.),(-59.4659505007902,-37.66838226,
-121.4345094),(-59.4659505007902,-6.16838226000003,-126.),(-59.4659505007902,
-6.16838226000003,-121.4345094),(-59.1019000203279,-6.81647779419717,-121.4345094),
(-57.1454331652439,-32.6920167747586,-126.),(-57.1454331652439,-32.6920167747586,
-121.4345094),(-57.1454331652439,-11.1447477452415,-126.),(-57.1454331652439,
-11.1447477452415,-121.4345094),(-56.0235284978863,-28.8750381904786,-123.5),
(-56.0235284978863,-28.8750381904786,-121.4345094),(-56.0235284978863,-14.9617263295214,
-123.5),(-56.0235284978863,-14.9617263295214,-121.4345094),(-55.7243065001155,
-27.3882998565083,-126.),(-55.7243065001155,-27.3882998565083,-123.5),(-55.7243065001155,
-16.4484646634917,-126.),(-55.7243065001155,-16.4484646634917,-123.5),(-55.24575072,
-21.91838226,-126.),(-55.24575072,-21.91838226,-123.5)));
#2529=COORDINATES_LIST('',14,((-1.66446112459002,5.8561413318074,-131.),
(-1.66446112459002,5.8561413318074,-126.),(-1.66446112400001,-49.69290585,
-131.),(-1.66446112400001,-49.69290585,-126.),(0.78129368185359,-3.22970926682489,
-131.),(0.78129368185359,-3.22970926682489,-126.),(0.781293682250578,-40.6070552513159,
-131.),(0.781293682250578,-40.6070552513159,-126.),(2.25964370613378,-12.5221190123979,
-131.),(2.25964370613378,-12.5221190123979,-126.),(2.25964370633337,-31.3146455057115,
-131.),(2.25964370633337,-31.3146455057115,-126.),(2.75424927983176,-21.9183822590494,
-131.),(2.75424927983176,-21.9183822590494,-126.)));
#2530=COORDINATES_LIST('',4,((-10.7711086019968,-101.333563898325,-121.5),
(-10.7711086019968,-101.333563898325,-111.5),(4.6557940270666,-82.9484972683777,
-121.5),(4.6557940270666,-82.9484972683777,-111.5)));
#2531=COORDINATES_LIST('',7,((-56.0235285,-28.87503819,-123.5),(-56.0235285,
-28.87503819,-121.4345094),(-54.7973369415115,-28.9040050015118,-122.257155092228),
(-54.4149560231388,-28.8689059938731,-122.5078024725),(-54.4132111629971,
-28.8686972089423,-123.5),(-53.6978939980623,-28.7451047219006,-122.97176427362),
(-52.8650479174188,-28.501106177137,-123.5)));
#2532=COORDINATES_LIST('',26,((-97.71553274,-27.91120149,-136.),(-97.71553274,
-27.91120149,-129.),(-95.7906907307941,-30.5461896344671,-136.),(-95.7906907307941,
-30.5461896344671,-129.),(-93.2494510070487,-32.5932069642289,-136.),(-93.2494510070487,
-32.5932069642289,-129.),(-90.2649948564169,-33.9127526310561,-136.),(-90.2649948564169,
-33.9127526310561,-129.),(-87.0407080336076,-34.4149017783668,-136.),(-87.0407080336076,
-34.4149017783668,-129.),(-83.7963203573071,-34.0654337715973,-136.),(-83.7963203573071,
-34.0654337715973,-129.),(-80.7529314861493,-32.8881642778963,-136.),(-80.7529314861493,
-32.8881642778963,-129.),(-78.1179433423578,-30.9633222677654,-136.),(-78.1179433423578,
-30.9633222677654,-129.),(-76.0709260134881,-28.4220825433015,-136.),(-76.0709260134881,
-28.4220825433015,-129.),(-75.7759687042074,-15.9255630222985,-136.),(-75.7759687042074,
-15.9255630222985,-129.),(-74.7513803477085,-25.4376263922065,-136.),(-74.7513803477085,
-25.4376263922065,-129.),(-74.5986992094381,-18.9689518930431,-136.),(-74.5986992094381,
-18.9689518930431,-129.),(-74.2492312015297,-22.2133395692209,-136.),(-74.2492312015297,
-22.2133395692209,-129.)));
#2533=COORDINATES_LIST('',10,((-68.4692657895606,-47.5741827406168,-120.499999998804),
(-65.649176802047,-45.3103588468159,-120.499999998804),(-64.1116396207795,
-55.1218126588564,-126.000000002185),(-62.6153507634577,-42.166191960091,
-120.499999998804),(-60.0457692002257,-38.632477705387,-120.499999998804),
(-59.8330787271937,-51.7592747002955,-126.000000001571),(-58.306041194064,
-35.4621233160812,-120.499999998804),(-55.9628595448123,-47.7482948870729,
-126.000000001571),(-52.6848720365574,-43.2403736946075,-126.000000001571),
(-50.1163828873114,-38.4429151612129,-126.000000001571)));
#2534=COORDINATES_LIST('',5,((-105.232952513839,65.6514377106498,-125.),
(-100.779315392595,66.4745498632735,-125.),(-99.32410599,66.69332678,-125.),
(-97.91195186,24.13197981,-125.),(-92.00310534,25.17386887,-125.)));
#2535=COORDINATES_LIST('',26,((-13.875261965,-86.83993084,-121.5),(-13.875261965,
-86.83993084,-111.5),(-13.7219281833008,-88.0046165429613,-121.5),(-13.7219281833008,
-88.0046165429613,-111.5),(-13.27237628203,-89.08993084,-121.5),(-13.27237628203,
-89.08993084,-111.5),(-12.5572424803395,-90.0219113553395,-121.5),(-12.5572424803395,
-90.0219113553395,-111.5),(-11.625261965,-90.73704515703,-121.5),(-11.625261965,
-90.73704515703,-111.5),(-10.5399476679613,-91.1865970583008,-121.5),(-10.5399476679613,
-91.1865970583008,-111.5),(-9.375261965,-91.33993084,-121.5),(-9.375261965,
-91.33993084,-111.5),(-8.21057626203866,-91.1865970583008,-121.5),(-8.21057626203866,
-91.1865970583008,-111.5),(-7.125261965,-90.73704515703,-121.5),(-7.125261965,
-90.73704515703,-111.5),(-6.19328144966054,-90.0219113553395,-121.5),(-6.19328144966054,
-90.0219113553395,-111.5),(-5.47814764797003,-89.08993084,-121.5),(-5.47814764797003,
-89.08993084,-111.5),(-5.02859574669919,-88.0046165429613,-121.5),(-5.02859574669919,
-88.0046165429613,-111.5),(-4.875261965,-86.83993084,-121.5),(-4.875261965,
-86.83993084,-111.5)));
#2536=COORDINATES_LIST('',7,((-109.386908262824,-47.9685696266335,-123.5),
(-109.181794205691,-47.1253046339043,-122.971764373711),(-108.931169813907,
-46.4440254123677,-123.5),(-108.930478196523,-46.4424099258299,-122.507802483836),
(-108.769684382764,-46.0937088580947,-122.257155122285),(-108.1315026,-45.0462792,
-123.5),(-108.1315026,-45.0462792,-121.4345094)));
#2537=COORDINATES_LIST('',5,((-147.775865718333,-113.319926984617,-121.5),
(-147.775865718333,-113.319926984617,-111.5),(-138.776839198999,-102.59530480084,
-111.5),(-138.776839198999,-102.59530480084,-121.5),(-138.776839198999,
-102.59530480084,-121.)));
#2538=COORDINATES_LIST('',24,((-60.94611206,-60.60466723,-131.),(-60.532456812533,
-60.3256451485538,-131.),(-58.029359684351,-58.4937500684563,-131.),(-55.5425700202367,
-56.3978193267513,-131.),(-53.2028912607256,-54.1245809233612,-131.),(-51.0181301366296,
-51.6805709341476,-131.),(-49.015019000555,-49.0988096069321,-131.),(-47.2066960916528,
-46.3956795336126,-131.),(-45.5894448144193,-43.5640019936865,-131.),(-44.16713711,
-40.60826355,-131.),(-39.4228212407728,-97.8841004861507,-131.),(-35.6095186032034,
-95.3738210120464,-131.),(-31.9506925422207,-92.6906039191417,-131.),(-28.4528828727585,
-89.840719813122,-131.),(-25.1106540356395,-86.8215975198773,-131.),(-21.9193118918406,
-83.6297371746201,-131.),(-18.8749546202484,-80.2607540670958,-131.),(-15.9881044667526,
-76.7256409325769,-131.),(-13.2944795443864,-73.0650680298567,-131.),(-10.8061707224653,
-69.2960746271551,-131.),(-8.51921789970306,-65.4155092145746,-131.),(-6.43000725877338,
-61.4187338523425,-131.),(-4.53594846372624,-57.3005057775838,-131.),(-3.716581984,
-55.33106157,-131.)));
#2539=COORDINATES_LIST('',9,((-68.469265786818,-47.5741827381629,-120.5),
(-68.469265786818,-47.5741827381629,-114.9093193),(-68.3976745043676,-47.6981824767481,
-115.),(-64.111639619835,-55.1218126599047,-126.),(-60.9461120584398,-60.6046672290992,
-131.),(-60.5028024699018,-61.3725019599433,-125.),(-39.4228212371368,-97.8841004783469,
-126.),(-39.4228212371368,-97.8841004783469,-125.),(-39.4228212371367,-97.8841004783469,
-131.)));
#2540=COORDINATES_LIST('',8,((-68.4692657900197,3.73741822897227,-120.500000000054),
(-65.1838263068573,1.04535906387483,-120.499999998668),(-64.1116396198545,
11.2850481502135,-125.999999999592),(-61.8308115115185,-2.6441558364677,
-120.499999998668),(-59.2394361118423,7.37621507426402,-125.999999999592),
(-59.1019000218439,-6.81647779182203,-120.499999998668),(-54.962031271754,
2.6695406765721,-125.999999999592),(-51.4807882929477,-2.65304547814731,
-125.999999999592)));
#2541=COORDINATES_LIST('',108,((-107.239773066578,-21.306193719167,-136.),
(-107.186287458442,-23.4826400962511,-136.),(-107.06254689169,-19.1580374013361,
-136.),(-106.905749228406,-25.6447995271266,-136.),(-106.656878432863,-17.0374536522197,
-136.),(-106.40571681827,-27.7401780750393,-136.),(-106.024889396919,-14.9464673063675,
-136.),(-105.682423725994,-29.7765944832275,-136.),(-105.181866912606,-12.9456106782356,
-136.),(-104.736193238834,-31.7466058012368,-136.),(-104.138696278425,-11.0625101337305,
-136.),(-103.964424800897,-33.0460615721231,-136.),(-102.893637024221,-9.28908385408459,
-136.),(-102.703406928471,-34.7930744984669,-136.),(-101.459812934918,-7.64160050202759,
-136.),(-101.258864718354,-36.4000446078965,-136.),(-99.8738854630174,-6.16845233784178,
-136.),(-99.6360894345546,-37.8585571738984,-136.),(-99.2206690769957,-21.0914497892291,
-136.),(-99.2164934829161,-22.7776050335601,-136.),(-98.9937647348468,-19.4160122041486,
-136.),(-98.9851351872562,-24.4638187400253,-136.),(-98.5398047935492,-17.7755286865413,
-136.),(-98.5310767460088,-26.0909367657296,-136.),(-98.1487740190207,-4.88018385635802,
-136.),(-97.8978462474492,-27.5651245535574,-136.),(-97.8784576258905,-39.1349240674399,
-136.),(-97.8772574263222,-16.2264403691908,-136.),(-97.7155327436794,-27.9112014924614,
-136.),(-97.0053120096998,-14.7762006410031,-136.),(-96.8012566550396,-29.3470772959812,
-136.),(-96.277151365416,-3.76883672329024,-136.),(-96.0127745596313,-40.2085149607065,
-136.),(-95.9402662973829,-13.4490385693931,-136.),(-95.7105908827195,-30.6319004256945,
-136.),(-94.7196218777516,-12.2889433176563,-136.),(-94.4482157850915,-31.7633274818322,
-136.),(-94.2974217389191,-2.85695780933827,-136.),(-94.0290215628115,-41.0825734498248,
-136.),(-93.3439248459611,-11.3010641492909,-136.),(-93.0439580949689,-32.7181338327048,
-136.),(-92.2525555465196,-2.16805394080369,-136.),(-91.947926690463,-41.7476399144431,
-136.),(-91.8419050187241,-10.5032863430429,-136.),(-91.5348240418554,-33.4662155110708,
-136.),(-90.2622518215858,-9.92080606453981,-136.),(-90.1472243831612,-1.70150596448116,
-136.),(-89.9258657161537,-34.0072449848685,-136.),(-89.8304735602464,-42.1881418995852,
-136.),(-88.606547955609,-9.55733672038581,-136.),(-88.2599429582989,-34.3285632733095,
-136.),(-87.9782045425676,-1.45480361502237,-136.),(-87.6873032350968,-42.4002295137187,
-136.),(-86.9129069537571,-9.41823778808117,-136.),(-86.5785944862378,-34.418526731921,
-136.),(-85.8041982048903,-1.43653500627981,-136.),(-85.5132968974271,-42.381960904977,
-136.),(-85.231558481695,-9.50820124669143,-136.),(-84.8849534844026,-34.2794277996142,
-136.),(-83.6610278797452,-1.6486226204128,-136.),(-83.5656357238493,-9.82951953512996,
-136.),(-83.3442770568366,-42.1352585555189,-136.),(-83.2292496184227,-33.9159584554597,
-136.),(-81.9566773981416,-10.3705490089326,-136.),(-81.6495964212757,-33.3334781769563,
-136.),(-81.5435747495448,-2.08912460555342,-136.),(-81.2389458934793,-41.6687105791981,
-136.),(-80.4475433450249,-11.1186306873002,-136.),(-80.1475765940388,-32.5357003707091,
-136.),(-79.4624798772036,-2.75419107017239,-136.),(-79.1940797010912,-40.979806710669,
-136.),(-79.0432856549075,-12.0734370381685,-136.),(-78.7718795622462,-31.5478212023425,
-136.),(-77.7809105572805,-13.2048640943055,-136.),(-77.5512351426167,-30.3877259506072,
-136.),(-77.4787268803734,-3.62824955929436,-136.),(-77.2143500745948,-40.0679277967163,
-136.),(-76.6902447849604,-14.4896872240188,-136.),(-76.486189430302,-29.0605638789986,
-136.),(-75.7759686963206,-15.9255630275386,-136.),(-75.6142440136787,-27.6103241508099,
-136.),(-75.6130438141075,-4.70184045256276,-136.),(-75.5936551925507,-16.2716399664427,
-136.),(-75.3427274209798,-38.9565806636388,-136.),(-74.9604246939912,-17.7458277542705,
-136.),(-74.9516966464509,-26.0612358334587,-136.),(-74.5063662527437,-19.3729457799748,
-136.),(-74.4977367051533,-24.4207523158516,-136.),(-74.2750079570839,-21.0591594864399,
-136.),(-74.2708323630043,-22.745314730771,-136.),(-73.8554120054468,-5.97820734610046,
-136.),(-73.6176159769755,-37.6683121821479,-136.),(-72.2326367216463,-7.43671991210359,
-136.),(-72.0316885050736,-36.1951640179608,-136.),(-70.7880945115292,-9.04369002153325,
-136.),(-70.5978644157764,-34.5476806659124,-136.),(-69.527076639103,-10.790702947877,
-136.),(-69.3528051615754,-32.7742543862718,-136.),(-68.7553082011657,-12.0901587187632,
-136.),(-68.3096345273952,-30.8911538417684,-136.),(-67.8090777140061,-14.0601700367725,
-136.),(-67.4666120430816,-28.8902972136348,-136.),(-67.0857846217303,-16.0965864449606,
-136.),(-66.8346230071369,-26.7993108677803,-136.),(-66.5857522115941,-18.1919649928733,
-136.),(-66.4289545483102,-24.6787271186638,-136.),(-66.3052139815584,-20.3541244237488,
-136.),(-66.251728373422,-22.5305708008329,-136.)));
#2542=COORDINATES_LIST('',6,((-126.022548837556,-124.872659088159,-121.5),
(-126.022548837556,-124.872659088159,-111.5),(-121.746420696174,-111.310513301206,
-121.),(-121.746420696174,-111.310513301206,-111.5),(-121.29430799312,-109.876595002169,
-121.),(-121.262273537197,-109.774994688272,-121.5)));
#2543=COORDINATES_LIST('',6,((5.35672571200001,5.158062027,-111.5),(6.31376422316669,
1.6603819135621,-111.5),(7.35407937525109,-2.91145282537727,-111.5),(8.17044069438259,
-7.53378606431768,-111.5),(19.23995257,8.235899323,-111.5),(22.05366755,
-4.45594877,-111.5)));
#2544=COORDINATES_LIST('',12,((-96.082221070114,8.16617061336745,-120.5),
(-96.082221070114,8.16617061336745,-107.5),(-95.1452281897372,8.44111013404997,
-120.5),(-95.1452281897372,8.44111013404997,-114.9093193),(-92.7404991346418,
9.00592842971708,-114.997134585763),(-92.2156683198829,9.1030619623358,
-114.9999999),(-91.4673280299501,9.2257457241829,-107.5),(-89.7678898204364,
9.4363091823761,-114.938649950599),(-89.2363816700008,9.48299920101057,
-120.5),(-89.2363816700008,9.48299920101057,-114.9093193),(-86.74575072,
9.581617743,-120.5),(-86.74575072,9.581617743,-107.5)));
#2545=COORDINATES_LIST('',83,((-176.24575072,-21.91838226,-125.),(-176.24575072,
-21.91838226,-115.),(-176.195457259531,-24.9183822586427,-126.),(-176.195457259531,
-24.9183822586427,-125.),(-176.195457259531,-18.9183822613572,-126.),(-176.195457259531,
-18.9183822613572,-125.),(-175.75546035546,-31.273679722455,-126.),(-175.75546035546,
-31.273679722455,-115.),(-175.75546035546,-12.563084797545,-126.),(-175.75546035546,
-12.563084797545,-115.),(-174.289960985676,-40.5264785881894,-126.),(-174.289960985676,
-40.5264785881894,-115.),(-174.289960985676,-3.31028593181054,-126.),(-174.289960985676,
-3.31028593181054,-115.),(-171.865308928416,-49.5754032565577,-126.),(-171.865308928416,
-49.5754032565577,-115.),(-171.865308928416,5.73863873655781,-126.),(-171.865308928416,
5.73863873655781,-115.),(-168.508069179013,-58.3213118152841,-126.),(-168.508069179013,
-58.3213118152841,-115.),(-168.508069179013,14.4845472952841,-126.),(-168.508069179013,
14.4845472952841,-115.),(-165.289390009545,-64.8269679644239,-126.),(-164.255024358707,
-66.66838226,-126.),(-164.255024358707,-66.66838226,-115.),(-164.255024358707,
22.83161774,-126.),(-164.255024358707,22.83161774,-115.),(-159.152771716558,
-74.5251623401763,-126.),(-159.152771716558,-74.5251623401763,-115.),(-159.152771716558,
30.6883978201764,-126.),(-159.152771716558,30.6883978201764,-115.),(-157.196564191103,
-77.117411973029,-126.),(-157.196564191103,-77.117411973029,-125.),(-157.196564186248,
33.2806474592253,-126.),(-157.196564186248,33.2806474592253,-125.),(-153.339838514872,
-81.7136786533531,-126.),(-153.339838514872,-81.7136786533531,-125.),(-153.3398385099,
37.8769141388896,-126.),(-153.3398385099,37.8769141388896,-125.),(-153.257212600227,
-81.8055715291178,-126.),(-153.257212600227,-81.8055715291178,-115.),(-153.257212600227,
37.9688070091178,-126.),(-153.257212600227,37.9688070091178,-115.),(-146.632939989118,
-88.4298441402267,-126.),(-146.632939989118,-88.4298441402267,-115.),(-146.632939989118,
44.5930796202268,-126.),(-146.632939989118,44.5930796202268,-115.),(-139.352530800176,
-94.3254032565578,-126.),(-139.352530800176,-94.3254032565578,-115.),(-139.352530800176,
50.4886387365578,-126.),(-139.352530800176,50.4886387365578,-115.),(-131.49575072,
-99.4276558987073,-126.),(-131.49575072,-99.4276558987073,-115.),(-131.49575072,
55.5908913787073,-126.),(-131.49575072,55.5908913787073,-115.),(-123.148680275284,
-103.680700719013,-126.),(-123.148680275284,-103.680700719013,-115.),(-123.148680275284,
59.8439361990128,-126.),(-123.148680275284,59.8439361990128,-115.),(-114.402771716558,
-107.037940468416,-126.),(-114.402771716558,-107.037940468416,-115.),(-114.402771716558,
63.2011759484163,-126.),(-114.402771716558,63.2011759484163,-115.),(-105.35384704819,
-109.462592525676,-126.),(-105.35384704819,-109.462592525676,-115.),(-105.353847048189,
65.6258280056756,-126.),(-105.353847048189,65.6258280056756,-115.),(-105.232952506949,
-109.488202232914,-126.),(-105.232952506949,-109.488202232914,-125.),(-105.232952500886,
65.6514377141945,-126.),(-105.232952500886,65.6514377141945,-125.),(-99.324105989774,
-110.530091298407,-126.),(-99.324105989774,-110.530091298407,-125.),(-99.3241059897739,
66.6933267784073,-126.),(-99.3241059897739,66.6933267784073,-125.),(-96.1010481824551,
-110.92809189546,-126.),(-96.1010481824551,-110.92809189546,-115.),(-96.101048182455,
67.0913273754605,-126.),(-96.101048182455,67.0913273754605,-115.),(-86.74575072,
-111.41838226,-126.),(-86.74575072,-111.41838226,-115.),(-86.74575072,67.58161774,
-126.),(-86.74575072,67.58161774,-115.)));
#2546=COORDINATES_LIST('',32,((-165.852976197128,54.7907884368656,-121.5),
(-165.852976197128,54.7907884368656,-111.5),(-162.908673434092,57.4887448443559,
-116.545106358435),(-162.860585547163,57.5328092742407,-115.95829976908),
(-162.856681489159,57.5363866842946,-117.088599299059),(-162.703953483991,
57.6763361165749,-115.358660543288),(-162.678227891273,57.6999092791519,
-117.69856384652),(-162.612516889165,57.7601223188586,-117.850405625562),
(-162.500753264259,57.8625348124805,-114.92706887549),(-162.339895916238,
58.0099334150406,-118.309745962593),(-162.189826107877,58.1474470587194,
-114.520145087948),(-162.019178593889,58.3038166955537,-118.642581216671),
(-161.7962885749,58.5080577683288,-114.206372894539),(-161.57960534543,
58.7066113663769,-118.898874074965),(-161.390757519875,58.8796585160764,
-114.03297954633),(-161.171589800429,59.0804887297411,-119.00057128446),
(-160.949757311803,59.2837607544771,-113.99942871554),(-160.730589592358,
59.4845909681414,-118.96702045367),(-160.541741766802,59.6576381178415,
-114.101125925035),(-160.325058537334,59.8561917158886,-118.793627105462),
(-160.102168518343,60.0604327886648,-114.357418783329),(-159.931521004356,
60.2168024254983,-118.479854912053),(-159.781451195994,60.3543160691778,
-114.690254037407),(-159.620593847974,60.5017146717376,-118.07293112451),
(-159.508830223067,60.6041271653597,-115.149594374438),(-159.443119220959,
60.6643402050666,-115.30143615348),(-159.417393628241,60.6879133676439,
-117.64133945671),(-159.264665623073,60.8278627999239,-115.911400700942),
(-159.260761565069,60.8314402099779,-117.041700230919),(-159.212673678141,
60.8755046398627,-116.454893641566),(-156.268370860747,63.5734610971625,
-121.5),(-156.268370860747,63.5734610971625,-111.5)));
#2547=COORDINATES_LIST('',84,((-109.348100342013,-115.219688741603,-121.),
(-108.8959876,-113.7857704,-121.),(-105.239317068542,-114.591863285229,
-121.),(-104.745938282494,-116.21679576616,-121.),(-100.662769145788,-115.39005013892,
-121.),(-100.11864440241,-116.984670179327,-121.),(-96.0569038291358,-115.960754603912,
-121.),(-95.472032989238,-117.523111533584,-121.),(-91.4160260529262,-116.303921217434,
-121.),(-90.8006282200733,-117.833527894755,-121.),(-86.7457507234081,-116.418382260342,
-121.),(-86.74575072,-117.918382260363,-121.),(-82.4549782769137,-116.321628116523,
-121.),(-82.0473729757291,-117.803882948369,-121.),(-77.8212911708414,-115.997591486754,
-121.),(-77.3718732204828,-117.460533300249,-121.),(-73.2081779700466,-115.444972036513,
-121.),(-72.72273911595,-116.889074355925,-121.),(-68.6137407010384,-114.662774992925,
-121.),(-68.0951224734534,-116.089293322615,-121.),(-64.0578378628971,-113.65477397159,
-121.),(-63.5114149396637,-115.065016586336,-121.),(-59.5733715740449,-112.42894510219,
-121.),(-58.9937041627964,-113.820462316145,-121.),(-55.1597913830862,-110.984989542409,
-121.),(-54.5431625540832,-112.356464001201,-121.),(-50.8123261315962,-109.32061817356,
-121.),(-50.1571349227426,-110.672507045076,-121.),(-46.5414068293503,-107.439538099598,
-121.),(-45.8611992469351,-108.77805299835,-121.),(-42.3782278430964,-105.356736156668,
-121.),(-41.6725612084566,-106.680188880648,-121.),(-38.3326328902018,-103.076988897007,
-121.),(-37.589766910577,-104.37879677497,-121.),(-34.3999081032026,-100.597163566598,
-121.),(-33.613270244038,-101.874508942873,-121.),(-30.5825105250453,-97.9180429568103,
-121.),(-29.7685596899495,-99.1826391721216,-121.),(-26.901843379583,-95.0556971052357,
-121.),(-26.0679733229337,-96.3115937160604,-121.),(-23.379020693949,-92.0267979304279,
-121.),(-22.5084863507324,-93.2597305579643,-121.),(-21.4957308086472,-92.3345373778282,
-121.),(-20.010504781661,-88.8280871769858,-121.),(-18.1184651450259,-89.0490125907249,
-121.),(-16.7945211549086,-85.4568263280054,-121.),(-14.9195292087458,-85.6169840920911,
-121.),(-13.7431613340893,-81.9259868127732,-121.),(-11.9026377913877,-82.0436433552817,
-121.),(-10.8786509653148,-78.262578906795,-121.),(-9.06350333042936,-78.3252740955675,
-121.),(-8.20223029663293,-74.4679407580051,-121.),(-6.52986062845977,-74.6575648220529,
-121.),(-6.06882816976882,-73.9494707398911,-121.),(-5.71121705706208,-70.5371681558165,
-121.),(-3.61905156840145,-69.9396987487952,-121.),(-3.41061186486545,-66.4774024288723,
-121.),(-1.37358626572938,-65.8244501333579,-121.),(-1.31576340267392,-62.3180590351169,
-121.),(0.566482179789871,-58.072526172569,-121.),(0.66639878208459,-61.6068104739173,
-121.),(2.23810769598452,-53.7355048590052,-121.),(2.50281826625726,-57.2837337213111,
-121.),(3.69820800928204,-49.3073908406484,-121.),(4.12570640922284,-52.8781650981813,
-121.),(4.93981180891465,-44.8115697813729,-121.),(5.52802437877019,-48.4077311864102,
-121.),(5.95529092706859,-40.2770216021575,-121.),(6.70257463016868,-7.85920414342107,
-121.),(6.71048137413123,-43.871829441976,-121.),(6.74531325229742,-35.7000948361195,
-121.),(7.28355534237275,-12.4903281033096,-121.),(7.30983568369864,-31.0766070119616,
-121.),(7.63436675021273,-17.1292519457842,-121.),(7.64701963409231,-26.4218427925293,
-121.),(7.67285502334016,-39.2727664137208,-121.),(7.75528394260798,-21.771215365183,
-121.),(8.17044069300001,-7.533786065,-121.),(8.40856474242367,-34.6386727463203,
-121.),(8.65985016109559,-11.2486704033545,-121.),(8.91554154191843,-29.9820544741983,
-121.),(9.0671956359572,-15.915378400682,-121.),(9.19471613503788,-25.2989051493951,
-121.),(9.24566220335844,-20.6009481165604,-121.)));
#2548=COORDINATES_LIST('',24,((-176.1954573,-18.91838226,-131.),(-176.099094213016,
-16.787470231097,-131.),(-175.727778096243,-12.2697954379889,-131.),(-175.131539955818,
-7.79950300032727,-131.),(-174.309738802673,-3.37078038545343,-131.),(-173.26056502816,
1.02196664273311,-131.),(-171.981375234187,5.38305396924037,-131.),(-170.477703348466,
9.69233459861685,-131.),(-168.769203370504,13.8993746746455,-131.),(-166.862003240231,
17.9902455850483,-131.),(-164.753936104367,21.9704021111131,-131.),(-162.441787939369,
25.8447385400549,-131.),(-159.921330383724,29.6175300559411,-131.),(-157.1965642,
33.28064747,-131.),(-133.148875617004,-18.9183822608727,-131.),(-132.823265642,
-15.6544387687258,-131.),(-132.2720373089,-12.4403997663778,-131.),(-131.497294550525,
-9.28180552296371,-131.),(-130.498000176521,-6.17063909727427,-131.),(-129.280896916843,
-3.12678863247973,-131.),(-127.85981137608,-0.190426014865512,-131.),(-126.239844011958,
2.62963679413802,-131.),(-124.514247129357,5.20716472151071,-131.),(-124.2209695,
5.610838147,-131.)));
#2549=COORDINATES_LIST('',37,((-109.490949838619,5.62062590794444,-123.168447093948),
(-109.44759995808,4.54178899648597,-107.5),(-109.447540224685,4.54128251424547,
-122.621679099356),(-109.44117404143,4.48901074257687,-122.5937295433),
(-109.426636379758,6.34265363313424,-123.5),(-109.425857467458,6.34813977680478,
-123.5),(-109.425857467458,6.34813977680478,-107.5),(-109.202940982748,
3.35802128156228,-121.954216535853),(-109.006352708108,2.7900251020502,
-107.5),(-109.005619579945,2.78816964244231,-121.604110255519),(-108.942573275421,
8.08877536967987,-123.5),(-108.942573275421,8.08877536967987,-107.5),(-108.775405669806,
2.26853367571101,-121.265298616049),(-108.131502567316,1.20951470707872,
-120.5),(-108.131502567316,1.20951470707872,-107.5),(-108.029933871404,
9.64777030093931,-123.5),(-108.029933871404,9.64777030093931,-107.5),(-106.748720590738,
10.9212962751159,-123.5),(-106.748720590738,10.9212962751159,-107.5),(-105.184261607617,
11.8245370888462,-123.5),(-105.184261607617,11.8245370888462,-107.5),(-103.440749120673,
12.2973373482893,-123.5),(-103.440749120673,12.2973373482893,-107.5),(-101.634300203809,
12.3082087887626,-123.5),(-101.634300203809,12.3082087887626,-107.5),(-99.8852234661974,
11.8564273776787,-123.5),(-99.8852234661974,11.8564273776787,-107.5),(-99.8800828929021,
11.8543588727962,-123.5),(-98.7591625490355,11.2807007511774,-122.904419879246),
(-98.3100065580958,10.9720815347598,-107.5),(-98.307729226621,10.9703818490915,
-122.620443836526),(-97.8236566223281,10.574050375432,-122.281415857446),
(-97.0135581506492,9.71406825808659,-107.5),(-97.0128787906142,9.71321246236963,
-121.604641485822),(-96.3559676246802,8.72342086744138,-120.887081631817),
(-96.08222107,8.16617061300001,-120.5),(-96.08222107,8.16617061300001,-107.5)));
#2550=COORDINATES_LIST('',6,((-58.30604118652,-35.4621233112666,-114.909319294152),
(-57.8641555406168,-34.492580169651,-114.962286204846),(-56.967891746399,
-32.1920592897722,-114.997364666119),(-56.253920326929,-29.8239675911177,
-114.90931929484),(-43.3339876208709,-40.9115051560433,-125.000000018266),
(-41.28186676128,-35.2733494358944,-125.000000018954)));
#2551=COORDINATES_LIST('',6,((-167.4226733,30.11270622,-121.5),(-167.4226733,
30.11270622,-121.),(-162.168905948811,37.4730957543039,-121.5),(-162.168905948811,
37.4730957543039,-121.),(-156.245877536001,44.3064799743047,-121.5),(-156.245877536001,
44.3064799743047,-121.)));
#2552=COORDINATES_LIST('',26,((-122.207017055489,-126.075691661398,-116.558991584788),
(-122.14035837982,-126.096709062258,-115.910114087893),(-122.111235401719,
-126.105891502485,-117.203848902772),(-121.915802053182,-126.167511403966,
-115.301436340038),(-121.85954077976,-126.18525051631,-117.800740082434),
(-121.46908576171,-126.308360517367,-118.308987977341),(-120.966479211105,
-126.466831762748,-118.693956334267),(-120.385972932889,-126.649864699248,
-118.929410196554),(-119.767127469569,-126.84498593504,-118.999303773009),
(-119.152116115693,-127.038898280702,-118.898873932022),(-118.58285087759,
-127.218386930673,-118.634964801112),(-118.098126239482,-127.371220030393,
-118.225561350957),(-117.730975383558,-127.486982256952,-117.698563749393),
(-117.696429833945,-111.769937458748,-116.558991584788),(-117.629771158275,
-111.790954859608,-115.910114087893),(-117.600648180175,-111.800137299835,
-117.203848902772),(-117.405214831638,-111.861757201316,-115.301436340038),
(-117.348953558215,-111.87949631366,-117.800740082434),(-116.958498540165,
-112.002606314717,-118.308987977341),(-116.455891989561,-112.161077560099,
-118.693956334267),(-115.875385711344,-112.344110496598,-118.929410196554),
(-115.256540248025,-112.53923173239,-118.999303773009),(-114.641528894148,
-112.733144078052,-118.898873932022),(-114.072263656046,-112.912632728024,
-118.634964801112),(-113.587539017938,-113.065465827743,-118.225561350957),
(-113.220388162014,-113.181228054303,-117.698563749393)));
#2553=COORDINATES_LIST('',9,((-97.9119518595789,24.131979807612,-125.000000003829),
(-95.1700915796503,8.58211742801661,-115.00000000318),(-95.1452281923946,
8.44111014858033,-114.909319278226),(-92.7399062305356,9.00605025941938,
-114.997146937201),(-92.2156682817022,9.1030617776533,-114.999999884523),
(-92.0031053398915,25.173868869385,-125.000000000986),(-89.7687392849514,
9.43623429814953,-114.93869814367),(-89.2612450596692,9.62400649412369,
-115.000000003008),(-89.2363816724135,9.48299921468741,-114.909319278055)));
#2554=COORDINATES_LIST('',10,((-64.1116396203211,-55.121812659529,-126.00000000072),
(-60.9461120605659,-60.6046672291515,-131.000000001288),(-59.9869164900513,
-51.8973009566958,-126.00000000072),(-55.9628595469209,-47.7482948923599,
-126.00000000072),(-55.7812058054946,-56.6091152902604,-131.000000003565),
(-52.5756563620317,-43.064905074319,-126.00000000072),(-51.1246841168692,
-51.8080061116737,-131.000000003565),(-50.1163828889191,-38.4429151691127,
-126.00000000072),(-47.2051110797273,-46.3885235913718,-131.000000003565),
(-44.1671371065022,-40.6082635515353,-131.000000003565)));
#2555=COORDINATES_LIST('',102,((-102.99575072,-21.91838226,-129.),(-102.974521908715,
-22.7611317003143,-129.),(-102.881723488598,-19.978421433109,-129.),(-102.764040166247,
-24.6704087067657,-129.),(-102.54032945821,-18.0865253748321,-129.),(-102.325289341003,
-26.5445738802943,-129.),(-101.974682967416,-16.2480665107244,-129.),(-101.660428802575,
-28.3694936946813,-129.),(-101.189972378504,-14.4704388190135,-129.),(-100.793601394063,
-30.0915145074719,-129.),(-100.207628266919,-12.8112679246499,-129.),(-99.7321195552582,
-31.6908414253439,-129.),(-99.2206437488879,-21.0912915315392,-129.),(-99.2164466360858,
-22.7777596252593,-129.),(-99.0389598627236,-11.2894419238127,-129.),(-98.9938373864702,
-19.4161208927269,-129.),(-98.9851352854422,-24.4641736075974,-129.),(-98.5397923594479,
-17.7756234752422,-129.),(-98.5310918608926,-26.0910449549947,-129.),(-98.4750342083134,
-33.1651937056753,-129.),(-97.8977431857921,-27.5653340534101,-129.),(-97.8771894965476,
-16.2263205890752,-129.),(-97.7155327436794,-27.9112014924614,-129.),(-97.6834947192826,
-9.8997992275783,-129.),(-97.054511503146,-34.4820915974077,-129.),(-97.005435521232,
-14.7762935468978,-129.),(-96.8013758697157,-29.3468476898087,-129.),(-96.1799037643613,
-8.68379635649614,-129.),(-95.9402453811225,-13.4490858074131,-129.),(-95.7106431882685,
-30.631738177914,-129.),(-95.5035491174815,-35.6100225997845,-129.),(-94.7195408186526,
-12.2888721575655,-129.),(-94.5547183042034,-7.66548604447981,-129.),(-94.4480160082987,
-31.7635045323137,-129.),(-93.8157427402005,-36.5506375149604,-129.),(-93.3441011178083,
-11.3011211011644,-129.),(-93.0439467699512,-32.7181737571024,-129.),(-92.8048532305058,
-6.8402175389056,-129.),(-92.0195889281415,-37.289663507956,-129.),(-91.8418514293422,
-10.5033161959575,-129.),(-91.5349232233242,-33.4661245379076,-129.),(-90.9665487731973,
-6.22361398775901,-129.),(-90.2621877029348,-9.92077466187632,-129.),(-90.1707058485569,
-37.8064311077749,-129.),(-89.9256124594851,-34.0073415613511,-129.),(-89.0855245802804,
-5.83505872777319,-129.),(-88.6067715459693,-9.55733163145387,-129.),(-88.2664963472784,
-38.098702188737,-129.),(-88.259969980535,-34.328580880063,-129.),(-87.1667577693116,
-5.6736680808332,-129.),(-86.9128201675195,-9.41828519866421,-129.),(-86.5786812724803,
-34.4184793213376,-129.),(-86.3247436706883,-38.1630964391668,-129.),(-85.2315314594526,
-9.50818363994208,-129.),(-85.22500509271,-5.73806233126298,-129.),(-84.8847298940334,
-34.279432888546,-129.),(-84.4059768597196,-38.0017057922268,-129.),(-83.565888980506,
-9.82942295865251,-129.),(-83.3207955914289,-6.03033341222475,-129.),(-83.2293137370685,
-33.9159898581237,-129.),(-82.5249526668026,-37.613150532241,-129.),(-81.9565782166805,
-10.3706399820867,-129.),(-81.6496500106583,-33.3334483240425,-129.),(-81.4719125118586,
-6.54710101204102,-129.),(-80.6866482094936,-36.9965469810942,-129.),(-80.4475546700633,
-11.1185907628852,-129.),(-80.1474003221914,-32.5356434188355,-129.),(-79.6757586998159,
-7.28612700503474,-129.),(-79.0434854317076,-12.073259987681,-129.),(-78.9367831357973,
-36.1712784755202,-129.),(-78.7719606213456,-31.5478923624336,-129.),(-77.98795232253,
-8.22674192021303,-129.),(-77.7808582517303,-13.2050263420895,-129.),(-77.5512560588775,
-30.3876787125876,-129.),(-77.3115976756374,-35.1529681635018,-129.),(-76.6901255702818,
-14.4899168301962,-129.),(-76.4860659187701,-29.0604709731043,-129.),(-76.4369899368544,
-9.35467292259459,-129.),(-75.808006720715,-33.9369652924188,-129.),(-75.7759686963206,
-15.9255630275386,-129.),(-75.6143119434536,-27.610443930926,-129.),(-75.5937582542076,
-16.2714304665905,-129.),(-75.0164672316851,-10.6715708143259,-129.),(-74.9604095791071,
-17.7457195650059,-129.),(-74.9517090805523,-26.0611410447584,-129.),(-74.5063661545577,
-19.3725909124033,-129.),(-74.49766405353,-24.4206436272738,-129.),(-74.452541577276,
-32.547322596188,-129.),(-74.2750548039141,-21.0590048947413,-129.),(-74.2708576911121,
-22.7454729884614,-129.),(-73.7593818847389,-12.1459230946584,-129.),(-73.2838731730822,
-31.0254965953536,-129.),(-72.6979000459366,-13.7452500125277,-129.),(-72.3015290614973,
-29.366325700989,-129.),(-71.8310726374244,-15.4672708253191,-129.),(-71.5168184725835,
-27.5886980092756,-129.),(-71.1662120989967,-17.2921906397058,-129.),(-70.9511719817901,
-25.7502391451679,-129.),(-70.7274612737534,-19.1663558132345,-129.),(-70.6097779514023,
-23.858343086891,-129.),(-70.5169795312853,-21.0756328196857,-129.),(-70.49575072,
-21.91838226,-129.)));
#2556=COORDINATES_LIST('',14,((-153.3398385,-81.71367864,-131.),(-153.3398385,
-81.71367864,-126.),(-146.694138471612,-88.3746897289286,-131.),(-146.694138471612,
-88.3746897289286,-126.),(-139.385850584081,-94.3011832746193,-131.),(-139.385850584081,
-94.3011832746193,-126.),(-131.495750701563,-99.4276558862733,-131.),(-131.495750701563,
-99.4276558862733,-126.),(-123.111045245876,-103.697446515277,-131.),(-123.111045245876,
-103.697446515277,-126.),(-114.324407335445,-107.063362709289,-131.),(-114.324407335445,
-107.063362709289,-126.),(-105.23295250282,-109.488202213359,-131.),(-105.23295250282,
-109.488202213359,-126.)));
#2557=COORDINATES_LIST('',37,((-166.1609324,-97.89302437,-111.5),(-157.161905837828,
-87.1684021713528,-111.5),(-156.1672993,-99.28887101,-111.5),(-156.065688968385,
-98.3340298619566,-111.5),(-156.053810185764,-100.296698086128,-111.5),
(-155.738711241607,-97.3719015415808,-111.5),(-155.714488742488,-101.256731275759,
-111.5),(-155.206584149097,-96.5087447272435,-111.5),(-155.172070618202,
-102.112193788277,-111.5),(-154.49137391286,-95.7847072342468,-111.5),(-154.448182369866,
-102.827559747043,-111.5),(-153.876381050725,-90.5456678349736,-111.5),
(-153.635976614384,-95.2420775248552,-111.5),(-153.585148016344,-103.359870110278,
-111.5),(-152.675900638309,-94.9025659224581,-111.5),(-152.622931303373,
-103.687118464089,-111.5),(-151.6672993,-103.78887101,-111.5),(-151.6672993,
-94.78887101,-111.5),(-150.711667296638,-94.8906235559029,-111.5),(-150.658697961691,
-103.675176097542,-111.5),(-150.444352552092,-93.7446037712537,-111.5),
(-149.749450583662,-95.2178719097226,-111.5),(-149.698621985607,-103.335664495141,
-111.5),(-148.886416230122,-95.7501822729643,-111.5),(-148.843224687127,
-102.793034785748,-111.5),(-148.162527981796,-96.4655482317303,-111.5),
(-148.128014450908,-102.068997292757,-111.5),(-147.7758657,-113.319927,
-111.5),(-147.620109857507,-97.3210107442474,-111.5),(-147.595887358397,
-101.205840478428,-111.5),(-147.280788414236,-98.2810439338819,-111.5),
(-147.268909631615,-100.243712158044,-111.5),(-147.1672993,-99.28887101,
-111.5),(-146.871011815282,-96.7614951886118,-111.5),(-143.152642555568,
-99.6006296495702,-111.5),(-139.484933282054,-102.13427235154,-111.5),(-138.7768392,
-102.5953048,-111.5)));
#2558=COORDINATES_LIST('',9,((-157.196564192519,-77.1174119889154,-131.),
(-157.196564192519,-77.1174119889154,-126.),(-157.196564192519,-77.1174119889154,
-125.),(-124.900159204874,-50.0175104741914,-125.),(-124.22096950822,-49.4476026502037,
-131.),(-119.371099909601,-45.3780788585583,-126.),(-112.804513502995,-39.8680586264301,
-115.),(-112.694829303867,-39.7760226553914,-120.5),(-112.694829303867,
-39.7760226553914,-114.9093193)));
#2559=COORDINATES_LIST('',188,((-118.232724136531,-22.840632276501,-107.5),
(-118.196489768771,-20.1285086669922,-107.5),(-118.041434815486,-25.5407842660281,
-107.5),(-117.935378463437,-17.4655811338967,-107.5),(-117.623785514241,
-28.1833974742421,-107.5),(-117.449051347734,-14.8471437688738,-107.5),
(-116.982500072109,-30.7682848846259,-107.5),(-116.733848716244,-12.2639265329903,
-107.5),(-116.1166498188,-33.3053176111381,-107.5),(-115.789305784883,-9.72290041823243,
-107.5),(-115.026818696642,-35.7926111731843,-107.5),(-114.636895075222,
-7.27315068900195,-107.5),(-113.737426937599,-38.1674853434587,-107.5),
(-113.299260170164,-4.9606322688531,-107.5),(-112.736958335343,-21.2312495288986,
-107.5),(-112.687053313239,-23.6883652857391,-107.5),(-112.559490313142,
-18.7824776458822,-107.5),(-112.411916963603,-26.1001296744028,-107.5),
(-112.265457309479,-40.3966227157661,-107.5),(-112.155420505359,-16.3867309770391,
-107.5),(-111.909904812382,-28.4739342186598,-107.5),(-111.772148391147,
-2.77784955916028,-107.5),(-111.527252719898,-14.0447110892884,-107.5),
(-111.177696272994,-30.8132115980338,-107.5),(-110.673274631385,-11.7460948584438,
-107.5),(-110.611063944739,-42.4849252175501,-107.5),(-110.227459354281,
-33.0835947751156,-107.5),(-110.048045508122,-0.718125534850778,-107.5),
(-109.607990227894,-9.53008128541936,-107.5),(-109.478913285532,-49.7021829313135,
-107.5),(-109.474502062993,4.79963028925002,-107.5),(-109.461471780994,
6.06287857690872,-107.5),(-109.455427576167,-48.4390942428451,-107.5),(-109.270663905202,
-50.9600566068539,-107.5),(-109.255861744543,3.54358872942138,-107.5),(-109.251210041644,
7.19709285763634,-107.5),(-109.236261040419,-47.308347350533,-107.5),(-109.084879912015,
-35.2294372417761,-107.5),(-108.899074974852,-52.0304511427029,-107.5),
(-108.875449765389,2.47641146540867,-107.5),(-108.815255545655,8.37590378327146,
-107.5),(-108.790901349085,-46.1330719346387,-107.5),(-108.768958012719,
-44.4407404225657,-107.5),(-108.351227929479,-7.44572347283885,-107.5),
(-108.289003740851,1.43192933105798,-107.5),(-108.285205311719,-53.1331625082778,
-107.5),(-108.165672686382,9.46653485065532,-107.5),(-108.131502593444,
1.20951467919787,-107.5),(-108.131502572136,-45.0462792011536,-107.5),(-107.748487127939,
-37.2518845437878,-107.5),(-107.475723701319,-54.1196039376588,-107.5),
(-107.417365979318,10.341372153295,-107.5),(-106.908656616614,-5.49863757485313,
-107.5),(-106.616365257329,-54.8580909896136,-107.5),(-106.446876981664,
11.1404038597574,-107.5),(-106.211930304217,-39.1559929223464,-107.5),(-105.524936154548,
-55.5094511624517,-107.5),(-105.337067973561,11.7599291027456,-107.5),(-105.275112898395,
-3.6792889208004,-107.5),(-104.493079953199,-40.9199173607673,-107.5),(-104.347709899484,
-55.9504034352428,-107.5),(-104.267840204209,12.1349118201836,-107.5),(-103.468590551323,
-2.00695055429762,-107.5),(-103.215925217674,-56.1610374020325,-107.5),
(-103.008816061814,12.3427227439591,-107.5),(-102.639165449473,-42.4998312728291,
-107.5),(-101.946619577515,-56.1782771262981,-107.5),(-101.746905174613,
12.3229937840184,-107.5),(-101.530808114514,-0.525555849011067,-107.5),
(-100.707762121683,-55.9664193318621,-107.5),(-100.655087237261,-43.890554451061,
-107.5),(-100.634121849303,12.1096019695035,-107.5),(-99.6203728715692,
-55.5814041991799,-107.5),(-99.4750114087979,0.756441933810637,-107.5),
(-99.4406466013984,11.6610143853944,-107.5),(-98.5314113247357,-45.095926528599,
-107.5),(-98.5198526221865,-54.9610646105435,-107.5),(-98.3585225646561,
11.0091308201915,-107.5),(-97.5414088824139,-54.1436957605298,-107.5),(-97.4888502985587,
10.2539535863883,-107.5),(-97.2933614921953,1.84635608449565,-107.5),(-96.8074122510499,
-53.2806606906587,-107.5),(-96.6937117776453,9.28062307189587,-107.5),(-96.2851134407838,
-46.1053194913824,-107.5),(-96.1960872012035,-52.2505424682656,-107.5),
(-96.082221070037,-52.0029351301193,-107.5),(-96.0822210503086,8.16617061307449,
-107.5),(-94.9978976887538,2.73899801150129,-107.5),(-94.7199246066793,
8.55612247119372,-107.5),(-93.9752058563651,-46.8964411562611,-107.5),(-93.4728772004225,
-52.6930564351044,-107.5),(-92.6470001086505,3.4077674597101,-107.5),(-92.1020779424247,
9.12486421841888,-107.5),(-91.6194655559717,-47.4625046255134,-107.5),(-90.831199634114,
-53.1542990931241,-107.5),(-90.2636435706589,3.84653788106348,-107.5),(-89.4423932814762,
9.46732977844495,-107.5),(-89.2070369419966,-47.8042518269214,-107.5),(-88.1624127504508,
-53.387032635865,-107.5),(-87.8393337486946,4.05931210937297,-107.5),(-86.74575072,
-47.91838226,-107.5),(-86.74575072,4.08161774,-107.5),(-86.74575072,9.58161773891639,
-107.5),(-86.7457507193375,-53.4183822589164,-107.5),(-85.6521676912993,
-47.8960766293732,-107.5),(-84.5977984501101,9.50962339906578,-107.5),(-84.284464497992,
3.96748730692144,-107.5),(-84.0437628629296,-53.3041416101788,-107.5),(-83.2278578693317,
-47.6833024010664,-107.5),(-81.9395425735477,9.21596210957335,-107.5),(-81.8720358840142,
3.62574010551401,-107.5),(-81.3835347711904,-52.9619043197905,-107.5),(-80.8445013313593,
-47.2445319797201,-107.5),(-79.5162955836295,3.05967663626358,-107.5),(-79.3118279022881,
8.69408355326935,-107.5),(-78.7714640038009,-52.394110360053,-107.5),(-78.4936037512814,
-46.5757625315198,-107.5),(-77.2063879992306,2.26855497138917,-107.5),(-76.7191855003148,
7.94333126485022,-107.5),(-76.1981399478276,-45.6831206045027,-107.5),(-76.1978386189397,
-51.599890174211,-107.5),(-74.960090115285,1.25916200860572,-107.5),(-74.2017384425389,
6.97782292805207,-107.5),(-74.0164900311897,-44.5932064537962,-107.5),(-73.6933320612147,
-50.5890416815109,-107.5),(-72.8364142027465,0.0537899310611052,-107.5),
(-71.9606933254648,-43.3112086709702,-107.5),(-71.7956881620775,5.81149437631828,
-107.5),(-71.3020688494193,-49.3764252886632,-107.5),(-70.8523359905257,
-1.33693324717447,-107.5),(-70.0229108886707,-41.8298139656977,-107.5),
(-69.4934441259144,4.43949613887713,-107.5),(-69.0304583639703,-47.9667839654493,
-107.5),(-68.9984214868004,-2.91684715923353,-107.5),(-68.2163885416141,
-40.1574755992085,-107.5),(-67.3009311069182,2.86368182192393,-107.5),(-67.2795711357815,
-4.68077159765535,-107.5),(-66.8699043653398,-46.356108046818,-107.5),(-66.5828448233836,
-38.3381269451408,-107.5),(-65.7430143120574,-6.58487997621593,-107.5),
(-65.2528747802837,1.11218652384766,-107.5),(-65.1402735105152,-36.3910410471511,
-107.5),(-64.8487908313037,-44.5657437870855,-107.5),(-64.4066215279823,
-8.60732727822594,-107.5),(-63.8835112121041,-34.3066832345783,-107.5),
(-63.3763628266057,-0.792020856023409,-107.5),(-63.2640420857198,-10.7531697448809,
-107.5),(-63.0022272005893,-42.6233459072489,-107.5),(-62.818226808618,
-32.0906696615648,-107.5),(-62.3138051670158,-13.0235529219449,-107.5),
(-61.9642487200981,-29.7920534307011,-107.5),(-61.6655861379083,-2.85643878500785,
-107.5),(-61.5815966276341,-15.362830301305,-107.5),(-61.3360809346347,
-27.4500335429544,-107.5),(-61.3333297750963,-40.5342835276247,-107.5),
(-61.0795844764104,-17.736634845573,-107.5),(-60.9320111268534,-25.0542868741444,
-107.5),(-60.8044481267681,-20.1483992342673,-107.5),(-60.7545431046543,
-22.6055149911398,-107.5),(-60.1265860609993,-5.07586360600707,-107.5),
(-59.8356924835412,-38.2922245230495,-107.5),(-58.7836008121748,-7.41054215914881,
-107.5),(-58.5309020143481,-35.9293987879145,-107.5),(-57.65296050099,-9.83272220235328,
-107.5),(-57.4415884959128,-33.4818208668612,-107.5),(-56.7316721955933,
-12.3516838380929,-107.5),(-56.5681123403013,-30.9540549236246,-107.5),
(-56.0235284989432,-14.9617263297607,-107.5),(-56.0235284978262,-28.8750381900788,
-107.5),(-55.7521611777109,-14.9365336405903,-107.5),(-54.7526389935111,
-28.902697915463,-107.5),(-54.5543901032963,-14.9508975525923,-107.5),(-53.5121407812176,
-28.7007530140955,-107.5),(-53.4399814927411,-15.155039746771,-107.5),(-52.4233019793344,
-28.3251833556156,-107.5),(-52.2428974345082,-15.593712456639,-107.5),(-51.3176922331765,
-27.7139782323757,-107.5),(-51.1554074671217,-16.2366211557197,-107.5),
(-50.3324663655378,-26.9046921409722,-107.5),(-50.2782799563653,-16.9858203038252,
-107.5),(-49.5912719705407,-26.0476894196252,-107.5),(-49.4753769965203,
-17.9527734350814,-107.5),(-48.9432307464201,-24.9647070139824,-107.5),
(-48.8556542156703,-19.0606442267762,-107.5),(-48.4936882143728,-23.7704546608162,
-107.5),(-48.4721762409574,-20.1461154962515,-107.5),(-48.2838188889533,
-22.656984891405,-107.5),(-48.2654389835857,-21.3860994755373,-107.5)));
#2560=COORDINATES_LIST('',44,((-131.233360220213,-20.8683342133074,-136.000000001053),
(-130.892971919304,-27.5105965194462,-136.000000001053),(-130.579968838341,
-14.2495282453821,-136.000000001053),(-129.566407647781,-34.0279379998712,
-136.000000001053),(-128.947393457463,-7.80203180376232,-136.000000001053),
(-127.283300659394,-40.2747720154765,-136.000000001053),(-126.372103113843,
-1.6698713048023,-136.000000001053),(-124.094651791546,-46.1115546169207,
-136.000000001053),(-122.911625538224,4.00997091902639,-136.000000001053),
(-121.236144602433,-21.104300066491,-130.000000003001),(-120.972248054536,
-26.2539191578038,-130.000000003001),(-120.729582744574,-15.9728662261528,
-130.000000003001),(-120.07169019087,-51.4079017258662,-136.000000001053),
(-119.943788113685,-31.3066895190682,-130.000000003001),(-119.463878235795,
-10.9742453893557,-130.000000003001),(-118.643262081387,9.11061657808633,
-136.000000001053),(-118.173738875484,-36.1497406098529,-130.000000003001),
(-117.467304823311,-6.22009848563367,-130.000000003001),(-115.701640315,
-40.674886671679,-130.000000003001),(-115.304282171791,-56.0455016998365,
-136.000000001053),(-114.784462657924,-1.81662530083621,-130.000000003001),
(-113.66236092971,13.5181256769049,-136.000000001053),(-112.582715029061,
-44.781043419093,-130.000000003001),(-111.475282000353,2.13780785059801,
-130.000000003001),(-109.898923751562,-59.9207582188049,-136.000000001053),
(-108.886634654692,-48.3764860955675,-130.000000003001),(-108.080187188107,
17.1340417524697,-136.000000005891),(-107.613684478239,5.55486546656039,
-130.000000003001),(-104.695963519878,-51.3808984529914,-130.000000003001),
(-103.976361705218,-62.9471044557969,-136.000000001053),(-103.285931796662,
8.35821612188951,-129.999999999904),(-100.104314292905,-53.7271668839345,
-130.000000003001),(-97.66889628215,-65.0569368367574,-136.000000001053),
(-95.2142568300419,-55.3628796287358,-130.000000003001),(-91.1174258371517,
-66.2031251926836,-136.000000001053),(-90.1350269344451,-56.2514975676063,
-130.000000003001),(-84.9800862088198,-56.3731704441864,-130.000000003001),
(-84.4682993940011,-66.3600655697206,-136.000000001053),(-79.8645875107057,
-55.7251802874714,-130.000000003001),(-77.870047450104,-65.5242521791812,
-136.000000001053),(-74.9028026279241,-54.3220021267925,-130.000000003001),
(-71.4700640506197,-63.714355711072,-136.000000001053),(-70.2055696381406,
-52.1949806390501,-129.999999999904),(-65.4113142451885,-60.9708062688072,
-136.000000005891)));
#2561=COORDINATES_LIST('',9,((-153.339838510434,-81.7136786275655,-131.),
(-153.339838510434,-81.7136786275655,-126.),(-153.339838510434,-81.7136786275655,
-125.),(-121.043433581471,-54.6137771620819,-125.),(-120.364243884817,-54.0438693380942,
-131.),(-115.514374286198,-49.9743455464487,-126.),(-108.94778782091,-44.4643252650802,
-115.),(-108.838103621782,-44.3722892940414,-120.5),(-108.838103621782,
-44.3722892940414,-114.9093193)));
#2562=COORDINATES_LIST('',22,((-56.253920331146,-14.0127969277204,-120.499999998869),
(-56.253920329654,-29.8239675900897,-120.499999999436),(-56.0235284993014,
-28.8750381901582,-120.499999998869),(-56.0235284993014,-14.9617263298418,
-120.499999998869),(-55.4985170205209,-14.9224553781659,-120.82984963372),
(-54.7465930165427,-28.9017688926431,-121.29312939824),(-54.2827346200352,
-14.9839056199063,-121.573751419724),(-53.4585585174785,-28.6864434466581,
-122.063241863111),(-53.0745081491532,-15.2634383605797,-122.287646517149),
(-52.2687697995778,-28.2550330528374,-122.751159723176),(-51.9600439660555,
-15.7361882571986,-122.926168747974),(-51.260944114404,-27.6738428864516,
-123.317402489139),(-50.9305328502596,-16.40667701004,-123.500000000415),
(-50.9305328498293,-27.4300875000263,-123.499999999727),(-50.8574887008122,
-16.9042646922865,-123.499999999727),(-50.8574886998639,-26.9324998209258,
-123.499999999727),(-50.5089086150272,-21.9183822565732,-123.499999999727),
(-48.0642620307034,-11.032005070198,-125.999999999348),(-48.0642620291713,
-32.8047594402332,-125.999999998641),(-46.9480919674176,-16.3580645216125,
-125.999999999348),(-46.948091966366,-27.4786999908605,-125.999999999348),
(-46.5615401947349,-21.9183822561999,-125.999999999348)));
#2563=COORDINATES_LIST('',4,((-120.691437667283,-107.964534610316,-115.),
(-120.691437667283,-107.964534610316,-111.5),(-120.609844458398,-107.705754013117,
-115.),(-120.609844458398,-107.705754013117,-111.5)));
#2564=COORDINATES_LIST('',6,((-156.26837088245,63.5734611560814,-121.5),
(-156.26837088245,63.5734611560814,-111.5),(-146.661272173495,53.0891526642876,
-121.),(-146.661272173495,53.0891526642876,-111.5),(-145.64551880359,51.9806523767103,
-121.),(-145.57354759482,51.9021095847466,-121.5)));
#2565=COORDINATES_LIST('',7,((-97.9852959864129,10.714529022389,-123.5),
(-97.3575640105452,10.1152624370002,-122.971764276665),(-96.8928711906475,
9.55757584175825,-123.5),(-96.8918179475084,9.55616914100116,-122.5078024726),
(-96.6702308560649,9.24256705680402,-122.257155092779),(-96.08222107,8.16617061300001,
-123.5),(-96.08222107,8.16617061300001,-121.4345094)));
#2566=COORDINATES_LIST('',26,((-151.6672993,-103.78887101,-121.5),(-151.6672993,
-103.78887101,-111.5),(-151.6672993,-94.78887101,-121.5),(-151.6672993,
-94.78887101,-111.5),(-150.502613597039,-103.635537228301,-121.5),(-150.502613597039,
-103.635537228301,-111.5),(-150.502613597039,-94.9422047916992,-121.5),
(-150.502613597039,-94.9422047916992,-111.5),(-149.4172993,-103.18598532703,
-121.5),(-149.4172993,-103.18598532703,-111.5),(-149.4172993,-95.39175669297,
-121.5),(-149.4172993,-95.39175669297,-111.5),(-148.485318784661,-102.470851525339,
-121.5),(-148.485318784661,-102.470851525339,-111.5),(-148.485318784661,
-96.1068904946605,-121.5),(-148.485318784661,-96.1068904946605,-111.5),
(-147.77018498297,-97.03887101,-121.5),(-147.77018498297,-97.03887101,-111.5),
(-147.77018498297,-101.53887101,-121.5),(-147.77018498297,-101.53887101,
-111.5),(-147.320633081699,-100.453556712961,-121.5),(-147.320633081699,
-100.453556712961,-111.5),(-147.320633081699,-98.1241853070387,-121.5),
(-147.320633081699,-98.1241853070387,-111.5),(-147.1672993,-99.28887101,
-121.5),(-147.1672993,-99.28887101,-111.5)));
#2567=COORDINATES_LIST('',10,((-133.148875599656,-18.9183822600222,-131.000000000435),
(-132.27107924199,-12.4476662595218,-131.000000000435),(-130.441457569926,
-6.01444559381203,-131.000000000435),(-127.70783454865,0.0897454888906107,
-131.000000000435),(-126.817820514779,-18.9183822588936,-125.999999981279),
(-126.087673021415,-13.73401138062,-125.999999975542),(-124.506556838397,
-8.17457280444461,-125.999999975542),(-124.220969505803,5.61083813493772,
-131.000000000435),(-122.144223869126,-2.89947388511054,-125.999999975542),
(-119.371099935082,1.54131436326779,-125.999999975542)));
#2568=COORDINATES_LIST('',28,((-152.773954877937,46.4303778232473,-116.436321497105),
(-152.740749031624,46.4608053753828,-116.982194949143),(-152.695455883347,
46.5023088991182,-115.796151172154),(-152.603073181296,46.5869620489466,
-117.541525958333),(-152.544374729164,46.640749270502,-117.69856384652),
(-152.53809683673,46.6465018990455,-115.275526739909),(-152.279008556317,
46.883912567209,-114.790331007803),(-152.262373147388,46.8991561110031,
-118.231802149169),(-151.953282860717,47.182385176263,-118.584792198678),
(-151.952326394733,47.1832616158607,-114.421174241753),(-151.563247531302,
47.5397867075702,-118.846961379584),(-151.545033678039,47.5564766291143,
-114.141552962323),(-151.124584523446,47.9417472965531,-114.006546759945),
(-151.106604197771,47.9582232294885,-118.992180186585),(-150.747036590241,
48.2877062374313,-114.007819813416),(-150.729056264563,48.3041821703696,
-118.993453240057),(-150.308607109973,48.689452837806,-118.858447037679),
(-150.290393256711,48.7061427593479,-114.153038620415),(-149.901314393287,
49.0626678510519,-118.578825758252),(-149.900357927296,49.0635442906558,
-114.415207801322),(-149.591267640625,49.346773355916,-114.768197850832),
(-149.574632231695,49.3620168997108,-118.209668992191),(-149.315543951277,
49.5994275678782,-117.724473260075),(-149.30926605885,49.6051801964167,
-115.30143615348),(-149.250567606716,49.6589674179728,-115.45847404167),
(-149.158184904666,49.7436205678005,-117.203848827846),(-149.112891756388,
49.7851240915362,-116.01780505086),(-149.079685910076,49.8155516436714,
-116.563678502897)));
#2569=COORDINATES_LIST('',128,((-112.74575072,-21.91838226,-142.),(-112.723448935169,
-20.8247678566034,-142.),(-112.631618475981,-24.3794469180798,-142.),(-112.510702579859,
-18.4004254110161,-142.),(-112.289862518354,-26.7918229975145,-142.),(-112.072003634993,
-16.0172536435946,-142.),(-111.723762699532,-29.147731695947,-142.),(-111.403319132042,
-13.666602993913,-142.),(-110.932556541695,-31.458023450586,-142.),(-110.510564836243,
-11.3710072461293,-142.),(-109.923245630239,-33.704248743834,-142.),(-109.420439528696,
-9.18896758163131,-142.),(-108.718032092456,-35.827576120603,-142.),(-108.13847106978,
-7.13315340505228,-142.),(-107.327303991795,-37.8115977173497,-142.),(-107.239808716507,
-21.3062019607349,-142.),(-107.186338919379,-23.482374855369,-142.),(-107.062549970158,
-19.1582712691293,-142.),(-106.90569003616,-25.6447680145056,-142.),(-106.657348733998,
-5.19566348938417,-142.),(-106.656812979723,-17.0373535980475,-142.),(-106.405579955857,
-27.7403970579276,-142.),(-106.024862381118,-14.9462559107131,-142.),(-105.747136688897,
-39.665822426611,-142.),(-105.682308341039,-29.776800290622,-142.),(-105.181941823003,
-12.9457222799839,-142.),(-104.98510467073,-3.38929002258328,-142.),(-104.736193238834,
-31.7466058012368,-142.),(-104.138761951606,-11.0626951430911,-142.),(-103.983218641959,
-41.3847500086619,-142.),(-103.964414669574,-33.0461040143988,-142.),(-103.165348473433,
-1.75541766102838,-142.),(-102.893430323143,-9.28884639179552,-142.),(-102.703477844459,
-34.7930791760924,-142.),(-102.079369150621,-42.9210661580136,-142.),(-101.459733104786,
-7.64144770922429,-142.),(-101.259206950655,-36.3998074107286,-142.),(-101.218215431012,
-0.312775961153831,-142.),(-100.057003199206,-44.2573571830043,-142.),(-99.8740467622729,
-6.16858805753617,-142.),(-99.6364173099724,-37.8582951686657,-142.),(-99.1341932255939,
0.943834336227963,-142.),(-98.1488346100904,-4.88028324834006,-142.),(-97.9108765880312,
-45.4000849151453,-142.),(-97.8783042243796,-39.1349674902824,-142.),(-96.9184054790601,
2.00899758001663,-142.),(-96.2768529823944,-3.76865898490113,-142.),(-96.0126173711895,
-40.2086039719901,-142.),(-95.6403394740397,-46.3504570819655,-142.),(-94.6193211562973,
2.86310021940663,-142.),(-94.2973772583218,-2.85689544711598,-142.),(-94.0292075545042,
-41.0825554912322,-142.),(-93.3013635936744,-47.0825566656608,-142.),(-92.2771520310361,
3.49132997775285,-142.),(-92.2527776932965,-2.16813689003335,-142.),(-91.9481263467308,
-41.7475571062044,-142.),(-90.9277503426447,-47.5844850441776,-142.),(-90.1471851823963,
-1.70154559675736,-142.),(-89.8816937441466,3.89539523343434,-142.),(-89.8302543341449,
-42.1881383853231,-142.),(-88.5157456583014,-47.8596362100361,-142.),(-87.9779652304589,
-1.45474814080426,-142.),(-87.687224368448,-42.4002601430632,-142.),(-87.4332088086484,
4.07284438698098,-142.),(-86.0582926313437,-47.909608906981,-142.),(-85.8042770715607,
-1.43650437693968,-142.),(-85.5135362095553,-42.3820163791987,-142.),(-84.9757557816941,
4.02287169003642,-142.),(-83.6612471058531,-1.64862613467896,-142.),(-83.6098076958243,
-47.7321597534343,-142.),(-83.3443162576089,-42.1352189232407,-142.),(-82.5637510973523,
3.74772052417976,-142.),(-81.5433750932687,-2.08920741379588,-142.),(-81.2387237466948,
-41.6686276299588,-142.),(-81.2143494089358,-47.3280944977541,-142.),(-80.1901378463352,
3.24579214566734,-142.),(-79.462293885496,-2.75420902876769,-142.),(-79.194124181657,
-40.9798690728708,-142.),(-78.8721802836983,-46.6998647394126,-142.),(-77.8511619659771,
2.51369256197413,-142.),(-77.4788840688106,-3.62816054800989,-142.),(-77.2146484575922,
-40.068105535091,-142.),(-76.5730959609757,-45.8457621000306,-142.),(-75.6131972156204,
-4.70179702971754,-142.),(-75.5806248519752,1.56332039514547,-142.),(-75.34266682991,
-38.9564812716635,-142.),(-74.3573082144431,-44.7805988562393,-142.),(-73.8550841300276,
-5.9784693513343,-142.),(-73.6174546777342,-37.668176462473,-142.),(-73.4344982407866,
0.420592662995559,-142.),(-72.2732860089933,-43.523988558842,-142.),(-72.2322944893448,
-7.43695710927139,-142.),(-72.0317683352198,-36.1953168107829,-142.),(-71.4121322893677,
-0.915698361997636,-142.),(-70.7880235955409,-9.04368534390754,-142.),(-70.5980711168575,
-34.5479181282046,-142.),(-70.326152966561,-42.0813468589634,-142.),(-69.5270867704261,
-10.7906605056012,-142.),(-69.5082827980343,-2.45201451134463,-142.),(-69.3527394883943,
-32.7740693769091,-142.),(-68.7553082011657,-12.0901587187632,-142.),(-68.5063967692706,
-40.4474744974178,-142.),(-68.3095596169972,-30.8910422400163,-142.),(-67.8091930989609,
-14.0599642293781,-142.),(-67.744364751103,-4.17094209338879,-142.),(-67.4666390588824,
-28.890508609287,-142.),(-67.0859214841432,-16.0963674620725,-142.),(-66.8346884602771,
-26.7994109219526,-142.),(-66.8341527059987,-38.6411010306122,-142.),(-66.5858114038395,
-18.1919965054945,-142.),(-66.4289514698415,-24.6784932508708,-142.),(-66.3051625206207,
-20.3543896646311,-142.),(-66.2516927234926,-22.5305625592651,-142.),(-66.1641974482068,
-6.02516680264971,-142.),(-65.3530303702155,-36.703611114943,-142.),(-64.773469347544,
-8.00918839939996,-142.),(-64.0710619113009,-34.6477969383666,-142.),(-63.5682558097582,
-10.1325157761746,-142.),(-62.9809366037587,-32.4657572738753,-142.),(-62.5589448983018,
-12.37874106942,-142.),(-62.0881823079614,-30.1701615260941,-142.),(-61.7677387404674,
-14.6890328240508,-142.),(-61.4194978050093,-27.8195108764073,-142.),(-61.2016389216456,
-17.0449415224797,-142.),(-60.980798860142,-25.4363391089819,-142.),(-60.859882964019,
-19.4573176019155,-142.),(-60.7680525048312,-23.0119966633952,-142.),(-60.74575072,
-21.91838226,-142.)));
#2570=COORDINATES_LIST('',22,((-115.514374293533,-49.9743455236931,-126.000000014263),
(-111.459956522358,-53.6040068706213,-126.000000001948),(-109.472529125192,
-49.7713958400819,-123.317402451152),(-109.471941714255,-48.6079980362805,
-122.751159642724),(-109.426636401447,-50.1794181518034,-123.499999996349),
(-109.250659723945,-47.3619056537341,-122.063241819743),(-109.03223492557,
-50.4914700652679,-123.499999996349),(-108.838103605395,-44.3722893254831,
-120.499999987855),(-108.793119792912,-46.1387723735967,-121.293129379066),
(-108.131502598106,-45.0462791979519,-120.500000004404),(-106.8378559944,
-56.7189293972067,-126.000000001948),(-104.864171778541,-53.3004080600991,
-123.499999996349),(-101.829203693347,-59.1643246135953,-126.000000001948),
(-100.347528545444,-55.5055876358563,-123.499999996349),(-99.8800828896122,
-55.6911233990028,-123.500000001689),(-98.784667044381,-55.1347849979169,
-122.926168751714),(-97.8180215325942,-54.406005650877,-122.287646520016),
(-96.9718258399726,-53.4994172022614,-121.57375142096),(-96.6586158706161,
-60.8607227124205,-126.000000001948),(-96.3107171662117,-52.4772438780443,
-120.829849633778),(-96.0822210696526,-52.0029351288806,-120.500000001851),
(-95.1452281834609,-52.2778746511983,-120.500000001851)));
#2571=COORDINATES_LIST('',15,((-50.9305328464866,-27.4300875105497,-123.5),
(-50.9305328464405,-16.4066770097504,-123.5),(-50.6414009543296,-25.0277634436699,
-123.5),(-50.6032506925867,-19.2848425369586,-123.5),(-50.5072451919019,
-22.1604888990546,-123.5),(-50.3301882019717,-16.9328084340202,-123.5),
(-50.0021182669855,-26.5588856720686,-123.5),(-49.6089378545819,-17.7641947460458,
-123.5),(-49.3414384484703,-25.680962979935,-123.5),(-48.9526384103217,
-18.8529724246256,-123.5),(-48.7585643950296,-24.5499545985582,-123.5),
(-48.5454837637506,-19.8853331151977,-123.5),(-48.4225458872227,-23.4921569873503,
-123.5),(-48.2898763102376,-21.1217036937072,-123.5),(-48.2530242258424,
-22.2437073245393,-123.5)));
#2572=COORDINATES_LIST('',6,((-126.0225488,-124.8726591,-111.5),(-121.746420701167,
-111.310513352138,-111.5),(-117.335182031968,-112.914690330703,-111.5),
(-113.6242285,-128.7818345,-111.5),(-112.855699430141,-114.299668350657,
-111.5),(-109.3481003,-115.2196887,-111.5)));
#2573=COORDINATES_LIST('',5,((-157.196564181824,33.2806474635865,-125.),
(-154.313966506466,36.7739307137024,-125.),(-153.3398385,37.87691413,-125.),
(-124.9001592,6.180745967,-125.),(-121.0434336,10.77701263,-125.)));
#2574=COORDINATES_LIST('',308,((-178.836952560459,-25.3054863497192,-132.03955845407),
(-178.836952549187,-18.5312778638135,-132.03955845407),(-178.569125814779,
-25.2956357120098,-132.905351885466),(-178.56912580354,-18.541128502416,
-132.905351885466),(-178.339316472641,-32.0613918356342,-132.03955845407),
(-178.339316438886,-11.7753723795545,-132.03955845407),(-178.072936990665,
-32.0318931518113,-132.905351885466),(-178.072936957009,-11.8048710642658,
-132.905351885466),(-177.955688640228,-25.2730735614332,-133.988125742557),
(-177.955688629064,-18.563690655034,-133.988125742557),(-177.462814665628,
-31.9643286178366,-133.988125742557),(-177.462814632197,-11.8724356002709,
-133.988125742557),(-177.346733377378,-38.7624872244132,-132.03955845407),
(-177.346733321323,-5.07427699407872,-132.03955845407),(-177.093995003688,
-25.2413805659887,-134.885729816827),(-177.093994992629,-18.5953836533461,
-134.885729816827),(-177.08324060222,-38.7134998974343,-132.905351885466),
(-177.083240546329,-5.12326432193633,-132.905351885466),(-176.605777389757,
-31.8694208890632,-134.885729816827),(-176.605777356641,-11.9673433318964,
-134.885729816827),(-176.479730063731,-38.6012980806406,-133.988125742557),
(-176.479730008213,-5.23546614073835,-133.988125742557),(-176.037442799786,
-25.2025206942602,-135.542540896332),(-176.037442788857,-18.6342435285906,
-135.542540896332),(-175.864566926895,-45.3725615979418,-132.03955845407),
(-175.864566848843,1.53579737451739,-132.03955845407),(-175.631980347581,
-38.4436884743919,-134.885729816827),(-175.631980292587,-5.3930757498083,
-134.885729816827),(-175.605384702681,-45.3043503421532,-132.905351885466),
(-175.605384624856,1.46758611786454,-132.905351885466),(-175.554934509817,
-31.7530512586625,-135.542540896332),(-175.554934477089,-12.0837129657941,
-135.542540896332),(-175.011747159455,-45.1481175509969,-133.988125742557),
(-175.01174708215,1.31135332473267,-133.988125742557),(-174.851505023636,
-25.1589020356753,-135.917857358909),(-174.851505012852,-18.6778621911222,
-135.917857358909),(-174.592525264042,-38.2504379155195,-135.542540896332),
(-174.592525209692,-5.58632631213981,-135.542540896332),(-174.375405222464,
-31.6224309824667,-135.917857358909),(-174.37540519017,-12.2143332459152,
-135.917857358909),(-174.177866014604,-44.9286577472168,-134.885729816827),
(-174.177865938029,1.09189351817758,-134.885729816827),(-173.949519171999,
-25.1257270970713,-136.000000000153),(-173.949519161326,-18.7110371327261,
-136.000000000153),(-173.900826350259,-51.8558958912039,-132.03955845407),
(-173.900826250631,8.01913166124446,-132.03955845407),(-173.647355228056,
-51.7688293018957,-132.905351885466),(-173.647355128718,7.93206507109101,
-132.905351885466),(-173.47829345979,-31.523085432105,-136.000000000153),
(-173.478293427827,-12.3136787992606,-136.000000000153),(-173.425778324678,
-38.0335218585725,-135.917857358909),(-173.425778271049,-5.80324237296958,
-135.917857358909),(-173.155415663314,-44.659570533944,-135.542540896332),
(-173.155415587635,0.822806301502145,-135.542540896332),(-173.066798537797,
-51.5694097763821,-133.988125742557),(-173.066798439123,7.73264554364538,
-133.988125742557),(-172.538388401774,-37.8685425331015,-136.000000000153),
(-172.538388348694,-5.96822170139195,-136.000000000153),(-172.25129203379,
-51.2892856768559,-134.885729816827),(-172.251291936048,7.45252144140531,
-134.885729816827),(-172.007755858758,-44.3575308523068,-135.917857358909),
(-172.007755784084,0.520766616045734,-135.917857358909),(-171.46612317366,
-58.1774559085076,-132.03955845407),(-171.466123052994,14.3406916704458,
-132.03955845407),(-171.251371461596,-50.9458158841479,-135.542540896332),
(-171.251371364997,7.10905164536971,-135.542540896332),(-171.219732843274,
-58.0720044701234,-132.905351885466),(-171.21973272296,14.2352402312399,
-132.905351885466),(-171.134882992222,-44.1278092556522,-136.000000000153),
(-171.134882918312,0.291045016488009,-136.000000000153),(-170.655394178274,
-57.8304758197611,-133.988125742557),(-170.655394058764,13.9937115789996,
-133.988125742557),(-170.129000436921,-50.5602847190668,-135.917857358909),
(-170.129000341605,6.72352047655356,-135.917857358909),(-169.862669093036,
-57.4912011398205,-134.885729816827),(-169.862668974655,13.654436896421,
-134.885729816827),(-169.275361397082,-50.2670622049839,-136.000000000153),
(-169.275361302741,6.43029795963147,-136.000000000153),(-168.890681601915,
-57.0752047861068,-135.542540896332),(-168.890681484918,13.2384405394726,
-135.542540896332),(-168.573613878574,-64.3030816388604,-132.03955845407),
(-168.573613737524,20.4663173911727,-132.03955845407),(-168.335635767118,
-64.1798151826262,-132.905351885466),(-168.335635626478,20.3430509341448,
-132.905351885466),(-167.799664348427,-56.6082654443607,-135.917857358909),
(-167.799664232985,12.7715011940957,-135.917857358909),(-167.790564661818,
-63.8974825633147,-133.988125742557),(-167.790564522118,20.0607183130195,
-133.988125742557),(-167.024904668613,-63.5008906521275,-134.885729816827),
(-167.024904530233,19.6641263992843,-134.885729816827),(-166.969871971182,
-56.2531265084924,-136.000000000153),(-166.969871856921,12.4163622554676,
-136.000000000153),(-166.08610261768,-63.0146156698767,-135.542540896332),
(-166.086102480918,19.1778514139093,-135.542540896332),(-165.238928807679,
-70.1996718474862,-132.03955845407),(-165.238928647005,26.3629075887011,
-132.03955845407),(-165.032334699334,-62.4687913661472,-135.917857358909),
(-165.032334564388,18.632027106673,-135.917857358909),(-165.010648884893,
-70.0592564721953,-132.905351885466),(-165.010648724688,26.2224922126489,
-132.905351885466),(-164.487790757023,-69.7376455335138,-133.988125742557),
(-164.487790597888,25.9008812722274,-133.988125742557),(-164.230872959628,
-62.0536550838357,-136.000000000153),(-164.230872826063,18.2168908216959,
-136.000000000153),(-163.753333276632,-69.2858794671574,-134.885729816827),
(-163.753333119,25.4491152034269,-134.885729816827),(-162.852789699804,
-68.7319535556548,-135.542540896332),(-162.852789544016,24.8951892889274,
-135.542540896332),(-161.841965395159,-68.1101937777526,-135.917857358909),
(-161.84196524144,24.2734295076613,-135.917857358909),(-161.480087702677,
-75.8353629459997,-132.03955845407),(-161.480087523248,31.9985986747056,
-132.03955845407),(-161.2627395319,-75.6785574185942,-132.905351885466),
(-161.262739352994,31.8417931465753,-132.905351885466),(-161.073165176788,
-67.6373034338719,-136.000000000153),(-161.073165024641,23.8005391612237,
-136.000000000153),(-160.764919766229,-75.3194060596008,-133.988125742557),
(-160.764919588518,31.4826417859253,-133.988125742557),(-160.06563360944,
-74.8149070604557,-134.885729816827),(-160.065633433409,30.978142784453,
-134.885729816827),(-159.208214802127,-74.1963234864223,-135.542540896332),
(-159.208214628154,30.3595592075663,-135.542540896332),(-158.245796333999,
-73.5019880570478,-135.917857358909),(-158.245796162337,29.6652237749891,
-135.917857358909),(-157.513812026676,-72.9738990238955,-136.000000000153),
(-157.51381185677,29.1371347394022,-136.000000000153),(-157.317402330461,
-81.1797011746725,-132.03955845407),(-157.317402133247,37.3429368895256,
-132.03955845407),(-157.11216040278,-81.0073528300706,-132.905351885466),
(-157.112160206141,37.1705885442392,-132.905351885466),(-156.6420690835,
-80.6126018081635,-133.988125742557),(-156.642068888174,36.7758375207677,
-133.988125742557),(-155.981733004726,-80.0580960532031,-134.885729816827),
(-155.981732811246,36.2213317636099,-134.885729816827),(-155.172072227672,
-79.3781974759876,-135.542540896332),(-155.172072036455,35.5414331836999,
-135.542540896332),(-154.263260246749,-78.6150383971521,-135.917857358909),
(-154.263260058072,34.7782741018401,-135.917857358909),(-153.572047296901,
-78.0346043259041,-136.000000000153),(-153.572047110154,34.1978400282931,
-136.000000000153),(-152.773366723782,-86.2038071663645,-132.03955845407),
(-152.773366509849,42.3670428660956,-132.03955845407),(-152.581340111403,
-86.0168473286902,-132.905351885466),(-152.581339898093,42.180083027781,
-132.905351885466),(-152.141517485634,-85.5886297722761,-133.988125742557),
(-152.141517273749,41.7518654699032,-133.988125742557),(-151.523699763536,
-84.9871136615399,-134.885729816827),(-151.523699553653,41.150349357111,
-134.885729816827),(-150.76617220593,-84.2495740702854,-135.542540896332),
(-150.766171998502,40.4128097633356,-135.542540896332),(-149.915877687853,
-83.421715248501,-135.917857358909),(-149.91587748318,39.5849509387215,
-135.917857358909),(-149.269171224452,-82.7920726488479,-136.000000000153),
(-149.269171021872,38.9553083369175,-136.000000000153),(-147.872535629547,
-90.8805320028602,-132.03955845407),(-147.87253540005,47.0437676862821,
-132.03955845407),(-147.694761992663,-90.6799709528186,-132.905351885466),
(-147.694761763835,46.8432066356476,-132.905351885466),(-147.287584743643,
-90.2206008344602,-133.988125742557),(-147.287584516344,46.3838365159342,
-133.988125742557),(-146.71562389911,-89.575324799313,-134.885729816827),
(-146.715623673958,45.7385604788836,-134.885729816827),(-146.014323036239,
-88.7841296597076,-135.542540896332),(-146.01432281372,44.9473653369444,
-135.542540896332),(-145.22714074401,-87.896044621505,-135.917857358909),
(-145.227140524447,44.0592802961221,-135.917857358909),(-144.628435394938,
-87.2205959127969,-136.000000000153),(-144.628435177621,43.3838315854227,
-136.000000000153),(-142.641391821564,-95.1846039203253,-132.03955845407),
(-142.641391577744,51.3478395863386,-132.03955845407),(-142.478831801119,
-94.9715254359164,-132.905351885466),(-142.478831558009,51.1347611013876,
-132.905351885466),(-142.106500205247,-94.4834850682471,-133.988125742557),
(-142.106499963761,50.6467207324792,-133.988125742557),(-141.58348696093,
-93.7979360069218,-134.885729816827),(-141.583486721726,49.9611716694134,
-134.885729816827),(-140.942202434134,-92.9573607248135,-135.542540896332),
(-140.942202197728,49.120596385171,-135.542540896332),(-140.222386089253,
-92.0138484430069,-135.917857358909),(-140.222385855986,48.177084100969,
-135.917857358909),(-139.674917097275,-91.2962435684937,-136.000000000153),
(-139.674916866394,47.459479224635,-136.000000000153),(-137.108202994751,
-99.0927648711242,-132.03955845407),(-137.108202737925,55.2560005187237,
-132.03955845407),(-136.961735021397,-98.8683203711988,-132.905351885466),
(-136.96173476532,55.0315560183099,-132.905351885466),(-136.626261058527,
-98.354246993172,-133.988125742557),(-136.626260804161,54.5174826391667,
-133.988125742557),(-136.155021637406,-97.6321294285089,-134.885729816827),
(-136.155021385442,53.7953650729354,-134.885729816827),(-135.57721877588,
-96.7467162467616,-135.542540896332),(-135.577218526863,52.9099518892652,
-135.542540896332),(-134.928658072376,-95.75287520809,-135.917857358909),
(-134.928657826666,51.9161108484354,-135.917857358909),(-134.435383812754,
-94.9969919116094,-136.000000000153),(-134.435383569558,51.1602275503142,
-136.000000000153),(-131.302869014115,-102.583896204058,-132.03955845407),
(-131.302868745671,58.747131832338,-132.03955845407),(-131.173284561408,
-102.349298526359,-132.905351885466),(-131.173284293746,58.5125341542071,
-132.905351885466),(-130.876481042655,-101.811970052318,-133.988125742557),
(-130.876480776781,57.9752056791784,-133.988125742557),(-130.459561895882,
-101.05718611352,-134.885729816827),(-130.45956163252,57.2204217389924,
-134.885729816827),(-129.948362990967,-100.131719566953,-135.542540896332),
(-129.948362730685,56.2949551907249,-135.542540896332),(-129.374562576537,
-99.0929202212287,-135.917857358909),(-129.374562319712,55.2561558430908,
-135.917857358909),(-128.938148570772,-98.3028430929208,-136.000000000153),
(-128.938148316574,54.4660787133315,-136.000000000153),(-125.256760343917,
-105.639132783878,-132.03955845407),(-125.256760065305,61.8023683920371,
-132.03955845407),(-125.144759651404,-105.395649631192,-132.905351885466),
(-125.144759373604,61.558885238978,-132.905351885466),(-124.888230423197,
-104.837969639768,-133.988125742557),(-124.888230147253,61.0012052467,-133.988125742557),
(-124.527884469767,-104.05459797634,-134.885729816827),(-124.527884196431,
60.2178335820734,-134.885729816827),(-124.086051902927,-103.094079037392,
-135.542540896332),(-124.086051632786,59.2573146416547,-135.542540896332),
(-123.590112440764,-102.015934777032,-135.917857358909),(-123.590112174211,
58.1791703796443,-135.917857358909),(-123.212916952826,-101.195933181312,
-136.000000000153),(-123.212916689001,57.35916878267,-136.000000000153),
(-119.002548530114,-108.241964933405,-132.03955845407),(-119.002548242841,
64.4052005207511,-132.03955845407),(-118.908736819431,-107.990912023237,
-132.905351885466),(-118.908736532994,64.1541476102706,-132.905351885466),
(-118.69386809676,-107.415894067189,-133.988125742557),(-118.693867812237,
63.5791296535078,-133.988125742557),(-118.392042549339,-106.608167809019,
-134.885729816827),(-118.392042267504,62.7714033943328,-134.885729816827),
(-118.021963864992,-105.617786863831,-135.542540896332),(-118.021963586453,
61.7810224479134,-135.542540896332),(-117.606565278632,-104.506123690595,
-135.917857358909),(-117.606565003793,60.6693592732954,-135.917857358909),
(-117.290626571543,-103.660628695657,-136.000000000153),(-117.290626299515,
59.8238642773061,-136.000000000153),(-112.574029652113,-110.378327647388,
-132.03955845407),(-112.57402935773,66.5415632133413,-132.03955845407),
(-112.498913856525,-110.121061602178,-132.905351885466),(-112.498913563,
66.2842971678804,-132.905351885466),(-112.326866732207,-109.531812923967,
-133.988125742557),(-112.326866440643,65.6950484890967,-133.988125742557),
(-112.085192574917,-108.704096806622,-134.885729816827),(-112.085192286108,
64.8673323709477,-134.885729816827),(-111.78886757879,-107.689205607591,
-135.542540896332),(-111.788867293358,63.852441170931,-135.542540896332),
(-111.456254570529,-106.550030650435,-135.917857358909),(-111.456254288888,
62.7132662126673,-135.917857358909),(-111.203279892131,-105.683611083947,
-136.000000000153),(-111.203279613372,61.8468466453381,-136.000000000153),
(-106.005941697837,-112.036676596012,-132.03955845407),(-106.005941397935,
68.1999121401069,-132.03955845407),(-105.949927722911,-111.774587612309,
-132.905351885466),(-105.949927423883,67.9378231562179,-132.905351885466),
(-105.821631893356,-111.174292353392,-133.988125742557),(-105.821631596326,
67.3375278968737,-133.988125742557),(-105.641415068378,-110.331059132267,
-134.885729816827),(-105.641414774154,66.494294675149,-134.885729816827),
(-105.420445021093,-109.297141878614,-135.542540896332),(-105.42044473031,
65.4603774207602,-135.542540896332),(-105.172414942215,-108.136610932775,
-135.917857358909),(-105.172414655294,64.299846474096,-135.917857358909),
(-104.983771299667,-107.253948693167,-136.000000000153),(-104.983771015681,
63.4171842338606,-136.000000000153),(-99.3337768489771,-113.208050507348,
-132.03955845407),(-99.3337765451772,69.3712860292397,-132.03955845407),
(-99.2971673791765,-112.942554843569,-132.905351885466),(-99.2971670762619,
69.1057903653377,-132.905351885466),(-99.213316120561,-112.334456838155,
-133.988125742557),(-99.2133158196701,68.4976923596448,-133.988125742557),
(-99.0955304711704,-111.480263118902,-134.885729816827),(-99.0955301731221,
67.6434986399996,-134.885729816827),(-98.951109435463,-110.43290682153,
-135.542540896332),(-98.9511091409002,66.5961423421471,-135.542540896332),
(-98.7890025738392,-109.25729108427,-135.917857358909),(-98.7890022831886,
65.4205266043482,-135.917857358909),(-98.6657093466748,-108.36315584101,
-136.000000000153),(-98.6657090589981,64.5263913606785,-136.000000000153),
(-92.5935896907887,-113.886119591667,-132.03955845407),(-92.5935893847323,
70.0493550911277,-132.03955845407),(-92.5765825538471,-113.618651915007,
-132.905351885466),(-92.5765822486826,69.7818874144106,-132.905351885466),
(-92.5376289758312,-113.006037161251,-133.988125742557),(-92.5376286727054,
69.1692726605251,-133.988125742557),(-92.4829109840151,-112.145498777106,
-134.885729816827),(-92.482910683753,68.3087342761987,-134.885729816827),
(-92.4158193723392,-111.0903630679,-135.542540896332),(-92.4158190755884,
67.2535985667692,-135.542540896332),(-92.340511709873,-109.906015250639,
-135.917857358909),(-92.3405114170636,66.0692507492573,-135.917857358909),
(-92.2832351415487,-109.005238670224,-136.000000000153),(-92.2832348517351,
65.1684741686516,-136.000000000153),(-86.74575072,70.2350871838291,-132.03955845407),
(-86.74575072,-114.071851703829,-132.03955845407),(-86.74575072,-113.803843866696,
-132.905351885466),(-86.74575072,-113.189991915685,-133.988125742557),(-86.74575072,
-112.327715643708,-134.885729816827),(-86.74575072,-111.27044905046,-135.542540896332),
(-86.74575072,-110.083709400714,-135.917857358909),(-86.74575072,-109.18111367,
-136.000000000153),(-86.7457504296029,65.34434915,-136.000000000153),(-86.7457504265992,
66.2469448807143,-135.917857358909),(-86.7457504226499,67.4336845304596,
-135.542540896332),(-86.7457504191315,68.4909511237082,-134.885729816827),
(-86.745750416262,69.3532273956849,-133.988125742557),(-86.7457504142192,
69.9670793466955,-132.905351885466)));
#2575=COORDINATES_LIST('',4,((-165.852976224815,54.7907884172613,-121.5),
(-165.852976224815,54.7907884172613,-111.5),(-165.403029403832,54.2997576264888,
-121.5),(-165.403029403832,54.2997576264888,-111.5)));
#2576=COORDINATES_LIST('',4,((-122.010713124915,-41.1837190256726,-126.000000000694),
(-119.371099899643,-45.3780788697435,-126.000000000694),(-114.389601413089,
-37.0202867222065,-120.499999980193),(-112.69482930633,-39.7760226643562,
-120.499999987867)));
#2577=COORDINATES_LIST('',10,((-91.8491455400992,-68.1374839508985,-130.999999998858),
(-90.7497693498827,-61.9026117788288,-126.000000001487),(-85.5173719431681,
-62.0838134288976,-126.000000001487),(-85.3243065164242,-68.3966513378825,
-131.000000001382),(-79.7678357907867,-61.4921043321464,-126.000000001487),
(-78.6711104573632,-67.7119427759605,-131.000000001382),(-74.162662665432,
-60.0816718248922,-126.000000001487),(-72.1849670956037,-66.079831289028,
-131.000000001382),(-69.3077920490887,-58.1218126609222,-126.000000001487),
(-66.1422644787707,-63.6046672324871,-131.000000001382)));
#2578=COORDINATES_LIST('',80,((-86.74575072,-111.4183823,-126.),(-86.74575072,
-111.4183823,-115.),(-86.74575072,67.58161778,-126.),(-86.74575072,67.58161778,
-115.),(-77.3904532533639,-110.928091935241,-126.),(-77.3904532533639,-110.928091935241,
-115.),(-77.3904532533638,67.0913274152414,-126.),(-77.3904532533638,67.0913274152414,
-115.),(-68.1376543834941,-109.462592564802,-126.),(-68.1376543834941,-109.462592564802,
-115.),(-68.137654383494,65.6258280448015,-126.),(-68.137654383494,65.6258280448015,
-115.),(-59.0887297110815,-107.037940506459,-126.),(-59.0887297110815,-107.037940506459,
-115.),(-59.0887297110815,63.2011759864585,-126.),(-59.0887297110815,63.2011759864585,
-115.),(-50.3428211484464,-103.680700755555,-126.),(-50.3428211484464,-103.680700755555,
-115.),(-50.3428211484463,59.8439362355546,-126.),(-50.3428211484463,59.8439362355546,
-115.),(-44.6189736480671,-100.884100522368,-126.),(-44.6189736480671,-100.884100522368,
-125.),(-44.6189736439142,57.0473360001525,-126.),(-44.6189736439142,57.0473360001525,
-125.),(-41.9957507000001,-99.4276559333483,-125.),(-41.9957507000001,-99.4276559333483,
-115.),(-41.9957506999999,55.5908914133483,-125.),(-41.9957506999999,55.5908914133483,
-115.),(-39.422821221121,54.0473360003057,-126.),(-39.422821221121,54.0473360003057,
-125.),(-39.4228212166331,-97.8841005175099,-126.),(-39.4228212166331,-97.8841005175099,
-125.),(-34.1389706163122,-94.3254032889185,-126.),(-34.1389706163122,-94.3254032889185,
-115.),(-34.1389706163122,50.4886387689185,-126.),(-34.1389706163122,50.4886387689185,
-115.),(-26.858561424117,-88.4298441699526,-126.),(-26.858561424117,-88.4298441699526,
-115.),(-26.8585614241169,44.5930796499525,-126.),(-26.8585614241169,44.5930796499525,
-115.),(-20.2342888100474,-81.8055715558831,-126.),(-20.2342888100474,-81.8055715558831,
-115.),(-20.2342888100474,37.968807035883,-126.),(-20.2342888100474,37.968807035883,
-115.),(-14.3387296910815,-74.5251623636878,-126.),(-14.3387296910815,-74.5251623636878,
-115.),(-14.3387296910815,30.6883978436877,-126.),(-14.3387296910815,30.6883978436877,
-115.),(-9.23647704665173,-66.66838228,-126.),(-9.23647704665173,-66.66838228,
-115.),(-9.23647704665166,22.8316177599999,-126.),(-9.23647704665166,22.8316177599999,
-115.),(-8.202111395352,20.990203463601,-126.),(-4.9834322244454,-58.3213118315537,
-126.),(-4.9834322244454,-58.3213118315537,-115.),(-4.98343222444536,14.4845473115535,
-126.),(-4.98343222444536,14.4845473115535,-115.),(-3.71658194861425,11.49429707424,
-126.),(-3.71658194861425,11.49429707424,-125.),(-3.71658194515093,-55.3310615856337,
-126.),(-3.71658194515093,-55.3310615856337,-125.),(-2.64326112118758,8.69242057889421,
-125.),(-1.6644610864049,5.8561413442728,-125.),(-1.6644610864049,5.85614134427281,
-126.),(-1.66446108581489,-49.6929058624654,-126.),(-1.66446108581489,-49.6929058624654,
-125.),(-1.62619247354147,-49.5754032689185,-126.),(-1.62619247354147,-49.5754032689185,
-115.),(-1.62619247354147,5.73863874891846,-126.),(-1.62619247354147,5.73863874891846,
-115.),(0.798459584801528,-40.526478596506,-126.),(0.798459584801528,-40.526478596506,
-115.),(0.798459584801556,-3.31028592349414,-126.),(0.798459584801556,-3.31028592349414,
-115.),(2.26395895524137,-31.2736797266362,-126.),(2.26395895524137,-31.2736797266362,
-115.),(2.26395895524137,-12.5630847933639,-126.),(2.26395895524137,-12.5630847933639,
-115.),(2.75424932000003,-21.91838226,-126.),(2.75424932000003,-21.91838226,
-115.)));
#2579=COORDINATES_LIST('',9,((-58.3060411911931,-8.37464119572192,-120.5),
(-58.3060411911931,-8.37464119572192,-114.9093193),(-58.1714936008228,-8.3256698777393,
-115.),(-50.1163828911104,-5.39384934594909,-126.),(-44.1671371104866,-3.22850096566318,
-131.),(-43.3339876110221,-2.92525934719165,-125.),(-3.71658198354886,11.4942970587605,
-131.),(-3.71658198354885,11.4942970587605,-126.),(-3.71658198354885,11.4942970587605,
-125.)));
#2580=COORDINATES_LIST('',9,((-157.196564194853,33.2806474761338,-131.),
(-157.196564194853,33.2806474761338,-126.),(-157.196564194853,33.2806474761338,
-125.),(-124.900159205731,6.18074596017026,-125.),(-124.220969509077,5.61083813618252,
-131.),(-119.371099909965,1.54131434412393,-126.),(-112.804513504837,-3.96870588676469,
-115.),(-112.694829303247,-4.06074185986936,-120.5),(-112.694829303247,
-4.06074185986936,-114.9093193)));
#2581=COORDINATES_LIST('',6,((-8.20211143129734,20.9902034498376,-131.),
(-8.20211143129734,20.9902034498376,-126.),(-5.81994437376708,16.3080989741434,
-131.),(-5.81994437376708,16.3080989741434,-126.),(-3.71658198400002,11.49429706,
-131.),(-3.71658198400002,11.49429706,-126.)));
#2582=COORDINATES_LIST('',10,((-91.8491455397036,24.3007194373153,-130.999999997408),
(-90.7497693511703,18.0658472643635,-126.000000002713),(-85.5173719432273,
18.2470489145376,-126.000000002713),(-85.3243065165958,24.5598868210357,
-130.999999997408),(-79.7678357912265,17.6553398179464,-126.000000002713),
(-78.6711104584582,23.8751782593485,-130.999999997408),(-74.1626626661831,
16.2449073110738,-126.000000002713),(-72.1849670975297,22.2430667729761,
-130.999999997408),(-69.307792050932,14.2850481480652,-126.000000002713),
(-66.1422644799607,19.7679027200796,-130.999999999888)));
#2583=COORDINATES_LIST('',22,((-115.514374284508,6.13758099989182,-125.999999985636),
(-111.459956526106,9.76724236079946,-125.999999985636),(-109.492541134098,
5.1158263984246,-122.926168683226),(-109.426636406886,6.34265364458043,
-123.499999982628),(-109.344722453275,3.91429712179607,-122.28764643273),
(-109.032234934575,6.65470556165783,-123.499999985854),(-108.982691654679,
2.72817591835411,-121.573751320946),(-108.838103653916,0.53552481017068,
-120.499999990135),(-108.428017909265,1.64455237001571,-120.829849536521),
(-108.131502604242,1.20951468758717,-120.499999990135),(-106.837855996947,
12.8821648876648,-125.999999985636),(-104.864171785411,9.46364355745036,
-123.499999985854),(-101.829203694684,15.3275601041996,-125.999999985636),
(-100.347528550082,11.668823133896,-123.499999985854),(-99.8800828932474,
11.8543588883501,-123.499999985854),(-99.503778869131,11.6900920162778,
-123.31740245775),(-98.4965405826233,11.1078844484495,-122.751159690298),
(-97.5280338745061,10.2932023916752,-122.063241833668),(-96.6975393298881,
9.28539452268344,-121.293129374362),(-96.6586158718232,17.0239582071624,
-125.99999998833),(-96.082221072275,8.1661706203305,-120.499999987881),
(-95.145228191942,8.44111014201938,-120.4999999885)));
#2584=COORDINATES_LIST('',10,((-126.817820499501,-18.9183822600373,-126.00000000079),
(-126.045057653098,-13.5317708470899,-126.00000000079),(-124.506556830611,
-8.17457280665556,-126.00000000079),(-122.241576311672,-3.08179175166684,
-126.00000000079),(-119.37109990544,1.54131435991188,-125.99999998942),
(-118.102568187022,-18.9183822612416,-120.500000020585),(-117.552083649851,
-15.3442016064018,-120.500000002472),(-116.346068270723,-11.1447477410775,
-120.500000002472),(-114.570572736797,-7.1525677012131,-120.500000002472),
(-112.69482929871,-4.06074185688771,-120.500000002472)));
#2585=COORDINATES_LIST('',9,((-73.6654181911545,6.73741826164142,-114.909319240487),
(-73.5938269189315,6.86141798117115,-114.999999965046),(-71.4596981260134,
5.62407631803922,-114.997146899791),(-70.9957508030737,5.36141782031716,
-114.999999846548),(-68.9071352014356,4.0437870867286,-114.938698101001),
(-68.469265770945,3.73741826200417,-114.909319239825),(-68.3976744987221,
3.86141798153389,-114.999999964385),(-65.6989548891077,20.5357374688661,
-124.999999965602),(-60.5028024596139,17.5357374679893,-124.999999967201)));
#2586=COORDINATES_LIST('',9,((-99.3241060011794,66.6933267780288,-131.),
(-99.3241060011794,66.6933267780288,-126.),(-99.3241060011794,66.6933267780288,
-125.),(-92.003105345935,25.1738688689535,-125.),(-91.8491455432869,24.3007194394204,
-131.),(-90.7497693563656,18.0658472588776,-126.),(-89.2612450626417,9.6240064955342,
-115.),(-89.2363816720692,9.48299920063514,-120.5),(-89.2363816720692,9.48299920063514,
-114.9093193)));
#2587=COORDINATES_LIST('',12,((-176.1954573,-24.9183822599999,-131.),(-176.1954573,
-24.9183822599999,-126.),(-175.526979103132,-33.238430582784,-131.),(-175.526979103132,
-33.238430582784,-126.),(-174.086316000507,-41.4600214883134,-131.),(-174.086316000507,
-41.4600214883134,-126.),(-171.88599832452,-49.5116467477183,-131.),(-171.88599832452,
-49.5116467477183,-126.),(-168.945163590253,-57.3232764278094,-131.),(-168.945163590253,
-57.3232764278094,-126.),(-165.289390044747,-64.8269679844456,-131.),(-165.289390044747,
-64.8269679844456,-126.)));
#2588=COORDINATES_LIST('',7,((-56.0235285002016,-14.9617263281968,-123.5),
(-56.0235285002016,-14.9617263281968,-121.4345094),(-55.2741006422072,-14.9184396666083,
-121.941078307886),(-54.4146337212269,-14.9678970565614,-122.508012754017),
(-54.4132111644799,-14.9680673090526,-123.5),(-54.1250642300444,-15.0086744644345,
-122.696299011884),(-52.86504792,-15.33565834,-123.5)));
#2589=COORDINATES_LIST('',72,((-181.12446064741,-26.7047287152454,-121.000000000452),
(-181.12446064741,-17.1320358047545,-121.000000000452),(-180.156007368755,
-36.2283072341439,-121.000000000452),(-180.156007368755,-7.60845728585607,
-121.000000000452),(-178.780941822253,-26.5858788916971,-132.039558502001),
(-178.780941822253,-17.2508856283028,-132.039558502001),(-178.22903845261,
-45.6050465583852,-121.000000000452),(-178.22903845261,1.76828203838523,
-121.000000000452),(-177.836536218032,-35.8729773235181,-132.039558502001),
(-177.836536218032,-7.96378719648187,-132.039558502001),(-175.957415889073,
-45.0168827264031,-132.039558502001),(-175.957415889073,1.18011820640316,
-132.039558502001),(-175.36332720766,-54.738728653747,-121.000000000452),
(-175.36332720766,10.901964133747,-121.000000000452),(-173.162863152808,
-53.9237662572376,-132.039558502001),(-173.162863152808,10.0870017372376,
-132.039558502001),(-171.588279709206,-63.5356295820842,-121.000000000452),
(-171.588279709206,19.6988650620842,-121.000000000452),(-169.481553901945,
-62.502231238056,-132.039558502001),(-169.481553901945,18.665466718056,
-132.039558502001),(-166.942633053038,-71.9054812357631,-121.000000000452),
(-166.942633053038,28.0687167157632,-121.000000000452),(-164.951263351005,
-70.6642510096372,-132.039558502001),(-164.951263351005,26.8274864896373,
-132.039558502001),(-161.474057860411,-79.7623976105981,-121.000000000452),
(-161.474057860411,35.9256330905982,-121.000000000452),(-159.618478411504,
-78.3260722041475,-132.039558502001),(-159.618478411504,34.4893076841475,
-132.039558502001),(-155.238669112967,-87.0257561124768,-121.000000000452),
(-155.238669112967,43.1889915924768,-121.000000000452),(-155.230124180355,
43.1979796753418,-121.000000000452),(-155.158152971091,43.1194368792961,
-121.499999998769),(-153.537920673332,-85.4090741680304,-132.039558502001),
(-153.537920673332,41.5723096480304,-132.039558502001),(-148.300450337084,
-93.6210248542753,-121.000000000452),(-148.231223590175,49.7036208262855,
-121.499999998769),(-146.771984887191,-91.8405757163034,-132.039558502001),
(-146.771984887191,48.0038111963034,-132.039558502001),(-145.645518798007,
51.9806523774992,-120.99999999932),(-145.573547596391,51.9021095754717,
-121.499999998769),(-140.730597046314,55.6437629338806,-121.000000000439),
(-140.730597046312,-99.4805274538784,-121.000000000452),(-139.390098710022,
-97.5545809398692,-132.039558502001),(-139.390098710022,53.7178164198692,
-132.039558502001),(-132.606786179065,60.7073729654425,-121.000000000439),
(-132.606786179063,-104.54413748544,-121.000000000452),(-131.46801028329,
-102.492456412849,-132.039558502001),(-131.46801028329,58.6556918928494,
-132.039558502001),(-124.012379028109,64.9231309378801,-121.000000000439),
(-124.012379028108,-108.759895457878,-121.000000000452),(-123.087010954553,
62.7667683308782,-132.039558502001),(-123.087010954553,-106.603532850878,
-132.039558502001),(-121.294308002638,-109.876595006716,-121.000000001534),
(-121.262273510854,-109.774994727627,-121.500000006309),(-115.035565840907,
68.247777469564,-121.000000000439),(-115.00375004271,-111.983137709266,
-121.500000006309),(-114.333101118226,66.008860526526,-132.039558502001),
(-114.333101118226,-109.845625046526,-132.039558502001),(-108.895987602924,
-113.785770412128,-121.000000002652),(-108.863953201507,-113.684170106254,
-121.500000001367),(-105.768460868328,70.6471971881137,-121.000000000439),
(-105.768460868233,-114.483961707653,-121.000000002652),(-105.296107735164,
68.3487002266139,-132.039558502001),(-105.296107735164,-112.185464746614,
-132.039558502001),(-96.3061571477868,72.0967688002832,-121.000000000439),
(-96.3061571477391,-115.933533319815,-121.000000002652),(-96.0687625864824,
69.7622775095099,-132.039558502001),(-96.0687625864823,-113.59904202951,
-132.039558502001),(-86.74575072,-116.418382260591,-120.999999996471),(-86.74575072,
-114.071851679416,-132.039558502001),(-86.74575072,70.2350871594158,-132.039558502001),
(-86.74575072,72.5816177405912,-120.999999996471)));
#2590=COORDINATES_LIST('',32,((-104.7361932,-31.7466058,-142.),(-104.7361932,
-31.7466058,-136.),(-102.299656294848,-35.2722588487329,-142.),(-102.299656294848,
-35.2722588487329,-136.),(-99.1833390805589,-38.2142834118752,-142.),(-99.1833390805589,
-38.2142834118752,-136.),(-95.5234395730653,-40.4440988986937,-142.),(-95.5234395730653,
-40.4440988986937,-136.),(-91.4799129428961,-41.8642516726304,-142.),(-91.4799129428961,
-41.8642516726304,-136.),(-87.2294807066783,-42.4126742428519,-142.),(-87.2294807066783,
-42.4126742428519,-136.),(-82.9579071488613,-42.0653979114304,-142.),(-82.9579071488613,
-42.0653979114304,-136.),(-78.8518805310948,-40.8376003204568,-142.),(-78.8518805310948,
-40.8376003204568,-136.),(-75.0908539193706,-38.7829421162511,-142.),(-75.0908539193706,
-38.7829421162511,-136.),(-71.8392022239314,-35.991221721628,-142.),(-71.8392022239314,
-35.991221721628,-136.),(-69.2390382269396,-32.5844507139207,-142.),(-69.2390382269396,
-32.5844507139207,-136.),(-68.755308230806,-12.0901587368294,-142.),(-68.755308230806,
-12.0901587368294,-136.),(-67.4040015719675,-28.7115213335787,-142.),(-67.4040015719675,
-28.7115213335787,-136.),(-67.1050399929844,-16.0453523165982,-142.),(-67.1050399929844,
-16.0453523165982,-136.),(-66.4142921662725,-24.5416991787996,-142.),(-66.4142921662725,
-24.5416991787996,-136.),(-66.3131650600106,-20.2572254866658,-142.),(-66.3131650600106,
-20.2572254866658,-136.)));
#2591=COORDINATES_LIST('',26,((-168.6162395,43.00316632,-121.5),(-168.6162395,
43.00316632,-111.5),(-168.462905718301,44.1678520229613,-121.5),(-168.462905718301,
44.1678520229613,-111.5),(-168.01335381703,45.25316632,-121.5),(-168.01335381703,
45.25316632,-111.5),(-167.298220015339,46.1851468353395,-121.5),(-167.298220015339,
46.1851468353395,-111.5),(-166.3662395,46.9002806370299,-121.5),(-166.3662395,
46.9002806370299,-111.5),(-165.280925202961,47.3498325383008,-121.5),(-165.280925202961,
47.3498325383008,-111.5),(-164.1162395,47.50316632,-121.5),(-164.1162395,
47.50316632,-111.5),(-162.951553797039,47.3498325383008,-121.5),(-162.951553797039,
47.3498325383008,-111.5),(-161.8662395,46.90028063703,-121.5),(-161.8662395,
46.90028063703,-111.5),(-160.934258984661,46.1851468353395,-121.5),(-160.934258984661,
46.1851468353395,-111.5),(-160.21912518297,45.25316632,-121.5),(-160.21912518297,
45.25316632,-111.5),(-159.769573281699,44.1678520229613,-121.5),(-159.769573281699,
44.1678520229613,-111.5),(-159.6162395,43.00316632,-121.5),(-159.6162395,
43.00316632,-111.5)));
#2592=COORDINATES_LIST('',5,((-65.6989549,-64.37250196,-125.),(-60.50280247,
-61.37250196,-125.),(-44.61897366,-100.8841005,-125.),(-43.3263502446458,
-100.180806507722,-125.),(-39.4228212424337,-97.8841004855222,-125.)));
#2593=COORDINATES_LIST('',26,((-168.6162395,43.00316632,-121.5),(-168.6162395,
43.00316632,-111.5),(-168.462905718301,41.8384806170387,-121.5),(-168.462905718301,
41.8384806170387,-111.5),(-168.01335381703,40.75316632,-121.5),(-168.01335381703,
40.75316632,-111.5),(-167.298220015339,39.8211858046605,-121.5),(-167.298220015339,
39.8211858046605,-111.5),(-166.3662395,39.10605200297,-121.5),(-166.3662395,
39.10605200297,-111.5),(-165.280925202961,38.6565001016992,-121.5),(-165.280925202961,
38.6565001016992,-111.5),(-164.1162395,38.50316632,-121.5),(-164.1162395,
38.50316632,-111.5),(-162.951553797039,38.6565001016992,-121.5),(-162.951553797039,
38.6565001016992,-111.5),(-161.8662395,39.10605200297,-121.5),(-161.8662395,
39.10605200297,-111.5),(-160.934258984661,39.8211858046605,-121.5),(-160.934258984661,
39.8211858046605,-111.5),(-160.21912518297,40.75316632,-121.5),(-160.21912518297,
40.75316632,-111.5),(-159.769573281699,41.8384806170387,-121.5),(-159.769573281699,
41.8384806170387,-111.5),(-159.6162395,43.00316632,-121.5),(-159.6162395,
43.00316632,-111.5)));
#2594=COORDINATES_LIST('',37,((-166.1609324,-97.89302437,-121.5),(-157.16190583393,
-87.1684021755594,-121.5),(-156.1672993,-99.28887101,-121.5),(-156.065681261286,
-98.3340481064218,-121.5),(-156.053758832865,-100.297005757257,-121.5),
(-155.738650266115,-97.3716756128658,-121.5),(-155.714314100756,-101.256986871549,
-121.5),(-155.206570275566,-96.5087960975115,-121.5),(-155.171893730277,
-102.112486460837,-121.5),(-154.491334146752,-95.7846154674459,-121.5),
(-154.447795984818,-102.827809745401,-121.5),(-153.876381046625,-90.5456678389845,
-121.5),(-153.635954271219,-95.242117539011,-121.5),(-153.584984234388,
-103.359992180978,-121.5),(-152.676112869051,-94.9025405163493,-121.5),
(-152.622798126804,-103.68707620116,-121.5),(-151.6672993,-103.78887101,
-121.5),(-151.6672993,-94.78887101,-121.5),(-150.71180047319,-94.8906658188418,
-121.5),(-150.658485730965,-103.675201503649,-121.5),(-150.4443525478,-93.7446037750594,
-121.5),(-149.749614365598,-95.2177498390292,-121.5),(-149.698644328777,
-103.335624480991,-121.5),(-148.886802615177,-95.7499322746088,-121.5),
(-148.843264453242,-102.793126552546,-121.5),(-148.162704869724,-96.4652555591553,
-121.5),(-148.128028324427,-102.068945922484,-121.5),(-147.7758657,-113.319927,
-121.5),(-147.620284499244,-97.320755148448,-121.5),(-147.595948333879,
-101.206066407119,-121.5),(-147.280839767133,-98.2807362627484,-121.5),
(-147.268917338709,-100.243693913565,-121.5),(-147.1672993,-99.28887101,
-121.5),(-146.871011810811,-96.7614951922041,-121.5),(-143.152642550927,
-99.6006296529402,-121.5),(-139.484933277261,-102.134272354691,-121.5),
(-138.7768392,-102.5953048,-121.5)));
#2595=COORDINATES_LIST('',41,((-178.1472955,39.11173276,-111.5),(-168.6162395,
43.00316632,-111.5),(-168.5144869541,43.958798323351,-111.5),(-168.502544587542,
41.9945649816873,-111.5),(-168.187238600278,44.9210150363348,-111.5),(-168.163032985143,
41.0344890056122,-111.5),(-167.654928237037,45.7840493898716,-111.5),(-167.620403275752,
40.1790917071342,-111.5),(-167.4226733,30.11270622,-111.5),(-166.96164081154,
30.8208003020534,-111.5),(-166.939562278295,46.5079376381883,-111.5),(-166.896365782759,
39.4638814709086,-111.5),(-166.084099765761,47.0503557624932,-111.5),(-166.033208968427,
38.9317543783971,-111.5),(-165.8529762,54.79078844,-111.5),(-165.4030294,
54.29975763,-111.5),(-165.124066576078,47.3896772057631,-111.5),(-165.071080648034,
38.6047766516107,-111.5),(-164.42799810957,34.4885095755679,-111.5),(-164.1162395,
38.50316632,-111.5),(-164.1162395,47.50316632,-111.5),(-163.161398351978,
47.4015559883942,-111.5),(-163.108412423902,38.6166554342367,-111.5),(-162.199270031575,
47.074578261604,-111.5),(-162.148379234241,38.9559768775079,-111.5),(-161.588863648612,
38.206878835282,-111.5),(-161.336113217241,46.5424511690929,-111.5),(-161.292916721714,
39.4983950018052,-111.5),(-160.612075724247,45.8272409328627,-111.5),(-160.577550762966,
40.2222832501236,-111.5),(-160.069446014857,44.9718436343857,-111.5),(-160.045240399724,
41.0853176036612,-111.5),(-159.729934412458,44.0117676583127,-111.5),(-159.717992045901,
42.0475343166447,-111.5),(-159.6162395,43.00316632,-111.5),(-158.571972231254,
41.7802195720914,-111.5),(-156.2683709,63.57346114,-111.5),(-155.373036294974,
45.2122480707251,-111.5),(-151.995770631353,48.4977728578282,-111.5),(-150.253680385083,
50.0729100211638,-111.5),(-146.661272153411,53.0891526397693,-111.5)));
#2596=COORDINATES_LIST('',4,((-51.4807883006312,-2.6530454823448,-125.999999999311),
(-50.1163828895031,-5.39384934877584,-125.999999999311),(-45.9381615908874,
0.374905290045424,-130.999999999927),(-44.1671371076027,-3.22850096594771,
-130.999999996693)));
#2597=COORDINATES_LIST('',59,((-120.236602943131,-40.2145182161259,-126.000000001447),
(-116.962128736683,-45.2283859732031,-126.000000001447),(-114.389601408138,
-37.0202867195018,-121.434509389926),(-112.943627021016,-49.6682840773634,
-126.000000001447),(-111.686801388535,-41.1588082095875,-121.434509389926),
(-109.386908300567,-47.9685696206526,-123.499999998738),(-109.250675819858,
-47.3586615191023,-123.124211610143),(-108.795843827267,-46.1419586677732,
-122.295512179593),(-108.369869926839,-44.8235665574562,-121.434509389926),
(-108.280046645017,-53.4248875020998,-126.000000001447),(-108.131502599167,
-45.0462791990989,-121.434509401791),(-106.221360029991,-50.4128540066,
-123.499999998738),(-103.086220435084,-56.4056962036382,-126.000000001447),
(-101.524065517049,-53.1086962993374,-123.499999998738),(-97.9852959829851,
-54.551293548667,-123.499999986623),(-97.4900376298352,-58.5373127790061,
-126.000000001447),(-97.1064826257544,-53.6687725733133,-122.735151422972),
(-96.420629033709,-52.6782505525794,-121.945360546116),(-96.0822210701713,
-52.0029351305519,-121.434509399157),(-95.614245950703,-52.1441956049484,
-121.434509399157),(-91.6292948226079,-59.7672497536851,-126.000000001447),
(-90.7767011168347,-53.1594039929542,-121.434509399157),(-86.7457507189659,
-53.418382260413,-121.434509399215),(-85.8399009062313,-53.4053547429319,
-121.434509399215),(-85.6483029520144,-60.0652219974303,-126.000000001447),
(-80.9254057243763,-52.8759917309836,-121.434509399215),(-79.6943338876905,
-59.4238924446871,-126.000000001447),(-76.1542267529388,-51.5843496314036,
-121.434509399215),(-73.9139941080981,-57.8590527574957,-126.000000001447),
(-71.643846252837,-49.5622329593997,-121.434509399215),(-68.4496147624662,
-55.4092344823619,-126.000000001447),(-67.505324761084,-46.8594329384596,
-121.434509399215),(-63.8405664117777,-43.5425014751815,-121.434509399215),
(-63.4357470055267,-52.1347602757035,-126.000000001447),(-60.7398097181183,
-39.6931124304601,-121.434509399215),(-59.1019000331316,-6.81647779817382,
-121.434509389926),(-58.9958489015353,-48.1162585598495,-126.000000001447),
(-58.2794056007293,-35.4060505379712,-121.434509399215),(-57.0797833503504,
-11.3268582921589,-121.434509398263),(-56.5199373745972,-30.7868774894563,
-121.434509399215),(-56.0235284988389,-28.8750381902629,-121.434509398263),
(-56.0235284988389,-14.9617263297371,-121.434509398263),(-55.2694841705176,
-14.9171385076009,-121.945360569627),(-55.239245476995,-43.4526781836921,
-126.000000001447),(-54.7424717670726,-28.9025348451761,-122.295512085975),
(-54.068740157161,-15.0158441323238,-122.73515143587),(-53.4613602320712,
-28.6880794884364,-123.124211490976),(-53.2548984984073,-3.62224630105815,
-126.000000001447),(-52.8650479117692,-15.3356583384008,-123.499999987764),
(-52.8650479111709,-28.5011061717154,-123.499999986874),(-52.8257811282337,
-15.541083473545,-123.499999986874),(-52.5152489040331,-26.3350577456058,
-123.499999986874),(-52.2584367756748,-38.2588519736344,-126.000000001447),
(-52.2457629168059,-20.9258509015408,-123.499999986874),(-50.8050802230437,
-9.08662564658708,-126.000000001447),(-50.1268202005423,-32.6626691682957,
-126.000000001447),(-49.2402405356093,-14.8669654261138,-126.000000001447),
(-48.8968832261096,-26.8019263610168,-126.000000001447),(-48.5989109826158,
-20.8209344904107,-126.000000001447)));
#2598=COORDINATES_LIST('',9,((-176.1954573,-24.91838226,-126.),(-176.1954573,
-24.91838226,-125.),(-176.1954573,-24.91838226,-131.),(-134.0354948,-24.91838226,
-125.),(-133.1488756,-24.91838226,-131.),(-126.8178205,-24.91838226,-126.),
(-118.2457507,-24.91838226,-115.),(-118.1025682,-24.91838226,-120.5),(-118.1025682,
-24.91838226,-114.9093193)));
#2599=COORDINATES_LIST('',32,((-126.022548813657,-124.872659143314,-121.5),
(-126.022548813657,-124.872659143314,-111.5),(-122.213898654224,-126.07352192589,
-116.454893641589),(-122.15169379507,-126.093135042644,-117.041700230955),
(-122.146643638093,-126.094727351023,-115.911400700957),(-121.949079871887,
-126.157018967236,-117.641339456761),(-121.915802117922,-126.167511402759,
-115.301436153505),(-121.830800594845,-126.194312280039,-115.149594374461),
(-121.686226961225,-126.239896171625,-118.07293112453),(-121.478147352944,
-126.305503420108,-114.690254037426),(-121.284022139948,-126.366710864659,
-118.479854912059),(-121.063278305097,-126.436311128442,-114.357418783341),
(-120.774955338063,-126.527219010758,-118.793627105463),(-120.494661263436,
-126.615595393021,-114.101125925043),(-120.250374122928,-126.692618832564,
-118.967020453672),(-119.966866196336,-126.78200853846,-113.999428715538),
(-119.679911214706,-126.872485096634,-119.000571284459),(-119.396403288121,
-126.961874802527,-114.032979546329),(-119.152116147627,-127.038898242066,
-118.898874074957),(-118.871822072994,-127.127274624331,-114.206372894539),
(-118.583499105963,-127.218182506645,-118.642581216658),(-118.362755271104,
-127.287782770432,-114.520145087951),(-118.168630058119,-127.348990214979,
-118.309745962574),(-117.960550449832,-127.414597463464,-114.927068875476),
(-117.815976816219,-127.460181355048,-117.85040562554),(-117.730975293141,
-127.486982232328,-117.698563846495),(-117.697697539181,-127.497474667849,
-115.358660543224),(-117.500133772974,-127.559766284063,-117.088599299053),
(-117.495083615995,-127.561358592442,-115.958299769039),(-117.432878756841,
-127.580971709196,-116.545106358415),(-113.624228506449,-128.781834520452,
-121.5),(-113.624228506449,-128.781834520452,-111.5)));
#2600=COORDINATES_LIST('',4,((-59.101900021002,-6.81647779154742,-120.499999998734),
(-58.3060411896287,-8.37464119882315,-120.499999999351),(-51.4807882994995,
-2.65304548196304,-125.999999999746),(-50.1163828894464,-5.39384934875024,
-125.999999999041)));
#2601=COORDINATES_LIST('',253,((-179.245750718675,-21.9183822568232,-115.),
(-179.236124545577,-20.5788370397378,-115.),(-179.131337911162,-26.5537577580594,
-115.),(-179.07058197373,-16.2168426916366,-115.),(-178.788402070862,-31.151627558048,
-115.),(-178.673413783775,-11.6366169885096,-115.),(-178.218648252269,-35.7037589076331,
-115.),(-178.046872569698,-7.07258089559304,-115.),(-177.422646318309,-40.2160010853331,
-115.),(-177.193137625471,-2.53927913724087,-115.),(-176.39982509965,-44.6940724671053,
-115.),(-176.24575072,-21.91838226,-115.),(-176.131263330086,-17.3806852850038,
-115.),(-176.123686232482,-26.603201324861,-115.),(-176.118416239358,1.93388108761974,
-115.),(-175.787966286339,-12.8672498151411,-115.),(-175.773434975077,-31.1110023608482,
-115.),(-175.216692390712,-8.3818706993406,-115.),(-175.19393448298,-35.6024074369571,
-115.),(-175.148482545209,-49.1434994622974,-115.),(-174.822615966388,6.34577798533261,
-115.),(-174.417153454891,-3.91901466092131,-115.),(-174.386134468461,-40.0682668536921,
-115.),(-173.675843058727,-53.5370144694145,-115.),(-173.393159990079,0.500375188593,
-115.),(-173.356481702632,-44.4786040426504,-115.),(-173.304822878327,10.6975324087643,
-115.),(-172.149610820555,4.85127491875356,-115.),(-172.106923705804,-48.823802710772,
-115.),(-171.994895995757,-57.8304983518864,-115.),(-171.571734164381,14.9713994761518,
-115.),(-170.687855735169,9.13075523524601,-115.),(-170.635570122195,-53.108364183898,
-115.),(-170.110658413872,-62.0134604123692,-115.),(-169.634024513159,19.141947521094,
-115.),(-169.006741991253,13.3433301068037,-115.),(-168.946252817101,-57.3209487813428,
-115.),(-168.021958581325,-66.0916543935985,-115.),(-167.49018285324,23.2115761549702,
-115.),(-167.115490288079,17.4655579151035,-115.),(-167.051611649086,-61.4325030042711,
-115.),(-165.726570769863,-70.0703787946404,-115.),(-165.140559583064,27.1785550637188,
-115.),(-165.022976097824,21.4763693745434,-115.),(-164.953663596001,-65.4378848326876,
-115.),(-163.221244982157,-73.9544157684386,-115.),(-162.730117535442,25.3752150636986,
-115.),(-162.650061302949,-69.3402673882739,-115.),(-162.597529524825,31.0234564701018,
-115.),(-160.520813097111,-77.7199826780593,-115.),(-160.235646086912,29.1649335234318,
-115.),(-160.148388623912,-73.1270678402674,-115.),(-159.873696503202,34.7272632885764,
-115.),(-157.65073504324,-81.3286483367212,-115.),(-157.55483026624,32.8217115801104,
-115.),(-157.466657115564,-76.7723997906119,-115.),(-156.965773771439,38.2937734305501,
-115.),(-154.699141240099,36.3289964451101,-115.),(-154.618903845666,-84.7718484362129,
-115.),(-154.60577664909,-80.2744637903144,-115.),(-153.875666479236,41.7198484692759,
-115.),(-153.6923525,41.51979638,-115.),(-151.668400686091,39.6879584767993,
-115.),(-151.563609699451,-83.6349020651588,-115.),(-151.4225069685,-88.0547373825379,
-115.),(-148.462270525355,42.8994767192316,-115.),(-148.352091456833,-86.841032226025,
-115.),(-148.057858411369,-91.1817244745626,-115.),(-145.101832250313,45.941643669057,
-115.),(-144.993129424893,-89.8717727802527,-115.),(-144.520445232325,-94.156424077397,
-115.),(-144.2910611,50.50252117,-115.),(-144.1077471,50.30246908,-115.),
(-143.226160753004,51.3362232262137,-115.),(-141.59976825047,48.8025241356755,
-115.),(-141.485844559986,-92.7274618063383,-115.),(-140.831471272576,-96.9604505778356,
-115.),(-139.702716720961,53.924095408143,-115.),(-137.954436300322,51.4842556438866,
-115.),(-137.82906650352,-95.4082776268629,-115.),(-137.026493456357,-99.5646341306756,
-115.),(-135.874597584757,56.4593816772519,-115.),(-134.167635848442,53.9859283228244,
-115.),(-134.03934804372,-97.9027490754054,-115.),(-133.115588710126,-101.963099615995,
-115.),(-131.922734408401,58.8013208959074,-115.),(-130.265253292724,56.2895306159585,
-115.),(-130.140502354398,-100.195607637874,-115.),(-129.094551417688,-104.15994349395,
-115.),(-127.843145619499,60.9511294907206,-115.),(-126.259871464212,58.3874786691085,
-115.),(-126.129690894902,-102.288121828159,-115.),(-124.958560265504,-106.158293229114,
-115.),(-123.651667740403,62.9004604171176,-115.),(-122.148317241364,60.2821198370934,
-115.),(-122.007463086718,-104.179373531287,-115.),(-120.6914377,-107.9645346,
-115.),(-120.6098445,-107.705754,-115.),(-119.38591940285,64.6331755938938,
-115.),(-117.935732643692,61.9714371422776,-115.),(-117.794888215244,-105.860487275176,
-115.),(-115.051745953498,66.1469157141554,-115.),(-113.651171170398,63.4427907259585,
-115.),(-113.515407898796,-107.322242360551,-115.),(-110.643638769241,67.443248733369,
-115.),(-109.305972502461,64.6923487227335,-115.),(-109.164508168672,-108.565791530065,
-115.),(-108.293117300666,-111.873710022781,-115.),(-108.2115241,-111.6149294,
-115.),(-106.158433276676,68.5220729591581,-115.),(-104.895635314074,65.7220014883949,
-115.),(-104.745118319126,-109.589784994882,-115.),(-103.775112757617,-112.838220707343,
-115.),(-101.616238996417,69.3787678092596,-115.),(-100.429775897479,66.5298015028503,
-115.),(-100.282262280656,-110.389323930709,-115.),(-99.2311056334889,-113.573758670829,
-115.),(-97.0570728979466,70.0068881087721,-115.),(-95.9383708209473,67.1093019950195,
-115.),(-95.7968831648303,-110.960597826338,-115.),(-94.6663301900792,-114.080183743284,
-115.),(-92.483920532714,70.4060529502074,-115.),(-91.4305697847541,67.4595532524689,
-115.),(-91.2834476949713,-111.303894870086,-115.),(-90.075191071925,-114.358781353423,
-115.),(-87.8910521752821,70.5763435296148,-115.),(-86.74575072,-111.41838226,
-115.),(-86.74575072,67.58161774,-115.),(-85.4573925669119,-114.409655883493,
-115.),(-83.2767144809263,70.5168496840562,-115.),(-82.2080537450286,67.4671303500855,
-115.),(-82.0609316551305,-111.296317772483,-115.),(-80.8486966117799,-114.231653673804,
-115.),(-78.6641955585751,70.2282978254378,-115.),(-77.6946182751696,67.1238333063382,
-115.),(-77.553130619154,-110.94606651508,-115.),(-76.2703934430049,-113.82518644322,
-115.),(-74.0926401885026,69.7140466294111,-115.),(-73.2092391593438,66.5525594107088,
-115.),(-73.0617255430676,-110.366566022986,-115.),(-71.7205382012223,-113.190920130098,
-115.),(-69.5623367468978,68.9741764234867,-115.),(-68.7463831209071,65.7530204748884,
-115.),(-68.595866126325,-109.558766008463,-115.),(-67.1934344732783,-112.328329271626,
-115.),(-65.0677275793319,68.0072743518068,-115.),(-64.3269932715497,64.7290270101094,
-115.),(-64.1855289373377,-108.529113242626,-115.),(-62.7050159511624,-111.240493175671,
-115.),(-60.6088371501329,66.8123845455202,-115.),(-59.9760935414278,63.4854778405901,
-115.),(-59.840330269205,-107.279555245795,-115.),(-58.2895395665898,-109.934442421031,
-115.),(-56.2105721075172,65.3968430949974,-115.),(-55.6966132247716,62.0237227551526,
-115.),(-55.555768796086,-105.808201662188,-115.),(-53.9557406287323,-108.413226076872,
-115.),(-51.9082028897603,63.7727571837476,-115.),(-51.4840383529647,60.3426090111647,
-115.),(-51.3431841986547,-104.1188843571,-115.),(-49.6980780929025,-106.675659668378,
-115.),(-47.699916281711,61.93950898853,-115.),(-47.361810544701,58.4513573080127,
-115.),(-47.2316299757263,-102.224243189085,-115.),(-45.5148009631743,-104.72111667578,
-115.),(-43.5807086408566,59.8942863057232,-115.),(-43.3509990854556,56.3588431178443,
-115.),(-43.2262481473097,-100.126295135999,-115.),(-41.437347656726,-102.563595857466,
-115.),(-39.5524218498253,57.6370146518648,-115.),(-39.4521533963344,54.0659845554669,
-115.),(-39.3238655917204,-97.8226928429458,-115.),(-37.4863949752159,-100.213417273586,
-115.),(-35.6624349366048,51.5715131069357,-115.),(-35.6396080820177,55.1824173138127,
-115.),(-35.5370651397462,-95.3210201639196,-115.),(-33.6607820870705,-97.6708415411939,
-115.),(-32.005656880017,48.8906972863247,-115.),(-31.8917331894148,-92.6392886555703,
-115.),(-31.8712403223044,52.5492968717611,-115.),(-29.9555721283921,-94.932977109082,
-115.),(-28.4983720149934,46.0350082601617,-115.),(-28.3896691896187,-89.7784081890057,
-115.),(-28.2443115412171,49.7356343224031,-115.),(-26.3812516571655,-92.0076651979872,
-115.),(-25.139409983172,43.0042677060448,-115.),(-25.0292309147095,-86.7362412393078,
-115.),(-24.7547168427178,46.7374085457012,-115.),(-22.9665580233331,-88.9168194220153,
-115.),(-21.9278917406284,39.7981375452267,-115.),(-21.823100753945,-83.5247229968185,
-115.),(-21.4057640198586,43.5563895539287,-115.),(-19.7194204373782,-85.6680837478229,
-115.),(-18.8857247908593,36.4376992702466,-115.),(-18.7923601998274,-80.1657609650015,
-115.),(-18.2194202379441,40.2148611242062,-115.),(-16.6354669696243,-82.2581608199584,
-115.),(-16.0248443243308,32.9356352704964,-115.),(-15.9366711736976,-76.6584761000249,
-115.),(-15.2168426986512,36.7355295027943,-115.),(-13.7125584211917,-78.6848044857959,
-115.),(-13.3431128161213,29.2903033203356,-115.),(-13.2558553531004,-73.0016980434544,
-115.),(-12.3948368232126,33.1147777565296,-115.),(-10.9718083579187,-74.9730461883403,
-115.),(-10.8414401371858,25.5035028684566,-115.),(-10.7613839045411,-69.2119795836668,
-115.),(-9.75048049003466,29.3476492571175,-115.),(-8.53783784406433,21.6011203127576,
-115.),(-8.46852534213521,-65.3131338944918,-115.),(-8.42853901771636,-71.1424882453391,
-115.),(-7.28779389219196,25.4386165746728,-115.),(-6.43988979090619,17.5957384842293,
-115.),(-6.37601115196328,-61.3023224352414,-115.),(-6.0822439838765,-67.1937964422652,
-115.),(-5.02381367392925,21.4169549264494,-115.),(-4.54524862289554,13.4841842613328,
-115.),(-4.48475944882644,-57.1800946270142,-115.),(-3.92967737109284,-63.1222576126531,
-115.),(-2.97155635420554,17.3062239644946,-115.),(-2.85593131774935,9.27159966376353,
-115.),(-2.80364570485106,-52.9675197552348,-115.),(-1.97552429445166,-58.9369337976271,
-115.),(-1.38457773410901,4.98703819056647,-115.),(-1.34189061941273,-48.688039438567,
-115.),(-1.12853817894913,13.1014996181427,-115.),(-0.236506519431565,-54.6707674809325,
-115.),(-0.135019737314321,0.641839522554845,-115.),(-0.0983414498824386,
-44.3371397083966,-115.),(0.506781288002967,8.79722566657671,-115.),(0.894633028426503,
-3.76849766610932,-115.),(0.925652014898456,-39.9177498590387,-115.),(1.28276893998366,
-50.3356786703975,-115.),(1.666624444,4.339986272,-115.),(1.70243304291195,
-8.23435708276994,-115.),(1.72519095071319,-35.4548938206614,-115.),(1.93153162188014,
4.398714777823,-115.),(2.28193353504703,-12.7257621591014,-115.),(2.29646484633916,
-30.9695147048688,-115.),(2.58474180717418,-45.9271119860423,-115.),(2.63218479247519,
-17.233563195197,-115.),(2.6397618900857,-26.4560792350049,-115.),(2.75424928,
-21.91838226,-115.),(3.67064766296699,-41.4411906882506,-115.),(4.48033942500001,
-8.351861821,-115.),(4.53289751485517,-36.9077055748895,-115.),(4.74524660300001,
-8.293133313,-115.),(5.16574881524366,-32.3525344760597,-115.),(5.29624195713654,
-12.7221305084777,-115.),(5.56973424196354,-27.7772919728154,-115.),(5.63972311943622,
-17.3112886169238,-115.),(5.7457907166919,-23.1763308688291,-115.),(5.75424927806815,
-21.9183822556648,-115.)));
#2602=COORDINATES_LIST('',9,((-134.035494795614,-24.91838226,-125.000000006925),
(-134.035494795614,-18.91838226,-125.000000006925),(-118.245750704104,-24.91838226,
-114.99999999352),(-118.245750704104,-18.91838226,-114.99999999352),(-118.245750516157,
-21.91838226,-114.999999874488),(-118.241245784249,-22.4515019575395,-114.997146926468),
(-118.148956645956,-19.450772440113,-114.938698139786),(-118.102568202813,
-24.91838226,-114.909319295559),(-118.102568202813,-18.91838226,-114.909319295559)));
#2603=COORDINATES_LIST('',4,((1.66662444401012,4.33998627195436,-115.),
(1.66662444401012,4.33998627195436,-111.5),(1.93153162191519,4.39871477938257,
-115.),(1.93153162191519,4.39871477938257,-111.5)));
#2604=COORDINATES_LIST('',6,((-126.0225488,-124.8726591,-121.5),(-121.262273536723,
-109.774994716457,-121.5),(-116.889467904595,-111.369897143076,-121.5),
(-113.6242285,-128.7818345,-121.5),(-112.448436178558,-112.745581098794,
-121.5),(-108.8639532,-113.6841701,-121.5)));
#2605=COORDINATES_LIST('',4,((-25.715635700617,69.4831624892647,-121.5),
(-25.715635700617,69.4831624892647,-111.5),(-7.33056906959092,54.0562598592958,
-121.5),(-7.33056906959092,54.0562598592958,-111.5)));
#2606=COORDINATES_LIST('',10,((-64.1116396212271,11.2850481482,-126.000000002752),
(-60.9461120601878,16.7679027197184,-131.000000000427),(-60.6546514012438,
8.64344543692803,-126.000000000133),(-57.1460403446174,5.25932775264432,
-126.000000000133),(-56.5538892277911,13.4468761180204,-131.000000000427),
(-54.0730119775611,1.47526899212935,-126.000000000133),(-52.4938265314085,
9.53087353227345,-131.000000000427),(-51.4807882965925,-2.65304548653102,
-125.999999998967),(-48.9378074581495,5.15207076202308,-131.000000000427),
(-45.938161585988,0.374905285324745,-131.000000000427)));
#2607=COORDINATES_LIST('',25,((-60.9461120624948,16.7679027152542,-131.),
(-58.287459922068,14.8573582990421,-131.),(-55.7803005333845,12.7731422398921,
-131.),(-53.4271661911084,10.5184157311692,-131.),(-51.2277913626057,8.09424195370915,
-131.),(-49.2081067519461,5.52768610027014,-131.),(-47.3795286683919,2.83269526692704,
-131.),(-45.9381615938446,0.374905286475765,-131.),(-44.4747066223289,-2.54289447669229,
-131.),(-44.16713711,-3.228500967,-131.),(-39.42282124,54.04733597,-131.),
(-38.6568169222894,53.5648398979941,-131.),(-35.0826661603012,51.1667928375601,
-131.),(-31.4608933452674,48.468785660102,-131.),(-27.9815621809091,45.5908934124745,
-131.),(-24.640903931694,42.5287265546094,-131.),(-21.4476173211925,39.2895093351738,
-131.),(-18.4289708995654,35.9030248987134,-131.),(-15.5976448364584,32.3836679800832,
-131.),(-12.9500144072136,28.7268771353811,-131.),(-10.4834223322102,24.9274095147854,
-131.),(-8.2021114293975,20.9902034450018,-131.),(-7.51812541181534,19.7138019272397,
-131.),(-5.51372776744134,15.6533007402998,-131.),(-3.71658198203877,11.4942970533822,
-131.)));
#2608=COORDINATES_LIST('',14,((-176.195457276991,-18.9183822607717,-131.),
(-176.195457276991,-18.9183822607717,-126.),(-175.386171096741,-9.54397809002687,
-131.),(-175.386171096741,-9.54397809002687,-126.),(-173.597174392485,-0.306343735378366,
-131.),(-173.597174392485,-0.306343735378366,-126.),(-170.848240298095,
8.6924205699428,-131.),(-170.848240298095,8.6924205699428,-126.),(-167.16975178841,
17.3528547370121,-131.),(-167.16975178841,17.3528547370121,-126.),(-162.602365867201,
25.5792381176211,-131.),(-162.602365867201,25.5792381176211,-126.),(-157.1965642,
33.28064747,-131.),(-157.1965642,33.28064747,-126.)));
#2609=COORDINATES_LIST('',8,((-133.14887558853,-24.9183822592585,-131.000000014519),
(-132.24381474859,-31.51922430829,-131.00000002155),(-130.362731173429,
-38.0369744600357,-131.00000002155),(-127.553339823804,-44.2116698130044,
-131.00000002155),(-126.817820481181,-24.9183822585911,-126.000000023838),
(-126.064111661038,-30.2152050161366,-126.000000023838),(-124.438523308049,
-35.8476919902816,-126.000000023838),(-122.010713099693,-41.1837190304851,
-126.000000000047)));
#2610=COORDINATES_LIST('',4,((-127.553339832926,-44.2116697963203,-131.000000000736),
(-124.22096949953,-49.447602659655,-131.000000000736),(-122.01071312492,
-41.1837190255427,-125.999999975074),(-119.371099909693,-45.3780788769699,
-125.999999984919)));
#2611=COORDINATES_LIST('',41,((-121.138925542762,-19.205537680957,-129.999999999799),
(-121.116367008287,-24.9034678638701,-129.999999999799),(-120.223327924263,
-13.5816068263119,-129.999999999799),(-120.156267658853,-30.5199726930362,
-129.999999999799),(-118.39454926904,-8.1850814731765,-129.999999999799),
(-118.284816501924,-35.9018485578308,-129.999999999799),(-115.702473891546,
-3.16316476551203,-129.999999999799),(-115.553061846558,-40.902291914146,
-129.999999999799),(-112.745750719761,-21.9183822634469,-135.100000000462),
(-112.66524478801,-19.8739196787961,-135.100000000462),(-112.648244152957,
-24.1680119903057,-135.100000000689),(-112.220534590371,1.34715850003801,
-129.999999999799),(-112.035518838611,-45.3849037023865,-129.999999999799),
(-111.975229191495,-15.6355949769602,-135.100000000462),(-111.924691020097,
-28.4007402670815,-135.100000000689),(-110.597019190528,-11.5686483342243,
-135.100000000462),(-110.514322032359,-32.4566467156468,-135.100000000689),
(-108.568208761215,-7.78401545327819,-135.100000000462),(-108.455608379174,
-36.2250967810292,-135.100000000689),(-108.043709592925,5.22285846230836,
-129.999999999799),(-107.828136881802,-49.2274099582496,-129.999999999799),
(-105.944138563362,-4.38493125332628,-135.100000000462),(-105.804706402344,
-39.6032969690473,-135.100000000689),(-103.285931796984,8.35821612951,-129.999999999799),
(-103.045682388102,-52.3249971277277,-129.999999999799),(-102.796386391534,
-1.46411389060433,-135.100000000462),(-102.63392579742,-42.4990987848707,
-135.100000000689),(-99.2108147192306,0.898764350891635,-135.100000000689),
(-99.0297571937078,-44.833512303745,-135.100000000689),(-97.8186082491872,
-54.5931711076334,-129.999999999799),(-95.0905129153633,-46.5428608102287,
-135.100000000689),(-92.2894954216217,-55.9700620244749,-129.999999999799),
(-90.9236452774705,-47.5805177329979,-135.100000000689),(-86.6428155669932,
-47.9181784961653,-135.100000000689),(-86.6091636900397,-56.4181118833225,
-129.999999999799),(-82.3647936591583,-47.5466325943264,-135.100000000689),
(-80.9325576965797,-55.925099052004,-129.999999999799),(-78.2062728396563,
-46.4760148311368,-135.100000000689),(-75.4145204549565,-54.504471635371,
-129.999999999799),(-74.2806867160036,-44.7355288682881,-135.100000000689),
(-70.205569636692,-52.1949806460553,-129.999999999799)));
#2612=COORDINATES_LIST('',8,((-58.3060411724004,-8.37464119259425,-114.909319270427),
(-58.1714935959843,-8.32566987853839,-114.999999993252),(-57.3307949903624,
-10.6476367080295,-114.997364642198),(-56.5386265714923,-12.9860452129217,
-114.962286179765),(-56.2539203127174,-14.0127969137097,-114.90931927096),
(-56.1193727363933,-13.9638255986873,-114.99999999394),(-43.3339876066593,
-2.92525934878407,-124.999999994387),(-41.2818667466083,-8.56341507376552,
-124.999999994301)));
#2613=COORDINATES_LIST('',4,((4.48033942500407,-8.35186182101837,-115.),
(4.48033942500407,-8.35186182101837,-111.5),(4.74524660312045,-8.29313331354331,
-111.5),(4.74524660312045,-8.29313331354331,-115.)));
#2614=COORDINATES_LIST('',9,((-68.4692657915812,3.73741822991287,-120.5),
(-68.4692657915812,3.73741822991287,-114.9093193),(-68.3976745121619,3.86141796324815,
-115.),(-64.1116396241651,11.2850481524047,-126.),(-60.94611206277,16.7679027215992,
-131.),(-60.502802474232,17.5357374524433,-125.),(-39.4228212414669,54.0473359708469,
-131.),(-39.4228212414669,54.0473359708469,-126.),(-39.4228212414669,54.0473359708469,
-125.)));
#2615=COORDINATES_LIST('',10,((-120.364243899618,10.2071048096349,-131.000000000668),
(-115.532516802737,14.5997242301653,-131.000000000668),(-115.514374287016,
6.13758100233747,-126.000000022909),(-111.622599487432,9.63970974025435,
-126.000000010851),(-109.995750748253,18.3517990385183,-131.000000000668),
(-106.837855990987,12.8821648775636,-126.000000010851),(-103.977975621734,
21.2707416957525,-131.000000000668),(-101.637435724655,15.4046467303746,
-126.000000010851),(-97.7579920626531,23.2588303808841,-130.999999985849),
(-96.6586158678808,17.0239581916748,-126.000000010851)));
#2616=COORDINATES_LIST('',8,((-126.817820486124,-24.9183822589612,-126.000000021972),
(-126.006637743269,-30.4830494990972,-126.000000017523),(-124.390825303638,
-35.9760895539615,-126.000000017523),(-122.010713130689,-41.1837190467657,
-126.000000021972),(-118.102568183175,-24.9183822583904,-120.500000026686),
(-117.521966707319,-28.632139100332,-120.500000026686),(-116.255347524528,
-32.9380781652163,-120.500000026686),(-114.389601396234,-37.0202867270603,
-120.499999999874)));
#2617=COORDINATES_LIST('',28,((5.46011393556652,1.08933990939511,-116.436321497217),
(5.46986204553852,1.04536902684292,-116.982194949239),(5.4831585772908,
0.985392247989383,-115.79615117224),(5.51027900453714,0.863059906167337,
-117.541525958414),(5.52751087873575,0.78533194467351,-117.698563846599),
(5.52935385496035,0.777018816143901,-115.275526739972),(5.60541338449844,
0.433936449418508,-114.79033100786),(5.61029697622671,0.411907990677946,
-118.231802149232),(5.70103539848784,0.00261341771208307,-118.584792198727),
(5.70131618441975,0.00134687422110192,-114.421174241803),(5.81553653923206,
-0.51386785160223,-118.846961379616),(5.82088350860768,-0.53798647183744,
-114.141552962353),(5.9443131166302,-1.09474145443495,-114.006546759955),
(5.94959153030189,-1.11855083987338,-118.992180186593),(6.05514838147968,
-1.59468702617493,-114.007819813407),(6.06042679515134,-1.61849641161323,
-118.993453240045),(6.1838564031739,-2.17525139421091,-118.858447037647),
(6.18920337254955,-2.19937001444621,-114.153038620384),(6.30342372736193,
-2.71458474026992,-118.578825758197),(6.30370451329375,-2.7158512837605,
-114.415207801273),(6.39444293555488,-3.12514585672635,-114.768197850768),
(6.39932652728315,-3.14717431546687,-118.20966899214),(6.47538605682118,
-3.49025668219201,-117.724473260029),(6.47722903304584,-3.49856981072193,
-115.301436153401),(6.49446090724445,-3.57629777221571,-115.458474041586),
(6.5215813344908,-3.6986301140378,-117.20384882776),(6.53487786624307,-3.75860689289132,
-116.017805050761),(6.54462597621508,-3.80257777544353,-116.563678502783)));
#2618=COORDINATES_LIST('',5,((-21.4957308134631,-92.3345373741273,-121.5),
(-21.4957308134631,-92.3345373741273,-121.),(-21.4957308134631,-92.3345373741273,
-111.5),(-10.771108609046,-101.333563910781,-121.5),(-10.771108609046,-101.333563910781,
-111.5)));
#2619=COORDINATES_LIST('',5,((-157.1965642,-77.11741198,-125.),(-156.27949312009,
-78.2682718304993,-125.),(-153.339838525294,-81.7136786405597,-125.),(-124.9001592,
-50.01751048,-125.),(-121.0434336,-54.61377714,-125.)));
#2620=COORDINATES_LIST('',17,((-109.38690823958,4.13180510972898,-123.5),
(-109.052210724986,2.90289081658358,-123.5),(-108.57317554072,1.88517560137561,
-123.5),(-108.131502594488,1.20951468025234,-123.5),(-107.840329721398,
5.40119519046057,-123.5),(-106.054630964398,2.97453558057573,-123.5),(-105.557981338017,
7.02437214179087,-123.5),(-103.864407356483,4.5345599187075,-123.5),(-103.158011446644,
8.45040619297328,-123.5),(-101.571485238347,5.88520296091436,-123.5),(-100.631387513289,
9.68237017327638,-123.5),(-99.1688449937507,7.03387810426827,-123.5),(-97.9852959863779,
10.7145290235341,-123.5),(-97.3980615421065,10.1606802900975,-123.5),(-96.7683584927811,
7.94497804874465,-123.5),(-96.6946257687056,9.28295762334527,-123.5),(-96.0822210696326,
8.1661706123051,-123.5)));
#2621=COORDINATES_LIST('',156,((-124.912487630253,-21.690138100692,-126.),
(-124.811764373574,-24.6427910312982,-126.),(-124.784541608756,-18.7587623368808,
-126.),(-124.482286071316,-27.6123791435574,-126.),(-124.426662358828,-15.8397766110445,
-126.),(-123.92857309646,-30.533556542356,-126.),(-123.835610306232,-12.9279616254091,
-126.),(-123.156412151399,-33.3726480819748,-126.),(-123.017774521071,-10.0537414385579,
-126.),(-122.167149917878,-36.1345247902023,-126.),(-121.994134090351,-7.27996502265552,
-126.),(-120.958735351418,-38.8279355078061,-126.),(-120.767585709126,-4.61390585330644,
-126.),(-120.236602944001,-40.2145182166011,-126.),(-119.333723251011,-2.04775037253849,
-126.),(-118.70411462195,-42.7815029672311,-126.),(-118.227041012394,-23.0211198612981,
-126.),(-118.20580041925,-20.3083574382581,-126.),(-118.022676744233,-25.6960960746315,
-126.),(-117.956449114467,-17.6229659421431,-126.),(-117.687085193456,0.423016515718889,
-126.),(-117.592967752956,-28.3270887189379,-126.),(-117.481495860201,-14.9956184211701,
-126.),(-116.995222859089,-45.1961716418868,-126.),(-116.934840694391,-30.9235053220732,
-126.),(-116.782380496566,-12.4197544406236,-126.),(-116.047262306111,-33.4804708481072,
-126.),(-115.857011850759,-9.8857405411344,-126.),(-115.843121412788,2.77493135770903,
-126.),(-115.1172030751,-47.4517788131725,-126.),(-114.948764029826,-35.9527202735069,
-126.),(-114.717254041038,-7.42638577469032,-126.),(-113.845320663049,4.95771165584169,
-126.),(-113.660724017528,-38.2943524476616,-126.),(-113.384339744272,-5.09587587883591,
-126.),(-113.066018699262,-49.5565407328648,-126.),(-112.179089384223,-40.5123459698727,
-126.),(-111.86601072683,-2.90443702499063,-126.),(-111.70167845414,6.96288726990638,
-126.),(-110.8354432243,-51.5169232601058,-126.),(-110.496910794258,-42.6127523016899,
-126.),(-110.158386585451,-0.842895589467044,-126.),(-109.405251969722,
8.7961322009932,-126.),(-108.626984831803,-44.5782931570607,-126.),(-108.448347281914,
-53.3124066672674,-126.),(-108.259730826782,1.09108493817105,-126.),(-106.948648131663,
10.4601145294475,-126.),(-106.616235808068,-46.3649457608277,-126.),(-106.210943907609,
2.8530546161617,-126.),(-105.951758923945,-54.9033230230567,-126.),(-104.478819282168,
-47.9598902944159,-126.),(-104.352364379085,11.9403399597308,-126.),(-104.041362680292,
4.41570147519866,-126.),(-103.360047609231,-56.2821770311349,-126.),(-102.206274750668,
-49.3681947185568,-126.),(-101.751129519504,5.78200885424487,-126.),(-101.67542858153,
13.2070316660135,-126.),(-100.666508873746,-57.4551139152133,-126.),(-99.7956587640889,
-50.5887249343301,-126.),(-99.3323442543251,6.95788193336795,-126.),(-98.9322516212422,
14.2535643299285,-126.),(-97.8629940716242,-58.4258842376282,-126.),(-97.2830270251116,
-51.6049285414182,-126.),(-96.8015216850781,7.93549443513473,-126.),(-96.1143039542145,
15.08269848881,-126.),(-94.9734940200372,-59.1859299306664,-126.),(-94.7253703076085,
-52.3959174734254,-126.),(-94.2175643490571,8.68819153717264,-126.),(-93.2131315708375,
15.6943507794528,-126.),(-92.1201526060586,-52.962311167026,-126.),(-92.0585350192192,
-59.7157146243415,-126.),(-91.6018050047417,9.21055326153856,-126.),(-90.2501959789968,
16.0831449290097,-126.),(-89.4574032381572,-53.3042113964415,-126.),(-89.1371366722037,
-60.0129337404756,-126.),(-88.9460893858269,9.5066953043859,-126.),(-87.2904577095907,
16.244057425156,-126.),(-86.74575072,-53.41838226,-126.),(-86.74575072,
9.58161774,-126.),(-86.2010437304086,-60.080821945156,-126.),(-84.5454120541861,
-53.3434598243851,-126.),(-84.3543647677956,16.1761692204755,-126.),(-84.0340982018559,
9.4674468764414,-126.),(-83.2413054610025,-59.9199094490096,-126.),(-81.8896964352695,
-53.0473177815342,-126.),(-81.4329664207802,15.8789501043414,-126.),(-81.3713488339589,
9.12554664702547,-126.),(-80.2783698691619,-59.5311152994527,-126.),(-79.2739370909299,
-52.5249560571598,-126.),(-78.7661311324019,8.55915295342323,-126.),(-78.5180074199621,
15.3491654106662,-126.),(-77.3771974857848,-58.9194630088098,-126.),(-76.6899797548767,
-51.7722589551115,-126.),(-76.2084744148805,7.76816402141204,-126.),(-75.6285073683752,
14.589119717628,-126.),(-74.5592498187572,-58.0903288499283,-126.),(-74.1591571856399,
-50.7946464533557,-126.),(-73.6958426758913,6.75196041432349,-126.),(-72.8249925662605,
13.6183493952145,-126.),(-71.8160728584691,-57.0437961860133,-126.),(-71.7403719204958,
-49.6187733742564,-126.),(-71.2852266893264,5.53143019855717,-126.),(-70.131453830774,
12.4454125111336,-126.),(-69.4501387597302,-48.2524659952266,-126.),(-69.1391370609149,
-55.7771044797305,-126.),(-69.0126821578422,4.12312577442333,-126.),(-67.5397425160503,
11.0665585030482,-126.),(-67.2805575324237,-46.6898191361977,-126.),(-66.8752656319404,
2.52818124083179,-126.),(-66.5428533083549,-54.2968790494572,-126.),(-65.2317706132405,
-44.9278494581951,-126.),(-65.0431541580644,9.47564214724763,-126.),(-64.8645166081863,
0.741528637049575,-126.),(-64.0862494703091,-52.6328967210101,-126.),(-63.3331148545563,
-42.9938689305376,-126.),(-62.9945906457279,-1.22401221832232,-126.),(-62.65605821568,
7.68015874008977,-126.),(-61.7898229858893,-50.7996517899197,-126.),(-61.6254907131701,
-40.9323274950023,-126.),(-61.3124120557723,-3.32441855012856,-126.),(-60.4254827407335,
5.71977621286655,-126.),(-60.1071616957236,-38.7408886411506,-126.),(-59.8307774224733,
-5.54241207233344,-126.),(-59.6461807769623,-48.7944761758396,-126.),(-58.774247398957,
-36.4103787452955,-126.),(-58.5427374101753,-7.88404424649101,-126.),(-58.3742983649054,
3.61501429318506,-126.),(-57.6483800271915,-46.6116958776787,-126.),(-57.6344895892377,
-33.9510239788585,-126.),(-57.4442391338833,-10.3562936719062,-126.),(-56.7091209434402,
-31.4170100793904,-126.),(-56.5566607455932,-12.9132591979637,-126.),(-56.4962785809191,
1.35940712190267,-126.),(-56.0100055798078,-28.8411460988387,-126.),(-55.8985336870273,
-15.5096758010989,-126.),(-55.8044162465238,-44.2597810356997,-126.),(-55.5350523255398,
-26.2137985778338,-126.),(-55.4688246957542,-18.1406684453835,-126.),(-55.2857010207543,
-23.5284070816906,-126.),(-55.2644604276015,-20.8156446586731,-126.),(-54.7873868180565,
-1.05526155275777,-126.),(-54.1577781889994,-41.7890141474836,-126.),(-53.2548984959989,
-3.62224630339886,-126.),(-52.7239157309001,-39.2228586667357,-126.),(-52.5327660885822,
-5.00882901219377,-126.),(-51.4973673496688,-36.5567994973663,-126.),(-51.3243515221223,
-7.70223972979767,-126.),(-50.4737269189219,-33.7830230814016,-126.),(-50.3350892886006,
-10.4641164380252,-126.),(-49.6558911337419,-30.908802894518,-126.),(-49.5629283435396,
-13.3032079776439,-126.),(-49.064839081152,-27.9969879089177,-126.),(-49.0092153686846,
-16.2243853764416,-126.),(-48.7069598312335,-25.0780021831244,-126.),(-48.6797370664246,
-19.1939734887116,-126.),(-48.5790138097416,-22.1466264193291,-126.)));
#2622=COORDINATES_LIST('',10,((-48.064262027345,-11.0320050771482,-125.999999995796),
(-48.0642620267962,-32.8047594409016,-125.999999995796),(-46.977216962928,
-16.1534452733595,-125.999999995796),(-46.9772169624941,-27.6833192436473,
-125.999999995796),(-46.5615401933851,-21.9183822584877,-125.999999995796),
(-42.1150162489254,-34.9701078203142,-130.999999998586),(-42.1150162461544,
-8.86665669087539,-131.000000002649),(-40.7267597911649,-15.2473648039858,
-131.000000002649),(-40.7267597906628,-28.5893997125505,-131.000000002649),
(-40.2457507199285,-21.9183822582501,-131.000000002649)));
#2623=COORDINATES_LIST('',6,((-113.624228484492,-128.78183450489,-121.5),
(-113.624228484492,-128.78183450489,-111.5),(-109.348100334068,-115.219688689259,
-121.),(-109.348100334068,-115.219688689259,-111.5),(-108.895987631013,
-113.785770390222,-121.),(-108.863953184133,-113.684170105003,-121.5)));
#2624=COORDINATES_LIST('',12,((-39.4228212411102,54.0473359682178,-131.),
(-39.4228212411102,54.0473359682178,-126.),(-31.8817656930998,48.7936616035529,
-131.),(-31.8817656930998,48.7936616035529,-126.),(-24.9192544757382,42.7943240854407,
-131.),(-24.9192544757382,42.7943240854407,-126.),(-18.608707727754,36.1125868226009,
-131.),(-18.608707727754,36.1125868226009,-126.),(-13.016670579665,28.8189091739445,
-131.),(-13.016670579665,28.8189091739445,-126.),(-8.202111431,20.99020345,
-131.),(-8.202111431,20.99020345,-126.)));
#2625=COORDINATES_LIST('',9,((-73.6654182135411,6.73741823104444,-120.5),
(-73.6654182135411,6.73741823104444,-114.9093193),(-73.5938269341218,6.86141796437972,
-115.),(-69.307792048625,14.2850481492062,-126.),(-66.1422644847299,19.7679027227308,
-131.),(-65.6989548986919,20.5357374492448,-125.),(-44.6189736634268,57.0473359719785,
-126.),(-44.6189736634268,57.0473359719785,-125.),(-44.6189736634268,57.0473359719785,
-131.)));
#2626=COORDINATES_LIST('',9,((-99.3241059964149,-110.530091298869,-131.),
(-99.3241059964149,-110.530091298869,-126.),(-99.3241059964149,-110.530091298869,
-125.),(-92.0031053411705,-69.0106333897936,-125.),(-91.8491455368123,-68.1374839505621,
-131.),(-90.7497693516011,-61.9026117797177,-126.),(-89.2612450568511,-53.4607710105552,
-115.),(-89.2363816671337,-53.3197637205054,-120.5),(-89.2363816671337,
-53.3197637205054,-114.9093193)));
#2627=COORDINATES_LIST('',37,((-34.71466224,58.75854029,-121.5),(-34.0065681627391,
58.2975078346908,-121.5),(-30.3388588890732,55.7638651329403,-121.5),(-26.6204896291894,
52.9247306722041,-121.5),(-26.32420214,55.4521065,-121.5),(-26.222584101286,
56.4069294035776,-121.5),(-26.2106616728661,54.4439717527465,-121.5),(-25.8955531061196,
57.3693018971243,-121.5),(-25.8712169407543,53.4839906384431,-121.5),(-25.7156357,
69.48316249,-121.5),(-25.3634731155715,58.2321814124856,-121.5),(-25.3287965702727,
52.6284910491509,-121.5),(-24.6482369867519,58.9563620425513,-121.5),(-24.604698824814,
51.9131677646001,-121.5),(-23.7928571112189,59.4988599709908,-121.5),(-23.741887074399,
51.3809853290258,-121.5),(-23.0471488921997,49.9078392550594,-121.5),(-22.8330157090429,
59.8384369936498,-121.5),(-22.7797009668141,51.0539013088452,-121.5),(-21.82420214,
50.9521065,-121.5),(-21.82420214,59.9521065,-121.5),(-20.8687033131965,
59.8503116911582,-121.5),(-20.8153885709495,51.0657760063492,-121.5),(-19.9065172056163,
59.5232276709809,-121.5),(-19.8555471687853,51.4053530290092,-121.5),(-19.6151203933749,
46.7089033189845,-121.5),(-19.0437054551907,58.9910452354082,-121.5),(-19.0001672932546,
51.9478509574434,-121.5),(-18.3196077097293,58.2757219508459,-121.5),(-18.2849311644244,
52.6720315875188,-121.5),(-17.7771873392461,57.4202223615588,-121.5),(-17.75285117388,
53.5349111028716,-121.5),(-17.437742607136,56.4602412472615,-121.5),(-17.4258201787224,
54.4972835964049,-121.5),(-17.32420214,55.4521065,-121.5),(-16.3295956060698,
43.3316376555594,-121.5),(-7.330569069,54.05625986,-121.5)));
#2628=COORDINATES_LIST('',14,((-153.339838506711,37.8769141360255,-131.),
(-153.339838506711,37.8769141360255,-126.),(-146.694138476757,44.5379252254311,
-131.),(-146.694138476757,44.5379252254311,-126.),(-139.385850587632,50.4644187714489,
-131.),(-139.385850587632,50.4644187714489,-126.),(-131.495750703508,55.5908913832791,
-131.),(-131.495750703508,55.5908913832791,-126.),(-123.111045246214,59.8606820123084,
-131.),(-123.111045246214,59.8606820123084,-126.),(-114.32440733419,63.2265982061981,
-131.),(-114.32440733419,63.2265982061981,-126.),(-105.2329525,65.65143771,
-131.),(-105.2329525,65.65143771,-126.)));
#2629=COORDINATES_LIST('',15,((-109.426636418941,6.34265363764047,-123.5),
(-109.271165544789,7.12563306338071,-123.5),(-108.911789051929,8.16594734273264,
-123.5),(-108.297029645358,9.27870817325257,-123.5),(-107.606556384761,
10.1474947857478,-123.5),(-107.097713032843,8.06517106046252,-123.5),(-106.663631782052,
10.98704262316,-123.5),(-105.710374176814,11.5799592798681,-123.5),(-104.655332981163,
9.58613744377099,-123.5),(-104.544424222795,12.0573740460476,-123.5),(-103.460335365531,
12.2952722877686,-123.5),(-102.189416348642,12.3559927409934,-123.5),(-102.105122504561,
10.9035924175061,-123.5),(-101.098773085435,12.2227885804789,-123.5),(-99.8800828883502,
11.8543588870791,-123.5)));
#2630=COORDINATES_LIST('',9,((-124.900159203994,-50.0175104833514,-124.999999991768),
(-121.043433594007,-54.6137771349709,-125.000000012354),(-112.804513503633,
-39.8680586330485,-114.999999992512),(-112.694829314282,-39.7760226719837,
-114.909319270563),(-112.388150866913,-40.2136755076688,-114.938698150614),
(-110.876150515936,-42.1661918433721,-114.999999867152),(-110.530016351304,
-42.5716903349108,-114.997146909406),(-108.947787810445,-44.4643252987643,
-114.999999978471),(-108.838103621093,-44.3722893376995,-114.909319256522)));
#2631=COORDINATES_LIST('',26,((-13.87526197,-86.83993084,-121.5),(-13.87526197,
-86.83993084,-111.5),(-13.7219281881304,-85.6752451357445,-121.5),(-13.7219281881304,
-85.6752451357445,-111.5),(-13.2723762863601,-84.5899308375,-121.5),(-13.2723762863601,
-84.5899308375,-111.5),(-12.557242483875,-83.657950321125,-121.5),(-12.557242483875,
-83.657950321125,-111.5),(-11.6252619675,-82.9428165186399,-121.5),(-11.6252619675,
-82.9428165186399,-111.5),(-10.5399476692554,-82.4932646168696,-121.5),
(-10.5399476692554,-82.4932646168696,-111.5),(-9.375261965,-82.339930835,
-121.5),(-9.375261965,-82.339930835,-111.5),(-8.21057626074456,-82.4932646168696,
-121.5),(-8.21057626074456,-82.4932646168696,-111.5),(-7.1252619625,-82.9428165186399,
-121.5),(-7.1252619625,-82.9428165186399,-111.5),(-6.193281446125,-83.657950321125,
-121.5),(-6.193281446125,-83.657950321125,-111.5),(-5.4781476436399,-84.5899308375,
-121.5),(-5.4781476436399,-84.5899308375,-111.5),(-5.02859574186956,-85.6752451357445,
-121.5),(-5.02859574186956,-85.6752451357445,-111.5),(-4.87526196,-86.83993084,
-121.5),(-4.87526196,-86.83993084,-111.5)));
#2632=COORDINATES_LIST('',11,((-90.7497693499087,-61.9026117790884,-126.000000001447),
(-89.2363816697722,-53.3197637171279,-120.500000004549),(-86.7457507202102,
-53.4183822583157,-120.500000004045),(-85.6209102186132,-53.3982922621002,
-120.500000004045),(-85.3108038147314,-62.0769641922437,-126.000000001493),
(-81.2758331241747,-52.9398264782947,-120.500000004045),(-79.7678357920375,
-61.4921043327061,-126.000000001493),(-77.0359917086713,-51.8845395017254,
-120.500000004045),(-74.3591157908414,-60.1458861094723,-126.000000001493),
(-73.6654182126428,-50.5741827442102,-120.500000004045),(-69.3077920493229,
-58.1218126614057,-126.000000001493)));
#2633=COORDINATES_LIST('',26,((-162.903353692885,57.4936195805213,-116.441008525823),
(-162.85182272565,57.54083901149,-117.089886067598),(-162.8293090521,57.5614689920836,
-115.796151155557),(-162.678227900678,57.6999093587778,-117.698563848384),
(-162.634734823238,57.7397634208691,-115.199259921251),(-162.332890918551,
58.0163523961064,-114.691011974432),(-161.944347501484,58.3723868360699,
-114.306043573028),(-161.49558316402,58.7836035818606,-114.070589677611),
(-161.017180454379,59.2219788916009,-114.000696082174),(-160.541741726881,
59.657638212147,-114.101125919777),(-160.101667345358,60.0608920805319,
-114.365035062903),(-159.726947651891,60.4042594118181,-114.774438539437),
(-159.443119174535,60.6643402896363,-115.301436178805),(-152.769500649384,
46.4344594330482,-116.441008525823),(-152.717969682149,46.4816788640169,
-117.089886067598),(-152.695456008599,46.5023088446105,-115.796151155557),
(-152.544374857178,46.6407492113048,-117.698563848384),(-152.500881779737,
46.6806032733961,-115.199259921251),(-152.19903787505,46.9571922486333,
-114.691011974432),(-151.810494457983,47.3132266885968,-114.306043573028),
(-151.361730120519,47.7244434343876,-114.070589677611),(-150.883327410878,
48.1628187441278,-114.000696082174),(-150.40788868338,48.5984780646739,
-114.101125919777),(-149.967814301857,49.0017319330588,-114.365035062903),
(-149.59309460839,49.3450992643451,-114.774438539437),(-149.309266131034,
49.6051801421632,-115.301436178805)));
#2634=COORDINATES_LIST('',7,((-97.98529598,-54.55129354,-123.5),(-97.0721114825912,
-53.6235793482198,-122.696299014143),(-96.8928711857509,-53.3943403596171,
-123.5),(-96.8920124643636,-53.3931935155434,-122.508012754962),(-96.4194476482896,
-52.673602026708,-121.941078310085),(-96.0822210661195,-52.002935131697,
-123.5),(-96.0822210661195,-52.002935131697,-121.4345094)));
#2635=COORDINATES_LIST('',51,((-124.892590416079,-23.0158300391567,-126.000000000328),
(-124.594618174533,-17.0348381744507,-126.000000000328),(-124.251260862015,
-28.9697990973141,-126.000000000328),(-123.364681202879,-11.1740953727089,
-126.000000000328),(-122.686421174415,-34.7501388705908,-126.000000000328),
(-121.233064631291,-5.57791257242952,-126.000000000328),(-120.236602924752,
-40.2145182235223,-126.000000019809),(-118.252255934202,-0.384086366849251,
-126.000000000328),(-118.232723196391,-22.8242320837833,-121.434509410218),
(-117.986772448097,-17.8874318737028,-121.434509410218),(-117.703360182888,
-27.7387272648546,-121.434509410218),(-116.971564061695,-13.0498870401103,
-121.434509410218),(-116.411718081839,-32.5099062352598,-121.434509410218),
(-115.212095836947,-8.4307139917238,-121.434509410218),(-114.495652514487,
4.27949400550372,-126.000000000328),(-114.389601395827,-37.020286727169,
-121.434509400328),(-112.751691720895,-4.14365209917413,-121.434509410218),
(-110.05575441581,8.29799571830294,-126.000000000328),(-109.650935028502,
-0.294263054219878,-121.434509410218),(-109.38690825576,4.13180511198138,
-123.500000005035),(-109.062029404801,2.92947000814585,-122.735151503211),
(-108.547138948036,1.84024233854893,-121.945360602264),(-108.131502586983,
1.20951467673067,-121.434509410218),(-107.827309494363,5.4092988768532,
-123.500000005035),(-105.041886664558,11.5724699227167,-126.000000000328),
(-103.292769343093,8.37073214371677,-123.500000005035),(-99.5775073248666,
14.0222881964592,-126.000000000328),(-98.3507866768344,10.5863468900025,
-123.500000005035),(-97.9852959788765,10.7145290267379,-123.500000005035),
(-97.5252161836593,10.291594064683,-123.124211508587),(-96.698936622971,
9.28934659372147,-122.295512090441),(-96.0822210677872,8.16617060586993,
-121.434509410895),(-93.7971675513406,15.5871278831379,-126.000000000328),
(-92.5660957199223,9.03922720380542,-121.434509410212),(-87.8431984930812,
16.2284574362539,-126.000000000328),(-87.6516005387682,9.56859021652517,
-121.434509410212),(-86.7457507164738,9.58161773415263,-121.434509410212),
(-82.7148003287283,9.32263946744547,-121.434509410212),(-81.8622066284226,
15.9304851937555,-126.000000000328),(-77.877255495299,8.30743108027372,
-121.434509410212),(-76.0014638268767,14.7005482211677,-126.000000000328),
(-73.2580824471941,6.54796285479055,-121.434509410212),(-70.4052810269368,
12.5689316486885,-126.000000000328),(-68.9710205550376,4.0875587380564,
-121.434509410212),(-65.2114548218312,9.58812295077267,-126.000000000328),
(-65.1216315105784,0.986802045050614,-121.434509410212),(-61.8047000475,
-2.67795630360807,-121.434509410212),(-60.5478744500765,5.83151953031478,
-126.000000000328),(-59.101900039362,-6.81647780163669,-121.434509400328),
(-56.5293727379844,1.39162143099713,-126.000000000328),(-53.2548985094196,
-3.62224630714588,-126.000000019809)));
#2636=COORDINATES_LIST('',8,((-56.2539203300839,-29.8239675902305,-120.5),
(-56.2539203300839,-29.8239675902305,-114.9093193),(-48.0642620300012,-32.8047594400033,
-126.),(-42.1150162500201,-34.9701078200553,-131.),(-41.2818667495915,-35.2733494388777,
-125.),(-1.66446112211821,-49.6929058448299,-131.),(-1.66446112211821,-49.6929058448299,
-126.),(-1.66446112211821,-49.6929058448299,-125.)));
#2637=COORDINATES_LIST('',5,((-43.33398761,-2.92525935,-125.),(-41.28186675,
-8.563415075,-125.),(-3.71658198221725,11.4942970512863,-125.),(-2.64326115853353,
8.69242056530141,-125.),(-1.664461124,5.856141332,-125.)));
#2638=COORDINATES_LIST('',8,((-157.161905816934,-87.1684021856921,-121.5),
(-157.161905816934,-87.1684021856921,-121.),(-151.470842591134,-92.8173419224099,
-121.5),(-151.470842591134,-92.8173419224099,-121.),(-145.32820160809,-97.9716297046899,
-121.5),(-145.32820160809,-97.9716297046899,-121.),(-138.7768392,-102.5953048,
-121.5),(-138.7768392,-102.5953048,-121.)));
#2639=COORDINATES_LIST('',15,((-109.426636422712,-50.1794181546141,-123.5),
(-109.136360767699,-51.419049686404,-123.5),(-108.706397323006,-52.4301765390714,
-123.5),(-108.018352359558,-53.5004644672505,-123.5),(-107.490728698792,
-51.6309757517615,-123.5),(-107.2702820101,-54.3203638367417,-123.5),(-106.273853717443,
-55.0913987333953,-123.5),(-105.283744027801,-55.620485707546,-123.5),(-105.074673984789,
-53.1807953224647,-123.5),(-104.085211971568,-56.017308448656,-123.5),(-102.987584064367,
-56.1808825267391,-123.5),(-102.53628843261,-54.5354753010891,-123.5),(-101.716525213516,
-56.1568993748049,-123.5),(-100.635898373245,-55.9479714074851,-123.5),
(-99.8800828928566,-55.6911234053265,-123.5)));
#2640=COORDINATES_LIST('',12,((-96.08222107,-52.00293513,-120.5),(-96.08222107,
-52.00293513,-107.5),(-95.1452281901555,-52.2778746505622,-120.5),(-95.1452281901555,
-52.2778746505622,-114.9093193),(-94.629804981473,-52.4157868772195,-114.938649950132),
(-92.2156683198316,-52.9398264790448,-114.9999999),(-91.6892670520568,-53.0280535256843,
-114.997134585808),(-91.4673280299026,-53.062510240903,-107.5),(-89.2363816698227,
-53.3197637177646,-120.5),(-89.2363816698227,-53.3197637177646,-114.9093193),
(-86.74575072,-53.4183822597501,-120.5),(-86.74575072,-53.4183822597501,
-107.5)));
#2641=COORDINATES_LIST('',37,((-21.4957308086472,-92.3345373778282,-111.5),
(-18.1184651450259,-89.0490125907249,-111.5),(-14.9195292087458,-85.6169840920911,
-111.5),(-13.875261965,-86.83993084,-111.5),(-13.7735094190986,-85.8842988366452,
-111.5),(-13.7615670525418,-87.8485321783083,-111.5),(-13.4462610652783,
-84.9220821236645,-111.5),(-13.4220554501411,-88.8086081543938,-111.5),
(-12.9139507020373,-84.0590477701274,-111.5),(-12.8794257407472,-89.6640054528746,
-111.5),(-12.1985847432816,-83.3351595218033,-111.5),(-12.1553882477421,
-90.3792156891063,-111.5),(-11.9026377913877,-82.0436433552817,-111.5),
(-11.3431222307634,-82.7927413975122,-111.5),(-11.292231433424,-90.9113427816081,
-111.5),(-10.7711086,-101.3335639,-111.5),(-10.3830890411252,-82.4534199542381,
-111.5),(-10.3301031130542,-91.2383205083774,-111.5),(-9.37526196500001,
-91.33993084,-111.5),(-9.37526196500001,-82.33993084,-111.5),(-9.06350333042936,
-78.3252740955675,-111.5),(-8.42042081695506,-82.441541171618,-111.5),(-8.36743488886763,
-91.2264417257602,-111.5),(-7.45829249658204,-82.7685188983908,-111.5),
(-7.40740169922552,-90.8871202824828,-111.5),(-6.59513568225507,-83.3006459908947,
-111.5),(-6.55193918670631,-90.3447021581895,-111.5),(-6.52986062845977,
-74.6575648220529,-111.5),(-6.06882817399999,-73.94947074,-111.5),(-5.87109818925577,
-84.0158562271237,-111.5),(-5.83657322796104,-89.6208139098671,-111.5),
(-5.32846847985786,-84.8712535256052,-111.5),(-5.30426286472072,-88.757779556333,
-111.5),(-4.988956877459,-85.831329501698,-111.5),(-4.97701451089994,-87.7955628433478,
-111.5),(-4.875261965,-86.83993084,-111.5),(4.655794029,-82.94849727,-111.5)));
#2642=COORDINATES_LIST('',5,((-6.06882817643713,-73.9494707429045,-121.5),
(-6.06882817643713,-73.9494707429045,-121.),(-6.06882817643713,-73.9494707429045,
-111.5),(4.65579402387221,-82.9484972761111,-121.5),(4.65579402387221,-82.9484972761111,
-111.5)));
#2643=COORDINATES_LIST('',5,((-16.3295955974658,43.3316376578736,-121.5),
(-16.3295955974658,43.3316376578736,-121.),(-16.3295955974658,43.3316376578736,
-111.5),(-7.3305690653232,54.0562598569149,-121.5),(-7.3305690653232,54.0562598569149,
-111.5)));
#2644=COORDINATES_LIST('',9,((-73.6654182020118,-50.5741827538359,-114.909319274774),
(-73.5938269306566,-50.6981824788627,-115.000000002074),(-73.1811601227238,
-50.3481610314759,-114.938698146311),(-70.9957508136832,-49.198182310941,
-114.999999880052),(-70.536308168241,-48.927721362034,-114.997146933384),
(-68.4692657818024,-47.5741827541986,-114.909319274112),(-68.3976745104472,
-47.6981824792254,-115.000000001412),(-65.6989548998411,-64.3725019602753,
-124.999999999498),(-60.5028024703473,-61.3725019593984,-125.000000001097)));
#2645=COORDINATES_LIST('',6,((3.78485398599999,4.809586455,-121.5),(4.76425355720558,
1.23603861095364,-121.5),(5.79339216719889,-3.29784966061876,-121.5),(6.59856896546168,
-7.88226163712669,-121.5),(19.23995257,8.235899323,-121.5),(22.05366755,
-4.45594877,-121.5)));
#2646=COORDINATES_LIST('',15,((-99.3241059905926,66.6933267841746,-131.),
(-99.3241059905926,66.6933267841746,-126.),(-89.9515890142627,67.5241836796785,
-131.),(-89.9515890142627,67.5241836796785,-126.),(-86.7457507252653,67.5816177458251,
-126.),(-80.5436390661384,67.366464226264,-131.),(-80.5436390661384,67.366464226264,
-126.),(-71.2042388161353,66.221911640036,-131.),(-71.2042388161353,66.221911640036,
-126.),(-62.0366132791359,64.1031762469882,-131.),(-62.0366132791359,64.1031762469882,
-126.),(-53.1420889062141,61.0336756635223,-131.),(-53.1420889062141,61.0336756635223,
-126.),(-44.61897366,57.04733597,-131.),(-44.61897366,57.04733597,-126.)));
#2647=COORDINATES_LIST('',31,((-86.74575072,9.5816177378328,-120.5),(-86.74575072,
9.5816177378328,-107.5),(-81.4626379085518,9.13542135380837,-120.5),(-81.4626379085518,
9.13542135380837,-107.5),(-76.3291953087241,7.80947291367986,-120.5),(-76.3291953087241,
7.80947291367986,-107.5),(-73.6654182124656,6.73741822359851,-120.5),(-73.6654182124656,
6.73741822359851,-114.9093193),(-71.4908529856469,5.64133644280782,-107.5),
(-71.4602306811826,5.62436409918462,-114.997134585783),(-70.9957507222918,
5.3614179580305,-114.9999999),(-68.9064364164327,4.04329844526258,-114.938649950038),
(-68.4692657924352,3.7374182255815,-120.5),(-68.4692657924352,3.7374182255815,
-114.9093193),(-67.0846808345189,2.6924350937917,-120.5),(-67.0846808345189,
2.6924350937917,-107.5),(-63.2355054001882,-0.953688967091269,-120.5),(-63.2355054001882,
-0.953688967091269,-107.5),(-60.0523735499812,-5.19374130353747,-120.5),
(-60.0523735499812,-5.19374130353747,-107.5),(-59.1019000200378,-6.81647779924855,
-120.5),(-58.3060411930772,-8.37464120046544,-120.5),(-58.3060411930772,
-8.37464120046544,-114.9093193),(-57.6256440230696,-9.9071630952834,-114.982240356649),
(-57.6254631836778,-9.90760153327851,-107.5),(-57.3321282084238,-10.6450149453967,
-114.997074617503),(-56.5389911405315,-12.9852039022342,-114.962228030198),
(-56.2539203336428,-14.0127969209445,-120.5),(-56.2539203336428,-14.0127969209445,
-114.9093193),(-56.0235285,-14.96172633,-120.5),(-56.0235285,-14.96172633,
-107.5)));
#2648=COORDINATES_LIST('',68,((-86.74575072,-116.418382300401,-121.000000008398),
(-86.74575072,-114.071851700795,-132.039558506546),(-86.7457507199999,70.2350871807949,
-132.039558506546),(-86.7457507199999,72.5816177804011,-121.000000008398),
(-77.4227388513558,69.7622775307793,-132.039558506546),(-77.4227388513547,
-113.599042050779,-132.039558506546),(-77.1853442881027,-115.933533360704,
-121.00000000851),(-77.1853442881015,72.0967688407279,-121.000000008398),
(-68.1953937005335,68.3487002475555,-132.039558506546),(-68.1953937005324,
-112.185464767555,-132.039558506546),(-67.7230405634937,-114.483961747912,
-121.00000000851),(-67.7230405634901,70.647197227935,-121.000000008398),
(-59.1584003153748,66.0088605469249,-132.039558506546),(-59.1584003153737,
-109.845625066925,-132.039558506546),(-58.4559355869301,-112.08454202833,
-121.00000000851),(-58.4559355869242,68.2477775083532,-121.000000008398),
(-50.4044904770173,62.766768350525,-132.039558506546),(-50.4044904770162,
-106.603532870525,-132.039558506546),(-49.4791223958682,-108.759895495217,
-121.00000000851),(-49.47912239586,64.923130975239,-121.000000008398),(-42.0234911463352,
58.6556919115426,-132.039558506546),(-42.0234911463341,-102.492456431542,
-132.039558506546),(-40.8847152412175,-104.544137520967,-121.00000000851),
(-40.884715241207,60.707373000988,-121.000000008398),(-34.1014027177655,
53.7178164374169,-132.039558506546),(-34.1014027177645,-97.5545809574162,
-132.039558506546),(-32.7609043704757,-99.4805274872277,-121.00000000851),
(-32.7609043704631,55.6437629672479,-121.000000008398),(-26.7195165388838,
48.0038112125255,-132.039558506546),(-26.7195165388829,-91.8405757325248,
-132.039558506546),(-25.1910510764491,-93.6210248851052,-121.00000000851),
(-25.1910510764346,49.7842603651239,-121.000000008398),(-19.9535807511734,
41.5723096627605,-132.039558506546),(-19.9535807511726,-85.4090741827596,
-132.039558506546),(-18.2528322975828,-87.0257561404708,-121.00000000851),
(-18.2528322975664,43.188991620488,-121.000000008398),(-13.8730230115903,
34.4893076972344,-132.039558506546),(-13.8730230115896,-78.3260722172334,
-132.039558506546),(-12.0174435474579,-79.7623976354691,-121.00000000851),
(-12.0174435474399,35.9256331154845,-121.000000008398),(-8.5402380708519,
26.8274865009467,-132.039558506546),(-8.54023807085128,-70.6642510209457,
-132.039558506546),(-6.54886835247985,-71.9054812572558,-121.00000000851),
(-6.54886835246038,28.0687167372693,-121.000000008398),(-4.00994751886115,
18.6654667274719,-132.039558506546),(-4.00994751886062,-62.5022312474708,
-132.039558506546),(-1.90322169431378,-63.535629599978,-121.00000000851),
(-1.90322169429304,19.6988650799895,-121.000000008398),(-0.328638267144105,
10.0870017446633,-132.039558506546),(-0.328638267143688,-53.9237662646622,
-132.039558506546),(1.87182580576317,-54.7387286678583,-121.00000000851),
(1.87182580578499,10.9019641478677,-121.000000008398),(2.46591446976926,
1.1801182117625,-132.039558506546),(2.46591446976956,-45.0168827317614,
-132.039558506546),(3.78485402425593,4.80958646629455,-121.500000008479),
(3.88885968589445,4.83264396718465,-121.000000008398),(4.34503479916416,
-7.96378719324388,-132.039558506546),(4.34503479916434,-35.872977326755,
-132.039558506546),(4.63465147989525,1.7416431283187,-121.500000008577),
(4.73753705194478,-45.6050465685693,-121.00000000851),(5.28944040360491,
-17.2508856272194,-132.039558506546),(5.28944040360496,-26.5858788927794,
-132.039558506546),(6.55945325460529,-7.62455076358842,-121.500000008577),
(6.59856900690493,-7.88226163099953,-121.500000008577),(6.66450596891831,
-36.2283072402962,-121.00000000851),(6.70257466877919,-7.85920413101527,
-121.00000000855),(7.63295924798994,-17.1320358026959,-121.00000000851),
(7.63295924799001,-26.7047287173028,-121.00000000851)));
#2649=COORDINATES_LIST('',17,((-56.0235284967178,-14.961726326338,-123.5),
(-56.0235284959428,-28.8750381902394,-123.5),(-55.8720181635734,-28.170229469518,
-123.5),(-55.5334113737453,-17.6428603685329,-123.5),(-55.4608106105114,
-25.6357972059791,-123.5),(-55.2775024702326,-20.31966182201,-123.5),(-55.2542723431788,
-22.9807121463169,-123.5),(-55.2175524935086,-14.9170567780342,-123.5),
(-54.7501602169876,-28.9030736517018,-123.5),(-54.0966676711893,-15.0110577467803,
-123.5),(-53.638312203402,-28.7327417353841,-123.5),(-52.8650479169614,
-15.3356583431564,-123.5),(-52.8650479157085,-28.5011061734906,-123.5),
(-52.5390131266285,-17.3097296872681,-123.5),(-52.4358779373675,-25.6934442653102,
-123.5),(-52.2744748435792,-20.0978898432222,-123.5),(-52.23947807423,-22.8893417630597,
-123.5)));
#2650=COORDINATES_LIST('',4,((1.66662444394588,4.339986271988,-115.),(1.66662444394588,
4.339986271988,-111.5),(4.48033942480785,-8.3518618210426,-115.),(4.48033942480785,
-8.3518618210426,-111.5)));
#2651=COORDINATES_LIST('',31,((-86.74575072,-53.41838226,-120.5),(-86.74575072,
-53.41838226,-107.5),(-81.4626379081883,-52.9721858759449,-120.5),(-81.4626379081883,
-52.9721858759449,-107.5),(-76.3291953080074,-51.6462374357251,-120.5),
(-76.3291953080074,-51.6462374357251,-107.5),(-73.6654182081659,-50.5741827440181,
-120.5),(-73.6654182081659,-50.5741827440181,-114.9093193),(-73.181932856549,
-50.3485219882379,-114.938649949982),(-71.4910891047662,-49.4782316609802,
-114.996743327534),(-71.4908529845974,-49.4781009647039,-107.5),(-70.9957507203422,
-49.1981824794074,-114.9999999),(-70.5357927007481,-48.9274041048224,-114.997134585767),
(-68.4692657869248,-47.5741827443169,-120.5),(-68.4692657869248,-47.5741827443169,
-114.9093193),(-67.0846808331662,-46.5291996154849,-120.5),(-67.0846808331662,
-46.5291996154849,-107.5),(-63.2355053985707,-42.8830755543511,-120.5),
(-63.2355053985707,-42.8830755543511,-107.5),(-60.0523735481447,-38.6430232176132,
-120.5),(-60.0523735481447,-38.6430232176132,-107.5),(-58.3060411868505,
-35.4621233114999,-120.5),(-58.3060411868505,-35.4621233114999,-114.9093193),
(-57.8638940330297,-34.4917014046535,-114.9622280304),(-57.6255245286628,
-33.9293117230082,-114.982248707348),(-57.6254631816743,-33.9291629875478,
-107.5),(-56.9672278120335,-32.1891939815591,-114.997074617496),(-56.2539203291156,
-29.8239675902293,-120.5),(-56.2539203291156,-29.8239675902293,-114.9093193),
(-56.0235284978863,-28.8750381904786,-120.5),(-56.0235284978863,-28.8750381904786,
-107.5)));
#2652=COORDINATES_LIST('',9,((-73.6654182087779,-50.5741827392944,-120.5),
(-73.6654182087779,-50.5741827392944,-114.9093193),(-73.5938269263276,-50.6981824778797,
-115.),(-69.3077920442949,-58.1218126567062,-126.),(-66.1422644803998,-63.6046672302308,
-131.),(-65.6989548943618,-64.3725019567448,-125.),(-44.6189736504364,-100.884100494478,
-125.),(-44.6189736504364,-100.884100494478,-131.),(-44.6189736504364,-100.884100494478,
-126.)));
#2653=COORDINATES_LIST('',28,((-102.99575072,-21.91838226,-129.),(-102.99575072,
-21.91838226,-126.5),(-102.523555253173,-25.8072618046728,-129.),(-102.523555253173,
-25.8072618046728,-126.5),(-101.134411136865,-29.4701338057112,-129.),(-101.134411136865,
-29.4701338057112,-126.5),(-98.9090503777804,-32.6941254564129,-129.),(-98.9090503777804,
-32.6941254564129,-126.5),(-95.9768028543813,-35.2918700807719,-129.),(-95.9768028543813,
-35.2918700807719,-126.5),(-92.5080801344412,-37.112396203638,-129.),(-92.5080801344412,
-37.112396203638,-126.5),(-88.704471774149,-38.0499014640934,-129.),(-88.704471774149,
-38.0499014640934,-126.5),(-84.787029665851,-38.0499014640934,-129.),(-84.787029665851,
-38.0499014640934,-126.5),(-80.9834213055588,-37.112396203638,-129.),(-80.9834213055588,
-37.112396203638,-126.5),(-77.5146985856187,-35.2918700807719,-129.),(-77.5146985856187,
-35.2918700807719,-126.5),(-74.5824510622196,-32.6941254564129,-129.),(-74.5824510622196,
-32.6941254564129,-126.5),(-72.3570903031354,-29.4701338057112,-129.),(-72.3570903031354,
-29.4701338057112,-126.5),(-70.9679461868267,-25.8072618046728,-129.),(-70.9679461868267,
-25.8072618046728,-126.5),(-70.49575072,-21.91838226,-129.),(-70.49575072,
-21.91838226,-126.5)));
#2654=COORDINATES_LIST('',47,((-118.245750723,-21.91838226,-126.),(-118.245750723,
-21.91838226,-121.4345094),(-117.767194942839,-27.3882998570292,-126.),
(-117.767194942839,-27.3882998570292,-121.4345094),(-117.767194942839,-16.4484646629707,
-126.),(-117.767194942839,-16.4484646629707,-121.4345094),(-116.346068277575,
-32.6920167757846,-126.),(-116.346068277575,-32.6920167757846,-121.4345094),
(-116.346068277575,-11.1447477442154,-126.),(-116.346068277575,-11.1447477442154,
-121.4345094),(-114.389601422305,-37.0202867272411,-121.4345094),(-114.025550941808,
-37.6683822615,-126.),(-114.025550941808,-37.6683822615,-121.4345094),(-114.025550941808,
-6.16838225849999,-126.),(-114.025550941808,-6.16838225849999,-121.4345094),
(-110.876150680546,-42.1661919670543,-126.),(-110.876150680546,-42.1661919670543,
-121.4345094),(-110.876150680546,-1.67057255294564,-126.),(-110.876150680546,
-1.67057255294564,-121.4345094),(-108.131502598371,-45.046279198238,-123.5),
(-108.131502598371,-45.046279198238,-121.4345094),(-108.131502596875,1.20951467962081,
-123.5),(-108.131502596875,1.20951467962081,-121.4345094),(-106.993560427054,
-46.0487822205459,-126.),(-106.993560427054,-46.0487822205459,-123.5),(-106.993560427054,
2.21201770054594,-126.),(-106.993560427054,2.21201770054594,-123.5),(-102.4957507215,
-49.1981824818079,-126.),(-102.4957507215,-49.1981824818079,-123.5),(-102.4957507215,
5.3614179618079,-126.),(-102.4957507215,5.3614179618079,-123.5),(-97.5193852357846,
-51.5186998175752,-126.),(-97.5193852357846,-51.5186998175752,-123.5),(-97.5193852357846,
7.68193529757519,-126.),(-97.5193852357846,7.68193529757519,-123.5),(-96.0822210709633,
-52.0029351331039,-123.5),(-96.0822210709633,-52.0029351331039,-121.4345094),
(-96.082221070114,8.16617061336745,-123.5),(-96.082221070114,8.16617061336745,
-121.4345094),(-92.2156683170293,-52.939826482839,-126.),(-92.2156683170293,
-52.939826482839,-121.4345094),(-92.2156683170293,9.10306196283898,-126.),
(-92.2156683170293,9.10306196283898,-121.4345094),(-86.74575072,-53.418382263,
-126.),(-86.74575072,-53.418382263,-121.4345094),(-86.74575072,9.581617743,
-126.),(-86.74575072,9.581617743,-121.4345094)));
#2655=COORDINATES_LIST('',4,((-120.609844501303,-107.705754004132,-115.),
(-120.609844501303,-107.705754004132,-111.5),(-108.211524103137,-111.614929409949,
-115.),(-108.211524103137,-111.614929409949,-111.5)));
#2656=COORDINATES_LIST('',34,((-86.74575072,-47.91838226,-126.5),(-86.74575072,
-47.91838226,-107.5),(-86.74575072,4.08161774,-126.5),(-86.74575072,4.08161774,
-107.5),(-81.6734023475807,-47.418799550484,-126.5),(-81.6734023475807,
-47.418799550484,-107.5),(-81.6734023475806,3.58203503048399,-126.5),(-81.6734023475806,
3.58203503048399,-107.5),(-76.7959814785077,-45.9392501052935,-126.5),(-76.7959814785077,
-45.9392501052935,-107.5),(-76.7959814785077,2.10248558529345,-126.5),(-76.7959814785077,
2.10248558529345,-107.5),(-72.3009246614904,-43.5365921798662,-126.5),(-72.3009246614904,
-43.5365921798662,-107.5),(-72.3009246614903,-0.300172340133836,-126.5),
(-72.3009246614903,-0.300172340133836,-107.5),(-68.3609744091498,-40.3031585708503,
-126.5),(-68.3609744091498,-40.3031585708503,-107.5),(-68.3609744091497,
-3.53360594914979,-126.5),(-68.3609744091497,-3.53360594914979,-107.5),
(-65.1275408001338,-36.3632083185097,-126.5),(-65.1275408001338,-36.3632083185097,
-107.5),(-65.1275408001338,-7.47355620149035,-126.5),(-65.1275408001338,
-7.47355620149035,-107.5),(-62.7248828747066,-31.8681515014924,-126.5),
(-62.7248828747066,-31.8681515014924,-107.5),(-62.7248828747065,-11.9686130185077,
-126.5),(-62.7248828747065,-11.9686130185077,-107.5),(-61.245333429516,
-26.9907306324193,-126.5),(-61.245333429516,-26.9907306324193,-107.5),(-61.245333429516,
-16.8460338875807,-126.5),(-61.245333429516,-16.8460338875807,-107.5),(-60.74575072,
-21.91838226,-126.5),(-60.74575072,-21.91838226,-107.5)));
#2657=COORDINATES_LIST('',6,((-153.875666481233,41.7198484682891,-111.5),
(-153.6923525,41.51979638,-111.5),(-150.62342014112,44.9840632648935,-111.5),
(-147.216703739224,48.0784010284465,-111.5),(-144.2910611,50.50252117,-111.5),
(-144.1077471,50.30246908,-111.5)));
#2658=COORDINATES_LIST('',4,((-153.875666487793,41.7198484811858,-115.),
(-153.875666487793,41.7198484811858,-111.5),(-153.692352506007,41.5197963744959,
-115.),(-153.692352506007,41.5197963744959,-111.5)));
#2659=COORDINATES_LIST('',5,((-105.2329525,-109.4882022,-125.),(-103.790676869762,
-109.780330106145,-125.),(-99.3241059948756,-110.530091296883,-125.),(-97.91195186,
-67.96874432,-125.),(-92.00310534,-69.01063339,-125.)));
#2660=COORDINATES_LIST('',5,((-34.7146622357748,58.7585402864547,-121.5),
(-34.7146622357748,58.7585402864547,-121.),(-34.7146622357747,58.7585402864547,
-111.5),(-25.7156356999136,69.4831624899276,-121.5),(-25.7156356999136,
69.4831624899276,-111.5)));
#2661=COORDINATES_LIST('',8,((-21.4957308058372,-92.3345373744923,-121.5),
(-21.4957308058372,-92.3345373744923,-121.),(-15.8467910623005,-86.6434741437723,
-121.5),(-15.8467910623005,-86.6434741437723,-121.),(-10.6925032741401,
-80.5008331548344,-121.5),(-10.6925032741401,-80.5008331548344,-121.),(-6.06882817399997,
-73.94947074,-121.5),(-6.06882817399997,-73.94947074,-121.)));
#2662=COORDINATES_LIST('',76,((-86.74575072,-117.9183823,-121.),(-86.74575072,
-117.9183823,-110.),(-86.74575072,74.08161778,-121.),(-86.74575072,74.08161778,
-110.),(-77.0335918051598,-117.425837345417,-121.),(-77.0335918051598,-117.425837345417,
-110.),(-77.0335918051597,73.5890728254167,-121.),(-77.0335918051597,73.5890728254167,
-110.),(-67.4210927834367,-115.953256659421,-121.),(-67.4210927834367,-115.953256659421,
-110.),(-67.4210927834366,72.1164921394207,-121.),(-67.4210927834366,72.1164921394207,
-110.),(-58.0068909025832,-113.51575091257,-121.),(-58.0068909025832,-113.51575091257,
-110.),(-58.006890902583,69.6789863925703,-121.),(-58.006890902583,69.6789863925703,
-110.),(-48.8875886133472,-110.1383322123,-121.),(-48.8875886133472,-110.1383322123,
-110.),(-48.8875886133472,66.3015676923005,-121.),(-48.8875886133472,66.3015676923005,
-110.),(-40.1567622976042,-105.855657444854,-121.),(-40.1567622976042,-105.855657444854,
-110.),(-40.1567622976041,62.0188929248537,-121.),(-40.1567622976041,62.0188929248537,
-110.),(-34.7146622198794,58.7585403211981,-121.),(-34.7146622198794,58.7585403211981,
-111.5),(-31.9040020480492,-100.711672648729,-121.),(-31.9040020480492,
-100.711672648729,-110.),(-31.9040020480491,56.874908128729,-111.5),(-31.9040020480491,
56.874908128729,-110.),(-24.2139923526118,-94.7591620688583,-121.),(-24.2139923526118,
-94.7591620688583,-110.),(-24.2139923526117,50.9223975488582,-111.5),(-24.2139923526117,
50.9223975488582,-110.),(-21.4957307783201,-92.3345374041882,-121.),(-21.4957307783201,
-92.3345374041882,-111.5),(-17.1656431170128,-88.0592065188247,-111.5),
(-17.1656431170128,-88.0592065188247,-110.),(-17.1656431170127,44.2224419988245,
-111.5),(-17.1656431170127,44.2224419988245,-110.),(-16.3295955761776,43.3316376820746,
-121.),(-16.3295955761776,43.3316376820746,-111.5),(-10.8312799423499,-80.68055660906,
-111.5),(-10.8312799423499,-80.68055660906,-110.),(-10.8312799423498,36.8437920890598,
-121.),(-10.8312799423498,36.8437920890598,-110.),(-6.06882813997696,-73.9494707619425,
-121.),(-6.06882813997696,-73.9494707619425,-111.5),(-5.27590196655814,
-72.698927272547,-121.),(-5.27590196655814,-72.698927272547,-110.),(-5.27590196655806,
28.8621627525469,-121.),(-5.27590196655806,28.8621627525469,-110.),(-0.556514885296636,
-64.1962208271487,-121.),(-0.556514885296636,-64.1962208271487,-110.),(-0.556514885296566,
20.3594563071486,-121.),(-0.556514885296566,20.3594563071486,-110.),(3.27845400362982,
-55.259686546995,-121.),(3.27845400362982,-55.259686546995,-110.),(3.27845400362987,
11.4229220269949,-121.),(3.27845400362987,11.4229220269949,-110.),(5.35672574970582,
5.15806203808485,-121.),(5.35672574970582,5.15806203808485,-111.5),(6.1896527298787,
-45.9810253668634,-121.),(6.1896527298787,-45.9810253668634,-110.),(6.18965272987874,
2.14426084686323,-111.5),(6.18965272987874,2.14426084686323,-110.),(8.14720845503746,
-36.4554489064965,-121.),(8.14720845503746,-36.4554489064965,-110.),(8.14720845503747,
-7.38131561350362,-111.5),(8.14720845503747,-7.38131561350362,-110.),(8.17044073232978,
-7.53378605903956,-111.5),(8.17044073232978,-7.53378605903955,-121.),(9.13103400836976,
-26.7807024705425,-121.),(9.13103400836976,-26.7807024705425,-110.),(9.13103400836977,
-17.0560620494577,-121.),(9.13103400836977,-17.0560620494577,-110.)));
#2663=COORDINATES_LIST('',5,((-43.33398761,-40.91150516,-125.),(-41.28186675,
-35.27334944,-125.),(-3.716581984,-55.33106157,-125.),(-3.17844365092963,
-53.9614248120617,-125.),(-1.66446112451359,-49.6929058495617,-125.)));
#2664=COORDINATES_LIST('',5,((-65.6989549,20.53573745,-125.),(-60.50280247,
17.53573745,-125.),(-44.6189736576827,57.0473359612634,-125.),(-40.6782033963578,
54.8151336919849,-125.),(-39.42282124,54.04733597,-125.)));
#2665=COORDINATES_LIST('',37,((-109.490294084291,-48.9218436117487,-122.904419887135),
(-109.447599998923,-48.3785535091265,-107.5),(-109.447266693691,-48.3757314393366,
-122.620443847815),(-109.426636421096,-50.1794181529866,-123.5),(-109.425857508293,
-50.184904300207,-123.5),(-109.425857508293,-50.184904300207,-107.5),(-109.346069870372,
-47.7583465209892,-122.281415865162),(-109.00635274617,-46.626789604294,
-107.5),(-109.005951284634,-46.6257733615538,-121.604641492634),(-108.942573313462,
-51.9255399034744,-123.5),(-108.942573313462,-51.9255399034744,-107.5),
(-108.477222201573,-45.5619758026098,-120.887081636074),(-108.1315026,-45.0462792,
-120.5),(-108.1315026,-45.0462792,-107.5),(-108.029933904055,-53.4845348440478,
-123.5),(-108.029933904055,-53.4845348440478,-107.5),(-106.748720615772,
-54.7580608258247,-123.5),(-106.748720615772,-54.7580608258247,-107.5),
(-105.184261623324,-55.6613016449231,-123.5),(-105.184261623324,-55.6613016449231,
-107.5),(-103.440749125982,-56.1341019071358,-123.5),(-103.440749125982,
-56.1341019071358,-107.5),(-101.634300198357,-56.1449733475911,-123.5),
(-101.634300198357,-56.1449733475911,-107.5),(-99.885223450355,-55.6931919337029,
-123.5),(-99.885223450355,-55.6931919337029,-107.5),(-99.8800828782042,
-55.691123429281,-123.5),(-99.2226318269436,-55.3858066741209,-123.168447115326),
(-98.310006532944,-54.8088460853844,-107.5),(-98.309597773406,-54.8085411138127,
-122.621679096144),(-98.2675122102523,-54.7768919722253,-122.593729558838),
(-97.4071631129401,-54.0050813445122,-121.954216547007),(-97.0135581179037,
-53.5508328010845,-107.5),(-97.0123178066245,-53.5492701634047,-121.604110259685),
(-96.6774068122113,-53.0900810820014,-121.265298620058),(-96.0822210318946,
-52.0029351466642,-120.5),(-96.0822210318946,-52.0029351466642,-107.5)));
#2666=COORDINATES_LIST('',17,((-109.386908255375,-47.9685696315388,-123.5),
(-109.200878374537,-47.1830853328245,-123.5),(-108.79246613437,-46.1350307497458,
-123.5),(-108.131502592198,-45.0462792023698,-123.5),(-107.596875501412,
-45.5298953594796,-123.5),(-107.169986706691,-49.7440726892479,-123.5),
(-105.607596553491,-47.1532276783595,-123.5),(-104.839762636377,-51.3162112109752,
-123.5),(-103.411494576229,-48.6596375944778,-123.5),(-102.404795975578,
-52.6816290794047,-123.5),(-101.095342331058,-49.9700448763888,-123.5),
(-99.8579093090903,-53.8466122837967,-123.5),(-98.649209819664,-51.0868219915455,
-123.5),(-97.9852959631583,-54.5512935444823,-123.5),(-97.0883737235455,
-53.6469798476601,-123.5),(-96.4465240855189,-52.7232656011553,-123.5),
(-96.0822210666538,-52.0029351332295,-123.5)));
#2667=COORDINATES_LIST('',24,((-42.11501625,-8.866656692,-131.),(-42.11501625,
-34.97010782,-131.),(-41.9774898795834,-34.4904720383205,-131.),(-41.3046551129401,
-12.0451254782101,-131.),(-41.2375256936908,-31.4781991719988,-131.),(-40.7233742296941,
-15.2538654051305,-131.),(-40.6797726018247,-28.274145490161,-131.),(-40.3710914269177,
-18.4869507369758,-131.),(-40.3486841689855,-25.0288273260928,-131.),(-40.246039389351,
-21.7522696742355,-131.),(-1.66446112401154,-49.6929058525727,-131.),(-1.664461124,
5.856141332,-131.),(-1.02619792982024,3.82078091754734,-131.),(-0.356878371262942,
-45.3187765232105,-131.),(0.170014835519282,-0.551442340038337,-131.),(0.721206299765416,
-40.9114649214427,-131.),(1.13866431500055,-4.95606861072254,-131.),(1.5688137678212,
-36.4799783219428,-131.),(1.88113617917483,-9.39877911972667,-131.),(2.18845519395225,
-32.0188531809812,-131.),(2.39764329357633,-13.8854496520428,-131.),(2.58147682755633,
-27.5223911121843,-131.),(2.687177796126,-18.4210399082632,-131.),(2.74804919959652,
-22.9847251903605,-131.)));
#2668=COORDINATES_LIST('',122,((-112.736958335343,-22.6055149910982,-126.5),
(-112.687053313238,-20.1483992342616,-126.5),(-112.559490313142,-25.0542868741109,
-126.5),(-112.411916963602,-17.7366348455973,-126.5),(-112.155420505359,
-27.4500335429542,-126.5),(-111.909904812378,-15.3628303013351,-126.5),
(-111.527252719897,-29.7920534307098,-126.5),(-111.17769627299,-13.0235529219582,
-126.5),(-110.673274631383,-32.0906696615616,-126.5),(-110.22745935428,
-10.7531697448809,-126.5),(-109.607990227896,-34.3066832345781,-126.5),
(-109.084879912018,-8.60732727822594,-126.5),(-108.351227929485,-36.3910410471509,
-126.5),(-107.748487127943,-6.58487997621593,-126.5),(-106.908656616617,
-38.3381269451407,-126.5),(-106.211930304218,-4.68077159765535,-126.5),
(-105.275112898386,-40.1574755992083,-126.5),(-104.4930799532,-2.91684715923353,
-126.5),(-103.468590551329,-41.8298139656976,-126.5),(-102.99575072,-21.91838226,
-126.5),(-102.974514210087,-22.7611334070866,-126.5),(-102.881727164745,
-19.9781731972465,-126.5),(-102.763976148214,-24.6704583548673,-126.5),
(-102.639165449474,-1.33693324717447,-126.5),(-102.540350925092,-18.0862985428418,
-126.5),(-102.325109456296,-26.5449201732612,-126.5),(-101.974777996126,
-16.2482112150163,-126.5),(-101.660326818109,-28.3697741011116,-126.5),
(-101.530808114535,-43.3112086709701,-126.5),(-101.189990920618,-14.470582670643,
-126.5),(-100.7937327707,-30.0913613638666,-126.5),(-100.655087237254,0.0537899310611052,
-126.5),(-100.207525405112,-12.8111091547423,-126.5),(-99.732081649944,
-31.6908354099854,-126.5),(-99.4750114088105,-44.5932064537961,-126.5),
(-99.0389759208525,-11.289386468475,-126.5),(-98.531411324715,1.25916200860572,
-126.5),(-98.474802038704,-33.1654027173795,-126.5),(-97.6836274076896,
-9.89997529033826,-126.5),(-97.2933614921726,-45.6831206045026,-126.5),
(-97.0546388169823,-34.4820491428296,-126.5),(-96.2851134407694,2.26855497138917,
-126.5),(-96.1798166306814,-8.68375809312147,-126.5),(-95.5036495153319,
-35.6099429460783,-126.5),(-94.9978976887188,-46.5757625315197,-126.5),
(-94.5546060209131,-7.66537229492007,-126.5),(-93.9752058563705,3.05967663626358,
-126.5),(-93.8155529748134,-36.5506790577316,-126.5),(-92.8051811242395,
-6.8403628475728,-126.5),(-92.6470001086409,-47.2445319797201,-126.5),(-92.0195884558656,
-37.289712705941,-126.5),(-91.6194655559858,3.62574010551401,-126.5),(-90.9666068427289,
-6.2236696973753,-126.5),(-90.2636435706685,-47.6833024010664,-126.5),(-90.1709064587414,
-37.8063985121341,-126.5),(-89.207036942008,3.96748730692144,-126.5),(-89.0853229851438,
-5.83499748830296,-126.5),(-88.2663592518899,-38.0986659469705,-126.5),
(-87.8393337487009,-47.8960766293732,-126.5),(-87.1669852622404,-5.67364684891154,
-126.5),(-86.74575072,-47.91838226,-126.5),(-86.74575072,4.08161774,-126.5),
(-86.3245161777592,-38.1631176710884,-126.5),(-85.6521676913055,4.05931210937297,
-126.5),(-85.2251421881099,-5.73809857302948,-126.5),(-84.4061784548571,
-38.001767031695,-126.5),(-84.2844644980034,-47.8042518269214,-126.5),(-83.3205949812585,
-6.03036600786586,-126.5),(-83.2278578693412,3.84653788106349,-126.5),(-82.5248945972568,
-37.613094822617,-126.5),(-81.8720358840283,-47.4625046255134,-126.5),(-81.4719129841344,
-6.54705181405906,-126.5),(-80.8445013313497,3.40776745971013,-126.5),(-80.6863203157472,
-36.9964016724212,-126.5),(-79.6759484651848,-7.28608546226922,-126.5),
(-79.5162955836349,-46.8964411562611,-126.5),(-78.9368954190903,-36.1713922250863,
-126.5),(-78.4936037512463,2.73899801150133,-126.5),(-77.9878519246645,
-8.22682157392314,-126.5),(-77.3116848093306,-35.1530064268914,-126.5),
(-77.2063879992162,-46.1053194913824,-126.5),(-76.4368626230161,-9.35471537717057,
-126.5),(-76.1981399478048,1.84635608449571,-126.5),(-75.8078740323175,
-33.9367892296694,-126.5),(-75.0166994012989,-10.671361802618,-126.5),(-74.9600901152643,
-45.095926528599,-126.5),(-74.452525519148,-32.5473780515243,-126.5),(-74.0164900312022,
0.756441933810699,-126.5),(-73.7594197900588,-12.1459291100124,-126.5),
(-73.2839760348864,-31.0256553652542,-126.5),(-72.8364142027394,-43.890554451061,
-126.5),(-72.6977686693001,-13.745403156134,-126.5),(-72.3015105193814,
-29.3661818493545,-126.5),(-71.9606933254861,-0.525555849010984,-126.5),
(-71.8311746218906,-15.4669904188882,-126.5),(-71.5167234438736,-27.5885533049837,
-126.5),(-71.1663919837037,-17.2918443467388,-126.5),(-70.9511505149083,
-25.7504659771582,-126.5),(-70.8523359905272,-42.4998312728291,-126.5),
(-70.7275252917861,-19.1663061651328,-126.5),(-70.609774275255,-23.8585913227535,
-126.5),(-70.5169872299132,-21.0756311129135,-126.5),(-70.49575072,-21.91838226,
-126.5),(-70.0229108886774,-2.00695055429752,-126.5),(-68.998421486801,
-40.9199173607673,-126.5),(-68.2163885416049,-3.6792889208003,-126.5),(-67.2795711357834,
-39.1559929223464,-126.5),(-66.5828448233856,-5.49863757485304,-126.5),
(-65.7430143120614,-37.2518845437878,-126.5),(-65.1402735105206,-7.44572347283876,
-126.5),(-64.4066215279854,-35.2294372417761,-126.5),(-63.883511212106,
-9.53008128541929,-126.5),(-63.2640420857193,-33.0835947751156,-126.5),
(-62.818226808616,-11.7460948584406,-126.5),(-62.3138051670118,-30.8132115980471,
-126.5),(-61.9642487200971,-14.0447110892972,-126.5),(-61.5815966276311,
-28.47393421869,-126.5),(-61.3360809346346,-16.386730977039,-126.5),(-61.0795844764094,
-26.1001296744272,-126.5),(-60.9320111268535,-18.7824776458488,-126.5),
(-60.8044481267679,-23.6883652857335,-126.5),(-60.7545431046543,-21.2312495288571,
-126.5)));
#2669=COORDINATES_LIST('',4,((-166.160932400122,-97.8930243701451,-121.5),
(-166.160932400122,-97.8930243701451,-111.5),(-147.775865728605,-113.31992703409,
-121.5),(-147.775865728605,-113.31992703409,-111.5)));
#2670=COORDINATES_LIST('',6,((3.78485398587469,4.80958645556525,-121.5),
(3.88885964805505,4.83264395575169,-121.),(5.35672571188328,5.15806202752647,
-121.),(5.35672571188328,5.15806202752647,-111.5),(19.2399525702635,8.23589932181148,
-121.5),(19.2399525702635,8.23589932181148,-111.5)));
#2671=COORDINATES_LIST('',37,((-34.71466224,58.75854029,-111.5),(-34.0065681579471,
58.2975078315403,-111.5),(-30.3388588844325,55.7638651295706,-111.5),(-26.6204896247183,
52.9247306686122,-111.5),(-26.32420214,55.4521065,-111.5),(-26.2225918083863,
56.4069476480366,-111.5),(-26.2107130257626,54.4442794238883,-111.5),(-25.8956140816058,
57.369075968423,-111.5),(-25.8713915824909,53.4842462342409,-111.5),(-25.7156357,
69.48316249,-111.5),(-25.3634869890989,58.2322327827487,-111.5),(-25.328973458197,
52.6287837217196,-111.5),(-24.6482767528825,58.9562702757418,-111.5),(-24.6050852098729,
51.9134177629617,-111.5),(-23.7928794543991,59.4988999851404,-111.5),(-23.7420508563347,
51.3811073997212,-111.5),(-23.0471488879087,49.907839251254,-111.5),(-22.832803478302,
59.838411587541,-111.5),(-22.7798341433561,51.0538590459017,-111.5),(-21.82420214,
50.9521065,-111.5),(-21.82420214,59.9521065,-111.5),(-20.8685701366434,
59.8503539540956,-111.5),(-20.815600801695,51.0658014124586,-111.5),(-19.9063534236656,
59.5231056002805,-111.5),(-19.8555248256123,51.4053130148557,-111.5),(-19.6151203892751,
46.7089033149741,-111.5),(-19.0433190701376,58.9907952370442,-111.5),(-19.0001275271341,
51.9479427242505,-111.5),(-18.319430821809,58.2754292782921,-111.5),(-18.2849172908935,
52.6719802172534,-111.5),(-17.7770126975136,57.4199667657677,-111.5),(-17.7527901983893,
53.5351370315847,-111.5),(-17.4376912542383,56.4599335761148,-111.5),(-17.4258124716135,
54.4972653519652,-111.5),(-17.32420214,55.4521065,-111.5),(-16.3295956021718,
43.3316376513528,-111.5),(-7.330569069,54.05625986,-111.5)));
#2672=COORDINATES_LIST('',9,((-176.1954573,-18.91838226,-131.),(-176.1954573,
-18.91838226,-126.),(-176.1954573,-18.91838226,-125.),(-134.0354948,-18.91838226,
-125.),(-133.1488756,-18.91838226,-131.),(-126.8178205,-18.91838226,-126.),
(-118.2457507,-18.91838226,-115.),(-118.1025682,-18.91838226,-120.5),(-118.1025682,
-18.91838226,-114.9093193)));
#2673=COORDINATES_LIST('',26,((5.52751088201276,0.785331929920863,-117.698563805259),
(5.61083329277963,0.409488825977572,-118.225561438318),(5.72083828074403,
-0.0867116049180949,-118.634964910663),(5.85002918774786,-0.669454123319594,
-118.898874052152),(5.98960186695318,-1.29902578951855,-118.999303890874),
(6.13004467090132,-1.93252233476445,-118.929410299269),(6.26178665457017,
-2.52677201628515,-118.693956410114),(6.37584981946246,-3.04127770022008,
-118.308988016891),(6.46446094936816,-3.44097667437558,-117.80074007948),
(6.47722904567731,-3.49856983453638,-115.301436185414),(6.52158134220476,
-3.69863011412345,-117.203848854989),(6.52819059519441,-3.72844252756079,
-115.9101139603),(6.54331833758588,-3.79667936329006,-116.558991494066),
(20.1719509741342,4.0319261603437,-117.698563805259),(20.2552733849011,
3.65608305640041,-118.225561438318),(20.3652783728655,3.15988262550475,
-118.634964910663),(20.4944692798693,2.57714010710325,-118.898874052152),
(20.6340419590746,1.94756844090429,-118.999303890874),(20.7744847630228,
1.31407189565839,-118.929410299269),(20.9062267466916,0.719822214137695,
-118.693956410114),(21.0202899115839,0.205316530202764,-118.308988016891),
(21.1089010414896,-0.194382443952741,-117.80074007948),(21.1216691377988,
-0.251975604113536,-115.301436185414),(21.1660214343262,-0.452035883700609,
-117.203848854989),(21.1726306873159,-0.481848297137946,-115.9101139603),
(21.1877584297073,-0.550085132867222,-116.558991494066)));
#2674=COORDINATES_LIST('',37,((-56.0235285,-28.87503819,-120.5),(-56.0235285,
-28.87503819,-107.5),(-56.0235285,-14.96172633,-120.5),(-56.0235285,-14.96172633,
-107.5),(-55.4040623289867,-28.9165918480251,-120.887081642448),(-54.7844396158065,
-14.9335993665513,-121.26529861713),(-54.2193147089962,-14.994046254376,
-121.604110257469),(-54.2184220789555,-28.8425858868986,-121.604641496255),
(-54.2173412696084,-28.8424254434161,-107.5),(-54.2173412696084,-14.9943390765839,
-107.5),(-53.627148004744,-15.1080867264984,-121.95421653973),(-53.0675256605086,
-28.5708506435152,-122.281415866607),(-52.5285658579833,-15.4672655792157,
-122.593729548848),(-52.4822562395952,-28.3497972100898,-122.620443840886),
(-52.4801140959267,-15.4878881835662,-122.621679097844),(-52.4796456028503,
-28.3486748259992,-107.5),(-52.4796456028503,-15.4880896940008,-107.5),
(-51.9877955184841,-28.1140039324701,-122.904419886378),(-51.5236704635206,
-15.9899660661256,-123.168447102132),(-50.9305328506251,-16.4066770117766,
-123.5),(-50.930532846246,-27.4300875047949,-123.5),(-50.9261711765487,
-27.426669886047,-123.5),(-50.9261711765487,-27.426669886047,-107.5),(-50.9261711765487,
-16.410094633953,-123.5),(-50.9261711765487,-16.410094633953,-107.5),(-49.6603786235103,
-26.1378156991267,-123.5),(-49.6603786235103,-26.1378156991267,-107.5),
(-49.6603786235103,-17.6989488208733,-123.5),(-49.6603786235103,-17.6989488208733,
-107.5),(-48.7665691052622,-24.5679493202402,-123.5),(-48.7665691052622,
-24.5679493202402,-107.5),(-48.7665691052622,-19.2688151997599,-123.5),
(-48.7665691052622,-19.2688151997599,-107.5),(-48.3042698961521,-22.821623078175,
-123.5),(-48.3042698961521,-22.821623078175,-107.5),(-48.3042698961521,
-21.0151414418251,-123.5),(-48.3042698961521,-21.0151414418251,-107.5)));
#2675=COORDINATES_LIST('',10,((-120.364243890883,-54.0438693112883,-131.000000015928),
(-115.532516786164,-58.4364887194022,-131.000000003713),(-115.514374292716,
-49.9743455228964,-126.000000012852),(-111.622599503721,-53.4764742725015,
-126.000000012852),(-109.995750735199,-62.1885635263108,-131.000000003713),
(-106.83785600443,-56.7189294125523,-126.000000012852),(-103.977975612294,
-65.1075061824612,-131.000000003713),(-101.637435734821,-59.2414112675306,
-126.000000012852),(-97.7579920612356,-67.0955948850688,-131.000000003713),
(-96.6586158757655,-60.8607227299978,-126.000000012852)));
#2676=COORDINATES_LIST('',43,((-118.245750727602,-21.91838226,-114.9999999),
(-118.245750727602,-21.9183822589816,-107.5),(-118.24122878628,-22.4521067726737,
-114.997134585825),(-118.148882897543,-19.4499232429727,-114.938649950388),
(-118.102568168476,-24.918382256984,-120.5),(-118.102568168476,-24.918382256984,
-114.9093193),(-118.102568168476,-18.918382263016,-120.5),(-118.102568168476,
-18.918382263016,-114.9093193),(-117.818430107682,-27.0893199070125,-120.5),
(-117.818430107682,-27.0893199070125,-107.5),(-117.818430107347,-16.7474446109784,
-120.5),(-117.818430107347,-16.7474446109784,-107.5),(-116.548062083283,
-32.1199624260768,-120.5),(-116.548062083283,-32.1199624260768,-107.5),
(-116.548062082623,-11.7168020919962,-120.5),(-116.548062082623,-11.7168020919962,
-107.5),(-114.469113603726,-36.8738210999734,-120.5),(-114.469113603726,
-36.8738210999734,-107.5),(-114.469113602759,-6.96294341823408,-120.5),
(-114.469113602759,-6.96294341823408,-107.5),(-114.389601425884,-37.0202867302897,
-120.5),(-112.69482930879,-39.7760226660491,-120.5),(-112.69482930879,-39.7760226660491,
-114.9093193),(-112.694829306922,-4.06074185123647,-120.5),(-112.694829306922,
-4.06074185123647,-114.9093193),(-112.388640491749,-40.2129772167863,-114.938649951154),
(-111.638255559497,-2.6151907286871,-114.985187165517),(-111.638222650254,
-41.2216162294792,-114.985188476),(-111.637989593024,-41.2219167645213,
-107.5),(-111.637989591776,-2.61484775386922,-107.5),(-111.215758180931,
-2.08233589634799,-114.997134585996),(-110.876150695583,-42.1661919562938,
-114.9999999),(-110.876150691644,-1.67057255901159,-114.9999999),(-110.529615156577,
-42.5721420373738,-114.997134585372),(-109.215250740343,0.158111331935766,
-114.938649950741),(-108.838103627223,-44.3722893476687,-114.9093193),(-108.838103627223,
-44.3722893476687,-120.5),(-108.838103625973,0.535524828898428,-120.5),
(-108.838103625973,0.535524828898428,-114.9093193),(-108.131502601495,-45.0462792016172,
-120.5),(-108.131502601495,-45.0462792016172,-107.5),(-108.1315026,1.209514683,
-120.5),(-108.1315026,1.209514683,-107.5)));
#2677=COORDINATES_LIST('',77,((-182.622535408421,-26.7807024685163,-121.),
(-182.622535408421,-26.7807024685163,-110.),(-182.622535408421,-17.0560620514836,
-121.),(-182.622535408421,-17.0560620514836,-110.),(-181.638709855499,-36.4554489004393,
-121.),(-181.638709855499,-36.4554489004393,-110.),(-181.638709855499,-7.38131561956061,
-121.),(-181.638709855499,-7.38131561956061,-110.),(-179.681154131156,-45.9810253568371,
-121.),(-179.681154131156,-45.9810253568371,-110.),(-179.681154131156,2.1442608368372,
-121.),(-179.681154131156,2.1442608368372,-110.),(-176.76995540612,-55.2596865331027,
-121.),(-176.76995540612,-55.2596865331027,-110.),(-176.76995540612,11.4229220131028,
-121.),(-176.76995540612,11.4229220131028,-110.),(-172.934986518791,-64.1962208095328,
-121.),(-172.934986518791,-64.1962208095328,-110.),(-172.934986518791,20.3594562895329,
-121.),(-172.934986518791,20.3594562895329,-110.),(-168.215599439496,-72.6989272513883,
-121.),(-168.215599439496,-72.6989272513883,-110.),(-168.215599439496,28.8621627313884,
-121.),(-168.215599439496,28.8621627313884,-110.),(-167.422673276395,30.1127062047765,
-121.),(-167.422673276395,30.1127062047765,-111.5),(-162.660221466019,-80.6805565845756,
-121.),(-162.660221466019,-80.6805565845756,-110.),(-162.660221466019,36.8437920645757,
-111.5),(-162.660221466019,36.8437920645757,-110.),(-157.161905820989,-87.1684021894489,
-121.),(-157.161905820989,-87.1684021894489,-111.5),(-156.325858293996,
-88.0592064912658,-111.5),(-156.325858293996,-88.0592064912658,-110.),(-156.325858293996,
44.2224419712659,-111.5),(-156.325858293996,44.2224419712659,-110.),(-151.995770635524,
48.4977728538921,-111.5),(-149.277509061333,-94.7591620385079,-111.5),(-149.277509061333,
-94.7591620385079,-110.),(-149.277509061333,50.9223975185079,-111.5),(-149.277509061333,
50.9223975185079,-110.),(-146.661272180512,53.0891526156036,-121.),(-146.661272180512,
53.0891526156036,-111.5),(-141.5874993691,-100.711672615898,-111.5),(-141.5874993691,
-100.711672615898,-110.),(-141.5874993691,56.8749080958985,-121.),(-141.5874993691,
56.8749080958985,-110.),(-138.776839202996,-102.595304804645,-121.),(-138.776839202996,
-102.595304804645,-111.5),(-133.334739122984,-105.85565740988,-121.),(-133.334739122984,
-105.85565740988,-110.),(-133.334739122984,62.0188928898799,-121.),(-133.334739122984,
62.0188928898799,-110.),(-124.603912810879,-110.138332175542,-121.),(-124.603912810879,
-110.138332175542,-110.),(-124.603912810879,66.3015676555422,-121.),(-124.603912810879,
66.3015676555422,-110.),(-121.74642071724,-111.31051334403,-121.),(-121.74642071724,
-111.31051334403,-111.5),(-115.484610525442,-113.515750874405,-111.5),(-115.484610525442,
-113.515750874405,-110.),(-115.484610525442,69.6789863544047,-121.),(-115.484610525442,
69.6789863544047,-110.),(-109.348100312327,-115.219688750886,-121.),(-109.348100312327,
-115.219688750886,-111.5),(-106.070408648511,-115.953256620239,-121.),(-106.070408648511,
-115.953256620239,-110.),(-106.070408648511,72.1164921002395,-121.),(-106.070408648511,
72.1164921002395,-110.),(-96.4579096307936,-117.425837305622,-121.),(-96.4579096307936,
-117.425837305622,-110.),(-96.4579096307935,73.5890727856219,-121.),(-96.4579096307935,
73.5890727856219,-110.),(-86.74575072,-117.91838226,-121.),(-86.74575072,
-117.91838226,-110.),(-86.74575072,74.08161774,-121.),(-86.74575072,74.08161774,
-110.)));
#2678=COORDINATES_LIST('',14,((-39.42282124,-97.88410048,-131.),(-39.42282124,
-97.88410048,-126.),(-31.7089921740601,-92.4960360039818,-131.),(-31.7089921740601,
-92.4960360039818,-126.),(-24.6034645053642,-86.3279022338966,-131.),(-24.6034645053642,
-86.3279022338966,-126.),(-18.1847730626928,-79.4478733226168,-131.),(-18.1847730626928,
-79.4478733226168,-126.),(-12.5238613223007,-71.9319917426716,-131.),(-12.5238613223007,
-71.9319917426716,-126.),(-7.68329729531968,-63.8633278162854,-131.),(-7.68329729531968,
-63.8633278162854,-126.),(-3.71658198614859,-55.3310615691353,-131.),(-3.71658198614859,
-55.3310615691353,-126.)));
#2679=COORDINATES_LIST('',28,((-102.9957507,-21.91838226,-129.),(-102.9957507,
-21.91838226,-126.5),(-102.523555233755,-18.0295027201135,-129.),(-102.523555233755,
-18.0295027201135,-126.5),(-101.134411119156,-14.3666307235832,-129.),(-101.134411119156,
-14.3666307235832,-126.5),(-98.9090503628102,-11.1426390768495,-129.),(-98.9090503628102,
-11.1426390768495,-126.5),(-95.97680284302,-8.54489445568776,-129.),(-95.97680284302,
-8.54489445568776,-126.5),(-92.5080801273491,-6.72436833506234,-129.),(-92.5080801273491,
-6.72436833506234,-126.5),(-88.7044717717383,-5.7868630757608,-129.),(-88.7044717717383,
-5.7868630757608,-126.5),(-84.7870296682617,-5.7868630757608,-129.),(-84.7870296682617,
-5.7868630757608,-126.5),(-80.9834213126509,-6.72436833506234,-129.),(-80.9834213126509,
-6.72436833506234,-126.5),(-77.51469859698,-8.54489445568776,-129.),(-77.51469859698,
-8.54489445568776,-126.5),(-74.5824510771898,-11.1426390768495,-129.),(-74.5824510771898,
-11.1426390768495,-126.5),(-72.3570903208445,-14.3666307235832,-129.),(-72.3570903208445,
-14.3666307235832,-126.5),(-70.9679462062455,-18.0295027201135,-129.),(-70.9679462062455,
-18.0295027201135,-126.5),(-70.49575074,-21.91838226,-129.),(-70.49575074,
-21.91838226,-126.5)));
#2680=COORDINATES_LIST('',5,((-178.147295488331,39.111732773907,-121.5),
(-178.147295488331,39.111732773907,-111.5),(-167.422673284858,30.1127062380459,
-121.5),(-167.422673284858,30.1127062380459,-121.),(-167.422673284858,30.1127062380459,
-111.5)));
#2681=COORDINATES_LIST('',9,((-124.900159204666,6.18074597091553,-124.999999990382),
(-121.043433594256,10.7770126251803,-125.000000011839),(-112.804513504023,
-3.96870587762389,-114.999999991707),(-112.694829315377,-4.06074184309728,
-114.909319268305),(-111.215383146913,-2.08186251576002,-114.997146908762),
(-110.876150516045,-1.67057266553683,-114.999999866928),(-109.215853319461,
0.157507951866853,-114.938698131775),(-108.947787811033,0.627560786857515,
-114.999999977259),(-108.8381036224,0.535524821295947,-114.909319253829)));
#2682=COORDINATES_LIST('',28,((-117.702192192755,-111.768120631113,-116.563678502904),
(-117.659238236477,-111.781663961506,-116.01780505088),(-117.600648556422,
-111.800137216668,-117.203848827873),(-117.481145427156,-111.837816408595,
-115.458474041696),(-117.405215100823,-111.861757148527,-115.301436153505),
(-117.397094232122,-111.864317648594,-117.724473260105),(-117.061946422147,
-111.969989347178,-118.209668992216),(-117.040427421555,-111.976774262003,
-114.76819785085),(-116.64059871262,-112.102839769694,-114.415207801337),
(-116.639361460619,-112.103229873751,-118.578825758267),(-116.136062242454,
-112.261919507688,-114.153038620425),(-116.11250141973,-112.269348206558,
-118.858447037687),(-115.568622657099,-112.440832521719,-118.993453240059),
(-115.545363917841,-112.448165974038,-114.007819813419),(-115.080239459024,
-112.594819152586,-118.992180186581),(-115.056980719765,-112.602152604906,
-114.006546759941),(-114.513101957135,-112.773636920067,-114.141552962313),
(-114.489541134411,-112.781065618937,-118.846961379575),(-113.986241916245,
-112.939755252874,-114.421174241734),(-113.985004664245,-112.940145356931,
-118.584792198663),(-113.58517595531,-113.066210864622,-118.23180214915),
(-113.563656954716,-113.072995779447,-114.790331007785),(-113.228509144741,
-113.178667478032,-115.275526739895),(-113.220388276042,-113.181227978097,
-117.698563846495),(-113.14445794971,-113.20516871803,-117.541525958304),
(-113.024954820443,-113.242847909956,-115.796151172127),(-112.966365140388,
-113.261321165119,-116.982194949118),(-112.923411184111,-113.274864495511,
-116.436321497092)));
#2683=COORDINATES_LIST('',84,((-182.741387318211,-23.2072874645585,-121.),
(-182.693974185133,-18.5365262475492,-121.),(-182.55983917772,-27.9009068260245,
-121.),(-182.417857104066,-13.8829610370679,-121.),(-182.148794943049,-32.6136553207501,
-121.),(-181.912186920762,-9.2409999183052,-121.),(-181.511532519316,-37.2895593753533,
-121.),(-181.236719333009,-23.2817788616054,-121.),(-181.188045821193,-18.61492074668,
-121.),(-181.175011722311,-4.60517474819007,-121.),(-181.057034775986,-27.9237100161224,
-121.),(-180.910969697429,-13.9543310891701,-121.),(-180.651970402471,-41.8964688002942,
-121.),(-180.648887333175,-32.5454673654577,-121.),(-180.406333884761,-9.33137915931238,
-121.),(-180.205723130497,0.0194703189646608,-121.),(-180.011082515557,
-37.1526146051691,-121.),(-179.675350135459,-4.74966809391794,-121.),(-179.571528872094,
-46.435605796375,-121.),(-179.143464868518,-41.7405681160989,-121.),(-179.014131351028,
4.59223593540463,-121.),(-178.717791782638,-0.203514648415237,-121.),(-178.270013569913,
-50.9127263952616,-121.),(-178.053105187245,-46.2777611717347,-121.),(-177.613273452082,
9.06718189825987,-121.),(-177.532674276048,4.31134156486956,-121.),(-176.747256937587,
-50.7353548094829,-121.),(-176.746150474965,-55.3333267780947,-121.),(-176.127846781557,
8.76330667573975,-121.),(-176.002906824448,13.4477218910759,-121.),(-175.224561997258,
-55.1182333389206,-121.),(-174.997599724542,-59.7026032851911,-121.),(-174.511545679445,
13.1231050713955,-121.),(-174.181184680524,17.7391932590564,-121.),(-173.482478434238,
-59.4314911246474,-121.),(-173.029514590153,-64.0061467250775,-121.),(-172.685582957728,
17.3882719828925,-121.),(-172.1452384137,21.9465001732477,-121.),(-171.522318234113,
-63.6698797319108,-121.),(-170.863958144586,-68.1909097771448,-121.),(-170.648326316204,
21.5642532335413,-121.),(-169.89120584886,26.0740552146223,-121.),(-169.359093677342,
-67.8036557143352,-121.),(-168.511793990755,-72.2366321287163,-121.),(-168.397960954258,
25.65456225748,-121.),(-167.422673267744,30.1127062182869,-121.),(-167.006102480803,
-71.807974564514,-121.),(-165.972239634266,-76.1479996694772,-121.),(-165.950338200957,
29.6293657590342,-121.),(-165.174425586265,33.4443295703212,-121.),(-164.460699441069,
-75.6874504565498,-121.),(-163.320200591205,33.4630252358753,-121.),(-163.243012559474,
-79.9302554440587,-121.),(-162.381195374325,37.2040433334047,-121.),(-161.719153585121,
-79.4463877875618,-121.),(-160.509516585968,37.1542122766979,-121.),(-160.32090094427,
-83.5880344106434,-121.),(-159.404370776614,40.8258015607047,-121.),(-158.784559799413,
-83.0793330744805,-121.),(-157.515354975545,40.7077959294529,-121.),(-157.161905837828,
-87.1684021713528,-121.),(-156.245877529484,44.3064799384405,-121.),(-155.679378973508,
-86.5603823542794,-121.),(-155.2301242,43.19797968,-121.),(-153.876381050725,
-90.5456678349736,-121.),(-152.421427011368,-89.8698882605576,-121.),(-150.444352552092,
-93.7446037712537,-121.),(-149.006873452098,-93.0117995568519,-121.),(-146.871011815282,
-96.7614951886118,-121.),(-145.431031497398,-95.9893593416502,-121.),(-143.152642555568,
-99.6006296495702,-121.),(-141.698942531354,-98.7974906368663,-121.),(-139.484933282054,
-102.13427235154,-121.),(-138.776839198665,-102.595304808329,-121.),(-137.839577999306,
-101.415953213685,-121.),(-134.764579746956,-105.046702846319,-121.),(-133.873406911351,
-103.831071448321,-121.),(-130.649000050182,-107.292464356638,-121.),(-129.795635714495,
-106.045783312899,-121.),(-126.433982150228,-109.331102678354,-121.),(-125.60091065468,
-108.062063494438,-121.),(-122.339462517451,-111.076059759129,-121.),(-121.7464207,
-111.3105133,-121.),(-121.294308,-109.876595,-121.)));
#2684=COORDINATES_LIST('',15,((-99.3241059900001,-110.5300913,-131.),(-99.3241059900001,
-110.5300913,-126.),(-89.9515890148957,-111.360948195437,-131.),(-89.9515890148957,
-111.360948195437,-126.),(-86.7457507185502,-111.418382261609,-126.),(-80.5436390679959,
-111.203228742166,-131.),(-80.5436390679959,-111.203228742166,-126.),(-71.2042388191853,
-110.058676156292,-131.),(-71.2042388191853,-110.058676156292,-126.),(-62.036613283316,
-107.939940763802,-131.),(-62.036613283316,-107.939940763802,-126.),(-53.1420889114327,
-104.870440181087,-131.),(-53.1420889114327,-104.870440181087,-126.),(-44.6189736661376,
-100.884100488495,-131.),(-44.6189736661376,-100.884100488495,-126.)));
#2685=COORDINATES_LIST('',4,((-156.245877515859,44.3064799254675,-121.5),
(-156.245877515859,44.3064799254675,-121.),(-155.230124191597,43.1979796877,
-121.),(-155.158152982827,43.1194368957363,-121.5)));
#2686=COORDINATES_LIST('',26,((-156.16729929,-99.28887101,-121.5),(-156.16729929,
-99.28887101,-111.5),(-156.013965508642,-100.453556710373,-121.5),(-156.013965508642,
-100.453556710373,-111.5),(-156.013965508642,-98.1241853096269,-121.5),
(-156.013965508642,-98.1241853096269,-111.5),(-155.56441360837,-101.538871005,
-121.5),(-155.56441360837,-101.538871005,-111.5),(-155.56441360837,-97.038871015,
-121.5),(-155.56441360837,-97.038871015,-111.5),(-154.849279808268,-102.470851518268,
-121.5),(-154.849279808268,-102.470851518268,-111.5),(-154.849279808268,
-96.1068905017316,-121.5),(-154.849279808268,-96.1068905017316,-111.5),
(-153.917299295,-103.18598531837,-121.5),(-153.917299295,-103.18598531837,
-111.5),(-153.917299295,-95.3917567016303,-121.5),(-153.917299295,-95.3917567016303,
-111.5),(-152.831985000373,-103.635537218642,-121.5),(-152.831985000373,
-103.635537218642,-111.5),(-152.831985000373,-94.9422048013585,-121.5),
(-152.831985000373,-94.9422048013585,-111.5),(-151.6672993,-103.788871,
-121.5),(-151.6672993,-103.788871,-111.5),(-151.6672993,-94.78887102,-121.5),
(-151.6672993,-94.78887102,-111.5)));
#2687=COORDINATES_LIST('',34,((-112.745750723,-21.91838226,-126.5),(-112.745750723,
-21.91838226,-107.5),(-112.246168013426,-26.9907306330046,-126.5),(-112.246168013426,
-26.9907306330046,-107.5),(-112.246168013426,-16.8460338869954,-126.5),
(-112.246168013426,-16.8460338869954,-107.5),(-110.766618568065,-31.8681515026404,
-126.5),(-110.766618568065,-31.8681515026404,-107.5),(-110.766618568065,
-11.9686130173596,-126.5),(-110.766618568065,-11.9686130173596,-107.5),
(-108.363960642361,-36.3632083201764,-126.5),(-108.363960642361,-36.3632083201764,
-107.5),(-108.363960642361,-7.47355619982363,-126.5),(-108.363960642361,
-7.47355619982363,-107.5),(-105.130527032972,-40.3031585729715,-126.5),
(-105.130527032972,-40.3031585729715,-107.5),(-105.130527032972,-3.53360594702844,
-126.5),(-105.130527032972,-3.53360594702844,-107.5),(-101.190576780176,
-43.5365921823606,-126.5),(-101.190576780176,-43.5365921823606,-107.5),
(-101.190576780176,-0.300172337639414,-126.5),(-101.190576780176,-0.300172337639414,
-107.5),(-96.6955199626404,-45.9392501080651,-126.5),(-96.6955199626404,
-45.9392501080651,-107.5),(-96.6955199626404,2.10248558806509,-126.5),(-96.6955199626404,
2.10248558806509,-107.5),(-91.8180990930046,-47.4187995534263,-126.5),(-91.8180990930046,
-47.4187995534263,-107.5),(-91.8180990930046,3.58203503342635,-126.5),(-91.8180990930046,
3.58203503342635,-107.5),(-86.74575072,-47.918382263,-126.5),(-86.74575072,
-47.918382263,-107.5),(-86.74575072,4.081617743,-126.5),(-86.74575072,4.081617743,
-107.5)));
#2688=COORDINATES_LIST('',4,((-178.147295512951,39.1117327708668,-121.5),
(-178.147295512951,39.1117327708668,-111.5),(-165.403029432133,54.299757656963,
-121.5),(-165.403029432133,54.299757656963,-111.5)));
#2689=COORDINATES_LIST('',212,((-173.993971363747,-20.3212022628275,-136.),
(-173.961192257148,-24.8008328366864,-136.),(-173.797959996987,-15.8484341738016,
-136.),(-173.700146488305,-29.2592551980736,-136.),(-173.373492414469,-11.402732921945,
-136.),(-173.21026897879,-33.6997018064771,-136.),(-172.721068005841,-6.98304588216034,
-136.),(-172.491231578088,-38.120295566229,-136.),(-171.841043799276,-2.58930261103882,
-136.),(-171.547680775189,-42.4974583745492,-136.),(-170.738857994672,1.74814016665834,
-136.),(-170.384561837391,-46.8083451312812,-136.),(-169.418284228918,6.01334107215001,
-136.),(-169.000114198232,-51.0578751968245,-136.),(-167.878965727872,10.2095226510361,
-136.),(-167.395584529715,-55.2408755588557,-136.),(-166.122787916065,14.3325606370833,
-136.),(-165.581863722585,-59.3317060001801,-136.),(-164.161338883129,18.3529872193271,
-136.),(-163.565554049553,-63.3149873531016,-136.),(-162.000135208439,22.2595208282544,
-136.),(-161.343696792032,-67.1954514378331,-136.),(-159.637396751723,26.0565717973938,
-136.),(-158.92062041001,-70.9650679463055,-136.),(-157.078850995682,29.735504069571,
-136.),(-156.313794044472,-74.598539307548,-136.),(-154.341087692816,33.2706723968451,
-136.),(-153.52863185427,-78.0877911665897,-136.),(-151.42965931685,36.655324733773,
-136.),(-150.561810765674,-81.436052033882,-136.),(-148.341280986867,39.8940353972086,
-136.),(-147.421924094177,-84.6336472623809,-136.),(-145.088151232538,42.9742750141884,
-136.),(-144.131769651273,-87.6585947693181,-136.),(-141.689540466891,45.8764599374917,
-136.),(-140.694060646385,-90.507921711391,-136.),(-138.149476450297,48.5977171931529,
-136.),(-137.106100117669,-93.1830672068229,-136.),(-134.464189155112,51.1414640112185,
-136.),(-133.38150340662,-95.67425067122,-136.),(-131.249922608151,-22.1759667768519,
-136.),(-131.158593334383,-19.0073778992024,-136.),(-131.112534815814,-25.3675939294869,
-136.),(-130.837991203514,-15.8535415414295,-136.),(-130.746263037553,-28.5752688025917,
-136.),(-130.65334647105,53.4940669630245,-136.),(-130.285172639684,-12.7064621144685,
-136.),(-130.155896524255,-31.7324894645085,-136.),(-129.546076493922,-97.9649333435474,
-136.),(-129.500471972659,-9.57800139601817,-136.),(-129.347186300804,-34.8067140104643,
-136.),(-128.500632878906,-6.52283533827236,-136.),(-128.32146301203,-37.8028864874025,
-136.),(-127.299250654464,-3.58020763749481,-136.),(-127.077150222586,-40.7292123001869,
-136.),(-126.736652306116,55.6424473761724,-136.),(-125.893694404524,-0.742314778672981,
-136.),(-125.610675474764,-43.5926216867844,-136.),(-125.599289384318,-100.055007552994,
-136.),(-124.279151957393,1.99769012739357,-136.),(-123.942325268604,-46.3515680813255,
-136.),(-122.71569760561,57.5863493596265,-136.),(-122.451794417218,4.64133824520089,
-136.),(-122.09793432469,-48.9580839542668,-136.),(-121.540204753898,-101.944298753639,
-136.),(-120.432466399949,7.15961807660612,-136.),(-120.084407519445,-51.4056719682361,
-136.),(-118.587949062206,59.3274120830611,-136.),(-118.264284210353,9.50286230651913,
-136.),(-117.898055193834,-53.7019862665448,-136.),(-117.387725388677,-103.624645810718,
-136.),(-115.950386156251,11.6684197223366,-136.),(-115.533303783008,-55.8531849504252,
-136.),(-114.379472044861,60.8542614433124,-136.),(-113.484429735742,13.6616519832687,
-136.),(-113.167628267926,-105.085927304596,-136.),(-112.997453792265,-57.8520355015833,
-136.),(-110.858591029692,15.486024631847,-136.),(-110.341324769499,-59.6546830570251,
-136.),(-110.108717886313,62.1596465237667,-136.),(-108.876470458999,-106.328935905288,
-136.),(-108.080187187563,17.1340417442987,-136.),(-107.590010824914,-61.2440853000383,
-136.),(-105.899912333918,18.2504946165903,-136.),(-105.77466906553,63.2445067227283,
-136.),(-104.740059666761,-62.6251815270759,-136.),(-104.516184376973,-107.352568808085,
-136.),(-102.981245341433,19.521024129368,-136.),(-101.78448543604,-63.8025338466376,
-136.),(-101.377856490131,64.1090870290049,-136.),(-100.110633360823,-108.152069674019,
-136.),(-99.9937196335497,20.5726034508996,-136.),(-98.7165447104716,-64.7781703637094,
-136.),(-96.9484887420083,64.7467756798451,-136.),(-96.9292119289271,21.4070880009205,
-136.),(-95.6824125465507,-108.723335616371,-136.),(-95.5839866726035,-65.5357683002997,
-136.),(-93.7809606433601,22.0236935647415,-136.),(-92.502249541123,65.1550732655327,
-136.),(-92.4365067666041,-66.0607750545096,-136.),(-91.2262068833372,-109.066627676672,
-136.),(-90.5759646980069,22.4168265440731,-136.),(-89.2813455108889,-66.3540379052566,
-136.),(-88.0358374325663,65.33489018989,-136.),(-87.3810442921796,22.5814550789047,
-136.),(-86.7457510103972,-109.18111367,-136.),(-86.7457504296029,65.34434915,
-136.),(-86.1104571478414,-66.418219598909,-136.),(-85.4556639175932,-109.171654708561,
-136.),(-84.2101559291252,22.5172733852478,-136.),(-82.9155367419967,-66.2535910640737,
-136.),(-82.2652946463452,65.229863161286,-136.),(-81.0549946733796,22.2240105344938,
-136.),(-80.9892518092307,-108.991837779602,-136.),(-79.7105407966377,-65.8604580847411,
-136.),(-77.9075147673266,21.6990037802727,-136.),(-77.809088982772,64.8865711055742,
-136.),(-76.5622895110712,-65.2438525209201,-136.),(-76.5430126087194,-108.583540189328,
-136.),(-74.774956729449,20.9414058436842,-136.),(-73.4977818064486,-64.409367970899,
-136.),(-73.3808681679613,64.315305167786,-136.),(-72.1136448612143,-107.94585153392,
-136.),(-71.7070160039435,19.9657693266413,-136.),(-70.5102560985658,-63.3577886493673,
-136.),(-68.9753171510586,63.5158043063936,-136.),(-68.7514417732685,18.7884170070994,
-136.),(-67.7168322867617,-107.081271223135,-136.),(-67.5915891060802,-62.0872591365895,
-136.),(-65.9014906151271,17.407320780064,-136.),(-65.4113142524373,-60.9708062642988,
-136.),(-64.615031067932,62.4921714080746,-136.),(-63.3827834671633,-105.996411019728,
-136.),(-63.1501766705191,15.8179185370328,-136.),(-62.6329104102833,-59.3227891518338,
-136.),(-60.4940476477142,14.0152709815624,-136.),(-60.3238732576616,61.2491628117876,
-136.),(-60.0070717042214,-57.4984165032496,-136.),(-59.1120293099259,-104.691025934861,
-136.),(-57.9581976569613,12.0164204304035,-136.),(-57.5411152837173,-55.5051842423227,
-136.),(-56.1037761354452,59.7878813222708,-136.),(-55.5934462461606,9.86522174655161,
-136.),(-55.2272172296346,-53.3396268265224,-136.),(-54.9035522940855,-103.16417657025,
-136.),(-53.4070939205642,7.56890744826002,-136.),(-53.0590350400729,-50.9963825966395,
-136.),(-51.9512967685149,58.1075342694689,-136.),(-51.3935671153252,5.12131943429577,
-136.),(-51.0397070228401,-48.4781027652673,-136.),(-50.7758037525599,-101.423113842606,
-136.),(-49.5491761714071,2.51480356134659,-136.),(-49.2123494826694,-45.8344546474601,
-136.),(-47.8922121360332,56.2182430729532,-136.),(-47.8808259652396,-0.244142833208678,
-136.),(-47.5978070355206,-43.094449741364,-136.),(-46.7548490540778,-99.4792118550089,
-136.),(-46.4143512173929,-3.10755221984825,-136.),(-46.1922507855598,-40.2565568825086,
-136.),(-45.1700384279389,-6.03387803263552,-136.),(-44.9908685610948,-37.3139291816937,
-136.),(-44.1443151391713,-9.03005050952977,-136.),(-43.9910294673207,-34.2587631239147,
-136.),(-43.945425024257,54.1281688675666,-136.),(-43.3356049157381,-12.1042750553937,
-136.),(-43.2063288003102,-31.1303024055327,-136.),(-42.8381548911574,-97.3308314377017,
-136.),(-42.7452384024549,-15.2614957172421,-136.),(-42.6535102365012,-27.9832229786567,
-136.),(-42.3789666242052,-18.4691705904202,-136.),(-42.33290810564,-24.8293866208967,
-136.),(-42.2415788318722,-21.6607977431878,-136.),(-40.1099981093575,51.837486199276,
-136.),(-39.027312209458,-94.9782284819408,-136.),(-36.3854013959604,49.3463027388337,
-136.),(-35.3420249170875,-92.434481660252,-136.),(-32.7974408644945,46.6711572470942,
-136.),(-31.8019609034485,-89.7132244010741,-136.),(-29.3597318565132,43.8218303084422,
-136.),(-28.4033501408148,-86.8110394742893,-136.),(-26.0695774103153,40.7968828047586,
-136.),(-25.1502203895434,-83.7307998538423,-136.),(-22.9296907354192,37.5992875794177,
-136.),(-22.0618420627937,-80.4920891871252,-136.),(-19.9628696434667,34.2510267152785,
-136.),(-19.1504136903455,-77.1074368472583,-136.),(-17.1777074497726,30.7617748592091,
-136.),(-16.4126503912457,-73.5722685173433,-136.),(-14.5708810805111,27.1283035006524,
-136.),(-13.8541046389845,-69.8933362424906,-136.),(-12.1478046946162,23.3586869946809,
-136.),(-11.4913661860476,-66.0962852706738,-136.),(-9.92594743307279,19.478222912196,
-136.),(-9.33016251532739,-62.1897516594206,-136.),(-7.90963775593183,15.4949415613417,
-136.),(-7.36871348655162,-58.1693250752106,-136.),(-6.09591694460253,11.4041111219131,
-136.),(-5.61253567904503,-54.0462870874919,-136.),(-4.49138727161594,7.22111076114051,
-136.),(-4.07321718233554,-49.8501055070497,-136.),(-3.106939628051,2.97158069696889,
-136.),(-2.75264342095806,-45.5849046001244,-136.),(-1.94382068593144,-1.33930605817991,
-136.),(-1.65045762080392,-41.2474618212237,-136.),(-1.00026987872028,-5.71646886491908,
-136.),(-0.770433418766883,-36.8537185492831,-136.),(-0.281232473465967,
-10.1370626240245,-136.),(-0.118009014704309,-32.4340315089414,-136.),(0.208645040711566,
-14.5775092324522,-136.),(0.306458563233455,-27.9883302566255,-136.),(0.469690814178178,
-19.0359315936102,-136.),(0.502469925389465,-23.5155621672853,-136.)));
#2690=COORDINATES_LIST('',6,((-120.6914377,-107.9645346,-111.5),(-120.6098445,
-107.705754,-111.5),(-117.129266722653,-109.286155409482,-111.5),(-112.746133410599,
-110.689289475302,-111.5),(-108.293117303292,-111.873710026967,-111.5),
(-108.2115241,-111.6149294,-111.5)));
#2691=COORDINATES_LIST('',49,((-32.8186452388763,-1.11022302462516E-13,
-2.70616862252382E-13),(-32.8186452388763,-5.49999997019768,-2.70616862252382E-13),
(-5.39750817968305E-15,-1.11022302462516E-13,-2.55836825537064E-13),(-5.39750817968305E-15,
-5.49999997019768,-2.55836825537064E-13),(-32.8186452388763,-3.50000010803342,
-2.70616862252382E-13),(7.45208328589797,-3.50000010803342,-2.70183181383388E-13),
(-7.08749983459711,-1.421874971129,-2.51968584885631E-13),(-6.43124990165234,
-1.75000005401671,-2.53269627492614E-13),(-5.00937504693866,-1.75000005401671,
-2.25080371007991E-13),(-4.31666662916541,-1.421874971129,-2.47198095326695E-13),
(-4.31666662916541,-0.364583334885538,-2.47198095326695E-13),(-5.00937504693866,
-1.99146255042137E-11,-2.25080371007991E-13),(-6.06666645035148,-1.99146255042137E-11,
-2.41126563160776E-13),(-5.00937504693866,-1.99146255042137E-11,-2.25080371007991E-13),
(-4.31666662916541,0.328124995576218,-2.47198095326695E-13),(-4.31666662916541,
1.38541671913117,-2.47198095326695E-13),(-5.00937504693866,1.71354168560356,
-2.25080371007991E-13),(-6.43124990165234,1.71354168560356,-2.53269627492614E-13),
(-7.12395831942558,1.38541671913117,-2.31585584042904E-13),(-3.27395834028721,
1.38541671913117,-2.40909722726279E-13),(-2.61770840734243,1.71354168560356,
-2.58256957486047E-13),(-1.19583331979811,1.71354168560356,-2.55221191403088E-13),
(-0.503125018440187,1.38541671913117,-2.26327203506349E-13),(-0.503125018440187,
0.692708359565586,-2.26327203506349E-13),(-3.31041659228504,-1.05729163624346,
-2.3635607360184E-13),(-3.27395834028721,-1.75000005401671,-2.40909722726279E-13),
(-0.503125018440187,-1.75000005401671,-2.26327203506349E-13),(2.25312495604157,
-1.75000005401671,-2.42427605767759E-13),(1.56041665468365,-1.75000005401671,
-2.41451823812522E-13),(1.56041665468365,-1.05729163624346,-2.41451823812522E-13),
(2.25312495604157,-1.05729163624346,-2.42427605767759E-13),(2.25312495604157,
-2.0781250204891,-2.42427605767759E-13),(1.56041665468365,-2.44270823895931,
-2.41451823812522E-13),(5.00937504693866,-1.99146255042137E-11,-2.38090797077817E-13),
(4.35312511399388,0.328124995576218,-2.41126563160776E-13),(4.35312511399388,
1.38541671913117,-2.41126563160776E-13),(5.00937504693866,1.71354168560356,
-2.38090797077817E-13),(6.43124990165234,1.71354168560356,-2.35055030994857E-13),
(7.12395831942558,1.38541671913117,-2.35922392732846E-13),(7.12395831942558,
0.328124995576218,-2.35922392732846E-13),(6.43124990165234,-1.99146255042137E-11,
-2.35055030994857E-13),(5.00937504693866,-1.99146255042137E-11,-2.38090797077817E-13),
(4.31666662916541,-0.364583334885538,-2.46330733588707E-13),(4.31666662916541,
-1.38541671913117,-2.46330733588707E-13),(5.00937504693866,-1.75000005401671,
-2.38090797077817E-13),(6.43124990165234,-1.75000005401671,-2.35055030994857E-13),
(7.12395831942558,-1.421874971129,-2.35922392732846E-13),(7.12395831942558,
-0.364583334885538,-2.35922392732846E-13),(6.43124990165234,-1.99146255042137E-11,
-2.35055030994857E-13)));
#2692=COORDINATES_LIST('',6,((-32.8186441695122,-3.5,1.98043295651651E-6),
(-29.3186466568075,-4.43782043457032,1.58322053037119E-6),(-29.3186466568075,
-2.56217956542969,1.58322053037119E-6),(-3.49999909642805,-4.43782043457032,
8.98682401932749E-7),(-3.49999909642805,-2.56217956542969,8.98682401932749E-7),
(-1.5837233651213E-6,-3.5,5.01469988818528E-7)));
#2693=COORDINATES_LIST('',55,((-12.3360976576805,2.01759394258261,0.),(135.598510503769,
-22.1774112433195,0.),(-11.8624037131667,3.9412397891283,0.),(-12.04888895154,
3.32780228927732,0.),(-12.2036738321185,2.7056080289185,0.),(-12.3263550922275,
2.07629729993641,0.),(-12.4166030436754,1.44152226857841,0.),(-12.474182061851,
0.802955240942538,0.),(-12.4989468604326,0.162276832270436,0.),(-12.4908294528723,
-0.47883071238175,0.),(-12.4498438090086,-1.11867557279766,0.),(-12.3761063441634,
-1.75557937473059,0.),(-12.2698051854968,-2.38786544650793,0.),(-12.1312253177166,
-3.01386672072113,0.),(-11.9607308879495,-3.63193941302598,0.),(-11.7587661370635,
-4.24045789986849,0.),(-11.5258637815714,-4.83781844377518,0.),(-11.2626412883401,
-5.42245153337717,0.),(-10.9697794541717,-5.99281908944249,0.),(122.038118541241,
-15.0092551484704,0.),(122.738726437092,-14.7913563996553,0.),(124.141953885555,
-15.020857565105,0.),(124.772615730762,-15.4564883559942,0.),(124.660812318325,
-16.1401145160198,0.),(121.60786241293,-17.4140501767397,0.),(121.532037854195,
-18.1035604327917,0.),(124.266535043716,-18.550792708993,0.),(125.312551856041,
-18.3893870562315,0.),(125.943213701248,-18.8250169157982,0.),(127.346456050873,
-19.0545190125704,0.),(128.083035349846,-18.8425052911043,0.),(128.306657075882,
-17.4752548336983,0.),(127.681881189346,-17.0036423951387,0.),(126.278638839722,
-16.7741421610117,0.),(125.542059540749,-16.9861558824778,0.),(125.818639993668,
-15.2950827032328,0.),(128.589123487473,-15.7482009381056,0.),(130.066558718681,
-19.4993987679482,0.),(130.750179290771,-19.611207768321,0.),(130.86199760437,
-18.9275816082954,0.),(130.178362131119,-18.8157726079226,0.),(130.066558718681,
-19.4993987679482,0.),(134.513720870018,-20.2267412096262,0.),(135.256201028824,
-19.9787467718124,0.),(135.780766606331,-19.0301444381475,0.),(135.892570018768,
-18.3465201407671,0.),(135.703429579735,-17.2442439943552,0.),(135.072767734528,
-16.8086141347885,0.),(134.389147162437,-16.6968051344156,0.),(133.652552962303,
-16.9088207185268,0.),(133.122101426125,-17.8934019058943,0.),(133.046269416809,
-18.5829121619463,0.),(133.205324411392,-19.6433216333389,0.),(133.830100297928,
-20.1149322092533,0.),(134.513720870018,-20.2267412096262,0.)));
#2694=COORDINATES_LIST('',6,((-12.3360974245312,2.01759299913574,0.),(-9.03336304953126,
0.527143093740235,0.),(-8.73062104513672,2.37819251695801,0.),(8.73062163064453,
-2.37819328626465,0.),(9.03336363503907,-0.527141955698241,0.),(12.3360980100391,
-2.01759376844238,0.)));
#2695=COORDINATES_LIST('',74,((1.44325860310346,4.26227692514658,0.),(-17.0806366950274,
-50.4430755972862,0.),(3.04994406178594,3.30875325016677,0.),(2.8926869854331,
3.44708166085184,0.),(2.72917374968529,3.57794109731913,0.),(2.55974009633064,
3.70104913599789,0.),(2.38476763479412,3.81613848730922,0.),(2.20462237484753,
3.9229653775692,0.),(2.01970105990767,4.02129301801324,0.),(1.83041580021381,
4.11090767011046,0.),(1.63716322276741,4.19161934405565,0.),(1.44035532139242,
4.26325900480151,0.),(1.24043470714241,4.32565994560719,0.),(1.03782850783318,
4.37868433073163,0.),(0.832979218102992,4.42223297432065,0.),(0.626314198598266,
4.45619877427816,0.),(0.418306386563927,4.48051374405622,0.),(0.209383040782996,
4.49512386694551,0.),(1.93671878534474E-6,4.49999934062362,0.),(1.93671878534474E-6,
-4.50000073760748,0.),(0.0258045492955716,-4.49992436915636,0.),(0.0515919018653221,
-4.49970318004489,0.),(0.077394513937179,-4.49933717027307,0.),(0.103181868325919,
-4.498818423599,0.),(0.128984480397776,-4.4981543906033,0.),(0.154771827510558,
-4.49733808636665,0.),(0.180543924216181,-4.49637696146965,0.),(0.206316020921804,
-4.49527055025101,0.),(0.232088117627427,-4.49401186779141,0.),(0.257844949373975,
-4.49260789901018,0.),(0.283601781120524,-4.491051658988,0.),(0.309343362459913,
-4.48935758322477,0.),(0.335084943799302,-4.48750378564,0.),(0.360795995220542,
-4.48551261797547,0.),(0.386507075745612,-4.48336871340871,0.),(0.412202876759693,
-4.48107998818159,0.),(-19.0448127686977,-46.4676916599274,0.),(-19.9334863573313,
-49.0921474993229,0.),(-21.2353244423866,-46.4572980999947,0.),(-17.9547518491745,
-47.568142414093,0.),(-17.3981618136168,-45.9244027733803,0.),(-19.7900608181953,
-42.1891026198864,0.),(-16.5094900876284,-43.2999432086945,0.),(-20.6787344068289,
-44.8135621845722,0.),(-15.8209018409252,-39.1065590083599,0.),(-14.954311773181,
-38.7071445584297,0.),(-14.4982822239399,-37.3603813350201,0.),(-14.9322282522917,
-36.4820994436741,0.),(-16.9005710631609,-35.8155965805054,0.),(-17.7788529545069,
-36.249540746212,0.),(-18.2348825037479,-37.5963039696217,0.),(-17.7892446517944,
-38.4400524199009,0.),(-17.1448234468699,-38.6967547237873,0.),(-16.2665396928787,
-38.2628068327904,0.),(-15.8105101436377,-36.916047334671,0.),(-16.2444561719894,
-36.0377617180347,0.),(-13.6142857372761,-34.7497388720512,0.),(-13.392117805779,
-34.0936221182346,0.),(-14.0482317656279,-33.8714569807053,0.),(-14.2704006284475,
-34.5275700092316,0.),(-13.6142857372761,-34.7497388720512,0.),(-12.1690230444074,
-30.4815415292978,0.),(-12.2921783477068,-29.7084953635931,0.),(-13.1421526893973,
-29.0357675403357,0.),(-13.7982666492462,-28.813598677516,0.),(-14.9166351184249,
-28.8198236376047,0.),(-15.4495947062969,-29.3706990778446,0.),(-15.6717635691166,
-30.0268139690161,0.),(-15.5831407755613,-30.7881664484739,0.),(-14.6986329928041,
-31.4725898206234,0.),(-14.0308253467083,-31.6602252423763,0.),(-12.9586830735207,
-31.6768400371075,0.),(-12.3911909759045,-31.1376564204693,0.),(-12.1690230444074,
-30.4815415292978,0.)));
#2696=COORDINATES_LIST('',6,((-1.44326588554688,-4.26227645093749,0.),(-1.20899769707031,
-0.646393577402329,0.),(-0.567548722460925,1.24795456712892,0.),(0.567552595898441,
-1.24795607740233,0.),(1.20900157050782,0.646392067128923,0.),(1.44325450019531,
4.26227494066407,0.)));
#2697=COORDINATES_LIST('',17,((1.09726865775883,-15.4276685789227,0.),(-3.9027314633131,
-15.4276685789227,0.),(-3.9027314633131,-15.4276685789227,0.),(-2.47341813519597,
-6.68847188353539,0.),(1.09726865775883,-18.9276691526175,0.),(1.09726865775883,
-11.927668005228,0.),(3.19362268783152,-17.1776674687862,0.),(4.57903929054737,
-13.7141263112426,0.),(5.96445612609386,-17.1776674687862,0.),(3.88633110560477,
-15.4276685789227,0.),(5.27174770832062,-15.4276685789227,0.),(8.37435200810432,
-18.9276691526175,0.),(8.37435200810432,-11.927668005228,0.),(1.09726865775883,
-11.927668005228,0.),(8.37435200810432,-11.927668005228,0.),(1.09726865775883,
-18.9276691526175,0.),(8.37435200810432,-18.9276691526175,0.)));
#2698=COORDINATES_LIST('',3,((-3.90272148590788,-2.90820470318354,0.),(-2.47341927033171,
-6.68847051128901,0.),(0.0857390548636011,-3.56052556499995,0.)));
#2699=COORDINATES_LIST('',77,((78.4818306565285,-43.0215299129486,0.),(-125.688329339027,
68.8987970352173,0.),(77.5011107325554,-44.7641350328922,0.),(78.9247378706932,
-42.2035045921803,0.),(80.2637934684753,-39.5976454019547,0.),(81.5168395638466,
-36.9493626058102,0.),(82.6825350522995,-34.2614762485027,0.),(83.7596282362938,
-31.5368846058846,0.),(84.7469642758369,-28.7784934043884,0.),(85.6434926390648,
-25.9892679750919,0.),(86.4482522010803,-23.172190412879,0.),(87.1603712439537,
-20.3302819281816,0.),(87.7790898084641,-17.4665898084641,0.),(88.3037447929382,
-14.5841771736741,0.),(88.7337848544121,-11.6861406713724,0.),(89.0687331557274,
-8.77557974308729,0.),(89.3082395195961,-5.85561618208885,0.),(89.4520506262779,
-2.92937690392137,0.),(89.5000025629997,-3.84653309204452E-7,0.),(2.92753904451715E-7,
89.5000025629997,0.),(-5.13965589925647,89.3523022532463,0.),(-10.262344032526,
88.909700512886,0.),(-15.351165086031,88.1736502051353,0.),(-20.3893203288317,
87.1465802192688,0.),(-25.3601763397455,85.831880569458,0.),(-30.2473362535238,
84.233894944191,0.),(-35.0346602499485,82.3578909039497,0.),(-39.7063530981541,
80.2100673317909,0.),(-44.2470014095306,77.7975171804428,0.),(-48.6416071653366,
75.1281902194023,0.),(-52.8756640851498,72.2109004855156,0.),(-56.9352172315121,
69.0552741289139,0.),(-60.8068481087685,65.6717419624329,0.),(-64.4777938723564,
62.0714537799358,0.),(-67.9359212517738,58.2662969827652,0.),(-71.1698234081268,
54.2688332498074,0.),(-74.1688311100006,50.0922575592995,0.),(-76.9230425357819,
45.7503497600555,0.),(-79.4233754277229,41.2574447691441,0.),(-122.043639421463,
72.5137442350388,0.),(-121.647678315639,72.629302740097,0.),(-123.312555253506,
69.5921555161476,0.),(-123.696200549603,69.8024556040764,0.),(-122.92891740799,
69.3818554282188,0.),(-120.288193225861,67.9342821240425,0.),(-117.088750004768,
70.1302289962769,0.),(-119.518473744392,71.4621394872665,0.),(-117.506317794323,
67.1992897987366,0.),(-117.263831198215,66.2764087319374,0.),(-116.016998887062,
65.5929371714592,0.),(-115.076594054699,65.8673867583275,0.),(-114.077664911747,
67.6896795630455,0.),(-114.352121949196,68.6300843954086,0.),(-115.598946809769,
69.3135634064674,0.),(-116.507388651371,69.0215826034546,0.),(-116.87233299017,
68.4316754341125,0.),(-116.597875952721,67.4912706017494,0.),(-115.351051092148,
66.8077915906906,0.),(-114.410638809204,67.0822486281395,0.),(-113.600067794323,
64.2680376768112,0.),(-112.992636859417,63.9350637793541,0.),(-112.65966296196,
64.5424947142601,0.),(-113.267093896866,64.8754686117172,0.),(-113.600067794323,
64.2680376768112,0.),(-109.648570418358,62.1019415557384,0.),(-108.865894377232,
62.0886646211147,0.),(-108.055487275124,62.8085732460022,0.),(-107.722513377666,
63.4160041809082,0.),(-107.533983886242,64.5183846354485,0.),(-107.983693480492,
65.1390925049782,0.),(-108.591124415398,65.4720664024353,0.),(-109.35627669096,
65.5173137784004,0.),(-110.184207558632,64.7654384374619,0.),(-110.485211014748,
64.1404837369919,0.),(-110.688179731369,63.087597489357,0.),(-110.256001353264,
62.4349191784859,0.),(-109.648570418358,62.1019415557384,0.)));
#2700=COORDINATES_LIST('',6,((-78.4818341188672,43.0215278593652,0.),(-75.8635174684766,
40.5167537657373,0.),(-74.9619061403516,42.1614910093896,0.),(74.961911494231,
-42.1614898713476,0.),(75.8635104245898,-40.5167526276953,0.),(78.4818327970264,
-43.0215286286719,0.)));
#2701=COORDINATES_LIST('',55,((-25.4220813512802,-5.45140542089939,0.),
(166.819795966148,35.7721447944641,0.),(-25.7653035223484,-3.4855636768043,
0.),(-25.3490749746561,-5.7813934981823,0.),(-24.7286986559629,-8.0306613817811,
0.),(-23.9091720432043,-10.2152582257986,0.),(-22.8970944881439,-12.3175838962197,
0.),(-21.7006225138903,-14.3207153305411,0.),(-20.3293915838003,-16.2085145711899,
0.),(-18.794434145093,-17.9657805711031,0.),(-17.108116298914,-19.5783637464046,
0.),(-15.2840269729495,-21.0332740098238,0.),(-13.3368447422981,-22.318797186017,
0.),(-11.2822568044066,-23.4245751053095,0.),(-9.13680996745825,-24.3417080491781,
0.),(-6.91777793690562,-25.0628069043159,0.),(-4.64303558692336,-25.582067668438,
0.),(-2.33090179972351,-25.8953087031841,0.),(2.92753904451715E-7,-25.9999986737967,
0.),(152.132034301758,34.7479283809662,0.),(152.878135442734,34.5723368227482,
0.),(154.26841378212,34.8704606294632,0.),(154.876917600632,35.3365316987038,
0.),(154.58644926548,36.6911552846432,0.),(153.83268892765,36.9023941457272,
0.),(152.442425489426,36.6042703390121,0.),(151.833906769753,36.1381992697716,
0.),(151.474624872208,37.8136523067951,0.),(154.219523072243,38.4022556245327,
0.),(155.307859182358,38.3000485599041,0.),(155.880719423294,38.7584753334522,
0.),(157.270982861519,39.0565991401672,0.),(158.017098903656,38.8810075819492,
0.),(158.162340521812,38.2036976516247,0.),(155.784368515015,35.9039902687073,
0.),(155.965253710747,35.2343246340752,0.),(158.674493432045,35.8152836561203,
0.),(160.692170262337,36.2479463219643,0.),(161.369487643242,36.3931842148304,
0.),(161.224246025085,37.0704978704453,0.),(160.54692864418,36.9252562522888,
0.),(160.692170262337,36.2479463219643,0.),(165.098264813423,37.1927693486214,
0.),(165.699124336243,37.6944877207279,0.),(165.841564536095,38.7690737843513,
0.),(165.696322917938,39.4463837146759,0.),(165.118172764778,40.4037311673164,
0.),(164.372056722641,40.5793227255344,0.),(163.694754242897,40.4340848326683,
0.),(163.086235523224,39.9680137634277,0.),(162.951439619064,38.8577803969383,
0.),(163.132324814796,38.1881147623062,0.),(163.667187094688,37.2587703168392,
0.),(164.420947432518,37.0475277304649,0.),(165.098264813423,37.1927693486214,
0.)));
#2702=COORDINATES_LIST('',6,((-25.4220807008984,-5.45140495618652,0.),(-22.1965100221875,
-3.80058517774414,0.),(-21.8032452516797,-5.63453903516602,0.),(21.8032458371875,
5.63453826585937,0.),(22.1965106076953,3.80058631578614,0.),(25.4220812864063,
5.45140609422852,0.)));
#2703=COORDINATES_LIST('',68,((79.6420574188232,47.0467060804367,0.),(-124.632641673088,
-73.6238583922386,0.),(-92.5000086426735,-3.84653309204452E-7,0.),(-92.4443155527115,
-3.20905540138483,0.),(-92.2773331403732,-6.41425000503659,0.),(-91.9992625713348,
-9.61171928793192,0.),(-91.6104316711426,-12.7976173534989,0.),(-91.1113023757935,
-15.9681066870689,0.),(-90.5024781823158,-19.1193763166666,0.),(-89.7847041487694,
-22.2476217895746,0.),(-88.9588370919228,-25.3490898758173,0.),(-88.0258530378342,
-28.4200310707092,0.),(-86.9869142770767,-31.4567610621452,0.),(-85.8432352542877,
-34.4556197524071,0.),(-84.5962017774582,-37.4129936099052,0.),(-83.2473337650299,
-40.325328707695,0.),(-81.7982256412506,-43.1891083717346,0.),(-80.2506506443024,
-46.0008978843689,0.),(-78.6064490675926,-48.7572997808456,0.),(-125.880360603333,
-68.6444193124771,0.),(-125.777572393417,-68.2449489831924,0.),(-124.015972018242,
-71.2270438671112,0.),(-124.392658472061,-71.4495554566383,0.),(-123.639285564423,
-71.0045248270035,0.),(-122.250415384769,-68.1515485048294,0.),(-122.982330620289,
-68.2028084993362,0.),(-123.520083725452,-67.2924891114235,0.),(-123.121947050095,
-66.6761919856071,0.),(-121.897712349892,-65.9530088305473,0.),(-121.134407818317,
-65.8832043409348,0.),(-120.596654713154,-66.7935237288475,0.),(-121.026188135147,
-67.428357899189,0.),(-122.250415384769,-68.1515485048294,0.),(-122.661404311657,
-68.8177719712257,0.),(-122.142188251019,-69.6967020630836,0.),(-121.360339224339,
-69.6582868695259,0.),(-120.136111974716,-68.9351037144661,0.),(-119.706586003304,
-68.3002695441246,0.),(-120.244339108467,-67.3899427056313,0.),(-121.026188135147,
-67.428357899189,0.),(-118.840210139751,-67.7884742617607,0.),(-118.076898157597,
-67.7186697721481,0.),(-116.852670907974,-66.9954866170883,0.),(-116.423144936562,
-66.3606524467468,0.),(-117.127783596516,-65.1678144931793,0.),(-117.909632623196,
-65.2062296867371,0.),(-119.133859872818,-65.9294128417969,0.),(-119.563393294811,
-66.5642470121384,0.),(-120.434917509556,-65.0888979434967,0.),(-118.017859756947,
-63.6610761284828,0.),(-114.479556679726,-65.5936226248741,0.),(-113.883137702942,
-65.2412995696068,0.),(-114.235453307629,-64.644880592823,0.),(-114.831872284412,
-64.9972036480904,0.),(-114.479556679726,-65.5936226248741,0.),(-110.5996966362,
-63.301682472229,0.),(-110.188707709312,-62.6354590058327,0.),(-110.394015908241,
-61.5710951387882,0.),(-110.746331512928,-60.9746761620045,0.),(-111.597992479801,
-60.2497830986977,0.),(-112.361297011375,-60.3195913136005,0.),(-112.957715988159,
-60.6719106435776,0.),(-113.387241959572,-61.3067448139191,0.),(-113.163396716118,
-62.4025017023087,0.),(-112.779684364796,-62.9803761839867,0.),(-111.977964639664,
-63.6924207210541,0.),(-111.196115612984,-63.6540055274963,0.),(-110.5996966362,
-63.301682472229,0.)));
#2704=COORDINATES_LIST('',6,((-79.6420514040234,-47.046705630625,0.),(-77.105567639375,
-44.4590972932226,0.),(-76.1515881471875,-46.0740188630469,0.),(76.1515858716724,
46.0740219084375,0.),(77.1055634565112,44.4591003386133,0.),(79.6420581884143,
47.046706768667,0.)));
#2705=COORDINATES_LIST('',75,((16.7539454996586,-12.4732088297606,0.),(16.7824905365705,
-7.47329089790583,0.),(16.7824905365705,-7.47329089790583,0.),(-6.1477804556489,
-4.89787012338638,0.),(19.9999995529652,-56.9643415510654,0.),(13.000113889575,
-56.9243766367435,0.),(19.1878490149975,-54.4011183083057,0.),(15.899695456028,
-51.0752089321613,0.),(19.1878490149975,-54.4011183083057,0.),(19.2098282277584,
-50.5511835217476,0.),(19.2098282277584,-50.5511835217476,0.),(15.9216746687889,
-47.2252704203129,0.),(20.0837142765522,-42.3010364174843,0.),(13.0838276818395,
-42.2610752284527,0.),(18.3554925024509,-38.4812131524086,0.),(17.9948695003986,
-37.7864353358746,0.),(16.9761348515749,-37.4160297214985,0.),(16.2834376096725,
-37.4120771884918,0.),(15.2240814641118,-37.7706177532673,0.),(14.8920072242618,
-38.4614393115044,0.),(14.8880528286099,-39.1541384160519,0.),(15.2122173458338,
-39.8487076163292,0.),(16.2674114108086,-40.219321846962,0.),(16.9603154063225,
-40.1868186891079,0.),(17.9830063134432,-39.8645251989365,0.),(18.3515381067991,
-39.1739122569561,0.),(18.3554925024509,-38.4812131524086,0.),(18.3733087033033,
-35.3604294359684,0.),(18.3772630989552,-34.6677340567112,0.),(17.684567719698,
-34.6637777984142,0.),(17.680611461401,-35.3564769029617,0.),(18.3733087033033,
-35.3604294359684,0.),(18.3990355581045,-30.8542549610138,0.),(18.0384125560522,
-30.1594771444798,0.),(17.0196779072285,-29.7890715301037,0.),(16.3269806653261,
-29.7851171344519,0.),(15.2676245197654,-30.1436576992273,0.),(14.9355502799153,
-30.8344811201096,0.),(14.9315958842635,-31.5271802246571,0.),(15.2557604014874,
-32.2217494249344,0.),(16.3109544664621,-32.5923636555672,0.),(17.0038584619761,
-32.5598604977131,0.),(18.0265493690968,-32.2375670075417,0.),(18.3950811624527,
-31.546950340271,0.),(18.3990355581045,-30.8542549610138,0.),(18.4208061546087,
-27.0407758653164,0.),(18.0601831525564,-26.3459961861372,0.),(17.0414485037327,
-25.9755905717611,0.),(16.3487512618303,-25.9716361761093,0.),(15.2893960475922,
-26.3301786035299,0.),(14.9573218077421,-27.0210020244122,0.),(14.9533664807677,
-27.7136992663145,0.),(15.2775319293141,-28.4082684665918,0.),(16.3327250629663,
-28.7788826972246,0.),(17.0256309211254,-28.7463795393705,0.),(18.048319965601,
-28.4240879118443,0.),(18.4168517589569,-27.7334731072187,0.),(18.4208061546087,
-27.0407758653164,0.),(17.063220962882,-22.1621114760637,0.),(17.0474015176296,
-24.9329004436731,0.),(14.9811739102006,-22.8429455310106,0.),(18.4446591883898,
-22.8627175092697,0.),(20.2123429626226,-19.7701547294855,0.),(13.2124572992325,
-19.7301935404539,0.),(18.4743404388428,-17.6638439297676,0.),(15.0187639519572,
-16.2586774677038,0.),(18.49015802145,-14.8930568248034,0.),(16.7283229529858,
-16.9611573219299,0.),(16.7362317442894,-15.5757628381252,0.),(20.2538874000311,
-12.4931903555989,0.),(13.2540026679635,-12.4532282352448,0.),(13.000113889575,
-56.9243766367435,0.),(13.2540026679635,-12.4532282352448,0.),(19.9999995529652,
-56.9643415510654,0.),(20.2538874000311,-12.4931903555989,0.)));
#2706=COORDINATES_LIST('',9,((-6.14777694976663,-4.89786994061197,0.),(-2.77432571685648,
-6.22047984204019,0.),(-2.56497513091898,-4.35655486187662,0.),(13.9268041876975,
-49.0796596001563,0.),(13.948783686942,-45.2297224360867,0.),(15.2341985520368,
-51.7879549044639,0.),(15.2561780512813,-47.9380177403944,0.),(16.6199954696405,
-50.4178913432065,0.),(16.6419749695656,-46.5679540599297,0.)));
#2707=COORDINATES_LIST('',72,((-11.5225072950125,4.84580406919122,0.),(142.842561006546,
-60.0726045668125,0.),(10.9697803854942,-5.99281955510378,0.),(11.0659180209041,
-5.81339048221707,0.),(11.1591117456555,-5.6324191391468,0.),(11.2493522465229,
-5.44995628297329,0.),(11.3366087898612,-5.26604615151882,0.),(11.4208608865738,
-5.08073950186372,0.),(11.5020833909512,-4.89408662542701,0.),(11.5802539512515,
-4.70613641664386,0.),(11.6553576663136,-4.51693683862686,0.),(11.7273638024926,
-4.32653957977891,0.),(11.7962649092078,-4.13499400019646,0.),(11.8620302528143,
-3.94235365092754,0.),(11.924659833312,-3.74866626225412,0.),(11.9841238483787,
-3.55398701503873,0.),(12.0404055342078,-3.35836363956332,0.),(12.0934983715415,
-3.16184968687594,0.),(12.1433790773153,-2.96449614688754,0.),(-10.6121972203255,
6.60539092496037,0.),(-10.6355659663677,6.567707285285,0.),(-10.6587903574109,
6.52994215488434,0.),(-10.6818843632936,6.49209460243583,0.),(-10.7048489153385,
6.45416509360075,0.),(-10.7276681810617,6.41615502536297,0.),(-10.7503663748503,
6.37806346639991,0.),(-10.7729183509946,6.33989367634058,0.),(-10.795340873301,
6.30164192989469,0.),(-10.8176190406084,6.26331195235252,0.),(-10.8397668227553,
6.22490141540766,0.),(-10.8617777004838,6.18641497567296,0.),(-10.8836516737938,
6.14784844219685,0.),(-10.9053952619433,6.10920554026961,0.),(-10.9269944950938,
6.07048626989126,0.),(-10.9484558925033,6.03169109672308,0.),(-10.9697794541717,
5.99281908944249,0.),(131.333857774734,-49.9327443540096,0.),(132.065996527672,
-49.8846843838692,0.),(133.37667286396,-50.4358969628811,0.),(133.888021111488,
-51.0068982839584,0.),(133.619472384453,-51.6454391181469,0.),(130.353301763535,
-52.1703027188778,0.),(130.118370056152,-52.8229735791683,0.),(132.672533392906,
-53.8971275091171,0.),(133.727297186852,-53.9847500622272,0.),(134.238630533218,
-54.5557551085949,0.),(135.549306869507,-55.1069639623165,0.),(136.315047740936,
-55.0730377435684,0.),(136.852130293846,-53.7959598004818,0.),(136.354923248291,
-53.1913489103317,0.),(135.044246912003,-52.6401363313198,0.),(134.278506040573,
-52.6740662753582,0.),(134.942784905434,-51.0945208370686,0.),(137.53055036068,
-52.1828085184097,0.),(138.090029358864,-56.1754629015923,0.),(138.728559017181,
-56.4440004527569,0.),(138.997107744217,-55.8054633438587,0.),(138.358563184738,
-55.5369257926941,0.),(138.090029358864,-56.1754629015923,0.),(142.243891954422,
-57.9223744571209,0.),(143.023759126663,-57.8548423945904,0.),(143.755584955215,
-57.0551715791225,0.),(144.02411878109,-56.4166344702244,0.),(144.097924232483,
-55.3006865084171,0.),(143.586575984955,-54.7296814620495,0.),(142.948046326637,
-54.4611439108849,0.),(142.182305455208,-54.4950701296329,0.),(141.436353325844,
-55.3283467888832,0.),(141.201421618462,-55.9810176491737,0.),(141.108155250549,
-57.0492260158062,0.),(141.605347394943,-57.6538369059563,0.),(142.243891954422,
-57.9223744571209,0.)));
#2708=COORDINATES_LIST('',6,((-11.5225064211133,4.84580459913086,0.),(-8.659766858125,
2.62449302991699,0.),(-7.93264741232422,4.35346451124024,0.),(7.93264799783203,
-4.35346374193359,0.),(8.65976744363281,-2.62449416795898,0.),(11.5225070066211,
-4.84580382982422,0.)));
#2709=COORDINATES_LIST('',46,((-20.3074887394905,2.8028441593051,8.32667268468867E-14),
(155.703082680702,-21.4901752769947,8.32667268468867E-14),(-17.9904401302338,
9.8282229155302,2.77555756156289E-14),(-18.2655863463879,9.30689461529255,
2.77555756156289E-14),(-18.5256339609623,8.77787079662085,2.77555756156289E-14),
(-18.7703557312489,8.24158731848001,2.77555756156289E-14),(-18.999557942152,
7.69849075004458,2.77555756156289E-14),(-19.2130506038666,7.1490271948278,
2.77555756156289E-14),(-19.4106586277485,6.59365300089121,2.77555756156289E-14),
(-19.5922162383795,6.03282591328025,2.77555756156289E-14),(-19.7575762867928,
5.46701066195965,2.77555756156289E-14),(-19.9065934866667,4.89667756482959,
2.77555756156289E-14),(-20.0391542166471,4.32229274883866,2.77555756156289E-14),
(-20.1551429927349,3.74433374963701,2.77555756156289E-14),(-20.2544704079628,
3.16328089684248,2.77555756156289E-14),(-20.337050780654,2.57961126044393,
2.77555756156289E-14),(-20.4028096050024,1.99380912818015,2.77555756156289E-14),
(-20.4517059028149,1.40635715797544,2.77555756156289E-14),(-20.4836800694466,
0.817743712104857,2.77555756156289E-14),(144.473537802696,-16.7751312255859,
8.32667268468867E-14),(141.728729009628,-16.3962915539742,8.32667268468867E-14),
(144.071474671364,-14.6218119189143,8.32667268468867E-14),(143.597915768623,
-18.0528275668621,8.32667268468867E-14),(146.834194660187,-15.2975544333458,
8.32667268468867E-14),(147.162988781929,-15.048504807055,8.32667268468867E-14),
(146.68944478035,-18.4795204550028,8.32667268468867E-14),(146.256059408188,
-18.4197034686804,8.32667268468867E-14),(147.122830152512,-18.5393374413252,
8.32667268468867E-14),(150.106012821198,-18.9510770142078,8.32667268468867E-14),
(150.792211294174,-19.0457869321108,8.32667268468867E-14),(150.886923074722,
-18.3595828711987,8.32667268468867E-14),(150.200724601746,-18.2648729532957,
8.32667268468867E-14),(150.106012821198,-18.9510770142078,8.32667268468867E-14),
(154.569953680038,-19.5671897381544,8.32667268468867E-14),(155.305996537209,
-19.3007402122021,8.32667268468867E-14),(155.806735157967,-18.3393396437168,
8.32667268468867E-14),(155.901432037354,-17.6531374454498,8.32667268468867E-14),
(155.684843659401,-16.5559276938438,8.32667268468867E-14),(155.043497681618,
-16.136173158884,8.32667268468867E-14),(154.357299208641,-16.0414632409811,
8.32667268468867E-14),(153.62623333931,-16.271797940135,8.32667268468867E-14),
(153.120517730713,-17.2693133354187,8.32667268468867E-14),(153.061911463737,
-17.960499972105,8.32667268468867E-14),(153.247386217117,-19.0166104584932,
8.32667268468867E-14),(153.883740305901,-19.4724798202515,8.32667268468867E-14),
(154.569953680038,-19.5671897381544,8.32667268468867E-14)));
#2710=COORDINATES_LIST('',6,((-20.3074871950391,2.80284347852539,2.77555756156289E-14),
(-16.9685818605664,1.39529457410644,2.77555756156289E-14),(-16.7121350221875,
3.25332489332031,2.77555756156289E-14),(16.7121356076953,-3.25332412401367,
2.77555756156289E-14),(16.9685824460742,-1.39529380479981,2.77555756156289E-14),
(20.3074877805469,-2.80284461656738,2.77555756156289E-14)));
#2711=TESSELLATED_SHELL('BODY.2  ',(#2283),$);
#2712=TESSELLATED_SHELL('BODY.2  ',(#2284),$);
#2713=TESSELLATED_SHELL('BODY.2  ',(#2285),$);
#2714=TESSELLATED_SHELL('BODY.2  ',(#2286),$);
#2715=TESSELLATED_SHELL('BODY.2  ',(#2287),$);
#2716=TESSELLATED_SHELL('BODY.2  ',(#2288),$);
#2717=TESSELLATED_SHELL('BODY.2  ',(#2289),$);
#2718=TESSELLATED_SHELL('BODY.2  ',(#2290),$);
#2719=TESSELLATED_SHELL('BODY.2  ',(#2291),$);
#2720=TESSELLATED_SHELL('BODY.2  ',(#2292),$);
#2721=TESSELLATED_SHELL('BODY.2  ',(#2293),$);
#2722=TESSELLATED_SHELL('BODY.2  ',(#2294),$);
#2723=TESSELLATED_SHELL('BODY.2  ',(#2295),$);
#2724=TESSELLATED_SHELL('BODY.2  ',(#2296),$);
#2725=TESSELLATED_SHELL('BODY.2  ',(#2297),$);
#2726=TESSELLATED_SHELL('BODY.2  ',(#2298),$);
#2727=TESSELLATED_SHELL('BODY.2  ',(#2299),$);
#2728=TESSELLATED_SHELL('BODY.2  ',(#2300),$);
#2729=TESSELLATED_SHELL('BODY.2  ',(#2301),$);
#2730=TESSELLATED_SHELL('BODY.2  ',(#2302),$);
#2731=TESSELLATED_SHELL('BODY.2  ',(#2303),$);
#2732=TESSELLATED_SHELL('BODY.2  ',(#2304),$);
#2733=TESSELLATED_SHELL('BODY.2  ',(#2305),$);
#2734=TESSELLATED_SHELL('BODY.2  ',(#2306),$);
#2735=TESSELLATED_SHELL('BODY.2  ',(#2307),$);
#2736=TESSELLATED_SHELL('BODY.2  ',(#2308),$);
#2737=TESSELLATED_SHELL('BODY.2  ',(#2309),$);
#2738=TESSELLATED_SHELL('BODY.2  ',(#2310),$);
#2739=TESSELLATED_SHELL('BODY.2  ',(#2311),$);
#2740=TESSELLATED_SHELL('BODY.2  ',(#2312),$);
#2741=TESSELLATED_SHELL('BODY.2  ',(#2313),$);
#2742=TESSELLATED_SHELL('BODY.2  ',(#2314),$);
#2743=TESSELLATED_SHELL('BODY.2  ',(#2315),$);
#2744=TESSELLATED_SHELL('BODY.2  ',(#2316),$);
#2745=TESSELLATED_SHELL('BODY.2  ',(#2317),$);
#2746=TESSELLATED_SHELL('BODY.2  ',(#2318),$);
#2747=TESSELLATED_SHELL('BODY.2  ',(#2319),$);
#2748=TESSELLATED_SHELL('BODY.2  ',(#2320),$);
#2749=TESSELLATED_SHELL('BODY.2  ',(#2321),$);
#2750=TESSELLATED_SHELL('BODY.2  ',(#2322),$);
#2751=TESSELLATED_SHELL('BODY.2  ',(#2323),$);
#2752=TESSELLATED_SHELL('BODY.2  ',(#2324),$);
#2753=TESSELLATED_SHELL('BODY.2  ',(#2325),$);
#2754=TESSELLATED_SHELL('BODY.2  ',(#2326),$);
#2755=TESSELLATED_SHELL('BODY.2  ',(#2327),$);
#2756=TESSELLATED_SHELL('BODY.2  ',(#2328),$);
#2757=TESSELLATED_SHELL('BODY.2  ',(#2329),$);
#2758=TESSELLATED_SHELL('BODY.2  ',(#2330),$);
#2759=TESSELLATED_SHELL('BODY.2  ',(#2331),$);
#2760=TESSELLATED_SHELL('BODY.2  ',(#2332),$);
#2761=TESSELLATED_SHELL('BODY.2  ',(#2333),$);
#2762=TESSELLATED_SHELL('BODY.2  ',(#2334),$);
#2763=TESSELLATED_SHELL('BODY.2  ',(#2335),$);
#2764=TESSELLATED_SHELL('BODY.2  ',(#2336),$);
#2765=TESSELLATED_SHELL('BODY.2  ',(#2337),$);
#2766=TESSELLATED_SHELL('BODY.2  ',(#2338),$);
#2767=TESSELLATED_SHELL('BODY.2  ',(#2339),$);
#2768=TESSELLATED_SHELL('BODY.2  ',(#2340),$);
#2769=TESSELLATED_SHELL('BODY.2  ',(#2341),$);
#2770=TESSELLATED_SHELL('BODY.2  ',(#2342),$);
#2771=TESSELLATED_SHELL('BODY.2  ',(#2343),$);
#2772=TESSELLATED_SHELL('BODY.2  ',(#2344),$);
#2773=TESSELLATED_SHELL('BODY.2  ',(#2345),$);
#2774=TESSELLATED_SHELL('BODY.2  ',(#2346),$);
#2775=TESSELLATED_SHELL('BODY.2  ',(#2347),$);
#2776=TESSELLATED_SHELL('BODY.2  ',(#2348),$);
#2777=TESSELLATED_SHELL('BODY.2  ',(#2349),$);
#2778=TESSELLATED_SHELL('BODY.2  ',(#2350),$);
#2779=TESSELLATED_SHELL('BODY.2  ',(#2351),$);
#2780=TESSELLATED_SHELL('BODY.2  ',(#2352),$);
#2781=TESSELLATED_SHELL('BODY.2  ',(#2353),$);
#2782=TESSELLATED_SHELL('BODY.2  ',(#2354),$);
#2783=TESSELLATED_SHELL('BODY.2  ',(#2355),$);
#2784=TESSELLATED_SHELL('BODY.2  ',(#2356),$);
#2785=TESSELLATED_SHELL('BODY.2  ',(#2357),$);
#2786=TESSELLATED_SHELL('BODY.2  ',(#2358),$);
#2787=TESSELLATED_SHELL('BODY.2  ',(#2359),$);
#2788=TESSELLATED_SHELL('BODY.2  ',(#2360),$);
#2789=TESSELLATED_SHELL('BODY.2  ',(#2361),$);
#2790=TESSELLATED_SHELL('BODY.2  ',(#2362),$);
#2791=TESSELLATED_SHELL('BODY.2  ',(#2363),$);
#2792=TESSELLATED_SHELL('BODY.2  ',(#2364),$);
#2793=TESSELLATED_SHELL('BODY.2  ',(#2365),$);
#2794=TESSELLATED_SHELL('BODY.2  ',(#2366),$);
#2795=TESSELLATED_SHELL('BODY.2  ',(#2367),$);
#2796=TESSELLATED_SHELL('BODY.2  ',(#2368),$);
#2797=TESSELLATED_SHELL('BODY.2  ',(#2369),$);
#2798=TESSELLATED_SHELL('BODY.2  ',(#2370),$);
#2799=TESSELLATED_SHELL('BODY.2  ',(#2371),$);
#2800=TESSELLATED_SHELL('BODY.2  ',(#2372),$);
#2801=TESSELLATED_SHELL('BODY.2  ',(#2373),$);
#2802=TESSELLATED_SHELL('BODY.2  ',(#2374),$);
#2803=TESSELLATED_SHELL('BODY.2  ',(#2375),$);
#2804=TESSELLATED_SHELL('BODY.2  ',(#2376),$);
#2805=TESSELLATED_SHELL('BODY.2  ',(#2377),$);
#2806=TESSELLATED_SHELL('BODY.2  ',(#2378),$);
#2807=TESSELLATED_SHELL('BODY.2  ',(#2379),$);
#2808=TESSELLATED_SHELL('BODY.2  ',(#2380),$);
#2809=TESSELLATED_SHELL('BODY.2  ',(#2381),$);
#2810=TESSELLATED_SHELL('BODY.2  ',(#2382),$);
#2811=TESSELLATED_SHELL('BODY.2  ',(#2383),$);
#2812=TESSELLATED_SHELL('BODY.2  ',(#2384),$);
#2813=TESSELLATED_SHELL('BODY.2  ',(#2385),$);
#2814=TESSELLATED_SHELL('BODY.2  ',(#2386),$);
#2815=TESSELLATED_SHELL('BODY.2  ',(#2387),$);
#2816=TESSELLATED_SHELL('BODY.2  ',(#2388),$);
#2817=TESSELLATED_SHELL('BODY.2  ',(#2389),$);
#2818=TESSELLATED_SHELL('BODY.2  ',(#2390),$);
#2819=TESSELLATED_SHELL('BODY.2  ',(#2391),$);
#2820=TESSELLATED_SHELL('BODY.2  ',(#2392),$);
#2821=TESSELLATED_SHELL('BODY.2  ',(#2393),$);
#2822=TESSELLATED_SHELL('BODY.2  ',(#2394),$);
#2823=TESSELLATED_SHELL('BODY.2  ',(#2395),$);
#2824=TESSELLATED_SHELL('BODY.2  ',(#2396),$);
#2825=TESSELLATED_SHELL('BODY.2  ',(#2397),$);
#2826=TESSELLATED_SHELL('BODY.2  ',(#2398),$);
#2827=TESSELLATED_SHELL('BODY.2  ',(#2399),$);
#2828=TESSELLATED_SHELL('BODY.2  ',(#2400),$);
#2829=TESSELLATED_SHELL('BODY.2  ',(#2401),$);
#2830=TESSELLATED_SHELL('BODY.2  ',(#2402),$);
#2831=TESSELLATED_SHELL('BODY.2  ',(#2403),$);
#2832=TESSELLATED_SHELL('BODY.2  ',(#2404),$);
#2833=TESSELLATED_SHELL('BODY.2  ',(#2405),$);
#2834=TESSELLATED_SHELL('BODY.2  ',(#2406),$);
#2835=TESSELLATED_SHELL('BODY.2  ',(#2407),$);
#2836=TESSELLATED_SHELL('BODY.2  ',(#2408),$);
#2837=TESSELLATED_SHELL('BODY.2  ',(#2409),$);
#2838=TESSELLATED_SHELL('BODY.2  ',(#2410),$);
#2839=TESSELLATED_SHELL('BODY.2  ',(#2411),$);
#2840=TESSELLATED_SHELL('BODY.2  ',(#2412),$);
#2841=TESSELLATED_SHELL('BODY.2  ',(#2413),$);
#2842=TESSELLATED_SHELL('BODY.2  ',(#2414),$);
#2843=TESSELLATED_SHELL('BODY.2  ',(#2415),$);
#2844=TESSELLATED_SHELL('BODY.2  ',(#2416),$);
#2845=TESSELLATED_SHELL('BODY.2  ',(#2417),$);
#2846=TESSELLATED_SHELL('BODY.2  ',(#2418),$);
#2847=TESSELLATED_SHELL('BODY.2  ',(#2419),$);
#2848=TESSELLATED_SHELL('BODY.2  ',(#2420),$);
#2849=TESSELLATED_SHELL('BODY.2  ',(#2421),$);
#2850=TESSELLATED_SHELL('BODY.2  ',(#2422),$);
#2851=TESSELLATED_SHELL('BODY.2  ',(#2423),$);
#2852=TESSELLATED_SHELL('BODY.2  ',(#2424),$);
#2853=TESSELLATED_SHELL('BODY.2  ',(#2425),$);
#2854=TESSELLATED_SHELL('BODY.2  ',(#2426),$);
#2855=TESSELLATED_SHELL('BODY.2  ',(#2427),$);
#2856=TESSELLATED_SHELL('BODY.2  ',(#2428),$);
#2857=TESSELLATED_SHELL('BODY.2  ',(#2429),$);
#2858=TESSELLATED_SHELL('BODY.2  ',(#2430),$);
#2859=TESSELLATED_SHELL('BODY.2  ',(#2431),$);
#2860=TESSELLATED_SHELL('BODY.2  ',(#2432),$);
#2861=TESSELLATED_SHELL('BODY.2  ',(#2433),$);
#2862=TESSELLATED_SHELL('BODY.2  ',(#2434),$);
#2863=TESSELLATED_SHELL('BODY.2  ',(#2435),$);
#2864=TESSELLATED_SHELL('BODY.2  ',(#2436),$);
#2865=TESSELLATED_SHELL('BODY.2  ',(#2437),$);
#2866=TESSELLATED_SHELL('BODY.2  ',(#2438),$);
#2867=TESSELLATED_SHELL('BODY.2  ',(#2439),$);
#2868=TESSELLATED_SHELL('BODY.2  ',(#2440),$);
#2869=TESSELLATED_SHELL('BODY.2  ',(#2441),$);
#2870=TESSELLATED_SHELL('BODY.2  ',(#2442),$);
#2871=TESSELLATED_SHELL('BODY.2  ',(#2443),$);
#2872=TESSELLATED_SHELL('BODY.2  ',(#2444),$);
#2873=TESSELLATED_SHELL('BODY.2  ',(#2445),$);
#2874=TESSELLATED_SHELL('BODY.2  ',(#2446),$);
#2875=TESSELLATED_SHELL('BODY.2  ',(#2447),$);
#2876=TESSELLATED_SHELL('BODY.2  ',(#2448),$);
#2877=TESSELLATED_SHELL('BODY.2  ',(#2449),$);
#2878=TESSELLATED_SHELL('BODY.2  ',(#2450),$);
#2879=TESSELLATED_SHELL('BODY.2  ',(#2451),$);
#2880=TESSELLATED_SHELL('BODY.2  ',(#2452),$);
#2881=TESSELLATED_SHELL('BODY.2  ',(#2453),$);
#2882=TESSELLATED_SHELL('BODY.2  ',(#2454),$);
#2883=TESSELLATED_SHELL('BODY.2  ',(#2455),$);
#2884=TESSELLATED_SHELL('BODY.2  ',(#2456),$);
#2885=TESSELLATED_SHELL('BODY.2  ',(#2457),$);
#2886=TESSELLATED_SHELL('BODY.2  ',(#2458),$);
#2887=TESSELLATED_SHELL('BODY.2  ',(#2459),$);
#2888=TESSELLATED_SHELL('BODY.2  ',(#2460),$);
#2889=TESSELLATED_SHELL('BODY.2  ',(#2461),$);
#2890=TESSELLATED_SHELL('BODY.2  ',(#2462),$);
#2891=TESSELLATED_SHELL('BODY.2  ',(#2463),$);
#2892=TESSELLATED_SHELL('BODY.2  ',(#2464),$);
#2893=TESSELLATED_SHELL('BODY.2  ',(#2465),$);
#2894=TESSELLATED_SHELL('BODY.2  ',(#2466),$);
#2895=TESSELLATED_SHELL('BODY.2  ',(#2467),$);
#2896=TESSELLATED_SHELL('BODY.2  ',(#2468),$);
#2897=TESSELLATED_SHELL('BODY.2  ',(#2469),$);
#2898=TESSELLATED_SHELL('BODY.2  ',(#2470),$);
#2899=TESSELLATED_SHELL('BODY.2  ',(#2471),$);
#2900=TESSELLATED_SHELL('BODY.2  ',(#2472),$);
#2901=TESSELLATED_SHELL('BODY.2  ',(#2473),$);
#2902=TESSELLATED_SHELL('BODY.2  ',(#2474),$);
#2903=TESSELLATED_SHELL('BODY.2  ',(#2475),$);
#2904=TESSELLATED_SHELL('BODY.2  ',(#2476),$);
#2905=TESSELLATED_SHELL('BODY.2  ',(#2477),$);
#2906=TESSELLATED_SHELL('BODY.2  ',(#2478),$);
#2907=TESSELLATED_SHELL('BODY.2  ',(#2479),$);
#2908=TESSELLATED_SHELL('BODY.2  ',(#2480),$);
#2909=TESSELLATED_SHELL('BODY.2  ',(#2481),$);
#2910=TESSELLATED_SHELL('BODY.2  ',(#2482),$);
#2911=TESSELLATED_SHELL('BODY.2  ',(#2483),$);
#2912=TESSELLATED_SHELL('BODY.2  ',(#2484),$);
#2913=TESSELLATED_SHELL('BODY.2  ',(#2485),$);
#2914=TESSELLATED_SHELL('BODY.2  ',(#2486),$);
#2915=SHAPE_DEFINITION_REPRESENTATION(#4011,#2916);
#2916=SHAPE_REPRESENTATION('000679_A;1-End Bell_Machined',(#2917),#3996);
#2917=AXIS2_PLACEMENT_3D('',#3012,#2954,#2955);
#2918=AXIS2_PLACEMENT_3D('Linear Dimension (18)',#3218,#2956,#2957);
#2919=AXIS2_PLACEMENT_3D('PMI PLANE',#3219,#2958,#2959);
#2920=AXIS2_PLACEMENT_3D('Radial Dimension (14)',#3221,#2960,#2961);
#2921=AXIS2_PLACEMENT_3D('PMI PLANE',#3222,#2962,#2963);
#2922=AXIS2_PLACEMENT_3D('Radial Dimension (15)',#3224,#2964,#2965);
#2923=AXIS2_PLACEMENT_3D('PMI PLANE',#3225,#2966,#2967);
#2924=AXIS2_PLACEMENT_3D('Datum Feature Symbol A (19)',#3227,#2968,#2969);
#2925=AXIS2_PLACEMENT_3D('PMI PLANE',#3228,#2970,#2971);
#2926=AXIS2_PLACEMENT_3D('Radial Dimension (10)',#3230,#2972,#2973);
#2927=AXIS2_PLACEMENT_3D('PMI PLANE',#3231,#2974,#2975);
#2928=AXIS2_PLACEMENT_3D('Radial Dimension (12)',#3233,#2976,#2977);
#2929=AXIS2_PLACEMENT_3D('PMI PLANE',#3234,#2978,#2979);
#2930=AXIS2_PLACEMENT_3D('Radial Dimension (9)',#3236,#2980,#2981);
#2931=AXIS2_PLACEMENT_3D('PMI PLANE',#3237,#2982,#2983);
#2932=AXIS2_PLACEMENT_3D('Feature Control Frame (20)',#3239,#2984,#2985);
#2933=AXIS2_PLACEMENT_3D('PMI PLANE',#3240,#2986,#2987);
#2934=AXIS2_PLACEMENT_3D('',#3242,#2988,#2989);
#2935=AXIS2_PLACEMENT_3D('',#3244,#2988,#2989);
#2936=AXIS2_PLACEMENT_3D('',#3245,#2990,#2991);
#2937=AXIS2_PLACEMENT_3D('',#3247,#2990,#2991);
#2938=AXIS2_PLACEMENT_3D('',#3248,#2992,#2993);
#2939=AXIS2_PLACEMENT_3D('',#3250,#2992,#2993);
#2940=AXIS2_PLACEMENT_3D('',#3251,#2994,#2995);
#2941=AXIS2_PLACEMENT_3D('',#3253,#2994,#2995);
#2942=AXIS2_PLACEMENT_3D('Radial Dimension (24)',#3254,#2996,#2997);
#2943=AXIS2_PLACEMENT_3D('PMI PLANE',#3255,#2998,#2999);
#2944=AXIS2_PLACEMENT_3D('Radial Dimension (23)',#3257,#3000,#3001);
#2945=AXIS2_PLACEMENT_3D('PMI PLANE',#3258,#3002,#3003);
#2946=AXIS2_PLACEMENT_3D('',#3260,#3004,#3005);
#2947=AXIS2_PLACEMENT_3D('',#3262,#3004,#3005);
#2948=AXIS2_PLACEMENT_3D('',#3263,#3006,#3007);
#2949=AXIS2_PLACEMENT_3D('',#3265,#3006,#3007);
#2950=AXIS2_PLACEMENT_3D('',#3266,#3008,#3009);
#2951=AXIS2_PLACEMENT_3D('',#3268,#3008,#3009);
#2952=AXIS2_PLACEMENT_3D('',#3269,#3010,#3011);
#2953=AXIS2_PLACEMENT_3D('',#3271,#3010,#3011);
#2954=DIRECTION('',(0.,0.,1.));
#2955=DIRECTION('',(1.,0.,0.));
#2956=DIRECTION('',(0.745360692247489,-0.666661412151884,0.));
#2957=DIRECTION('',(0.666661412151884,0.745360692247489,0.));
#2958=DIRECTION('',(0.745360692247489,-0.666661412151884,0.));
#2959=DIRECTION('',(0.666661412151884,0.745360692247489,0.));
#2960=DIRECTION('',(0.,0.,1.));
#2961=DIRECTION('',(1.,0.,0.));
#2962=DIRECTION('',(0.,0.,1.));
#2963=DIRECTION('',(1.,0.,0.));
#2964=DIRECTION('',(0.,0.,1.));
#2965=DIRECTION('',(1.,0.,0.));
#2966=DIRECTION('',(0.,0.,1.));
#2967=DIRECTION('',(1.,0.,0.));
#2968=DIRECTION('',(0.,0.,1.));
#2969=DIRECTION('',(1.,0.,0.));
#2970=DIRECTION('',(0.,0.,1.));
#2971=DIRECTION('',(1.,0.,0.));
#2972=DIRECTION('',(0.,0.,1.));
#2973=DIRECTION('',(1.,0.,0.));
#2974=DIRECTION('',(0.,0.,1.));
#2975=DIRECTION('',(1.,0.,0.));
#2976=DIRECTION('',(0.,0.,1.));
#2977=DIRECTION('',(1.,0.,0.));
#2978=DIRECTION('',(0.,0.,1.));
#2979=DIRECTION('',(1.,0.,0.));
#2980=DIRECTION('',(0.,0.,1.));
#2981=DIRECTION('',(1.,0.,0.));
#2982=DIRECTION('',(0.,0.,1.));
#2983=DIRECTION('',(1.,0.,0.));
#2984=DIRECTION('',(0.,0.,1.));
#2985=DIRECTION('',(1.,0.,0.));
#2986=DIRECTION('',(0.,0.,1.));
#2987=DIRECTION('',(1.,0.,0.));
#2988=DIRECTION('',(0.,0.,1.));
#2989=DIRECTION('',(1.,0.,0.));
#2990=DIRECTION('',(0.,-1.,0.));
#2991=DIRECTION('',(1.,0.,0.));
#2992=DIRECTION('',(1.,0.,0.));
#2993=DIRECTION('',(0.,1.,0.));
#2994=DIRECTION('',(0.,1.,0.));
#2995=DIRECTION('',(-1.,0.,0.));
#2996=DIRECTION('',(0.,0.,-1.));
#2997=DIRECTION('',(1.,0.,0.));
#2998=DIRECTION('',(0.,0.,-1.));
#2999=DIRECTION('',(1.,0.,0.));
#3000=DIRECTION('',(0.,0.,-1.));
#3001=DIRECTION('',(1.,0.,0.));
#3002=DIRECTION('',(0.,0.,-1.));
#3003=DIRECTION('',(1.,0.,0.));
#3004=DIRECTION('',(0.,0.,-1.));
#3005=DIRECTION('',(1.,0.,0.));
#3006=DIRECTION('',(-1.,0.,0.));
#3007=DIRECTION('',(0.,-1.,0.));
#3008=DIRECTION('',(0.577350269189626,-0.577350269189626,0.577350269189626));
#3009=DIRECTION('',(0.707106765322401,0.707106797050693,3.17282912720707E-8));
#3010=DIRECTION('',(0.718873086818576,-0.585048618558824,0.375419230954334));
#3011=DIRECTION('',(0.631219072032975,0.775604591980882,-2.04699331651792E-8));
#3012=CARTESIAN_POINT('',(0.,0.,0.));
#3013=CARTESIAN_POINT('centre point',(0.,0.,0.));
#3014=CARTESIAN_POINT('centre point',(0.,0.,0.));
#3015=CARTESIAN_POINT('centre point',(0.,0.,0.));
#3016=CARTESIAN_POINT('centre point',(0.,0.,0.));
#3017=CARTESIAN_POINT('centre point',(0.,0.,0.));
#3018=CARTESIAN_POINT('centre point',(0.,0.,0.));
#3019=CARTESIAN_POINT('centre point',(0.,0.,0.));
#3020=CARTESIAN_POINT('centre point',(0.,0.,0.));
#3021=CARTESIAN_POINT('centre point',(0.,0.,0.));
#3022=CARTESIAN_POINT('centre point',(0.,0.,0.));
#3023=CARTESIAN_POINT('centre point',(0.,0.,0.));
#3024=CARTESIAN_POINT('centre point',(0.,0.,0.));
#3025=CARTESIAN_POINT('centre point',(0.,0.,0.));
#3026=CARTESIAN_POINT('centre point',(0.,0.,0.));
#3027=CARTESIAN_POINT('centre point',(0.,0.,0.));
#3028=CARTESIAN_POINT('centre point',(0.,0.,0.));
#3029=CARTESIAN_POINT('centre point',(0.,0.,0.));
#3030=CARTESIAN_POINT('centre point',(0.,0.,0.));
#3031=CARTESIAN_POINT('centre point',(0.,0.,0.));
#3032=CARTESIAN_POINT('centre point',(0.,0.,0.));
#3033=CARTESIAN_POINT('centre point',(0.,0.,0.));
#3034=CARTESIAN_POINT('centre point',(0.,0.,0.));
#3035=CARTESIAN_POINT('centre point',(0.,0.,0.));
#3036=CARTESIAN_POINT('centre point',(0.,0.,0.));
#3037=CARTESIAN_POINT('centre point',(0.,0.,0.));
#3038=CARTESIAN_POINT('centre point',(0.,0.,0.));
#3039=CARTESIAN_POINT('centre point',(0.,0.,0.));
#3040=CARTESIAN_POINT('centre point',(0.,0.,0.));
#3041=CARTESIAN_POINT('centre point',(0.,0.,0.));
#3042=CARTESIAN_POINT('centre point',(0.,0.,0.));
#3043=CARTESIAN_POINT('centre point',(0.,0.,0.));
#3044=CARTESIAN_POINT('centre point',(0.,0.,0.));
#3045=CARTESIAN_POINT('centre point',(0.,0.,0.));
#3046=CARTESIAN_POINT('centre point',(0.,0.,0.));
#3047=CARTESIAN_POINT('centre point',(0.,0.,0.));
#3048=CARTESIAN_POINT('centre point',(0.,0.,0.));
#3049=CARTESIAN_POINT('centre point',(0.,0.,0.));
#3050=CARTESIAN_POINT('centre point',(0.,0.,0.));
#3051=CARTESIAN_POINT('centre point',(0.,0.,0.));
#3052=CARTESIAN_POINT('centre point',(0.,0.,0.));
#3053=CARTESIAN_POINT('centre point',(0.,0.,0.));
#3054=CARTESIAN_POINT('centre point',(0.,0.,0.));
#3055=CARTESIAN_POINT('centre point',(0.,0.,0.));
#3056=CARTESIAN_POINT('centre point',(0.,0.,0.));
#3057=CARTESIAN_POINT('centre point',(0.,0.,0.));
#3058=CARTESIAN_POINT('centre point',(0.,0.,0.));
#3059=CARTESIAN_POINT('centre point',(0.,0.,0.));
#3060=CARTESIAN_POINT('centre point',(0.,0.,0.));
#3061=CARTESIAN_POINT('centre point',(0.,0.,0.));
#3062=CARTESIAN_POINT('centre point',(0.,0.,0.));
#3063=CARTESIAN_POINT('centre point',(0.,0.,0.));
#3064=CARTESIAN_POINT('centre point',(0.,0.,0.));
#3065=CARTESIAN_POINT('centre point',(0.,0.,0.));
#3066=CARTESIAN_POINT('centre point',(0.,0.,0.));
#3067=CARTESIAN_POINT('centre point',(0.,0.,0.));
#3068=CARTESIAN_POINT('centre point',(0.,0.,0.));
#3069=CARTESIAN_POINT('centre point',(0.,0.,0.));
#3070=CARTESIAN_POINT('centre point',(0.,0.,0.));
#3071=CARTESIAN_POINT('centre point',(0.,0.,0.));
#3072=CARTESIAN_POINT('centre point',(0.,0.,0.));
#3073=CARTESIAN_POINT('centre point',(0.,0.,0.));
#3074=CARTESIAN_POINT('centre point',(0.,0.,0.));
#3075=CARTESIAN_POINT('centre point',(0.,0.,0.));
#3076=CARTESIAN_POINT('centre point',(0.,0.,0.));
#3077=CARTESIAN_POINT('centre point',(0.,0.,0.));
#3078=CARTESIAN_POINT('centre point',(0.,0.,0.));
#3079=CARTESIAN_POINT('centre point',(0.,0.,0.));
#3080=CARTESIAN_POINT('centre point',(0.,0.,0.));
#3081=CARTESIAN_POINT('centre point',(0.,0.,0.));
#3082=CARTESIAN_POINT('centre point',(0.,0.,0.));
#3083=CARTESIAN_POINT('centre point',(0.,0.,0.));
#3084=CARTESIAN_POINT('centre point',(0.,0.,0.));
#3085=CARTESIAN_POINT('centre point',(0.,0.,0.));
#3086=CARTESIAN_POINT('centre point',(0.,0.,0.));
#3087=CARTESIAN_POINT('centre point',(0.,0.,0.));
#3088=CARTESIAN_POINT('centre point',(0.,0.,0.));
#3089=CARTESIAN_POINT('centre point',(0.,0.,0.));
#3090=CARTESIAN_POINT('centre point',(0.,0.,0.));
#3091=CARTESIAN_POINT('centre point',(0.,0.,0.));
#3092=CARTESIAN_POINT('centre point',(0.,0.,0.));
#3093=CARTESIAN_POINT('centre point',(0.,0.,0.));
#3094=CARTESIAN_POINT('centre point',(0.,0.,0.));
#3095=CARTESIAN_POINT('centre point',(0.,0.,0.));
#3096=CARTESIAN_POINT('centre point',(0.,0.,0.));
#3097=CARTESIAN_POINT('centre point',(0.,0.,0.));
#3098=CARTESIAN_POINT('centre point',(0.,0.,0.));
#3099=CARTESIAN_POINT('centre point',(0.,0.,0.));
#3100=CARTESIAN_POINT('centre point',(0.,0.,0.));
#3101=CARTESIAN_POINT('centre point',(0.,0.,0.));
#3102=CARTESIAN_POINT('centre point',(0.,0.,0.));
#3103=CARTESIAN_POINT('centre point',(0.,0.,0.));
#3104=CARTESIAN_POINT('centre point',(0.,0.,0.));
#3105=CARTESIAN_POINT('centre point',(0.,0.,0.));
#3106=CARTESIAN_POINT('centre point',(0.,0.,0.));
#3107=CARTESIAN_POINT('centre point',(0.,0.,0.));
#3108=CARTESIAN_POINT('centre point',(0.,0.,0.));
#3109=CARTESIAN_POINT('centre point',(0.,0.,0.));
#3110=CARTESIAN_POINT('centre point',(0.,0.,0.));
#3111=CARTESIAN_POINT('centre point',(0.,0.,0.));
#3112=CARTESIAN_POINT('centre point',(0.,0.,0.));
#3113=CARTESIAN_POINT('centre point',(0.,0.,0.));
#3114=CARTESIAN_POINT('centre point',(0.,0.,0.));
#3115=CARTESIAN_POINT('centre point',(0.,0.,0.));
#3116=CARTESIAN_POINT('centre point',(0.,0.,0.));
#3117=CARTESIAN_POINT('centre point',(0.,0.,0.));
#3118=CARTESIAN_POINT('centre point',(0.,0.,0.));
#3119=CARTESIAN_POINT('centre point',(0.,0.,0.));
#3120=CARTESIAN_POINT('centre point',(0.,0.,0.));
#3121=CARTESIAN_POINT('centre point',(0.,0.,0.));
#3122=CARTESIAN_POINT('centre point',(0.,0.,0.));
#3123=CARTESIAN_POINT('centre point',(0.,0.,0.));
#3124=CARTESIAN_POINT('centre point',(0.,0.,0.));
#3125=CARTESIAN_POINT('centre point',(0.,0.,0.));
#3126=CARTESIAN_POINT('centre point',(0.,0.,0.));
#3127=CARTESIAN_POINT('centre point',(0.,0.,0.));
#3128=CARTESIAN_POINT('centre point',(0.,0.,0.));
#3129=CARTESIAN_POINT('centre point',(0.,0.,0.));
#3130=CARTESIAN_POINT('centre point',(0.,0.,0.));
#3131=CARTESIAN_POINT('centre point',(0.,0.,0.));
#3132=CARTESIAN_POINT('centre point',(0.,0.,0.));
#3133=CARTESIAN_POINT('centre point',(0.,0.,0.));
#3134=CARTESIAN_POINT('centre point',(0.,0.,0.));
#3135=CARTESIAN_POINT('centre point',(0.,0.,0.));
#3136=CARTESIAN_POINT('centre point',(0.,0.,0.));
#3137=CARTESIAN_POINT('centre point',(0.,0.,0.));
#3138=CARTESIAN_POINT('centre point',(0.,0.,0.));
#3139=CARTESIAN_POINT('centre point',(0.,0.,0.));
#3140=CARTESIAN_POINT('centre point',(0.,0.,0.));
#3141=CARTESIAN_POINT('centre point',(0.,0.,0.));
#3142=CARTESIAN_POINT('centre point',(0.,0.,0.));
#3143=CARTESIAN_POINT('centre point',(0.,0.,0.));
#3144=CARTESIAN_POINT('centre point',(0.,0.,0.));
#3145=CARTESIAN_POINT('centre point',(0.,0.,0.));
#3146=CARTESIAN_POINT('centre point',(0.,0.,0.));
#3147=CARTESIAN_POINT('centre point',(0.,0.,0.));
#3148=CARTESIAN_POINT('centre point',(0.,0.,0.));
#3149=CARTESIAN_POINT('centre point',(0.,0.,0.));
#3150=CARTESIAN_POINT('centre point',(0.,0.,0.));
#3151=CARTESIAN_POINT('centre point',(0.,0.,0.));
#3152=CARTESIAN_POINT('centre point',(0.,0.,0.));
#3153=CARTESIAN_POINT('centre point',(0.,0.,0.));
#3154=CARTESIAN_POINT('centre point',(0.,0.,0.));
#3155=CARTESIAN_POINT('centre point',(0.,0.,0.));
#3156=CARTESIAN_POINT('centre point',(0.,0.,0.));
#3157=CARTESIAN_POINT('centre point',(0.,0.,0.));
#3158=CARTESIAN_POINT('centre point',(0.,0.,0.));
#3159=CARTESIAN_POINT('centre point',(0.,0.,0.));
#3160=CARTESIAN_POINT('centre point',(0.,0.,0.));
#3161=CARTESIAN_POINT('centre point',(0.,0.,0.));
#3162=CARTESIAN_POINT('centre point',(0.,0.,0.));
#3163=CARTESIAN_POINT('centre point',(0.,0.,0.));
#3164=CARTESIAN_POINT('centre point',(0.,0.,0.));
#3165=CARTESIAN_POINT('centre point',(0.,0.,0.));
#3166=CARTESIAN_POINT('centre point',(0.,0.,0.));
#3167=CARTESIAN_POINT('centre point',(0.,0.,0.));
#3168=CARTESIAN_POINT('centre point',(0.,0.,0.));
#3169=CARTESIAN_POINT('centre point',(0.,0.,0.));
#3170=CARTESIAN_POINT('centre point',(0.,0.,0.));
#3171=CARTESIAN_POINT('centre point',(0.,0.,0.));
#3172=CARTESIAN_POINT('centre point',(0.,0.,0.));
#3173=CARTESIAN_POINT('centre point',(0.,0.,0.));
#3174=CARTESIAN_POINT('centre point',(0.,0.,0.));
#3175=CARTESIAN_POINT('centre point',(0.,0.,0.));
#3176=CARTESIAN_POINT('centre point',(0.,0.,0.));
#3177=CARTESIAN_POINT('centre point',(0.,0.,0.));
#3178=CARTESIAN_POINT('centre point',(0.,0.,0.));
#3179=CARTESIAN_POINT('centre point',(0.,0.,0.));
#3180=CARTESIAN_POINT('centre point',(0.,0.,0.));
#3181=CARTESIAN_POINT('centre point',(0.,0.,0.));
#3182=CARTESIAN_POINT('centre point',(0.,0.,0.));
#3183=CARTESIAN_POINT('centre point',(0.,0.,0.));
#3184=CARTESIAN_POINT('centre point',(0.,0.,0.));
#3185=CARTESIAN_POINT('centre point',(0.,0.,0.));
#3186=CARTESIAN_POINT('centre point',(0.,0.,0.));
#3187=CARTESIAN_POINT('centre point',(0.,0.,0.));
#3188=CARTESIAN_POINT('centre point',(0.,0.,0.));
#3189=CARTESIAN_POINT('centre point',(0.,0.,0.));
#3190=CARTESIAN_POINT('centre point',(0.,0.,0.));
#3191=CARTESIAN_POINT('centre point',(0.,0.,0.));
#3192=CARTESIAN_POINT('centre point',(0.,0.,0.));
#3193=CARTESIAN_POINT('centre point',(0.,0.,0.));
#3194=CARTESIAN_POINT('centre point',(0.,0.,0.));
#3195=CARTESIAN_POINT('centre point',(0.,0.,0.));
#3196=CARTESIAN_POINT('centre point',(0.,0.,0.));
#3197=CARTESIAN_POINT('centre point',(0.,0.,0.));
#3198=CARTESIAN_POINT('centre point',(0.,0.,0.));
#3199=CARTESIAN_POINT('centre point',(0.,0.,0.));
#3200=CARTESIAN_POINT('centre point',(0.,0.,0.));
#3201=CARTESIAN_POINT('centre point',(0.,0.,0.));
#3202=CARTESIAN_POINT('centre point',(0.,0.,0.));
#3203=CARTESIAN_POINT('centre point',(0.,0.,0.));
#3204=CARTESIAN_POINT('centre point',(0.,0.,0.));
#3205=CARTESIAN_POINT('centre point',(0.,0.,0.));
#3206=CARTESIAN_POINT('centre point',(0.,0.,0.));
#3207=CARTESIAN_POINT('centre point',(0.,0.,0.));
#3208=CARTESIAN_POINT('centre point',(0.,0.,0.));
#3209=CARTESIAN_POINT('centre point',(0.,0.,0.));
#3210=CARTESIAN_POINT('centre point',(0.,0.,0.));
#3211=CARTESIAN_POINT('centre point',(0.,0.,0.));
#3212=CARTESIAN_POINT('centre point',(0.,0.,0.));
#3213=CARTESIAN_POINT('centre point',(0.,0.,0.));
#3214=CARTESIAN_POINT('centre point',(0.,0.,0.));
#3215=CARTESIAN_POINT('centre point',(0.,0.,0.));
#3216=CARTESIAN_POINT('centre point',(0.,0.,0.));
#3217=CARTESIAN_POINT('centre point',(0.,0.,0.));
#3218=CARTESIAN_POINT('',(-156.2683709,63.57346114,-111.5));
#3219=CARTESIAN_POINT('',(-156.2683709,63.57346114,-111.5));
#3220=CARTESIAN_POINT('tessellated curve centre point',(-161.234199171322,
58.0214222346892,-113.470816887635));
#3221=CARTESIAN_POINT('',(-86.74575072,-21.91838226,-129.));
#3222=CARTESIAN_POINT('',(-86.74575072,-21.91838226,-129.));
#3223=CARTESIAN_POINT('tessellated curve centre point',(-16.9613483998121,
-32.873035144378,-128.999993205071));
#3224=CARTESIAN_POINT('',(-151.6672993,-99.28887101,-111.5));
#3225=CARTESIAN_POINT('',(-151.6672993,-99.28887101,-111.5));
#3226=CARTESIAN_POINT('tessellated curve centre point',(-162.899582854439,
-128.05648139139,-111.50000244379));
#3227=CARTESIAN_POINT('',(42.0633164260934,-39.4388640834376,-129.));
#3228=CARTESIAN_POINT('',(42.0633164260934,-39.4388640834376,-129.));
#3229=CARTESIAN_POINT('tessellated curve centre point',(44.8042620556153,
-54.1142600076295,-128.99999320507));
#3230=CARTESIAN_POINT('',(-86.74575072,-21.91838226,-115.));
#3231=CARTESIAN_POINT('',(-86.74575072,-21.91838226,-115.));
#3232=CARTESIAN_POINT('tessellated curve centre point',(-111.095084470227,
5.92154859282147,-115.000002086163));
#3233=CARTESIAN_POINT('',(-86.74575072,-21.91838226,-107.5));
#3234=CARTESIAN_POINT('',(-86.74575072,-21.91838226,-107.5));
#3235=CARTESIAN_POINT('tessellated curve centre point',(-16.5694676900773,
-8.43619474625492,-107.500001788139));
#3236=CARTESIAN_POINT('',(-86.74575072,-21.91838226,-110.));
#3237=CARTESIAN_POINT('',(-86.74575072,-21.91838226,-110.));
#3238=CARTESIAN_POINT('tessellated curve centre point',(-132.050546761558,
-44.0125255229,-109.999999403954));
#3239=CARTESIAN_POINT('',(72.0537675503526,15.7134932239982,-107.5));
#3240=CARTESIAN_POINT('',(72.0537675503526,15.7134932239982,-107.5));
#3241=CARTESIAN_POINT('tessellated curve centre point',(87.555653219417,
-14.4677371154221,-107.500001788139));
#3242=CARTESIAN_POINT('',(0.,0.,-0.12475));
#3243=CARTESIAN_POINT('',(0.,0.,-0.00975104236602782));
#3244=CARTESIAN_POINT('',(-0.0286724603773293,-0.0286724603773293,-0.12475));
#3245=CARTESIAN_POINT('',(0.,0.,0.));
#3246=CARTESIAN_POINT('',(0.,-1.11204943847656,0.));
#3247=CARTESIAN_POINT('',(-0.277265064991609,-0.277265064991609,0.));
#3248=CARTESIAN_POINT('',(0.,0.,0.));
#3249=CARTESIAN_POINT('',(1.11204943847656,0.,0.));
#3250=CARTESIAN_POINT('',(-0.277265064991609,-0.277265064991609,0.));
#3251=CARTESIAN_POINT('',(0.,0.,0.));
#3252=CARTESIAN_POINT('',(0.,1.11204943847656,0.));
#3253=CARTESIAN_POINT('',(-0.277265064991609,-0.277265064991609,0.));
#3254=CARTESIAN_POINT('',(-86.74575072,-21.91838226,-136.));
#3255=CARTESIAN_POINT('',(-86.74575072,-21.91838226,-136.));
#3256=CARTESIAN_POINT('tessellated curve centre point',(-10.0635948454827,
9.69100808876037,-136.000007390976));
#3257=CARTESIAN_POINT('',(-86.74575072,-21.91838226,-142.));
#3258=CARTESIAN_POINT('',(-86.74575072,-21.91838226,-142.));
#3259=CARTESIAN_POINT('tessellated curve centre point',(-12.663714223227,
-12.2391674744349,-142.000004649162));
#3260=CARTESIAN_POINT('',(0.,0.,-0.12475));
#3261=CARTESIAN_POINT('',(0.,0.,-0.239748962402344));
#3262=CARTESIAN_POINT('',(-0.0286724615662179,-0.0286724615662179,-0.12475));
#3263=CARTESIAN_POINT('',(0.,0.,0.));
#3264=CARTESIAN_POINT('',(-1.11204943847656,0.,0.));
#3265=CARTESIAN_POINT('',(-0.277265064991609,-0.277265064991609,0.));
#3266=CARTESIAN_POINT('',(0.,0.,0.));
#3267=CARTESIAN_POINT('',(0.629843322753906,-0.629843322753906,0.629843322753906));
#3268=CARTESIAN_POINT('',(-0.27199706283299,-0.27199706283299,0.));
#3269=CARTESIAN_POINT('',(0.,0.,0.));
#3270=CARTESIAN_POINT('',(0.830263606434755,-0.67570282556274,0.433591033427811));
#3271=CARTESIAN_POINT('',(-0.287961769884626,-0.287961769884626,0.));
#3272=INTEGER_REPRESENTATION_ITEM('',0.);
#3273=INTEGER_REPRESENTATION_ITEM('',1.);
#3274=INTEGER_REPRESENTATION_ITEM('number of annotations',10.);
#3275=INTEGER_REPRESENTATION_ITEM('number of views',8.);
#3276=INTEGER_REPRESENTATION_ITEM('number of datum features',1.);
#3277=INTEGER_REPRESENTATION_ITEM('number of geometric tolerances',1.);
#3278=INTEGER_REPRESENTATION_ITEM('number of dimensional locations',8.);
#3279=PROPERTY_DEFINITION_REPRESENTATION(#3759,#3505);
#3280=PROPERTY_DEFINITION_REPRESENTATION(#3760,#3506);
#3281=PROPERTY_DEFINITION_REPRESENTATION(#3761,#3507);
#3282=PROPERTY_DEFINITION_REPRESENTATION(#3762,#3508);
#3283=PROPERTY_DEFINITION_REPRESENTATION(#3763,#3509);
#3284=PROPERTY_DEFINITION_REPRESENTATION(#3764,#3510);
#3285=PROPERTY_DEFINITION_REPRESENTATION(#3765,#3511);
#3286=PROPERTY_DEFINITION_REPRESENTATION(#3766,#3512);
#3287=PROPERTY_DEFINITION_REPRESENTATION(#3767,#3513);
#3288=PROPERTY_DEFINITION_REPRESENTATION(#3768,#3514);
#3289=PROPERTY_DEFINITION_REPRESENTATION(#3769,#3515);
#3290=PROPERTY_DEFINITION_REPRESENTATION(#3770,#3516);
#3291=PROPERTY_DEFINITION_REPRESENTATION(#3771,#3517);
#3292=PROPERTY_DEFINITION_REPRESENTATION(#3772,#3518);
#3293=PROPERTY_DEFINITION_REPRESENTATION(#3773,#3519);
#3294=PROPERTY_DEFINITION_REPRESENTATION(#3774,#3520);
#3295=PROPERTY_DEFINITION_REPRESENTATION(#3775,#3521);
#3296=PROPERTY_DEFINITION_REPRESENTATION(#3776,#3522);
#3297=PROPERTY_DEFINITION_REPRESENTATION(#3777,#3523);
#3298=PROPERTY_DEFINITION_REPRESENTATION(#3778,#3524);
#3299=PROPERTY_DEFINITION_REPRESENTATION(#3779,#3525);
#3300=PROPERTY_DEFINITION_REPRESENTATION(#3780,#3526);
#3301=PROPERTY_DEFINITION_REPRESENTATION(#3781,#3527);
#3302=PROPERTY_DEFINITION_REPRESENTATION(#3782,#3528);
#3303=PROPERTY_DEFINITION_REPRESENTATION(#3783,#3529);
#3304=PROPERTY_DEFINITION_REPRESENTATION(#3784,#3530);
#3305=PROPERTY_DEFINITION_REPRESENTATION(#3785,#3531);
#3306=PROPERTY_DEFINITION_REPRESENTATION(#3786,#3532);
#3307=PROPERTY_DEFINITION_REPRESENTATION(#3787,#3533);
#3308=PROPERTY_DEFINITION_REPRESENTATION(#3788,#3534);
#3309=PROPERTY_DEFINITION_REPRESENTATION(#3789,#3535);
#3310=PROPERTY_DEFINITION_REPRESENTATION(#3790,#3536);
#3311=PROPERTY_DEFINITION_REPRESENTATION(#3791,#3537);
#3312=PROPERTY_DEFINITION_REPRESENTATION(#3792,#3538);
#3313=PROPERTY_DEFINITION_REPRESENTATION(#3793,#3539);
#3314=PROPERTY_DEFINITION_REPRESENTATION(#3794,#3540);
#3315=PROPERTY_DEFINITION_REPRESENTATION(#3795,#3541);
#3316=PROPERTY_DEFINITION_REPRESENTATION(#3796,#3542);
#3317=PROPERTY_DEFINITION_REPRESENTATION(#3797,#3543);
#3318=PROPERTY_DEFINITION_REPRESENTATION(#3798,#3544);
#3319=PROPERTY_DEFINITION_REPRESENTATION(#3799,#3545);
#3320=PROPERTY_DEFINITION_REPRESENTATION(#3800,#3546);
#3321=PROPERTY_DEFINITION_REPRESENTATION(#3801,#3547);
#3322=PROPERTY_DEFINITION_REPRESENTATION(#3802,#3548);
#3323=PROPERTY_DEFINITION_REPRESENTATION(#3803,#3549);
#3324=PROPERTY_DEFINITION_REPRESENTATION(#3804,#3550);
#3325=PROPERTY_DEFINITION_REPRESENTATION(#3805,#3551);
#3326=PROPERTY_DEFINITION_REPRESENTATION(#3806,#3552);
#3327=PROPERTY_DEFINITION_REPRESENTATION(#3807,#3553);
#3328=PROPERTY_DEFINITION_REPRESENTATION(#3808,#3554);
#3329=PROPERTY_DEFINITION_REPRESENTATION(#3809,#3555);
#3330=PROPERTY_DEFINITION_REPRESENTATION(#3810,#3556);
#3331=PROPERTY_DEFINITION_REPRESENTATION(#3811,#3557);
#3332=PROPERTY_DEFINITION_REPRESENTATION(#3812,#3558);
#3333=PROPERTY_DEFINITION_REPRESENTATION(#3813,#3559);
#3334=PROPERTY_DEFINITION_REPRESENTATION(#3814,#3560);
#3335=PROPERTY_DEFINITION_REPRESENTATION(#3815,#3561);
#3336=PROPERTY_DEFINITION_REPRESENTATION(#3816,#3562);
#3337=PROPERTY_DEFINITION_REPRESENTATION(#3817,#3563);
#3338=PROPERTY_DEFINITION_REPRESENTATION(#3818,#3564);
#3339=PROPERTY_DEFINITION_REPRESENTATION(#3819,#3565);
#3340=PROPERTY_DEFINITION_REPRESENTATION(#3820,#3566);
#3341=PROPERTY_DEFINITION_REPRESENTATION(#3821,#3567);
#3342=PROPERTY_DEFINITION_REPRESENTATION(#3822,#3568);
#3343=PROPERTY_DEFINITION_REPRESENTATION(#3823,#3569);
#3344=PROPERTY_DEFINITION_REPRESENTATION(#3824,#3570);
#3345=PROPERTY_DEFINITION_REPRESENTATION(#3825,#3571);
#3346=PROPERTY_DEFINITION_REPRESENTATION(#3826,#3572);
#3347=PROPERTY_DEFINITION_REPRESENTATION(#3827,#3573);
#3348=PROPERTY_DEFINITION_REPRESENTATION(#3828,#3574);
#3349=PROPERTY_DEFINITION_REPRESENTATION(#3829,#3575);
#3350=PROPERTY_DEFINITION_REPRESENTATION(#3830,#3576);
#3351=PROPERTY_DEFINITION_REPRESENTATION(#3831,#3577);
#3352=PROPERTY_DEFINITION_REPRESENTATION(#3832,#3578);
#3353=PROPERTY_DEFINITION_REPRESENTATION(#3833,#3579);
#3354=PROPERTY_DEFINITION_REPRESENTATION(#3834,#3580);
#3355=PROPERTY_DEFINITION_REPRESENTATION(#3835,#3581);
#3356=PROPERTY_DEFINITION_REPRESENTATION(#3836,#3582);
#3357=PROPERTY_DEFINITION_REPRESENTATION(#3837,#3583);
#3358=PROPERTY_DEFINITION_REPRESENTATION(#3838,#3584);
#3359=PROPERTY_DEFINITION_REPRESENTATION(#3839,#3585);
#3360=PROPERTY_DEFINITION_REPRESENTATION(#3840,#3586);
#3361=PROPERTY_DEFINITION_REPRESENTATION(#3841,#3587);
#3362=PROPERTY_DEFINITION_REPRESENTATION(#3842,#3588);
#3363=PROPERTY_DEFINITION_REPRESENTATION(#3843,#3589);
#3364=PROPERTY_DEFINITION_REPRESENTATION(#3844,#3590);
#3365=PROPERTY_DEFINITION_REPRESENTATION(#3845,#3591);
#3366=PROPERTY_DEFINITION_REPRESENTATION(#3846,#3592);
#3367=PROPERTY_DEFINITION_REPRESENTATION(#3847,#3593);
#3368=PROPERTY_DEFINITION_REPRESENTATION(#3848,#3594);
#3369=PROPERTY_DEFINITION_REPRESENTATION(#3849,#3595);
#3370=PROPERTY_DEFINITION_REPRESENTATION(#3850,#3596);
#3371=PROPERTY_DEFINITION_REPRESENTATION(#3851,#3597);
#3372=PROPERTY_DEFINITION_REPRESENTATION(#3852,#3598);
#3373=PROPERTY_DEFINITION_REPRESENTATION(#3853,#3599);
#3374=PROPERTY_DEFINITION_REPRESENTATION(#3854,#3600);
#3375=PROPERTY_DEFINITION_REPRESENTATION(#3855,#3601);
#3376=PROPERTY_DEFINITION_REPRESENTATION(#3856,#3602);
#3377=PROPERTY_DEFINITION_REPRESENTATION(#3857,#3603);
#3378=PROPERTY_DEFINITION_REPRESENTATION(#3858,#3604);
#3379=PROPERTY_DEFINITION_REPRESENTATION(#3859,#3605);
#3380=PROPERTY_DEFINITION_REPRESENTATION(#3860,#3606);
#3381=PROPERTY_DEFINITION_REPRESENTATION(#3861,#3607);
#3382=PROPERTY_DEFINITION_REPRESENTATION(#3862,#3608);
#3383=PROPERTY_DEFINITION_REPRESENTATION(#3863,#3609);
#3384=PROPERTY_DEFINITION_REPRESENTATION(#3864,#3610);
#3385=PROPERTY_DEFINITION_REPRESENTATION(#3865,#3611);
#3386=PROPERTY_DEFINITION_REPRESENTATION(#3866,#3612);
#3387=PROPERTY_DEFINITION_REPRESENTATION(#3867,#3613);
#3388=PROPERTY_DEFINITION_REPRESENTATION(#3868,#3614);
#3389=PROPERTY_DEFINITION_REPRESENTATION(#3869,#3615);
#3390=PROPERTY_DEFINITION_REPRESENTATION(#3870,#3616);
#3391=PROPERTY_DEFINITION_REPRESENTATION(#3871,#3617);
#3392=PROPERTY_DEFINITION_REPRESENTATION(#3872,#3618);
#3393=PROPERTY_DEFINITION_REPRESENTATION(#3873,#3619);
#3394=PROPERTY_DEFINITION_REPRESENTATION(#3874,#3620);
#3395=PROPERTY_DEFINITION_REPRESENTATION(#3875,#3621);
#3396=PROPERTY_DEFINITION_REPRESENTATION(#3876,#3622);
#3397=PROPERTY_DEFINITION_REPRESENTATION(#3877,#3623);
#3398=PROPERTY_DEFINITION_REPRESENTATION(#3878,#3624);
#3399=PROPERTY_DEFINITION_REPRESENTATION(#3879,#3625);
#3400=PROPERTY_DEFINITION_REPRESENTATION(#3880,#3626);
#3401=PROPERTY_DEFINITION_REPRESENTATION(#3881,#3627);
#3402=PROPERTY_DEFINITION_REPRESENTATION(#3882,#3628);
#3403=PROPERTY_DEFINITION_REPRESENTATION(#3883,#3629);
#3404=PROPERTY_DEFINITION_REPRESENTATION(#3884,#3630);
#3405=PROPERTY_DEFINITION_REPRESENTATION(#3885,#3631);
#3406=PROPERTY_DEFINITION_REPRESENTATION(#3886,#3632);
#3407=PROPERTY_DEFINITION_REPRESENTATION(#3887,#3633);
#3408=PROPERTY_DEFINITION_REPRESENTATION(#3888,#3634);
#3409=PROPERTY_DEFINITION_REPRESENTATION(#3889,#3635);
#3410=PROPERTY_DEFINITION_REPRESENTATION(#3890,#3636);
#3411=PROPERTY_DEFINITION_REPRESENTATION(#3891,#3637);
#3412=PROPERTY_DEFINITION_REPRESENTATION(#3892,#3638);
#3413=PROPERTY_DEFINITION_REPRESENTATION(#3893,#3639);
#3414=PROPERTY_DEFINITION_REPRESENTATION(#3894,#3640);
#3415=PROPERTY_DEFINITION_REPRESENTATION(#3895,#3641);
#3416=PROPERTY_DEFINITION_REPRESENTATION(#3896,#3642);
#3417=PROPERTY_DEFINITION_REPRESENTATION(#3897,#3643);
#3418=PROPERTY_DEFINITION_REPRESENTATION(#3898,#3644);
#3419=PROPERTY_DEFINITION_REPRESENTATION(#3899,#3645);
#3420=PROPERTY_DEFINITION_REPRESENTATION(#3900,#3646);
#3421=PROPERTY_DEFINITION_REPRESENTATION(#3901,#3647);
#3422=PROPERTY_DEFINITION_REPRESENTATION(#3902,#3648);
#3423=PROPERTY_DEFINITION_REPRESENTATION(#3903,#3649);
#3424=PROPERTY_DEFINITION_REPRESENTATION(#3904,#3650);
#3425=PROPERTY_DEFINITION_REPRESENTATION(#3905,#3651);
#3426=PROPERTY_DEFINITION_REPRESENTATION(#3906,#3652);
#3427=PROPERTY_DEFINITION_REPRESENTATION(#3907,#3653);
#3428=PROPERTY_DEFINITION_REPRESENTATION(#3908,#3654);
#3429=PROPERTY_DEFINITION_REPRESENTATION(#3909,#3655);
#3430=PROPERTY_DEFINITION_REPRESENTATION(#3910,#3656);
#3431=PROPERTY_DEFINITION_REPRESENTATION(#3911,#3657);
#3432=PROPERTY_DEFINITION_REPRESENTATION(#3912,#3658);
#3433=PROPERTY_DEFINITION_REPRESENTATION(#3913,#3659);
#3434=PROPERTY_DEFINITION_REPRESENTATION(#3914,#3660);
#3435=PROPERTY_DEFINITION_REPRESENTATION(#3915,#3661);
#3436=PROPERTY_DEFINITION_REPRESENTATION(#3916,#3662);
#3437=PROPERTY_DEFINITION_REPRESENTATION(#3917,#3663);
#3438=PROPERTY_DEFINITION_REPRESENTATION(#3918,#3664);
#3439=PROPERTY_DEFINITION_REPRESENTATION(#3919,#3665);
#3440=PROPERTY_DEFINITION_REPRESENTATION(#3920,#3666);
#3441=PROPERTY_DEFINITION_REPRESENTATION(#3921,#3667);
#3442=PROPERTY_DEFINITION_REPRESENTATION(#3922,#3668);
#3443=PROPERTY_DEFINITION_REPRESENTATION(#3923,#3669);
#3444=PROPERTY_DEFINITION_REPRESENTATION(#3924,#3670);
#3445=PROPERTY_DEFINITION_REPRESENTATION(#3925,#3671);
#3446=PROPERTY_DEFINITION_REPRESENTATION(#3926,#3672);
#3447=PROPERTY_DEFINITION_REPRESENTATION(#3927,#3673);
#3448=PROPERTY_DEFINITION_REPRESENTATION(#3928,#3674);
#3449=PROPERTY_DEFINITION_REPRESENTATION(#3929,#3675);
#3450=PROPERTY_DEFINITION_REPRESENTATION(#3930,#3676);
#3451=PROPERTY_DEFINITION_REPRESENTATION(#3931,#3677);
#3452=PROPERTY_DEFINITION_REPRESENTATION(#3932,#3678);
#3453=PROPERTY_DEFINITION_REPRESENTATION(#3933,#3679);
#3454=PROPERTY_DEFINITION_REPRESENTATION(#3934,#3680);
#3455=PROPERTY_DEFINITION_REPRESENTATION(#3935,#3681);
#3456=PROPERTY_DEFINITION_REPRESENTATION(#3936,#3682);
#3457=PROPERTY_DEFINITION_REPRESENTATION(#3937,#3683);
#3458=PROPERTY_DEFINITION_REPRESENTATION(#3938,#3684);
#3459=PROPERTY_DEFINITION_REPRESENTATION(#3939,#3685);
#3460=PROPERTY_DEFINITION_REPRESENTATION(#3940,#3686);
#3461=PROPERTY_DEFINITION_REPRESENTATION(#3941,#3687);
#3462=PROPERTY_DEFINITION_REPRESENTATION(#3942,#3688);
#3463=PROPERTY_DEFINITION_REPRESENTATION(#3943,#3689);
#3464=PROPERTY_DEFINITION_REPRESENTATION(#3944,#3690);
#3465=PROPERTY_DEFINITION_REPRESENTATION(#3945,#3691);
#3466=PROPERTY_DEFINITION_REPRESENTATION(#3946,#3692);
#3467=PROPERTY_DEFINITION_REPRESENTATION(#3947,#3693);
#3468=PROPERTY_DEFINITION_REPRESENTATION(#3948,#3694);
#3469=PROPERTY_DEFINITION_REPRESENTATION(#3949,#3695);
#3470=PROPERTY_DEFINITION_REPRESENTATION(#3950,#3696);
#3471=PROPERTY_DEFINITION_REPRESENTATION(#3951,#3697);
#3472=PROPERTY_DEFINITION_REPRESENTATION(#3952,#3698);
#3473=PROPERTY_DEFINITION_REPRESENTATION(#3953,#3699);
#3474=PROPERTY_DEFINITION_REPRESENTATION(#3954,#3700);
#3475=PROPERTY_DEFINITION_REPRESENTATION(#3955,#3701);
#3476=PROPERTY_DEFINITION_REPRESENTATION(#3956,#3702);
#3477=PROPERTY_DEFINITION_REPRESENTATION(#3957,#3703);
#3478=PROPERTY_DEFINITION_REPRESENTATION(#3958,#3704);
#3479=PROPERTY_DEFINITION_REPRESENTATION(#3959,#3705);
#3480=PROPERTY_DEFINITION_REPRESENTATION(#3960,#3706);
#3481=PROPERTY_DEFINITION_REPRESENTATION(#3961,#3707);
#3482=PROPERTY_DEFINITION_REPRESENTATION(#3962,#3708);
#3483=PROPERTY_DEFINITION_REPRESENTATION(#3963,#3709);
#3484=PROPERTY_DEFINITION_REPRESENTATION(#3964,#3710);
#3485=PROPERTY_DEFINITION_REPRESENTATION(#3965,#3711);
#3486=PROPERTY_DEFINITION_REPRESENTATION(#3966,#3712);
#3487=PROPERTY_DEFINITION_REPRESENTATION(#3967,#3713);
#3488=PROPERTY_DEFINITION_REPRESENTATION(#3968,#3714);
#3489=PROPERTY_DEFINITION_REPRESENTATION(#3969,#3715);
#3490=PROPERTY_DEFINITION_REPRESENTATION(#3970,#3716);
#3491=PROPERTY_DEFINITION_REPRESENTATION(#3971,#3717);
#3492=PROPERTY_DEFINITION_REPRESENTATION(#3972,#3718);
#3493=PROPERTY_DEFINITION_REPRESENTATION(#3973,#3719);
#3494=PROPERTY_DEFINITION_REPRESENTATION(#3974,#3720);
#3495=PROPERTY_DEFINITION_REPRESENTATION(#3975,#3721);
#3496=PROPERTY_DEFINITION_REPRESENTATION(#3976,#3722);
#3497=PROPERTY_DEFINITION_REPRESENTATION(#3977,#3723);
#3498=PROPERTY_DEFINITION_REPRESENTATION(#3978,#3724);
#3499=PROPERTY_DEFINITION_REPRESENTATION(#3979,#3725);
#3500=PROPERTY_DEFINITION_REPRESENTATION(#3980,#3726);
#3501=PROPERTY_DEFINITION_REPRESENTATION(#3981,#3727);
#3502=PROPERTY_DEFINITION_REPRESENTATION(#3982,#3728);
#3503=PROPERTY_DEFINITION_REPRESENTATION(#3983,#3729);
#3504=PROPERTY_DEFINITION_REPRESENTATION(#3984,#3730);
#3505=REPRESENTATION('',(#3731),#3996);
#3506=REPRESENTATION('',(#3732),#3996);
#3507=REPRESENTATION('',(#3733),#3996);
#3508=REPRESENTATION('',(#3734),#3996);
#3509=REPRESENTATION('',(#3735),#3996);
#3510=REPRESENTATION('',(#3736),#3996);
#3511=REPRESENTATION('',(#3737),#3996);
#3512=REPRESENTATION('',(#3738),#3996);
#3513=REPRESENTATION('',(#3272),#3996);
#3514=REPRESENTATION('',(#3273),#3996);
#3515=REPRESENTATION('',(#3013),#3996);
#3516=REPRESENTATION('',(#3014),#3996);
#3517=REPRESENTATION('',(#3015),#3996);
#3518=REPRESENTATION('',(#3016),#3996);
#3519=REPRESENTATION('',(#3017),#3996);
#3520=REPRESENTATION('',(#3018),#3996);
#3521=REPRESENTATION('',(#3019),#3996);
#3522=REPRESENTATION('',(#3020),#3996);
#3523=REPRESENTATION('',(#3021),#3996);
#3524=REPRESENTATION('',(#3022),#3996);
#3525=REPRESENTATION('',(#3023),#3996);
#3526=REPRESENTATION('',(#3024),#3996);
#3527=REPRESENTATION('',(#3025),#3996);
#3528=REPRESENTATION('',(#3026),#3996);
#3529=REPRESENTATION('',(#3027),#3996);
#3530=REPRESENTATION('',(#3028),#3996);
#3531=REPRESENTATION('',(#3029),#3996);
#3532=REPRESENTATION('',(#3030),#3996);
#3533=REPRESENTATION('',(#3031),#3996);
#3534=REPRESENTATION('',(#3032),#3996);
#3535=REPRESENTATION('',(#3033),#3996);
#3536=REPRESENTATION('',(#3034),#3996);
#3537=REPRESENTATION('',(#3035),#3996);
#3538=REPRESENTATION('',(#3036),#3996);
#3539=REPRESENTATION('',(#3037),#3996);
#3540=REPRESENTATION('',(#3038),#3996);
#3541=REPRESENTATION('',(#3039),#3996);
#3542=REPRESENTATION('',(#3040),#3996);
#3543=REPRESENTATION('',(#3041),#3996);
#3544=REPRESENTATION('',(#3042),#3996);
#3545=REPRESENTATION('',(#3043),#3996);
#3546=REPRESENTATION('',(#3044),#3996);
#3547=REPRESENTATION('',(#3045),#3996);
#3548=REPRESENTATION('',(#3046),#3996);
#3549=REPRESENTATION('',(#3047),#3996);
#3550=REPRESENTATION('',(#3048),#3996);
#3551=REPRESENTATION('',(#3049),#3996);
#3552=REPRESENTATION('',(#3050),#3996);
#3553=REPRESENTATION('',(#3051),#3996);
#3554=REPRESENTATION('',(#3052),#3996);
#3555=REPRESENTATION('',(#3053),#3996);
#3556=REPRESENTATION('',(#3054),#3996);
#3557=REPRESENTATION('',(#3055),#3996);
#3558=REPRESENTATION('',(#3056),#3996);
#3559=REPRESENTATION('',(#3057),#3996);
#3560=REPRESENTATION('',(#3058),#3996);
#3561=REPRESENTATION('',(#3059),#3996);
#3562=REPRESENTATION('',(#3060),#3996);
#3563=REPRESENTATION('',(#3061),#3996);
#3564=REPRESENTATION('',(#3062),#3996);
#3565=REPRESENTATION('',(#3063),#3996);
#3566=REPRESENTATION('',(#3064),#3996);
#3567=REPRESENTATION('',(#3065),#3996);
#3568=REPRESENTATION('',(#3066),#3996);
#3569=REPRESENTATION('',(#3067),#3996);
#3570=REPRESENTATION('',(#3068),#3996);
#3571=REPRESENTATION('',(#3069),#3996);
#3572=REPRESENTATION('',(#3070),#3996);
#3573=REPRESENTATION('',(#3071),#3996);
#3574=REPRESENTATION('',(#3072),#3996);
#3575=REPRESENTATION('',(#3073),#3996);
#3576=REPRESENTATION('',(#3074),#3996);
#3577=REPRESENTATION('',(#3075),#3996);
#3578=REPRESENTATION('',(#3076),#3996);
#3579=REPRESENTATION('',(#3077),#3996);
#3580=REPRESENTATION('',(#3078),#3996);
#3581=REPRESENTATION('',(#3079),#3996);
#3582=REPRESENTATION('',(#3080),#3996);
#3583=REPRESENTATION('',(#3081),#3996);
#3584=REPRESENTATION('',(#3082),#3996);
#3585=REPRESENTATION('',(#3083),#3996);
#3586=REPRESENTATION('',(#3084),#3996);
#3587=REPRESENTATION('',(#3085),#3996);
#3588=REPRESENTATION('',(#3086),#3996);
#3589=REPRESENTATION('',(#3087),#3996);
#3590=REPRESENTATION('',(#3088),#3996);
#3591=REPRESENTATION('',(#3089),#3996);
#3592=REPRESENTATION('',(#3090),#3996);
#3593=REPRESENTATION('',(#3091),#3996);
#3594=REPRESENTATION('',(#3092),#3996);
#3595=REPRESENTATION('',(#3093),#3996);
#3596=REPRESENTATION('',(#3094),#3996);
#3597=REPRESENTATION('',(#3095),#3996);
#3598=REPRESENTATION('',(#3096),#3996);
#3599=REPRESENTATION('',(#3097),#3996);
#3600=REPRESENTATION('',(#3098),#3996);
#3601=REPRESENTATION('',(#3099),#3996);
#3602=REPRESENTATION('',(#3100),#3996);
#3603=REPRESENTATION('',(#3101),#3996);
#3604=REPRESENTATION('',(#3102),#3996);
#3605=REPRESENTATION('',(#3103),#3996);
#3606=REPRESENTATION('',(#3104),#3996);
#3607=REPRESENTATION('',(#3105),#3996);
#3608=REPRESENTATION('',(#3106),#3996);
#3609=REPRESENTATION('',(#3107),#3996);
#3610=REPRESENTATION('',(#3108),#3996);
#3611=REPRESENTATION('',(#3109),#3996);
#3612=REPRESENTATION('',(#3110),#3996);
#3613=REPRESENTATION('',(#3111),#3996);
#3614=REPRESENTATION('',(#3112),#3996);
#3615=REPRESENTATION('',(#3113),#3996);
#3616=REPRESENTATION('',(#3114),#3996);
#3617=REPRESENTATION('',(#3115),#3996);
#3618=REPRESENTATION('',(#3116),#3996);
#3619=REPRESENTATION('',(#3117),#3996);
#3620=REPRESENTATION('',(#3118),#3996);
#3621=REPRESENTATION('',(#3119),#3996);
#3622=REPRESENTATION('',(#3120),#3996);
#3623=REPRESENTATION('',(#3121),#3996);
#3624=REPRESENTATION('',(#3122),#3996);
#3625=REPRESENTATION('',(#3123),#3996);
#3626=REPRESENTATION('',(#3124),#3996);
#3627=REPRESENTATION('',(#3125),#3996);
#3628=REPRESENTATION('',(#3126),#3996);
#3629=REPRESENTATION('',(#3127),#3996);
#3630=REPRESENTATION('',(#3128),#3996);
#3631=REPRESENTATION('',(#3129),#3996);
#3632=REPRESENTATION('',(#3130),#3996);
#3633=REPRESENTATION('',(#3131),#3996);
#3634=REPRESENTATION('',(#3132),#3996);
#3635=REPRESENTATION('',(#3133),#3996);
#3636=REPRESENTATION('',(#3134),#3996);
#3637=REPRESENTATION('',(#3135),#3996);
#3638=REPRESENTATION('',(#3136),#3996);
#3639=REPRESENTATION('',(#3137),#3996);
#3640=REPRESENTATION('',(#3138),#3996);
#3641=REPRESENTATION('',(#3139),#3996);
#3642=REPRESENTATION('',(#3140),#3996);
#3643=REPRESENTATION('',(#3141),#3996);
#3644=REPRESENTATION('',(#3142),#3996);
#3645=REPRESENTATION('',(#3143),#3996);
#3646=REPRESENTATION('',(#3144),#3996);
#3647=REPRESENTATION('',(#3145),#3996);
#3648=REPRESENTATION('',(#3146),#3996);
#3649=REPRESENTATION('',(#3147),#3996);
#3650=REPRESENTATION('',(#3148),#3996);
#3651=REPRESENTATION('',(#3149),#3996);
#3652=REPRESENTATION('',(#3150),#3996);
#3653=REPRESENTATION('',(#3151),#3996);
#3654=REPRESENTATION('',(#3152),#3996);
#3655=REPRESENTATION('',(#3153),#3996);
#3656=REPRESENTATION('',(#3154),#3996);
#3657=REPRESENTATION('',(#3155),#3996);
#3658=REPRESENTATION('',(#3156),#3996);
#3659=REPRESENTATION('',(#3157),#3996);
#3660=REPRESENTATION('',(#3158),#3996);
#3661=REPRESENTATION('',(#3159),#3996);
#3662=REPRESENTATION('',(#3160),#3996);
#3663=REPRESENTATION('',(#3161),#3996);
#3664=REPRESENTATION('',(#3162),#3996);
#3665=REPRESENTATION('',(#3163),#3996);
#3666=REPRESENTATION('',(#3164),#3996);
#3667=REPRESENTATION('',(#3165),#3996);
#3668=REPRESENTATION('',(#3166),#3996);
#3669=REPRESENTATION('',(#3167),#3996);
#3670=REPRESENTATION('',(#3168),#3996);
#3671=REPRESENTATION('',(#3169),#3996);
#3672=REPRESENTATION('',(#3170),#3996);
#3673=REPRESENTATION('',(#3171),#3996);
#3674=REPRESENTATION('',(#3172),#3996);
#3675=REPRESENTATION('',(#3173),#3996);
#3676=REPRESENTATION('',(#3174),#3996);
#3677=REPRESENTATION('',(#3175),#3996);
#3678=REPRESENTATION('',(#3176),#3996);
#3679=REPRESENTATION('',(#3177),#3996);
#3680=REPRESENTATION('',(#3178),#3996);
#3681=REPRESENTATION('',(#3179),#3996);
#3682=REPRESENTATION('',(#3180),#3996);
#3683=REPRESENTATION('',(#3181),#3996);
#3684=REPRESENTATION('',(#3182),#3996);
#3685=REPRESENTATION('',(#3183),#3996);
#3686=REPRESENTATION('',(#3184),#3996);
#3687=REPRESENTATION('',(#3185),#3996);
#3688=REPRESENTATION('',(#3186),#3996);
#3689=REPRESENTATION('',(#3187),#3996);
#3690=REPRESENTATION('',(#3188),#3996);
#3691=REPRESENTATION('',(#3189),#3996);
#3692=REPRESENTATION('',(#3190),#3996);
#3693=REPRESENTATION('',(#3191),#3996);
#3694=REPRESENTATION('',(#3192),#3996);
#3695=REPRESENTATION('',(#3193),#3996);
#3696=REPRESENTATION('',(#3194),#3996);
#3697=REPRESENTATION('',(#3195),#3996);
#3698=REPRESENTATION('',(#3196),#3996);
#3699=REPRESENTATION('',(#3197),#3996);
#3700=REPRESENTATION('',(#3198),#3996);
#3701=REPRESENTATION('',(#3199),#3996);
#3702=REPRESENTATION('',(#3200),#3996);
#3703=REPRESENTATION('',(#3201),#3996);
#3704=REPRESENTATION('',(#3202),#3996);
#3705=REPRESENTATION('',(#3203),#3996);
#3706=REPRESENTATION('',(#3204),#3996);
#3707=REPRESENTATION('',(#3205),#3996);
#3708=REPRESENTATION('',(#3206),#3996);
#3709=REPRESENTATION('',(#3207),#3996);
#3710=REPRESENTATION('',(#3208),#3996);
#3711=REPRESENTATION('',(#3209),#3996);
#3712=REPRESENTATION('',(#3210),#3996);
#3713=REPRESENTATION('',(#3211),#3996);
#3714=REPRESENTATION('',(#3212),#3996);
#3715=REPRESENTATION('',(#3213),#3996);
#3716=REPRESENTATION('',(#3214),#3996);
#3717=REPRESENTATION('',(#3215),#3996);
#3718=REPRESENTATION('',(#3216),#3996);
#3719=REPRESENTATION('',(#3217),#3996);
#3720=REPRESENTATION('',(#53,#54,#3220,#3739),#3996);
#3721=REPRESENTATION('',(#55,#56,#3223,#3740),#3996);
#3722=REPRESENTATION('',(#57,#58,#3226,#3741),#3996);
#3723=REPRESENTATION('',(#59,#60,#3229,#3742),#3996);
#3724=REPRESENTATION('',(#61,#62,#3232,#3743),#3996);
#3725=REPRESENTATION('',(#63,#64,#3235,#3744),#3996);
#3726=REPRESENTATION('',(#65,#66,#3238,#3745),#3996);
#3727=REPRESENTATION('',(#67,#68,#3241,#3746),#3996);
#3728=REPRESENTATION('',(#69,#70,#3256,#3747),#3996);
#3729=REPRESENTATION('',(#71,#72,#3259,#3748),#3996);
#3730=REPRESENTATION('',(#3274,#3275,#3276,#3277,#3278),#3996);
#3731=DESCRIPTIVE_REPRESENTATION_ITEM('','1');
#3732=DESCRIPTIVE_REPRESENTATION_ITEM('','000679_A;1-End Bell_Machined');
#3733=DESCRIPTIVE_REPRESENTATION_ITEM('','000679');
#3734=DESCRIPTIVE_REPRESENTATION_ITEM('','A');
#3735=DESCRIPTIVE_REPRESENTATION_ITEM('','End Bell_Machined');
#3736=DESCRIPTIVE_REPRESENTATION_ITEM('','000679');
#3737=DESCRIPTIVE_REPRESENTATION_ITEM('','Item');
#3738=DESCRIPTIVE_REPRESENTATION_ITEM('','000679');
#3739=DESCRIPTIVE_REPRESENTATION_ITEM('equivalent unicode string',
'DIM\\w32,8');
#3740=DESCRIPTIVE_REPRESENTATION_ITEM('equivalent unicode string',
'DIM\\w25.0');
#3741=DESCRIPTIVE_REPRESENTATION_ITEM('equivalent unicode string',
'DIM\\w4X9.0');
#3742=DESCRIPTIVE_REPRESENTATION_ITEM('equivalent unicode string',
'DTM\\wA');
#3743=DESCRIPTIVE_REPRESENTATION_ITEM('equivalent unicode string',
'DIM\\w179.0');
#3744=DESCRIPTIVE_REPRESENTATION_ITEM('equivalent unicode string',
'DIM\\w52.0');
#3745=DESCRIPTIVE_REPRESENTATION_ITEM('equivalent unicode string',
'DIM\\w185.0');
#3746=DESCRIPTIVE_REPRESENTATION_ITEM('equivalent unicode string',
'FCF\\w\\X2\\2330\\X0\\\\w0.004\\wA');
#3747=DESCRIPTIVE_REPRESENTATION_ITEM('equivalent unicode string',
'DIM\\w25.0');
#3748=DESCRIPTIVE_REPRESENTATION_ITEM('equivalent unicode string',
'DIM\\w41.0');
#3749=GENERAL_PROPERTY_ASSOCIATION('',$,#3985,#3759);
#3750=GENERAL_PROPERTY_ASSOCIATION('',$,#3986,#3760);
#3751=GENERAL_PROPERTY_ASSOCIATION('',$,#3987,#3761);
#3752=GENERAL_PROPERTY_ASSOCIATION('',$,#3988,#3762);
#3753=GENERAL_PROPERTY_ASSOCIATION('',$,#3989,#3763);
#3754=GENERAL_PROPERTY_ASSOCIATION('',$,#3990,#3764);
#3755=GENERAL_PROPERTY_ASSOCIATION('',$,#3991,#3765);
#3756=GENERAL_PROPERTY_ASSOCIATION('',$,#3992,#3766);
#3757=GENERAL_PROPERTY_ASSOCIATION('',$,#3993,#3767);
#3758=GENERAL_PROPERTY_ASSOCIATION('',$,#3994,#3768);
#3759=PROPERTY_DEFINITION('LAYER',$,#4012);
#3760=PROPERTY_DEFINITION('Name',$,#4012);
#3761=PROPERTY_DEFINITION('DB_PART_DESC',$,#4012);
#3762=PROPERTY_DEFINITION('DB_PART_REV',$,#4012);
#3763=PROPERTY_DEFINITION('DB_PART_NAME',$,#4012);
#3764=PROPERTY_DEFINITION('DB_PART_NO',$,#4012);
#3765=PROPERTY_DEFINITION('DB_PART_TYPE',$,#4012);
#3766=PROPERTY_DEFINITION('DB_PART_MFKID',$,#4012);
#3767=PROPERTY_DEFINITION('NX_MaterialMultipleAssigned',$,#4012);
#3768=PROPERTY_DEFINITION('NX_MaterialMissingAssignments',$,#4012);
#3769=PROPERTY_DEFINITION('geometric validation property','',#200);
#3770=PROPERTY_DEFINITION('geometric validation property','',#201);
#3771=PROPERTY_DEFINITION('geometric validation property','',#202);
#3772=PROPERTY_DEFINITION('geometric validation property','',#203);
#3773=PROPERTY_DEFINITION('geometric validation property','',#204);
#3774=PROPERTY_DEFINITION('geometric validation property','',#205);
#3775=PROPERTY_DEFINITION('geometric validation property','',#206);
#3776=PROPERTY_DEFINITION('geometric validation property','',#207);
#3777=PROPERTY_DEFINITION('geometric validation property','',#208);
#3778=PROPERTY_DEFINITION('geometric validation property','',#209);
#3779=PROPERTY_DEFINITION('geometric validation property','',#210);
#3780=PROPERTY_DEFINITION('geometric validation property','',#211);
#3781=PROPERTY_DEFINITION('geometric validation property','',#212);
#3782=PROPERTY_DEFINITION('geometric validation property','',#213);
#3783=PROPERTY_DEFINITION('geometric validation property','',#214);
#3784=PROPERTY_DEFINITION('geometric validation property','',#215);
#3785=PROPERTY_DEFINITION('geometric validation property','',#216);
#3786=PROPERTY_DEFINITION('geometric validation property','',#217);
#3787=PROPERTY_DEFINITION('geometric validation property','',#218);
#3788=PROPERTY_DEFINITION('geometric validation property','',#219);
#3789=PROPERTY_DEFINITION('geometric validation property','',#220);
#3790=PROPERTY_DEFINITION('geometric validation property','',#221);
#3791=PROPERTY_DEFINITION('geometric validation property','',#222);
#3792=PROPERTY_DEFINITION('geometric validation property','',#223);
#3793=PROPERTY_DEFINITION('geometric validation property','',#224);
#3794=PROPERTY_DEFINITION('geometric validation property','',#225);
#3795=PROPERTY_DEFINITION('geometric validation property','',#226);
#3796=PROPERTY_DEFINITION('geometric validation property','',#227);
#3797=PROPERTY_DEFINITION('geometric validation property','',#228);
#3798=PROPERTY_DEFINITION('geometric validation property','',#229);
#3799=PROPERTY_DEFINITION('geometric validation property','',#230);
#3800=PROPERTY_DEFINITION('geometric validation property','',#231);
#3801=PROPERTY_DEFINITION('geometric validation property','',#232);
#3802=PROPERTY_DEFINITION('geometric validation property','',#233);
#3803=PROPERTY_DEFINITION('geometric validation property','',#234);
#3804=PROPERTY_DEFINITION('geometric validation property','',#235);
#3805=PROPERTY_DEFINITION('geometric validation property','',#236);
#3806=PROPERTY_DEFINITION('geometric validation property','',#237);
#3807=PROPERTY_DEFINITION('geometric validation property','',#238);
#3808=PROPERTY_DEFINITION('geometric validation property','',#239);
#3809=PROPERTY_DEFINITION('geometric validation property','',#240);
#3810=PROPERTY_DEFINITION('geometric validation property','',#241);
#3811=PROPERTY_DEFINITION('geometric validation property','',#242);
#3812=PROPERTY_DEFINITION('geometric validation property','',#243);
#3813=PROPERTY_DEFINITION('geometric validation property','',#244);
#3814=PROPERTY_DEFINITION('geometric validation property','',#245);
#3815=PROPERTY_DEFINITION('geometric validation property','',#246);
#3816=PROPERTY_DEFINITION('geometric validation property','',#247);
#3817=PROPERTY_DEFINITION('geometric validation property','',#248);
#3818=PROPERTY_DEFINITION('geometric validation property','',#249);
#3819=PROPERTY_DEFINITION('geometric validation property','',#250);
#3820=PROPERTY_DEFINITION('geometric validation property','',#251);
#3821=PROPERTY_DEFINITION('geometric validation property','',#252);
#3822=PROPERTY_DEFINITION('geometric validation property','',#253);
#3823=PROPERTY_DEFINITION('geometric validation property','',#254);
#3824=PROPERTY_DEFINITION('geometric validation property','',#255);
#3825=PROPERTY_DEFINITION('geometric validation property','',#256);
#3826=PROPERTY_DEFINITION('geometric validation property','',#257);
#3827=PROPERTY_DEFINITION('geometric validation property','',#258);
#3828=PROPERTY_DEFINITION('geometric validation property','',#259);
#3829=PROPERTY_DEFINITION('geometric validation property','',#260);
#3830=PROPERTY_DEFINITION('geometric validation property','',#261);
#3831=PROPERTY_DEFINITION('geometric validation property','',#262);
#3832=PROPERTY_DEFINITION('geometric validation property','',#263);
#3833=PROPERTY_DEFINITION('geometric validation property','',#264);
#3834=PROPERTY_DEFINITION('geometric validation property','',#265);
#3835=PROPERTY_DEFINITION('geometric validation property','',#266);
#3836=PROPERTY_DEFINITION('geometric validation property','',#267);
#3837=PROPERTY_DEFINITION('geometric validation property','',#268);
#3838=PROPERTY_DEFINITION('geometric validation property','',#269);
#3839=PROPERTY_DEFINITION('geometric validation property','',#270);
#3840=PROPERTY_DEFINITION('geometric validation property','',#271);
#3841=PROPERTY_DEFINITION('geometric validation property','',#272);
#3842=PROPERTY_DEFINITION('geometric validation property','',#273);
#3843=PROPERTY_DEFINITION('geometric validation property','',#274);
#3844=PROPERTY_DEFINITION('geometric validation property','',#275);
#3845=PROPERTY_DEFINITION('geometric validation property','',#276);
#3846=PROPERTY_DEFINITION('geometric validation property','',#277);
#3847=PROPERTY_DEFINITION('geometric validation property','',#278);
#3848=PROPERTY_DEFINITION('geometric validation property','',#279);
#3849=PROPERTY_DEFINITION('geometric validation property','',#280);
#3850=PROPERTY_DEFINITION('geometric validation property','',#281);
#3851=PROPERTY_DEFINITION('geometric validation property','',#282);
#3852=PROPERTY_DEFINITION('geometric validation property','',#283);
#3853=PROPERTY_DEFINITION('geometric validation property','',#284);
#3854=PROPERTY_DEFINITION('geometric validation property','',#285);
#3855=PROPERTY_DEFINITION('geometric validation property','',#286);
#3856=PROPERTY_DEFINITION('geometric validation property','',#287);
#3857=PROPERTY_DEFINITION('geometric validation property','',#288);
#3858=PROPERTY_DEFINITION('geometric validation property','',#289);
#3859=PROPERTY_DEFINITION('geometric validation property','',#290);
#3860=PROPERTY_DEFINITION('geometric validation property','',#291);
#3861=PROPERTY_DEFINITION('geometric validation property','',#292);
#3862=PROPERTY_DEFINITION('geometric validation property','',#293);
#3863=PROPERTY_DEFINITION('geometric validation property','',#294);
#3864=PROPERTY_DEFINITION('geometric validation property','',#295);
#3865=PROPERTY_DEFINITION('geometric validation property','',#296);
#3866=PROPERTY_DEFINITION('geometric validation property','',#297);
#3867=PROPERTY_DEFINITION('geometric validation property','',#298);
#3868=PROPERTY_DEFINITION('geometric validation property','',#299);
#3869=PROPERTY_DEFINITION('geometric validation property','',#300);
#3870=PROPERTY_DEFINITION('geometric validation property','',#301);
#3871=PROPERTY_DEFINITION('geometric validation property','',#302);
#3872=PROPERTY_DEFINITION('geometric validation property','',#303);
#3873=PROPERTY_DEFINITION('geometric validation property','',#304);
#3874=PROPERTY_DEFINITION('geometric validation property','',#305);
#3875=PROPERTY_DEFINITION('geometric validation property','',#306);
#3876=PROPERTY_DEFINITION('geometric validation property','',#307);
#3877=PROPERTY_DEFINITION('geometric validation property','',#308);
#3878=PROPERTY_DEFINITION('geometric validation property','',#309);
#3879=PROPERTY_DEFINITION('geometric validation property','',#310);
#3880=PROPERTY_DEFINITION('geometric validation property','',#311);
#3881=PROPERTY_DEFINITION('geometric validation property','',#312);
#3882=PROPERTY_DEFINITION('geometric validation property','',#313);
#3883=PROPERTY_DEFINITION('geometric validation property','',#314);
#3884=PROPERTY_DEFINITION('geometric validation property','',#315);
#3885=PROPERTY_DEFINITION('geometric validation property','',#316);
#3886=PROPERTY_DEFINITION('geometric validation property','',#317);
#3887=PROPERTY_DEFINITION('geometric validation property','',#318);
#3888=PROPERTY_DEFINITION('geometric validation property','',#319);
#3889=PROPERTY_DEFINITION('geometric validation property','',#320);
#3890=PROPERTY_DEFINITION('geometric validation property','',#321);
#3891=PROPERTY_DEFINITION('geometric validation property','',#322);
#3892=PROPERTY_DEFINITION('geometric validation property','',#323);
#3893=PROPERTY_DEFINITION('geometric validation property','',#324);
#3894=PROPERTY_DEFINITION('geometric validation property','',#325);
#3895=PROPERTY_DEFINITION('geometric validation property','',#326);
#3896=PROPERTY_DEFINITION('geometric validation property','',#327);
#3897=PROPERTY_DEFINITION('geometric validation property','',#328);
#3898=PROPERTY_DEFINITION('geometric validation property','',#329);
#3899=PROPERTY_DEFINITION('geometric validation property','',#330);
#3900=PROPERTY_DEFINITION('geometric validation property','',#331);
#3901=PROPERTY_DEFINITION('geometric validation property','',#332);
#3902=PROPERTY_DEFINITION('geometric validation property','',#333);
#3903=PROPERTY_DEFINITION('geometric validation property','',#334);
#3904=PROPERTY_DEFINITION('geometric validation property','',#335);
#3905=PROPERTY_DEFINITION('geometric validation property','',#336);
#3906=PROPERTY_DEFINITION('geometric validation property','',#337);
#3907=PROPERTY_DEFINITION('geometric validation property','',#338);
#3908=PROPERTY_DEFINITION('geometric validation property','',#339);
#3909=PROPERTY_DEFINITION('geometric validation property','',#340);
#3910=PROPERTY_DEFINITION('geometric validation property','',#341);
#3911=PROPERTY_DEFINITION('geometric validation property','',#342);
#3912=PROPERTY_DEFINITION('geometric validation property','',#343);
#3913=PROPERTY_DEFINITION('geometric validation property','',#344);
#3914=PROPERTY_DEFINITION('geometric validation property','',#345);
#3915=PROPERTY_DEFINITION('geometric validation property','',#346);
#3916=PROPERTY_DEFINITION('geometric validation property','',#347);
#3917=PROPERTY_DEFINITION('geometric validation property','',#348);
#3918=PROPERTY_DEFINITION('geometric validation property','',#349);
#3919=PROPERTY_DEFINITION('geometric validation property','',#350);
#3920=PROPERTY_DEFINITION('geometric validation property','',#351);
#3921=PROPERTY_DEFINITION('geometric validation property','',#352);
#3922=PROPERTY_DEFINITION('geometric validation property','',#353);
#3923=PROPERTY_DEFINITION('geometric validation property','',#354);
#3924=PROPERTY_DEFINITION('geometric validation property','',#355);
#3925=PROPERTY_DEFINITION('geometric validation property','',#356);
#3926=PROPERTY_DEFINITION('geometric validation property','',#357);
#3927=PROPERTY_DEFINITION('geometric validation property','',#358);
#3928=PROPERTY_DEFINITION('geometric validation property','',#359);
#3929=PROPERTY_DEFINITION('geometric validation property','',#360);
#3930=PROPERTY_DEFINITION('geometric validation property','',#361);
#3931=PROPERTY_DEFINITION('geometric validation property','',#362);
#3932=PROPERTY_DEFINITION('geometric validation property','',#363);
#3933=PROPERTY_DEFINITION('geometric validation property','',#364);
#3934=PROPERTY_DEFINITION('geometric validation property','',#365);
#3935=PROPERTY_DEFINITION('geometric validation property','',#366);
#3936=PROPERTY_DEFINITION('geometric validation property','',#367);
#3937=PROPERTY_DEFINITION('geometric validation property','',#368);
#3938=PROPERTY_DEFINITION('geometric validation property','',#369);
#3939=PROPERTY_DEFINITION('geometric validation property','',#370);
#3940=PROPERTY_DEFINITION('geometric validation property','',#371);
#3941=PROPERTY_DEFINITION('geometric validation property','',#372);
#3942=PROPERTY_DEFINITION('geometric validation property','',#373);
#3943=PROPERTY_DEFINITION('geometric validation property','',#374);
#3944=PROPERTY_DEFINITION('geometric validation property','',#375);
#3945=PROPERTY_DEFINITION('geometric validation property','',#376);
#3946=PROPERTY_DEFINITION('geometric validation property','',#377);
#3947=PROPERTY_DEFINITION('geometric validation property','',#378);
#3948=PROPERTY_DEFINITION('geometric validation property','',#379);
#3949=PROPERTY_DEFINITION('geometric validation property','',#380);
#3950=PROPERTY_DEFINITION('geometric validation property','',#381);
#3951=PROPERTY_DEFINITION('geometric validation property','',#382);
#3952=PROPERTY_DEFINITION('geometric validation property','',#383);
#3953=PROPERTY_DEFINITION('geometric validation property','',#384);
#3954=PROPERTY_DEFINITION('geometric validation property','',#385);
#3955=PROPERTY_DEFINITION('geometric validation property','',#386);
#3956=PROPERTY_DEFINITION('geometric validation property','',#387);
#3957=PROPERTY_DEFINITION('geometric validation property','',#388);
#3958=PROPERTY_DEFINITION('geometric validation property','',#389);
#3959=PROPERTY_DEFINITION('geometric validation property','',#390);
#3960=PROPERTY_DEFINITION('geometric validation property','',#391);
#3961=PROPERTY_DEFINITION('geometric validation property','',#392);
#3962=PROPERTY_DEFINITION('geometric validation property','',#393);
#3963=PROPERTY_DEFINITION('geometric validation property','',#394);
#3964=PROPERTY_DEFINITION('geometric validation property','',#395);
#3965=PROPERTY_DEFINITION('geometric validation property','',#396);
#3966=PROPERTY_DEFINITION('geometric validation property','',#397);
#3967=PROPERTY_DEFINITION('geometric validation property','',#398);
#3968=PROPERTY_DEFINITION('geometric validation property','',#399);
#3969=PROPERTY_DEFINITION('geometric validation property','',#400);
#3970=PROPERTY_DEFINITION('geometric validation property','',#401);
#3971=PROPERTY_DEFINITION('geometric validation property','',#402);
#3972=PROPERTY_DEFINITION('geometric validation property','',#403);
#3973=PROPERTY_DEFINITION('geometric validation property','',#4011);
#3974=PROPERTY_DEFINITION('pmi validation property','',#43);
#3975=PROPERTY_DEFINITION('pmi validation property','',#44);
#3976=PROPERTY_DEFINITION('pmi validation property','',#45);
#3977=PROPERTY_DEFINITION('pmi validation property','',#46);
#3978=PROPERTY_DEFINITION('pmi validation property','',#47);
#3979=PROPERTY_DEFINITION('pmi validation property','',#48);
#3980=PROPERTY_DEFINITION('pmi validation property','',#49);
#3981=PROPERTY_DEFINITION('pmi validation property','',#50);
#3982=PROPERTY_DEFINITION('pmi validation property','',#51);
#3983=PROPERTY_DEFINITION('pmi validation property','',#52);
#3984=PROPERTY_DEFINITION('pmi validation property','',#4011);
#3985=GENERAL_PROPERTY('','LAYER',$);
#3986=GENERAL_PROPERTY('','Name',$);
#3987=GENERAL_PROPERTY('','DB_PART_DESC',$);
#3988=GENERAL_PROPERTY('','DB_PART_REV',$);
#3989=GENERAL_PROPERTY('','DB_PART_NAME',$);
#3990=GENERAL_PROPERTY('','DB_PART_NO',$);
#3991=GENERAL_PROPERTY('','DB_PART_TYPE',$);
#3992=GENERAL_PROPERTY('','DB_PART_MFKID',$);
#3993=GENERAL_PROPERTY('','NX_MaterialMultipleAssigned',$);
#3994=GENERAL_PROPERTY('','NX_MaterialMissingAssignments',$);
#3995=MECHANICAL_DESIGN_GEOMETRIC_PRESENTATION_REPRESENTATION('',(#812,
#813,#814,#815,#816,#817,#818,#819,#820,#821,#822,#823,#824,#825,#826,#827,
#828,#829,#830,#831,#832,#833,#834,#835,#836,#837,#838,#839,#840,#841,#842,
#843,#844,#845,#846,#847,#848,#849,#850,#851,#852,#853,#854,#855,#856,#857,
#858,#859,#860,#861,#862,#863,#864,#865,#866,#867,#868,#869,#870,#871,#872,
#873,#874,#875,#876,#877,#878,#879,#880,#881,#882,#883,#884,#885,#886,#887,
#888,#889,#890,#891,#892,#893,#894,#895,#896,#897,#898,#899,#900,#901,#902,
#903,#904,#905,#906,#907,#908,#909,#910,#911,#912,#913,#914,#915,#916,#917,
#918,#919,#920,#921,#922,#923,#924,#925,#926,#927,#928,#929,#930,#931,#932,
#933,#934,#935,#936,#937,#938,#939,#940,#941,#942,#943,#944,#945,#946,#947,
#948,#949,#950,#951,#952,#953,#954,#955,#956,#957,#958,#959,#960,#961,#962,
#963,#964,#965,#966,#967,#968,#969,#970,#971,#972,#973,#974,#975,#976,#977,
#978,#979,#980,#981,#982,#983,#984,#985,#986,#987,#988,#989,#990,#991,#992,
#993,#994,#995,#996,#997,#998,#999,#1000,#1001,#1002,#1003,#1004,#1005,
#1006,#1007,#1008,#1009,#1010,#1011,#1012,#1013,#1014,#1015),#3996);
#3996=(
GEOMETRIC_REPRESENTATION_CONTEXT(3)
GLOBAL_UNCERTAINTY_ASSIGNED_CONTEXT((#3997))
GLOBAL_UNIT_ASSIGNED_CONTEXT((#4000,#3999,#3998))
REPRESENTATION_CONTEXT('000679_A;1-End Bell_Machined',
'TOP_LEVEL_ASSEMBLY_PART')
);
#3997=UNCERTAINTY_MEASURE_WITH_UNIT(LENGTH_MEASURE(0.005),#4000,
'DISTANCE_ACCURACY_VALUE','Maximum Tolerance applied to model');
#3998=(
NAMED_UNIT(*)
SI_UNIT($,.STERADIAN.)
SOLID_ANGLE_UNIT()
);
#3999=(
NAMED_UNIT(*)
PLANE_ANGLE_UNIT()
SI_UNIT($,.RADIAN.)
);
#4000=(
LENGTH_UNIT()
NAMED_UNIT(*)
SI_UNIT(.MILLI.,.METRE.)
);
#4001=(
LENGTH_UNIT()
NAMED_UNIT(*)
SI_UNIT(.MILLI.,.METRE.)
);
#4002=(
LENGTH_UNIT()
NAMED_UNIT(*)
SI_UNIT(.MILLI.,.METRE.)
);
#4003=(
LENGTH_UNIT()
NAMED_UNIT(*)
SI_UNIT(.MILLI.,.METRE.)
);
#4004=(
LENGTH_UNIT()
NAMED_UNIT(*)
SI_UNIT(.MILLI.,.METRE.)
);
#4005=(
LENGTH_UNIT()
NAMED_UNIT(*)
SI_UNIT(.MILLI.,.METRE.)
);
#4006=(
LENGTH_UNIT()
NAMED_UNIT(*)
SI_UNIT(.MILLI.,.METRE.)
);
#4007=(
LENGTH_UNIT()
NAMED_UNIT(*)
SI_UNIT(.MILLI.,.METRE.)
);
#4008=(
LENGTH_UNIT()
NAMED_UNIT(*)
SI_UNIT(.MILLI.,.METRE.)
);
#4009=(
LENGTH_UNIT()
NAMED_UNIT(*)
SI_UNIT(.MILLI.,.METRE.)
);
#4010=(
LENGTH_UNIT()
NAMED_UNIT(*)
SI_UNIT(.MILLI.,.METRE.)
);
#4011=PRODUCT_DEFINITION_SHAPE('','',#4012);
#4012=PRODUCT_DEFINITION('','',#4014,#4013);
#4013=PRODUCT_DEFINITION_CONTEXT('',#4020,'design');
#4014=PRODUCT_DEFINITION_FORMATION_WITH_SPECIFIED_SOURCE('','',#4016,
 .NOT_KNOWN.);
#4015=PRODUCT_RELATED_PRODUCT_CATEGORY('','',(#4016));
#4016=PRODUCT('000679_A;1-End Bell_Machined',
'000679_A;1-End Bell_Machined','000679_A;1-End Bell_Machined',(#4018));
#4017=PRODUCT_CATEGORY('','');
#4018=PRODUCT_CONTEXT('',#4020,'mechanical');
#4019=APPLICATION_PROTOCOL_DEFINITION('international standard',
'ap242_managed_model_based_3d_engineering',2011,#4020);
#4020=APPLICATION_CONTEXT('managed model based 3d engineering');
ENDSEC;
END-ISO-10303-21;
