ISO-10303-21;
HEADER;
/* Generated by software containing ST-Developer
 * from STEP Tools, Inc. (www.steptools.com) 
 */

FILE_DESCRIPTION(
/* description */ (
'CAx-IF Rec.Pracs.---Representation and Presentation of Product Manufa
cturing Information (PMI)---4.0---2014-10-13',
'CAx-IF Rec.Pracs.---3D Tessellated Geometry---0.4---2014-09-14','2;1',
'CAx-IF Rec.Pracs.---User Defined Attributes---1.5---2016-08-15'),
/* implementation_level */ '2;1');

FILE_NAME(
/* name */ '000684_B;1-Rotor Shaft Machined',
/* time_stamp */ '2022-12-15T16:40:59+05:00',
/* author */ (''),
/* organization */ (''),
/* preprocessor_version */ 'ST-DEVELOPER v16.7',
/* originating_system */ 'SIEMENS PLM Software NX 1915',
/* authorisation */ $);

FILE_SCHEMA (('AP242_MANAGED_MODEL_BASED_3D_ENGINEERING_MIM_LF { 1 0 10303 442 1 1 4 }'));
ENDSEC;

DATA;
#10=CHARACTERIZED_ITEM_WITHIN_REPRESENTATION('','',#229,#456);
#11=CHARACTERIZED_ITEM_WITHIN_REPRESENTATION('','',#230,#456);
#12=CHARACTERIZED_ITEM_WITHIN_REPRESENTATION('','',#231,#456);
#13=CHARACTERIZED_ITEM_WITHIN_REPRESENTATION('','',#232,#456);
#14=CHARACTERIZED_ITEM_WITHIN_REPRESENTATION('','',#233,#456);
#15=CHARACTERIZED_ITEM_WITHIN_REPRESENTATION('','',#234,#456);
#16=CHARACTERIZED_ITEM_WITHIN_REPRESENTATION('','',#235,#456);
#17=CHARACTERIZED_ITEM_WITHIN_REPRESENTATION('','',#236,#456);
#18=CHARACTERIZED_ITEM_WITHIN_REPRESENTATION('','',#237,#456);
#19=CHARACTERIZED_ITEM_WITHIN_REPRESENTATION('','',#238,#456);
#20=CHARACTERIZED_ITEM_WITHIN_REPRESENTATION('','',#239,#456);
#21=CHARACTERIZED_ITEM_WITHIN_REPRESENTATION('','',#240,#456);
#22=CHARACTERIZED_ITEM_WITHIN_REPRESENTATION('','',#241,#456);
#23=CHARACTERIZED_ITEM_WITHIN_REPRESENTATION('','',#242,#456);
#24=CHARACTERIZED_ITEM_WITHIN_REPRESENTATION('','',#243,#456);
#25=CHARACTERIZED_ITEM_WITHIN_REPRESENTATION('','',#244,#456);
#26=CHARACTERIZED_ITEM_WITHIN_REPRESENTATION('','',#245,#456);
#27=CHARACTERIZED_ITEM_WITHIN_REPRESENTATION('','',#246,#456);
#28=CHARACTERIZED_ITEM_WITHIN_REPRESENTATION('','',#247,#456);
#29=CHARACTERIZED_ITEM_WITHIN_REPRESENTATION('','',#248,#456);
#30=CHARACTERIZED_ITEM_WITHIN_REPRESENTATION('','',#249,#456);
#31=CHARACTERIZED_ITEM_WITHIN_REPRESENTATION('','',#250,#456);
#32=CHARACTERIZED_ITEM_WITHIN_REPRESENTATION('','',#251,#456);
#33=CHARACTERIZED_ITEM_WITHIN_REPRESENTATION('','',#252,#456);
#34=CHARACTERIZED_ITEM_WITHIN_REPRESENTATION('','',#253,#456);
#35=CHARACTERIZED_ITEM_WITHIN_REPRESENTATION('','',#254,#456);
#36=CHARACTERIZED_ITEM_WITHIN_REPRESENTATION('','',#255,#456);
#37=CHARACTERIZED_ITEM_WITHIN_REPRESENTATION('','',#256,#456);
#38=CHARACTERIZED_ITEM_WITHIN_REPRESENTATION('','',#257,#456);
#39=CHARACTERIZED_ITEM_WITHIN_REPRESENTATION('','',#258,#456);
#40=CHARACTERIZED_ITEM_WITHIN_REPRESENTATION('','',#259,#456);
#41=DERIVED_UNIT((#57));
#42=DERIVED_UNIT((#58));
#43=DERIVED_UNIT((#59));
#44=DERIVED_UNIT((#60));
#45=DERIVED_UNIT((#61));
#46=DERIVED_UNIT((#62));
#47=DERIVED_UNIT((#63));
#48=DERIVED_UNIT((#64));
#49=DERIVED_UNIT((#65));
#50=DERIVED_UNIT((#66));
#51=DERIVED_UNIT((#67));
#52=DERIVED_UNIT((#68));
#53=DERIVED_UNIT((#69));
#54=DERIVED_UNIT((#70));
#55=DERIVED_UNIT((#71));
#56=DERIVED_UNIT((#72));
#57=DERIVED_UNIT_ELEMENT(#7272,2.);
#58=DERIVED_UNIT_ELEMENT(#7274,2.);
#59=DERIVED_UNIT_ELEMENT(#7276,2.);
#60=DERIVED_UNIT_ELEMENT(#7278,2.);
#61=DERIVED_UNIT_ELEMENT(#7280,2.);
#62=DERIVED_UNIT_ELEMENT(#7282,2.);
#63=DERIVED_UNIT_ELEMENT(#7284,2.);
#64=DERIVED_UNIT_ELEMENT(#7286,2.);
#65=DERIVED_UNIT_ELEMENT(#7288,2.);
#66=DERIVED_UNIT_ELEMENT(#7290,2.);
#67=DERIVED_UNIT_ELEMENT(#7292,2.);
#68=DERIVED_UNIT_ELEMENT(#7295,2.);
#69=DERIVED_UNIT_ELEMENT(#7299,2.);
#70=DERIVED_UNIT_ELEMENT(#7308,2.);
#71=DERIVED_UNIT_ELEMENT(#7310,2.);
#72=DERIVED_UNIT_ELEMENT(#7312,2.);
#73=MEASURE_REPRESENTATION_ITEM('tessellated curve length',
LENGTH_MEASURE(163.913994932302),#7271);
#74=MEASURE_REPRESENTATION_ITEM('affected area',AREA_MEASURE(1621.6901),
#41);
#75=MEASURE_REPRESENTATION_ITEM('tessellated curve length',
LENGTH_MEASURE(201.741722137222),#7273);
#76=MEASURE_REPRESENTATION_ITEM('affected area',AREA_MEASURE(904.7787),
#42);
#77=MEASURE_REPRESENTATION_ITEM('tessellated curve length',
LENGTH_MEASURE(202.584287431832),#7275);
#78=MEASURE_REPRESENTATION_ITEM('affected area',AREA_MEASURE(1924.2255),
#43);
#79=MEASURE_REPRESENTATION_ITEM('tessellated curve length',
LENGTH_MEASURE(170.006215143028),#7277);
#80=MEASURE_REPRESENTATION_ITEM('affected area',AREA_MEASURE(843.0921),
#44);
#81=MEASURE_REPRESENTATION_ITEM('tessellated curve length',
LENGTH_MEASURE(181.727936494727),#7279);
#82=MEASURE_REPRESENTATION_ITEM('affected area',AREA_MEASURE(904.7787),
#45);
#83=MEASURE_REPRESENTATION_ITEM('tessellated curve length',
LENGTH_MEASURE(162.530714653297),#7281);
#84=MEASURE_REPRESENTATION_ITEM('affected area',AREA_MEASURE(1130.9734),
#46);
#85=MEASURE_REPRESENTATION_ITEM('tessellated curve length',
LENGTH_MEASURE(85.5352952678991),#7283);
#86=MEASURE_REPRESENTATION_ITEM('affected area',AREA_MEASURE(3288.9035),
#47);
#87=MEASURE_REPRESENTATION_ITEM('tessellated curve length',
LENGTH_MEASURE(178.362236808056),#7285);
#88=MEASURE_REPRESENTATION_ITEM('affected curve length',
LENGTH_MEASURE(51.8414919),#7285);
#89=MEASURE_REPRESENTATION_ITEM('affected area',AREA_MEASURE(2125.2874),
#48);
#90=MEASURE_REPRESENTATION_ITEM('tessellated curve length',
LENGTH_MEASURE(162.246800332836),#7287);
#91=MEASURE_REPRESENTATION_ITEM('affected area',AREA_MEASURE(697.4336),
#49);
#92=MEASURE_REPRESENTATION_ITEM('tessellated curve length',
LENGTH_MEASURE(168.369774084873),#7289);
#93=MEASURE_REPRESENTATION_ITEM('affected area',AREA_MEASURE(2384.1248),
#50);
#94=MEASURE_REPRESENTATION_ITEM('tessellated curve length',
LENGTH_MEASURE(181.728020520244),#7291);
#95=MEASURE_REPRESENTATION_ITEM('affected area',AREA_MEASURE(904.7787),
#51);
#96=MEASURE_REPRESENTATION_ITEM('tessellated curve length',
LENGTH_MEASURE(166.480579612809),#7293);
#97=MEASURE_REPRESENTATION_ITEM('affected curve length',
LENGTH_MEASURE(54.4238898),#7293);
#98=MEASURE_REPRESENTATION_ITEM('tessellated curve length',
LENGTH_MEASURE(51.613837584693),#7294);
#99=MEASURE_REPRESENTATION_ITEM('affected area',AREA_MEASURE(2384.1248),
#52);
#100=MEASURE_REPRESENTATION_ITEM('tessellated curve length',
LENGTH_MEASURE(160.421727107818),#7296);
#101=MEASURE_REPRESENTATION_ITEM('affected curve length',
LENGTH_MEASURE(59.8165709),#7296);
#102=MEASURE_REPRESENTATION_ITEM('tessellated curve length',
LENGTH_MEASURE(148.558099511324),#7297);
#103=MEASURE_REPRESENTATION_ITEM('affected curve length',
LENGTH_MEASURE(71.1238898),#7297);
#104=MEASURE_REPRESENTATION_ITEM('tessellated curve length',
LENGTH_MEASURE(92.5008407020127),#7298);
#105=MEASURE_REPRESENTATION_ITEM('affected area',AREA_MEASURE(1621.6901),
#53);
#106=MEASURE_REPRESENTATION_ITEM('tessellated curve length',
LENGTH_MEASURE(150.838419263664),#7300);
#107=MEASURE_REPRESENTATION_ITEM('affected curve length',
LENGTH_MEASURE(4.1593273),#7300);
#108=MEASURE_REPRESENTATION_ITEM('tessellated curve length',
LENGTH_MEASURE(251.699199759229),#7301);
#109=MEASURE_REPRESENTATION_ITEM('affected curve length',
LENGTH_MEASURE(70.),#7301);
#110=MEASURE_REPRESENTATION_ITEM('tessellated curve length',
LENGTH_MEASURE(164.931414590719),#7302);
#111=MEASURE_REPRESENTATION_ITEM('affected curve length',
LENGTH_MEASURE(18.3276052),#7302);
#112=MEASURE_REPRESENTATION_ITEM('tessellated curve length',
LENGTH_MEASURE(190.854530441447),#7303);
#113=MEASURE_REPRESENTATION_ITEM('affected curve length',
LENGTH_MEASURE(79.2374937),#7303);
#114=MEASURE_REPRESENTATION_ITEM('tessellated curve length',
LENGTH_MEASURE(199.056262951158),#7304);
#115=MEASURE_REPRESENTATION_ITEM('affected curve length',
LENGTH_MEASURE(54.),#7304);
#116=MEASURE_REPRESENTATION_ITEM('tessellated curve length',
LENGTH_MEASURE(170.318493836752),#7305);
#117=MEASURE_REPRESENTATION_ITEM('affected curve length',
LENGTH_MEASURE(111.8463223),#7305);
#118=MEASURE_REPRESENTATION_ITEM('tessellated curve length',
LENGTH_MEASURE(179.035128611559),#7306);
#119=MEASURE_REPRESENTATION_ITEM('affected curve length',
LENGTH_MEASURE(32.),#7306);
#120=MEASURE_REPRESENTATION_ITEM('tessellated curve length',
LENGTH_MEASURE(51.6138283526455),#7307);
#121=MEASURE_REPRESENTATION_ITEM('affected area',AREA_MEASURE(2384.1248),
#54);
#122=MEASURE_REPRESENTATION_ITEM('tessellated curve length',
LENGTH_MEASURE(101.783056324506),#7309);
#123=MEASURE_REPRESENTATION_ITEM('affected area',AREA_MEASURE(1621.6901),
#55);
#124=MEASURE_REPRESENTATION_ITEM('tessellated curve length',
LENGTH_MEASURE(51.6138219973027),#7311);
#125=MEASURE_REPRESENTATION_ITEM('affected area',AREA_MEASURE(2384.1248),
#56);
#126=MEASURE_REPRESENTATION_ITEM('tessellated curve length',
LENGTH_MEASURE(149.616568300013),#7313);
#127=MEASURE_REPRESENTATION_ITEM('affected curve length',
LENGTH_MEASURE(40.3169545),#7313);
#128=MEASURE_REPRESENTATION_ITEM('tessellated curve length',
LENGTH_MEASURE(144.73678395072),#7314);
#129=MEASURE_REPRESENTATION_ITEM('affected curve length',
LENGTH_MEASURE(63.4253285),#7314);
#130=MEASURE_REPRESENTATION_ITEM('tessellated curve length',
LENGTH_MEASURE(91.0500543768271),#7315);
#131=MEASURE_REPRESENTATION_ITEM('affected curve length',
LENGTH_MEASURE(34.0112163),#7315);
#132=MEASURE_REPRESENTATION_ITEM('tessellated curve length',
LENGTH_MEASURE(153.744373849263),#7316);
#133=MEASURE_REPRESENTATION_ITEM('affected curve length',
LENGTH_MEASURE(61.),#7316);
#134=MEASURE_REPRESENTATION_ITEM('tessellated curve length',
LENGTH_MEASURE(164.487794209722),#7317);
#135=MEASURE_REPRESENTATION_ITEM('affected curve length',
LENGTH_MEASURE(8.3931785),#7317);
#136=ANNOTATION_PLANE('PMI PLANE',(#1005),#198,(#229));
#137=ANNOTATION_PLANE('PMI PLANE',(#1007),#199,(#230));
#138=ANNOTATION_PLANE('PMI PLANE',(#1009),#200,(#231));
#139=ANNOTATION_PLANE('PMI PLANE',(#1011),#201,(#232));
#140=ANNOTATION_PLANE('PMI PLANE',(#1013),#202,(#233));
#141=ANNOTATION_PLANE('PMI PLANE',(#1015),#203,(#234));
#142=ANNOTATION_PLANE('PMI PLANE',(#1017),#204,(#235));
#143=ANNOTATION_PLANE('PMI PLANE',(#1019),#205,(#236));
#144=ANNOTATION_PLANE('PMI PLANE',(#1021),#206,(#237));
#145=ANNOTATION_PLANE('PMI PLANE',(#1023),#207,(#238));
#146=ANNOTATION_PLANE('PMI PLANE',(#1025),#208,(#239));
#147=ANNOTATION_PLANE('PMI PLANE',(#1027),#209,(#240));
#148=ANNOTATION_PLANE('PMI PLANE',(#1029),#210,(#241));
#149=ANNOTATION_PLANE('PMI PLANE',(#1031),#211,(#242));
#150=ANNOTATION_PLANE('PMI PLANE',(#1033),#212,(#243));
#151=ANNOTATION_PLANE('PMI PLANE',(#1035),#213,(#244));
#152=ANNOTATION_PLANE('PMI PLANE',(#1037),#214,(#245));
#153=ANNOTATION_PLANE('PMI PLANE',(#1039),#215,(#246));
#154=ANNOTATION_PLANE('PMI PLANE',(#1041),#216,(#247));
#155=ANNOTATION_PLANE('PMI PLANE',(#1043),#217,(#248));
#156=ANNOTATION_PLANE('PMI PLANE',(#1045),#218,(#249));
#157=ANNOTATION_PLANE('PMI PLANE',(#1047),#219,(#250));
#158=ANNOTATION_PLANE('PMI PLANE',(#1049),#220,(#251));
#159=ANNOTATION_PLANE('PMI PLANE',(#1051),#221,(#252));
#160=ANNOTATION_PLANE('PMI PLANE',(#1053),#222,(#253));
#161=ANNOTATION_PLANE('PMI PLANE',(#1055),#223,(#254));
#162=ANNOTATION_PLANE('PMI PLANE',(#1057),#224,(#255));
#163=ANNOTATION_PLANE('PMI PLANE',(#1059),#225,(#256));
#164=ANNOTATION_PLANE('PMI PLANE',(#1061),#226,(#257));
#165=ANNOTATION_PLANE('PMI PLANE',(#1063),#227,(#258));
#166=ANNOTATION_PLANE('PMI PLANE',(#1065),#228,(#259));
#167=COLOUR();
#168=COLOUR();
#169=COLOUR();
#170=COLOUR();
#171=COLOUR();
#172=COLOUR();
#173=COLOUR();
#174=COLOUR();
#175=COLOUR();
#176=COLOUR();
#177=COLOUR();
#178=COLOUR();
#179=COLOUR();
#180=COLOUR();
#181=COLOUR();
#182=COLOUR();
#183=COLOUR();
#184=COLOUR();
#185=COLOUR();
#186=COLOUR();
#187=COLOUR();
#188=COLOUR();
#189=COLOUR();
#190=COLOUR();
#191=COLOUR();
#192=COLOUR();
#193=COLOUR();
#194=COLOUR();
#195=COLOUR();
#196=COLOUR();
#197=COLOUR();
#198=PLANE('',#4948);
#199=PLANE('',#4950);
#200=PLANE('',#4952);
#201=PLANE('',#4954);
#202=PLANE('',#4956);
#203=PLANE('',#4958);
#204=PLANE('',#4960);
#205=PLANE('',#4962);
#206=PLANE('',#4964);
#207=PLANE('',#4966);
#208=PLANE('',#4968);
#209=PLANE('',#4972);
#210=PLANE('',#4974);
#211=PLANE('',#4976);
#212=PLANE('',#4978);
#213=PLANE('',#4980);
#214=PLANE('',#4982);
#215=PLANE('',#4984);
#216=PLANE('',#4986);
#217=PLANE('',#4988);
#218=PLANE('',#4990);
#219=PLANE('',#4992);
#220=PLANE('',#4994);
#221=PLANE('',#4996);
#222=PLANE('',#4998);
#223=PLANE('',#5000);
#224=PLANE('',#5002);
#225=PLANE('',#5004);
#226=PLANE('',#5006);
#227=PLANE('',#5008);
#228=PLANE('',#5010);
#229=DRAUGHTING_CALLOUT('Radial Dimension (33)',(#260));
#230=DRAUGHTING_CALLOUT('Radial Dimension (27)',(#261));
#231=DRAUGHTING_CALLOUT('Radial Dimension (36)',(#262));
#232=DRAUGHTING_CALLOUT('Radial Dimension (37)',(#263));
#233=DRAUGHTING_CALLOUT('Feature Control Frame (28)',(#264));
#234=DRAUGHTING_CALLOUT('Radial Dimension (35)',(#265));
#235=DRAUGHTING_CALLOUT('Datum Feature Symbol A (31)',(#266));
#236=DRAUGHTING_CALLOUT('Radial Dimension (34)',(#267));
#237=DRAUGHTING_CALLOUT('Radial Dimension (24)',(#268));
#238=DRAUGHTING_CALLOUT('Radial Dimension (23)',(#269));
#239=DRAUGHTING_CALLOUT('Feature Control Frame (28)',(#270));
#240=DRAUGHTING_CALLOUT('Linear Dimension (5)',(#271));
#241=DRAUGHTING_CALLOUT('Radial Dimension (20)',(#272));
#242=DRAUGHTING_CALLOUT('Linear Dimension (10)',(#273));
#243=DRAUGHTING_CALLOUT('Linear Dimension (11)',(#274));
#244=DRAUGHTING_CALLOUT('Radial Dimension (21)',(#275));
#245=DRAUGHTING_CALLOUT('Linear Dimension (14)',(#276));
#246=DRAUGHTING_CALLOUT('Linear Dimension (9)',(#277));
#247=DRAUGHTING_CALLOUT('Linear Dimension (15)',(#278));
#248=DRAUGHTING_CALLOUT('Linear Dimension (6)',(#279));
#249=DRAUGHTING_CALLOUT('Linear Dimension (4)',(#280));
#250=DRAUGHTING_CALLOUT('Linear Dimension (8)',(#281));
#251=DRAUGHTING_CALLOUT('Linear Dimension (12)',(#282));
#252=DRAUGHTING_CALLOUT('Radial Dimension (19)',(#283));
#253=DRAUGHTING_CALLOUT('Radial Dimension (22)',(#284));
#254=DRAUGHTING_CALLOUT('Radial Dimension (18)',(#285));
#255=DRAUGHTING_CALLOUT('Linear Dimension (3)',(#286));
#256=DRAUGHTING_CALLOUT('Linear Dimension (7)',(#287));
#257=DRAUGHTING_CALLOUT('Linear Dimension (17)',(#288));
#258=DRAUGHTING_CALLOUT('Linear Dimension (13)',(#289));
#259=DRAUGHTING_CALLOUT('Linear Dimension (2)',(#290));
#260=TESSELLATED_ANNOTATION_OCCURRENCE('Radial Dimension (33)',(#1004),
#354);
#261=TESSELLATED_ANNOTATION_OCCURRENCE('Radial Dimension (27)',(#1006),
#355);
#262=TESSELLATED_ANNOTATION_OCCURRENCE('Radial Dimension (36)',(#1008),
#356);
#263=TESSELLATED_ANNOTATION_OCCURRENCE('Radial Dimension (37)',(#1010),
#357);
#264=TESSELLATED_ANNOTATION_OCCURRENCE('Feature Control Frame (28)',(#1012),
#358);
#265=TESSELLATED_ANNOTATION_OCCURRENCE('Radial Dimension (35)',(#1014),
#359);
#266=TESSELLATED_ANNOTATION_OCCURRENCE('Datum Feature Symbol A (31)',(#1016),
#360);
#267=TESSELLATED_ANNOTATION_OCCURRENCE('Radial Dimension (34)',(#1018),
#361);
#268=TESSELLATED_ANNOTATION_OCCURRENCE('Radial Dimension (24)',(#1020),
#362);
#269=TESSELLATED_ANNOTATION_OCCURRENCE('Radial Dimension (23)',(#1022),
#363);
#270=TESSELLATED_ANNOTATION_OCCURRENCE('Feature Control Frame (28)',(#1024),
#364);
#271=TESSELLATED_ANNOTATION_OCCURRENCE('Linear Dimension (5)',(#1026),#365);
#272=TESSELLATED_ANNOTATION_OCCURRENCE('Radial Dimension (20)',(#1028),
#366);
#273=TESSELLATED_ANNOTATION_OCCURRENCE('Linear Dimension (10)',(#1030),
#367);
#274=TESSELLATED_ANNOTATION_OCCURRENCE('Linear Dimension (11)',(#1032),
#368);
#275=TESSELLATED_ANNOTATION_OCCURRENCE('Radial Dimension (21)',(#1034),
#369);
#276=TESSELLATED_ANNOTATION_OCCURRENCE('Linear Dimension (14)',(#1036),
#370);
#277=TESSELLATED_ANNOTATION_OCCURRENCE('Linear Dimension (9)',(#1038),#371);
#278=TESSELLATED_ANNOTATION_OCCURRENCE('Linear Dimension (15)',(#1040),
#372);
#279=TESSELLATED_ANNOTATION_OCCURRENCE('Linear Dimension (6)',(#1042),#373);
#280=TESSELLATED_ANNOTATION_OCCURRENCE('Linear Dimension (4)',(#1044),#374);
#281=TESSELLATED_ANNOTATION_OCCURRENCE('Linear Dimension (8)',(#1046),#375);
#282=TESSELLATED_ANNOTATION_OCCURRENCE('Linear Dimension (12)',(#1048),
#376);
#283=TESSELLATED_ANNOTATION_OCCURRENCE('Radial Dimension (19)',(#1050),
#377);
#284=TESSELLATED_ANNOTATION_OCCURRENCE('Radial Dimension (22)',(#1052),
#378);
#285=TESSELLATED_ANNOTATION_OCCURRENCE('Radial Dimension (18)',(#1054),
#379);
#286=TESSELLATED_ANNOTATION_OCCURRENCE('Linear Dimension (3)',(#1056),#380);
#287=TESSELLATED_ANNOTATION_OCCURRENCE('Linear Dimension (7)',(#1058),#381);
#288=TESSELLATED_ANNOTATION_OCCURRENCE('Linear Dimension (17)',(#1060),
#382);
#289=TESSELLATED_ANNOTATION_OCCURRENCE('Linear Dimension (13)',(#1062),
#383);
#290=TESSELLATED_ANNOTATION_OCCURRENCE('Linear Dimension (2)',(#1064),#384);
#291=CURVE_STYLE('',#323,POSITIVE_LENGTH_MEASURE(0.352777777777778),#322);
#292=CURVE_STYLE('',#324,POSITIVE_LENGTH_MEASURE(0.352777777777778),#322);
#293=CURVE_STYLE('',#325,POSITIVE_LENGTH_MEASURE(0.352777777777778),#322);
#294=CURVE_STYLE('',#326,POSITIVE_LENGTH_MEASURE(0.352777777777778),#322);
#295=CURVE_STYLE('',#327,POSITIVE_LENGTH_MEASURE(0.352777777777778),#322);
#296=CURVE_STYLE('',#328,POSITIVE_LENGTH_MEASURE(0.352777777777778),#322);
#297=CURVE_STYLE('',#329,POSITIVE_LENGTH_MEASURE(0.352777777777778),#322);
#298=CURVE_STYLE('',#330,POSITIVE_LENGTH_MEASURE(0.352777777777778),#322);
#299=CURVE_STYLE('',#331,POSITIVE_LENGTH_MEASURE(0.352777777777778),#322);
#300=CURVE_STYLE('',#332,POSITIVE_LENGTH_MEASURE(0.352777777777778),#322);
#301=CURVE_STYLE('',#333,POSITIVE_LENGTH_MEASURE(0.352777777777778),#322);
#302=CURVE_STYLE('',#334,POSITIVE_LENGTH_MEASURE(0.352777777777778),#322);
#303=CURVE_STYLE('',#335,POSITIVE_LENGTH_MEASURE(0.352777777777778),#2375);
#304=CURVE_STYLE('',#336,POSITIVE_LENGTH_MEASURE(0.352777777777778),#322);
#305=CURVE_STYLE('',#337,POSITIVE_LENGTH_MEASURE(0.352777777777778),#322);
#306=CURVE_STYLE('',#338,POSITIVE_LENGTH_MEASURE(0.352777777777778),#2375);
#307=CURVE_STYLE('',#339,POSITIVE_LENGTH_MEASURE(0.352777777777778),#322);
#308=CURVE_STYLE('',#340,POSITIVE_LENGTH_MEASURE(0.352777777777778),#322);
#309=CURVE_STYLE('',#341,POSITIVE_LENGTH_MEASURE(0.352777777777778),#322);
#310=CURVE_STYLE('',#342,POSITIVE_LENGTH_MEASURE(0.352777777777778),#322);
#311=CURVE_STYLE('',#343,POSITIVE_LENGTH_MEASURE(0.352777777777778),#322);
#312=CURVE_STYLE('',#344,POSITIVE_LENGTH_MEASURE(0.352777777777778),#322);
#313=CURVE_STYLE('',#345,POSITIVE_LENGTH_MEASURE(0.352777777777778),#322);
#314=CURVE_STYLE('',#346,POSITIVE_LENGTH_MEASURE(0.352777777777778),#2375);
#315=CURVE_STYLE('',#347,POSITIVE_LENGTH_MEASURE(0.352777777777778),#2375);
#316=CURVE_STYLE('',#348,POSITIVE_LENGTH_MEASURE(0.352777777777778),#2375);
#317=CURVE_STYLE('',#349,POSITIVE_LENGTH_MEASURE(0.352777777777778),#322);
#318=CURVE_STYLE('',#350,POSITIVE_LENGTH_MEASURE(0.352777777777778),#322);
#319=CURVE_STYLE('',#351,POSITIVE_LENGTH_MEASURE(0.352777777777778),#322);
#320=CURVE_STYLE('',#352,POSITIVE_LENGTH_MEASURE(0.352777777777778),#322);
#321=CURVE_STYLE('',#353,POSITIVE_LENGTH_MEASURE(0.352777777777778),#322);
#322=DRAUGHTING_PRE_DEFINED_COLOUR('black');
#323=DRAUGHTING_PRE_DEFINED_CURVE_FONT('continuous');
#324=DRAUGHTING_PRE_DEFINED_CURVE_FONT('continuous');
#325=DRAUGHTING_PRE_DEFINED_CURVE_FONT('continuous');
#326=DRAUGHTING_PRE_DEFINED_CURVE_FONT('continuous');
#327=DRAUGHTING_PRE_DEFINED_CURVE_FONT('continuous');
#328=DRAUGHTING_PRE_DEFINED_CURVE_FONT('continuous');
#329=DRAUGHTING_PRE_DEFINED_CURVE_FONT('continuous');
#330=DRAUGHTING_PRE_DEFINED_CURVE_FONT('continuous');
#331=DRAUGHTING_PRE_DEFINED_CURVE_FONT('continuous');
#332=DRAUGHTING_PRE_DEFINED_CURVE_FONT('continuous');
#333=DRAUGHTING_PRE_DEFINED_CURVE_FONT('continuous');
#334=DRAUGHTING_PRE_DEFINED_CURVE_FONT('continuous');
#335=DRAUGHTING_PRE_DEFINED_CURVE_FONT('continuous');
#336=DRAUGHTING_PRE_DEFINED_CURVE_FONT('continuous');
#337=DRAUGHTING_PRE_DEFINED_CURVE_FONT('continuous');
#338=DRAUGHTING_PRE_DEFINED_CURVE_FONT('continuous');
#339=DRAUGHTING_PRE_DEFINED_CURVE_FONT('continuous');
#340=DRAUGHTING_PRE_DEFINED_CURVE_FONT('continuous');
#341=DRAUGHTING_PRE_DEFINED_CURVE_FONT('continuous');
#342=DRAUGHTING_PRE_DEFINED_CURVE_FONT('continuous');
#343=DRAUGHTING_PRE_DEFINED_CURVE_FONT('continuous');
#344=DRAUGHTING_PRE_DEFINED_CURVE_FONT('continuous');
#345=DRAUGHTING_PRE_DEFINED_CURVE_FONT('continuous');
#346=DRAUGHTING_PRE_DEFINED_CURVE_FONT('continuous');
#347=DRAUGHTING_PRE_DEFINED_CURVE_FONT('continuous');
#348=DRAUGHTING_PRE_DEFINED_CURVE_FONT('continuous');
#349=DRAUGHTING_PRE_DEFINED_CURVE_FONT('continuous');
#350=DRAUGHTING_PRE_DEFINED_CURVE_FONT('continuous');
#351=DRAUGHTING_PRE_DEFINED_CURVE_FONT('continuous');
#352=DRAUGHTING_PRE_DEFINED_CURVE_FONT('continuous');
#353=DRAUGHTING_PRE_DEFINED_CURVE_FONT('continuous');
#354=(
GEOMETRIC_REPRESENTATION_ITEM()
REPOSITIONED_TESSELLATED_ITEM(#4947)
REPRESENTATION_ITEM('radial dimension')
TESSELLATED_GEOMETRIC_SET((#416,#385))
TESSELLATED_ITEM()
);
#355=(
GEOMETRIC_REPRESENTATION_ITEM()
REPOSITIONED_TESSELLATED_ITEM(#4949)
REPRESENTATION_ITEM('radial dimension')
TESSELLATED_GEOMETRIC_SET((#417,#386))
TESSELLATED_ITEM()
);
#356=(
GEOMETRIC_REPRESENTATION_ITEM()
REPOSITIONED_TESSELLATED_ITEM(#4951)
REPRESENTATION_ITEM('radial dimension')
TESSELLATED_GEOMETRIC_SET((#418,#387))
TESSELLATED_ITEM()
);
#357=(
GEOMETRIC_REPRESENTATION_ITEM()
REPOSITIONED_TESSELLATED_ITEM(#4953)
REPRESENTATION_ITEM('radial dimension')
TESSELLATED_GEOMETRIC_SET((#419,#388))
TESSELLATED_ITEM()
);
#358=(
GEOMETRIC_REPRESENTATION_ITEM()
REPOSITIONED_TESSELLATED_ITEM(#4955)
REPRESENTATION_ITEM('total runout')
TESSELLATED_GEOMETRIC_SET((#420,#389))
TESSELLATED_ITEM()
);
#359=(
GEOMETRIC_REPRESENTATION_ITEM()
REPOSITIONED_TESSELLATED_ITEM(#4957)
REPRESENTATION_ITEM('radial dimension')
TESSELLATED_GEOMETRIC_SET((#421,#390))
TESSELLATED_ITEM()
);
#360=(
GEOMETRIC_REPRESENTATION_ITEM()
REPOSITIONED_TESSELLATED_ITEM(#4959)
REPRESENTATION_ITEM('datum')
TESSELLATED_GEOMETRIC_SET((#422,#391))
TESSELLATED_ITEM()
);
#361=(
GEOMETRIC_REPRESENTATION_ITEM()
REPOSITIONED_TESSELLATED_ITEM(#4961)
REPRESENTATION_ITEM('radial dimension')
TESSELLATED_GEOMETRIC_SET((#423,#392))
TESSELLATED_ITEM()
);
#362=(
GEOMETRIC_REPRESENTATION_ITEM()
REPOSITIONED_TESSELLATED_ITEM(#4963)
REPRESENTATION_ITEM('radial dimension')
TESSELLATED_GEOMETRIC_SET((#424,#393))
TESSELLATED_ITEM()
);
#363=(
GEOMETRIC_REPRESENTATION_ITEM()
REPOSITIONED_TESSELLATED_ITEM(#4965)
REPRESENTATION_ITEM('radial dimension')
TESSELLATED_GEOMETRIC_SET((#425,#394))
TESSELLATED_ITEM()
);
#364=(
GEOMETRIC_REPRESENTATION_ITEM()
REPOSITIONED_TESSELLATED_ITEM(#4967)
REPRESENTATION_ITEM('total runout')
TESSELLATED_GEOMETRIC_SET((#426,#395))
TESSELLATED_ITEM()
);
#365=(
GEOMETRIC_REPRESENTATION_ITEM()
REPOSITIONED_TESSELLATED_ITEM(#4971)
REPRESENTATION_ITEM('linear dimension')
TESSELLATED_GEOMETRIC_SET((#427,#396))
TESSELLATED_ITEM()
);
#366=(
GEOMETRIC_REPRESENTATION_ITEM()
REPOSITIONED_TESSELLATED_ITEM(#4973)
REPRESENTATION_ITEM('radial dimension')
TESSELLATED_GEOMETRIC_SET((#428,#397))
TESSELLATED_ITEM()
);
#367=(
GEOMETRIC_REPRESENTATION_ITEM()
REPOSITIONED_TESSELLATED_ITEM(#4975)
REPRESENTATION_ITEM('linear dimension')
TESSELLATED_GEOMETRIC_SET((#429,#398))
TESSELLATED_ITEM()
);
#368=(
GEOMETRIC_REPRESENTATION_ITEM()
REPOSITIONED_TESSELLATED_ITEM(#4977)
REPRESENTATION_ITEM('linear dimension')
TESSELLATED_GEOMETRIC_SET((#430,#399))
TESSELLATED_ITEM()
);
#369=(
GEOMETRIC_REPRESENTATION_ITEM()
REPOSITIONED_TESSELLATED_ITEM(#4979)
REPRESENTATION_ITEM('radial dimension')
TESSELLATED_GEOMETRIC_SET((#431,#400))
TESSELLATED_ITEM()
);
#370=(
GEOMETRIC_REPRESENTATION_ITEM()
REPOSITIONED_TESSELLATED_ITEM(#4981)
REPRESENTATION_ITEM('linear dimension')
TESSELLATED_GEOMETRIC_SET((#432,#401))
TESSELLATED_ITEM()
);
#371=(
GEOMETRIC_REPRESENTATION_ITEM()
REPOSITIONED_TESSELLATED_ITEM(#4983)
REPRESENTATION_ITEM('linear dimension')
TESSELLATED_GEOMETRIC_SET((#433,#402))
TESSELLATED_ITEM()
);
#372=(
GEOMETRIC_REPRESENTATION_ITEM()
REPOSITIONED_TESSELLATED_ITEM(#4985)
REPRESENTATION_ITEM('linear dimension')
TESSELLATED_GEOMETRIC_SET((#434,#403))
TESSELLATED_ITEM()
);
#373=(
GEOMETRIC_REPRESENTATION_ITEM()
REPOSITIONED_TESSELLATED_ITEM(#4987)
REPRESENTATION_ITEM('linear dimension')
TESSELLATED_GEOMETRIC_SET((#435,#404))
TESSELLATED_ITEM()
);
#374=(
GEOMETRIC_REPRESENTATION_ITEM()
REPOSITIONED_TESSELLATED_ITEM(#4989)
REPRESENTATION_ITEM('linear dimension')
TESSELLATED_GEOMETRIC_SET((#436,#405))
TESSELLATED_ITEM()
);
#375=(
GEOMETRIC_REPRESENTATION_ITEM()
REPOSITIONED_TESSELLATED_ITEM(#4991)
REPRESENTATION_ITEM('linear dimension')
TESSELLATED_GEOMETRIC_SET((#437,#406))
TESSELLATED_ITEM()
);
#376=(
GEOMETRIC_REPRESENTATION_ITEM()
REPOSITIONED_TESSELLATED_ITEM(#4993)
REPRESENTATION_ITEM('linear dimension')
TESSELLATED_GEOMETRIC_SET((#438,#407))
TESSELLATED_ITEM()
);
#377=(
GEOMETRIC_REPRESENTATION_ITEM()
REPOSITIONED_TESSELLATED_ITEM(#4995)
REPRESENTATION_ITEM('radial dimension')
TESSELLATED_GEOMETRIC_SET((#439,#408))
TESSELLATED_ITEM()
);
#378=(
GEOMETRIC_REPRESENTATION_ITEM()
REPOSITIONED_TESSELLATED_ITEM(#4997)
REPRESENTATION_ITEM('radial dimension')
TESSELLATED_GEOMETRIC_SET((#440,#409))
TESSELLATED_ITEM()
);
#379=(
GEOMETRIC_REPRESENTATION_ITEM()
REPOSITIONED_TESSELLATED_ITEM(#4999)
REPRESENTATION_ITEM('radial dimension')
TESSELLATED_GEOMETRIC_SET((#441,#410))
TESSELLATED_ITEM()
);
#380=(
GEOMETRIC_REPRESENTATION_ITEM()
REPOSITIONED_TESSELLATED_ITEM(#5001)
REPRESENTATION_ITEM('linear dimension')
TESSELLATED_GEOMETRIC_SET((#442,#411))
TESSELLATED_ITEM()
);
#381=(
GEOMETRIC_REPRESENTATION_ITEM()
REPOSITIONED_TESSELLATED_ITEM(#5003)
REPRESENTATION_ITEM('linear dimension')
TESSELLATED_GEOMETRIC_SET((#443,#412))
TESSELLATED_ITEM()
);
#382=(
GEOMETRIC_REPRESENTATION_ITEM()
REPOSITIONED_TESSELLATED_ITEM(#5005)
REPRESENTATION_ITEM('linear dimension')
TESSELLATED_GEOMETRIC_SET((#444,#413))
TESSELLATED_ITEM()
);
#383=(
GEOMETRIC_REPRESENTATION_ITEM()
REPOSITIONED_TESSELLATED_ITEM(#5007)
REPRESENTATION_ITEM('linear dimension')
TESSELLATED_GEOMETRIC_SET((#445,#414))
TESSELLATED_ITEM()
);
#384=(
GEOMETRIC_REPRESENTATION_ITEM()
REPOSITIONED_TESSELLATED_ITEM(#5009)
REPRESENTATION_ITEM('linear dimension')
TESSELLATED_GEOMETRIC_SET((#446,#415))
TESSELLATED_ITEM()
);
#385=COMPLEX_TRIANGULATED_SURFACE_SET('',#4871,6,((1.,0.,0.)),(),((6,4,
5),(1,3,2)),());
#386=COMPLEX_TRIANGULATED_SURFACE_SET('',#4873,6,((1.,0.,0.)),(),((6,4,
5),(1,3,2)),());
#387=COMPLEX_TRIANGULATED_SURFACE_SET('',#4875,6,((1.,0.,0.)),(),((6,4,
5),(1,3,2)),());
#388=COMPLEX_TRIANGULATED_SURFACE_SET('',#4877,6,((1.,0.,0.)),(),((6,4,
5),(1,3,2)),());
#389=COMPLEX_TRIANGULATED_SURFACE_SET('',#4879,6,((1.,0.,0.)),(),((6,4,
5),(3,1,2)),());
#390=COMPLEX_TRIANGULATED_SURFACE_SET('',#4881,6,((1.,0.,0.)),(),((6,4,
5),(1,3,2)),());
#391=COMPLEX_TRIANGULATED_SURFACE_SET('',#4883,3,((1.,0.,0.)),(),((3,2,
1)),());
#392=COMPLEX_TRIANGULATED_SURFACE_SET('',#4885,6,((1.,0.,0.)),(),((6,4,
5),(1,3,2)),());
#393=COMPLEX_TRIANGULATED_SURFACE_SET('',#4887,6,((1.,0.,0.)),(),((6,4,
5),(1,3,2)),());
#394=COMPLEX_TRIANGULATED_SURFACE_SET('',#4889,6,((1.,0.,0.)),(),((6,4,
5),(1,3,2)),());
#395=COMPLEX_TRIANGULATED_SURFACE_SET('',#4891,6,((1.,0.,0.)),(),((6,4,
5),(3,1,2)),());
#396=COMPLEX_TRIANGULATED_SURFACE_SET('',#4893,6,((1.,0.,0.)),(),((4,2,
6),(3,5,1)),());
#397=COMPLEX_TRIANGULATED_SURFACE_SET('',#4895,3,((1.,0.,0.)),(),((2,1,
3)),());
#398=COMPLEX_TRIANGULATED_SURFACE_SET('',#4897,6,((1.,0.,0.)),(),((4,2,
6),(3,5,1)),());
#399=COMPLEX_TRIANGULATED_SURFACE_SET('',#4899,6,((1.,0.,0.)),(),((4,2,
6),(3,5,1)),());
#400=COMPLEX_TRIANGULATED_SURFACE_SET('',#4901,6,((1.,0.,0.)),(),((4,2,
6),(3,5,1)),());
#401=COMPLEX_TRIANGULATED_SURFACE_SET('',#4903,6,((1.,0.,0.)),(),((4,6,
2),(3,1,5)),());
#402=COMPLEX_TRIANGULATED_SURFACE_SET('',#4905,6,((1.,0.,0.)),(),((4,2,
6),(3,5,1)),());
#403=COMPLEX_TRIANGULATED_SURFACE_SET('',#4907,6,((1.,0.,0.)),(),((4,2,
6),(3,5,1)),());
#404=COMPLEX_TRIANGULATED_SURFACE_SET('',#4909,6,((1.,0.,0.)),(),((4,6,
2),(3,1,5)),());
#405=COMPLEX_TRIANGULATED_SURFACE_SET('',#4911,6,((1.,0.,0.)),(),((4,2,
6),(3,5,1)),());
#406=COMPLEX_TRIANGULATED_SURFACE_SET('',#4913,6,((1.,0.,0.)),(),((4,2,
6),(3,5,1)),());
#407=COMPLEX_TRIANGULATED_SURFACE_SET('',#4915,6,((1.,0.,0.)),(),((4,2,
6),(3,5,1)),());
#408=COMPLEX_TRIANGULATED_SURFACE_SET('',#4917,3,((1.,0.,0.)),(),((2,1,
3)),());
#409=COMPLEX_TRIANGULATED_SURFACE_SET('',#4919,6,((1.,0.,0.)),(),((6,5,
4),(1,2,3)),());
#410=COMPLEX_TRIANGULATED_SURFACE_SET('',#4921,3,((1.,0.,0.)),(),((2,1,
3)),());
#411=COMPLEX_TRIANGULATED_SURFACE_SET('',#4923,6,((1.,0.,0.)),(),((3,1,
5),(4,6,2)),());
#412=COMPLEX_TRIANGULATED_SURFACE_SET('',#4925,6,((1.,0.,0.)),(),((4,2,
6),(3,5,1)),());
#413=COMPLEX_TRIANGULATED_SURFACE_SET('',#4927,6,((1.,0.,0.)),(),((1,2,
3),(6,5,4)),());
#414=COMPLEX_TRIANGULATED_SURFACE_SET('',#4929,6,((1.,0.,0.)),(),((4,2,
6),(3,5,1)),());
#415=COMPLEX_TRIANGULATED_SURFACE_SET('',#4931,6,((1.,0.,0.)),(),((4,2,
6),(3,5,1)),());
#416=TESSELLATED_CURVE_SET('Radial Dimension (33)',#4870,((1,2),(3,4,5,
6,7,8,9),(10,11,12,13,14,15),(16,17,18,19,20,21,22,23,24,25),(26,27,28,
29,30),(31,32,33,34,35,36,37,38,39,40,41,42)));
#417=TESSELLATED_CURVE_SET('Radial Dimension (27)',#4872,((1,2),(3,4,5,
6,7,8,9,10,11,12,13,14,15,16,17,18,19),(20,21,22,23,24,25,26),(27,28,29,
30,31,32),(33,34,35,36,37,38,39,40,41,42,43,44,45),(46,47,48,49,50),(51,
52,53,54,55,56,57,58,59,60,61,62,63),(64,65,66,67,68,69,70,71,72,73,74),
(75,76,77,78,79,80,81,82,83,84,85,86)));
#418=TESSELLATED_CURVE_SET('Radial Dimension (36)',#4874,((1,2),(3,4,5,
6,7,8,9,10),(11,12,13,14,15,16,17,18,19,20),(21,22,23,24,25),(26,27,28,
29,30,31,32,33,34,35,36,37,38),(39,40,41,42,43,44,45,46,47,48,49),(50,51,
52,53,54,55,56,57,58,59,60,61)));
#419=TESSELLATED_CURVE_SET('Radial Dimension (37)',#4876,((1,2),(3,4,5,
6,7,8,9,10,11,12,13,14,15,16,17,18,19),(20,21,22,23,24,25,26,27),(28,29,
30,31),(32,33,34,35,36),(37,38,39,40,41,42,43,44,45,46,47,48,49)));
#420=TESSELLATED_CURVE_SET('Feature Control Frame (28)',#4878,((1,2),(3,
4),(5,6),(7,8),(9,10),(11,12,13,14,15,16,17,18,19,20,21,22,23),(24,25,26,
27,28),(29,30,31,32,33,34,35,36,37,38,39,40,41),(42,43,44,45,46,47,48,49,
50,51,52,53,54),(55,56,57,58),(59,60),(61,62,63),(64,65),(66,67),(68,69),
(70,71)));
#421=TESSELLATED_CURVE_SET('Radial Dimension (35)',#4880,((1,2),(3,4,5,
6,7,8,9),(10,11,12,13,14,15),(16,17,18,19,20,21,22,23,24,25,26,27,28),(29,
30,31,32,33),(34,35,36,37,38,39,40,41,42,43,44,45,46)));
#422=TESSELLATED_CURVE_SET('Datum Feature Symbol A (31)',#4882,((1,2),(3,
4),(5,6),(7,8,9),(10,11),(12,13),(14,15),(16,17)));
#423=TESSELLATED_CURVE_SET('Radial Dimension (34)',#4884,((1,2),(3,4,5,
6,7,8,9,10,11,12,13,14,15,16,17,18,19),(20,21,22,23,24,25,26),(27,28,29,
30,31,32),(33,34,35,36,37,38,39),(40,41,42,43,44,45),(46,47,48,49,50),(51,
52,53,54,55,56,57,58,59,60,61,62,63)));
#424=TESSELLATED_CURVE_SET('Radial Dimension (24)',#4886,((1,2),(3,4,5,
6,7,8,9,10,11,12,13,14,15,16,17,18,19),(20,21,22,23,24,25,26),(27,28,29,
30,31,32),(33,34,35,36,37,38,39,40,41,42,43,44,45),(46,47,48,49,50),(51,
52,53,54,55,56,57,58,59,60,61,62,63)));
#425=TESSELLATED_CURVE_SET('Radial Dimension (23)',#4888,((1,2),(3,4,5,
6,7,8,9,10,11,12,13,14,15,16,17,18,19),(20,21,22,23,24,25,26,27),(28,29,
30,31,32,33,34,35,36,37,38,39,40,41,42,43),(44,45,46,47,48),(49,50,51,52,
53,54,55,56,57,58,59,60,61)));
#426=TESSELLATED_CURVE_SET('Feature Control Frame (28)',#4890,((1,2),(3,
4),(5,6),(7,8),(9,10),(11,12,13,14,15,16,17,18,19,20,21,22,23),(24,25,26,
27,28),(29,30,31,32,33,34,35,36,37,38,39,40,41),(42,43,44,45,46,47,48,49,
50,51,52,53,54),(55,56,57,58),(59,60),(61,62,63),(64,65),(66,67),(68,69),
(70,71)));
#427=TESSELLATED_CURVE_SET('Linear Dimension (5)',#4892,((1,2),(3,4),(5,
6),(7,8,9),(10,11),(12,13,14,15),(16,17,18,19,20,21),(22,23,24,25,26,27,
28,29,30,31,32,33,34,35,36,37)));
#428=TESSELLATED_CURVE_SET('Radial Dimension (20)',#4894,((1,2),(3,4,5),
(6,7),(8,9,10,11),(12,13,14,15,16,17),(18,19,20,21,22,23,24,25,26,27,28,
29,30)));
#429=TESSELLATED_CURVE_SET('Linear Dimension (10)',#4896,((1,2),(3,4),(5,
6),(7,8),(9,10,11,12),(13,14,15),(16,17),(18,19,20,21,22,23),(24,25,26,
27,28,29,30,31,32,33,34,35,36)));
#430=TESSELLATED_CURVE_SET('Linear Dimension (11)',#4898,((1,2),(3,4),(5,
6),(7,8,9,10,11,12,13,14),(15,16,17,18),(19,20,21,22,23,24),(25,26,27,28,
29,30,31,32,33,34,35,36,37)));
#431=TESSELLATED_CURVE_SET('Radial Dimension (21)',#4900,((1,2),(3,4,5,
6,7,8,9,10,11,12,13,14,15,16,17,18,19),(20,21,22,23,24,25,26),(27,28,29,
30,31,32),(33,34,35,36,37,38,39,40,41,42),(43,44,45,46,47,48),(49,50,51,
52,53,54,55,56,57,58,59,60)));
#432=TESSELLATED_CURVE_SET('Linear Dimension (14)',#4902,((1,2),(3,4),(5,
6),(7,8),(9,10,11,12,13,14,15,16),(17,18,19,20,21,22),(23,24,25,26,27,28,
29,30,31,32,33,34,35)));
#433=TESSELLATED_CURVE_SET('Linear Dimension (9)',#4904,((1,2),(3,4),(5,
6),(7,8),(9,10,11),(12,13),(14,15,16,17,18,19,20,21),(22,23,24,25,26,27,
28,29,30,31,32,33,34),(35,36,37,38,39,40),(41,42,43,44,45,46,47,48,49,50,
51,52,53)));
#434=TESSELLATED_CURVE_SET('Linear Dimension (15)',#4906,((1,2),(3,4),(5,
6),(7,8),(9,10,11),(12,13),(14,15,16,17,18,19,20,21,22,23,24,25),(26,27,
28,29,30,31),(32,33,34,35,36,37,38,39,40,41,42,43,44)));
#435=TESSELLATED_CURVE_SET('Linear Dimension (6)',#4908,((1,2),(3,4),(5,
6),(7,8),(9,10),(11,12,13,14,15,16,17,18),(19,20,21,22,23,24),(25,26,27,
28,29,30,31,32,33,34,35,36,37)));
#436=TESSELLATED_CURVE_SET('Linear Dimension (4)',#4910,((1,2),(3,4),(5,
6),(7,8),(9,10,11,12,13,14,15,16,17,18),(19,20,21,22,23,24,25,26,27,28,
29,30,31,32,33,34),(35,36,37,38,39,40),(41,42,43,44,45,46,47,48,49,50,51,
52,53)));
#437=TESSELLATED_CURVE_SET('Linear Dimension (8)',#4912,((1,2),(3,4),(5,
6),(7,8,9,10,11,12,13,14),(15,16,17,18,19,20,21,22,23,24,25,26),(27,28,
29,30,31,32),(33,34,35,36,37,38,39,40,41,42,43,44,45)));
#438=TESSELLATED_CURVE_SET('Linear Dimension (12)',#4914,((1,2),(3,4),(5,
6),(7,8),(9,10,11,12),(13,14,15,16,17,18,19,20,21,22,23,24),(25,26,27,28,
29,30),(31,32,33,34,35,36,37,38,39,40,41,42,43)));
#439=TESSELLATED_CURVE_SET('Radial Dimension (19)',#4916,((1,2),(3,4,5),
(6,7),(8,9,10,11),(12,13,14,15,16,17),(18,19,20,21,22,23,24,25,26,27,28,
29,30)));
#440=TESSELLATED_CURVE_SET('Radial Dimension (22)',#4918,((1,2),(3,4,5,
6,7,8,9,10,11,12,13,14,15,16,17,18,19),(20,21,22,23,24,25,26),(27,28,29,
30,31,32),(33,34,35,36,37,38,39,40,41,42),(43,44,45,46,47,48),(49,50,51,
52,53,54,55,56,57,58,59,60)));
#441=TESSELLATED_CURVE_SET('Radial Dimension (18)',#4920,((1,2),(3,4,5),
(6,7),(8,9,10,11),(12,13,14,15,16,17),(18,19,20,21,22,23,24,25,26,27,28,
29,30)));
#442=TESSELLATED_CURVE_SET('Linear Dimension (3)',#4922,((1,2),(3,4),(5,
6),(7,8),(9,10,11,12,13,14,15,16),(17,18,19,20,21,22),(23,24,25,26,27,28,
29,30,31,32,33,34,35)));
#443=TESSELLATED_CURVE_SET('Linear Dimension (7)',#4924,((1,2),(3,4),(5,
6),(7,8),(9,10,11),(12,13),(14,15,16,17,18,19,20,21,22,23,24,25),(26,27,
28,29,30,31),(32,33,34,35,36,37,38,39)));
#444=TESSELLATED_CURVE_SET('Linear Dimension (17)',#4926,((1,2),(3,4),(5,
6),(7,8,9,10,11,12,13,14,15,16,17,18,19,20,21,22),(23,24,25,26,27,28),(29,
30,31,32,33,34,35,36,37,38,39,40,41)));
#445=TESSELLATED_CURVE_SET('Linear Dimension (13)',#4928,((1,2),(3,4),(5,
6),(7,8),(9,10,11,12,13,14,15,16),(17,18,19,20),(21,22,23,24,25,26),(27,
28,29,30,31,32,33,34,35,36,37,38,39)));
#446=TESSELLATED_CURVE_SET('Linear Dimension (2)',#4930,((1,2),(3,4),(5,
6),(7,8),(9,10,11,12),(13,14,15,16),(17,18,19,20,21,22),(23,24,25,26,27,
28,29,30,31,32,33,34,35)));
#447=MECHANICAL_DESIGN_AND_DRAUGHTING_RELATIONSHIP('','',#455,#456);
#448=MECHANICAL_DESIGN_AND_DRAUGHTING_RELATIONSHIP('','',#457,#456);
#449=MECHANICAL_DESIGN_AND_DRAUGHTING_RELATIONSHIP('','',#458,#456);
#450=MECHANICAL_DESIGN_AND_DRAUGHTING_RELATIONSHIP('','',#459,#456);
#451=MECHANICAL_DESIGN_AND_DRAUGHTING_RELATIONSHIP('','',#460,#456);
#452=MECHANICAL_DESIGN_AND_DRAUGHTING_RELATIONSHIP('','',#461,#456);
#453=MECHANICAL_DESIGN_AND_DRAUGHTING_RELATIONSHIP('','',#462,#456);
#454=MECHANICAL_DESIGN_AND_DRAUGHTING_RELATIONSHIP('','',#463,#456);
#455=DRAUGHTING_MODEL('Top',(#482,#473),#7266);
#456=DRAUGHTING_MODEL('',(#474,#136,#137,#138,#139,#140,#141,#142,#143,
#144,#145,#146,#147,#148,#149,#150,#151,#152,#153,#154,#155,#156,#157,#158,
#159,#160,#161,#162,#163,#164,#165,#166),#7266);
#457=DRAUGHTING_MODEL('Front',(#483,#475),#7266);
#458=DRAUGHTING_MODEL('Right',(#484,#476),#7266);
#459=DRAUGHTING_MODEL('Back',(#485,#477),#7266);
#460=DRAUGHTING_MODEL('Bottom',(#486,#478),#7266);
#461=DRAUGHTING_MODEL('Left',(#487,#479),#7266);
#462=DRAUGHTING_MODEL('Isometric',(#488,#480,#229,#230,#231,#232,#233,#234,
#235,#236,#237,#238,#239),#7266);
#463=DRAUGHTING_MODEL('Trimetric',(#489,#481,#240,#241,#242,#243,#244,#245,
#246,#247,#248,#249,#250,#251,#252,#253,#254,#255,#256,#257,#258,#259),
#7266);
#464=REPRESENTATION_MAP(#4934,$);
#465=REPRESENTATION_MAP(#4934,$);
#466=REPRESENTATION_MAP(#4934,$);
#467=REPRESENTATION_MAP(#4934,$);
#468=REPRESENTATION_MAP(#4934,$);
#469=REPRESENTATION_MAP(#4934,$);
#470=REPRESENTATION_MAP(#4934,$);
#471=REPRESENTATION_MAP(#4934,$);
#472=REPRESENTATION_MAP(#4934,$);
#473=MAPPED_ITEM('',#464,#4934);
#474=MAPPED_ITEM('',#465,#4934);
#475=MAPPED_ITEM('',#466,#4934);
#476=MAPPED_ITEM('',#467,#4934);
#477=MAPPED_ITEM('',#468,#4934);
#478=MAPPED_ITEM('',#469,#4934);
#479=MAPPED_ITEM('',#470,#4934);
#480=MAPPED_ITEM('',#471,#4934);
#481=MAPPED_ITEM('',#472,#4934);
#482=CAMERA_MODEL_D3('Top',#4935,#490);
#483=CAMERA_MODEL_D3('Front',#4937,#491);
#484=CAMERA_MODEL_D3('Right',#4939,#492);
#485=CAMERA_MODEL_D3('Back',#4941,#493);
#486=CAMERA_MODEL_D3('Bottom',#4943,#494);
#487=CAMERA_MODEL_D3('Left',#4945,#495);
#488=CAMERA_MODEL_D3('Isometric',#4969,#496);
#489=CAMERA_MODEL_D3('Trimetric',#5011,#497);
#490=VIEW_VOLUME(.PARALLEL.,#5607,0.,0.,.F.,0.,.F.,.F.,#498);
#491=VIEW_VOLUME(.PARALLEL.,#5610,0.,0.,.F.,0.,.F.,.F.,#499);
#492=VIEW_VOLUME(.PARALLEL.,#5613,0.,0.,.F.,0.,.F.,.F.,#500);
#493=VIEW_VOLUME(.PARALLEL.,#5616,0.,0.,.F.,0.,.F.,.F.,#501);
#494=VIEW_VOLUME(.PARALLEL.,#5619,0.,0.,.F.,0.,.F.,.F.,#502);
#495=VIEW_VOLUME(.PARALLEL.,#5622,0.,0.,.F.,0.,.F.,.F.,#503);
#496=VIEW_VOLUME(.PARALLEL.,#5658,0.0513704719543457,0.,.F.,0.,.F.,.F.,
#504);
#497=VIEW_VOLUME(.PARALLEL.,#5721,0.0963863677978516,0.,.F.,0.,.F.,.F.,
#505);
#498=PLANAR_BOX('',0.0573449193279923,0.0573449193279923,#4936);
#499=PLANAR_BOX('',0.554530106205446,0.554530106205446,#4938);
#500=PLANAR_BOX('',0.554530080525453,0.554530080525453,#4940);
#501=PLANAR_BOX('',0.554530092889894,0.554530092889894,#4942);
#502=PLANAR_BOX('',0.0573449193279923,0.0573449193279923,#4944);
#503=PLANAR_BOX('',0.554530118569887,0.554530118569887,#4946);
#504=PLANAR_BOX('',0.114083841742659,0.114083841742659,#4970);
#505=PLANAR_BOX('',0.235898285979516,0.235898285979516,#5012);
#506=STYLED_ITEM('',(#755),#2376);
#507=STYLED_ITEM('',(#756),#2377);
#508=STYLED_ITEM('',(#757),#2378);
#509=STYLED_ITEM('',(#758),#2379);
#510=STYLED_ITEM('',(#759),#2380);
#511=STYLED_ITEM('',(#760),#2381);
#512=STYLED_ITEM('',(#761),#2382);
#513=STYLED_ITEM('',(#762),#2383);
#514=STYLED_ITEM('',(#763),#2384);
#515=STYLED_ITEM('',(#764),#2385);
#516=STYLED_ITEM('',(#765),#2386);
#517=STYLED_ITEM('',(#766),#2387);
#518=STYLED_ITEM('',(#767),#2388);
#519=STYLED_ITEM('',(#768),#2389);
#520=STYLED_ITEM('',(#769),#2390);
#521=STYLED_ITEM('',(#770),#2391);
#522=STYLED_ITEM('',(#771),#2392);
#523=STYLED_ITEM('',(#772),#2393);
#524=STYLED_ITEM('',(#773),#2394);
#525=STYLED_ITEM('',(#774),#2395);
#526=STYLED_ITEM('',(#775),#2396);
#527=STYLED_ITEM('',(#776),#2397);
#528=STYLED_ITEM('',(#777),#2398);
#529=STYLED_ITEM('',(#778),#2399);
#530=STYLED_ITEM('',(#779),#2400);
#531=STYLED_ITEM('',(#780),#2401);
#532=STYLED_ITEM('',(#781),#2402);
#533=STYLED_ITEM('',(#782),#2403);
#534=STYLED_ITEM('',(#783),#2404);
#535=STYLED_ITEM('',(#784),#2405);
#536=STYLED_ITEM('',(#785),#2406);
#537=STYLED_ITEM('',(#786),#2407);
#538=STYLED_ITEM('',(#787),#2408);
#539=STYLED_ITEM('',(#788),#2409);
#540=STYLED_ITEM('',(#789),#2410);
#541=STYLED_ITEM('',(#790),#2411);
#542=STYLED_ITEM('',(#791),#2412);
#543=STYLED_ITEM('',(#792),#2413);
#544=STYLED_ITEM('',(#793),#2414);
#545=STYLED_ITEM('',(#794),#2415);
#546=STYLED_ITEM('',(#795),#2416);
#547=STYLED_ITEM('',(#796),#2417);
#548=STYLED_ITEM('',(#797),#2418);
#549=STYLED_ITEM('',(#798),#2419);
#550=STYLED_ITEM('',(#799),#2420);
#551=STYLED_ITEM('',(#800),#2421);
#552=STYLED_ITEM('',(#801),#2422);
#553=STYLED_ITEM('',(#802),#2423);
#554=STYLED_ITEM('',(#803),#2424);
#555=STYLED_ITEM('',(#804),#2425);
#556=STYLED_ITEM('',(#805),#2426);
#557=STYLED_ITEM('',(#806),#2427);
#558=STYLED_ITEM('',(#807),#2428);
#559=STYLED_ITEM('',(#808),#2429);
#560=STYLED_ITEM('',(#809),#2430);
#561=STYLED_ITEM('',(#810),#2431);
#562=STYLED_ITEM('',(#811),#2432);
#563=STYLED_ITEM('',(#812),#2433);
#564=STYLED_ITEM('',(#813),#2434);
#565=STYLED_ITEM('',(#814),#2435);
#566=STYLED_ITEM('',(#815),#2436);
#567=STYLED_ITEM('',(#816),#2437);
#568=STYLED_ITEM('',(#817),#2438);
#569=STYLED_ITEM('',(#818),#2439);
#570=STYLED_ITEM('',(#819),#2440);
#571=STYLED_ITEM('',(#820),#2441);
#572=STYLED_ITEM('',(#821),#2442);
#573=STYLED_ITEM('',(#822),#2443);
#574=STYLED_ITEM('',(#823),#2444);
#575=STYLED_ITEM('',(#824),#2445);
#576=STYLED_ITEM('',(#825),#2446);
#577=STYLED_ITEM('',(#826),#2447);
#578=STYLED_ITEM('',(#827),#2448);
#579=STYLED_ITEM('',(#828),#2449);
#580=STYLED_ITEM('',(#829),#2450);
#581=STYLED_ITEM('',(#830),#2451);
#582=STYLED_ITEM('',(#831),#2452);
#583=STYLED_ITEM('',(#832),#2453);
#584=STYLED_ITEM('',(#833),#2454);
#585=STYLED_ITEM('',(#834),#2455);
#586=STYLED_ITEM('',(#835),#2456);
#587=STYLED_ITEM('',(#836),#2457);
#588=STYLED_ITEM('',(#837),#2458);
#589=STYLED_ITEM('',(#838),#2459);
#590=STYLED_ITEM('',(#839),#2460);
#591=STYLED_ITEM('',(#840),#2461);
#592=STYLED_ITEM('',(#841),#2462);
#593=STYLED_ITEM('',(#842),#2463);
#594=STYLED_ITEM('',(#843),#2464);
#595=STYLED_ITEM('',(#844),#2465);
#596=STYLED_ITEM('',(#845),#2466);
#597=STYLED_ITEM('',(#846),#2467);
#598=STYLED_ITEM('',(#847),#2468);
#599=STYLED_ITEM('',(#848),#2469);
#600=STYLED_ITEM('',(#849),#2470);
#601=STYLED_ITEM('',(#850),#2471);
#602=STYLED_ITEM('',(#851),#2472);
#603=STYLED_ITEM('',(#852),#2473);
#604=STYLED_ITEM('',(#853),#2474);
#605=STYLED_ITEM('',(#854),#2475);
#606=STYLED_ITEM('',(#855),#2476);
#607=STYLED_ITEM('',(#856),#2477);
#608=STYLED_ITEM('',(#857),#2478);
#609=STYLED_ITEM('',(#858),#2479);
#610=STYLED_ITEM('',(#859),#2480);
#611=STYLED_ITEM('',(#860),#2481);
#612=STYLED_ITEM('',(#861),#2482);
#613=STYLED_ITEM('',(#862),#2483);
#614=STYLED_ITEM('',(#863),#2484);
#615=STYLED_ITEM('',(#864),#2485);
#616=STYLED_ITEM('',(#865),#2486);
#617=STYLED_ITEM('',(#866),#2487);
#618=STYLED_ITEM('',(#867),#2488);
#619=STYLED_ITEM('',(#868),#2489);
#620=STYLED_ITEM('',(#869),#2490);
#621=STYLED_ITEM('',(#870),#2491);
#622=STYLED_ITEM('',(#871),#2492);
#623=STYLED_ITEM('',(#872),#2493);
#624=STYLED_ITEM('',(#873),#2494);
#625=STYLED_ITEM('',(#874),#2495);
#626=STYLED_ITEM('',(#875),#2496);
#627=STYLED_ITEM('',(#876),#2497);
#628=STYLED_ITEM('',(#877),#2498);
#629=STYLED_ITEM('',(#878),#2499);
#630=STYLED_ITEM('',(#879),#2500);
#631=STYLED_ITEM('',(#880),#2501);
#632=STYLED_ITEM('',(#881),#2502);
#633=STYLED_ITEM('',(#882),#2503);
#634=STYLED_ITEM('',(#883),#2504);
#635=STYLED_ITEM('',(#884),#2505);
#636=STYLED_ITEM('',(#885),#2506);
#637=STYLED_ITEM('',(#886),#2507);
#638=STYLED_ITEM('',(#887),#2508);
#639=STYLED_ITEM('',(#888),#2509);
#640=STYLED_ITEM('',(#889),#2510);
#641=STYLED_ITEM('',(#890),#2511);
#642=STYLED_ITEM('',(#891),#2512);
#643=STYLED_ITEM('',(#892),#2513);
#644=STYLED_ITEM('',(#893),#2514);
#645=STYLED_ITEM('',(#894),#2515);
#646=STYLED_ITEM('',(#895),#2516);
#647=STYLED_ITEM('',(#896),#2517);
#648=STYLED_ITEM('',(#897),#2518);
#649=STYLED_ITEM('',(#898),#2519);
#650=STYLED_ITEM('',(#899),#2520);
#651=STYLED_ITEM('',(#900),#2521);
#652=STYLED_ITEM('',(#901),#2522);
#653=STYLED_ITEM('',(#902),#2523);
#654=STYLED_ITEM('',(#903),#2524);
#655=STYLED_ITEM('',(#904),#2525);
#656=STYLED_ITEM('',(#905),#2526);
#657=STYLED_ITEM('',(#906),#2527);
#658=STYLED_ITEM('',(#907),#2528);
#659=STYLED_ITEM('',(#908),#2529);
#660=STYLED_ITEM('',(#909),#2530);
#661=STYLED_ITEM('',(#910),#2531);
#662=STYLED_ITEM('',(#911),#2532);
#663=STYLED_ITEM('',(#912),#2533);
#664=STYLED_ITEM('',(#913),#2534);
#665=STYLED_ITEM('',(#914),#2535);
#666=STYLED_ITEM('',(#915),#2536);
#667=STYLED_ITEM('',(#916),#2537);
#668=STYLED_ITEM('',(#917),#2538);
#669=STYLED_ITEM('',(#918),#2539);
#670=STYLED_ITEM('',(#919),#2540);
#671=STYLED_ITEM('',(#920),#2541);
#672=STYLED_ITEM('',(#921),#2542);
#673=STYLED_ITEM('',(#922),#2543);
#674=STYLED_ITEM('',(#923),#2544);
#675=STYLED_ITEM('',(#924),#2545);
#676=STYLED_ITEM('',(#925),#2546);
#677=STYLED_ITEM('',(#926),#2547);
#678=STYLED_ITEM('',(#927),#2548);
#679=STYLED_ITEM('',(#928),#2549);
#680=STYLED_ITEM('',(#929),#2550);
#681=STYLED_ITEM('',(#930),#2551);
#682=STYLED_ITEM('',(#931),#2552);
#683=STYLED_ITEM('',(#932),#2553);
#684=STYLED_ITEM('',(#933),#2554);
#685=STYLED_ITEM('',(#934),#2555);
#686=STYLED_ITEM('',(#935),#2556);
#687=STYLED_ITEM('',(#936),#2557);
#688=STYLED_ITEM('',(#937),#2558);
#689=STYLED_ITEM('',(#938),#2559);
#690=STYLED_ITEM('',(#939),#2560);
#691=STYLED_ITEM('',(#940),#2561);
#692=STYLED_ITEM('',(#941),#2562);
#693=STYLED_ITEM('',(#942),#2563);
#694=STYLED_ITEM('',(#943),#2564);
#695=STYLED_ITEM('',(#944),#2565);
#696=STYLED_ITEM('',(#945),#2566);
#697=STYLED_ITEM('',(#946),#2567);
#698=STYLED_ITEM('',(#947),#2568);
#699=STYLED_ITEM('',(#948),#2569);
#700=STYLED_ITEM('',(#949),#2570);
#701=STYLED_ITEM('',(#950),#2571);
#702=STYLED_ITEM('',(#951),#2572);
#703=STYLED_ITEM('',(#952),#2573);
#704=STYLED_ITEM('',(#953),#2574);
#705=STYLED_ITEM('',(#954),#2575);
#706=STYLED_ITEM('',(#955),#2576);
#707=STYLED_ITEM('',(#956),#2577);
#708=STYLED_ITEM('',(#957),#2578);
#709=STYLED_ITEM('',(#958),#2579);
#710=STYLED_ITEM('',(#959),#2580);
#711=STYLED_ITEM('',(#960),#2581);
#712=STYLED_ITEM('',(#961),#2582);
#713=STYLED_ITEM('',(#962),#2583);
#714=STYLED_ITEM('',(#963),#2584);
#715=STYLED_ITEM('',(#964),#2585);
#716=STYLED_ITEM('',(#965),#2586);
#717=STYLED_ITEM('',(#966),#2587);
#718=STYLED_ITEM('',(#967),#2588);
#719=STYLED_ITEM('',(#968),#2589);
#720=STYLED_ITEM('',(#969),#2590);
#721=STYLED_ITEM('',(#970),#2591);
#722=STYLED_ITEM('',(#971),#2592);
#723=STYLED_ITEM('',(#972),#2593);
#724=STYLED_ITEM('',(#973),#2594);
#725=STYLED_ITEM('',(#974),#2595);
#726=STYLED_ITEM('',(#975),#2596);
#727=STYLED_ITEM('',(#976),#2597);
#728=STYLED_ITEM('',(#977),#2598);
#729=STYLED_ITEM('',(#978),#2599);
#730=STYLED_ITEM('',(#979),#2600);
#731=STYLED_ITEM('',(#980),#2601);
#732=STYLED_ITEM('',(#981),#2602);
#733=STYLED_ITEM('',(#982),#2603);
#734=STYLED_ITEM('',(#983),#2604);
#735=STYLED_ITEM('',(#984),#2605);
#736=STYLED_ITEM('',(#985),#2606);
#737=STYLED_ITEM('',(#986),#2607);
#738=STYLED_ITEM('',(#987),#2608);
#739=STYLED_ITEM('',(#988),#2609);
#740=STYLED_ITEM('',(#989),#2610);
#741=STYLED_ITEM('',(#990),#2611);
#742=STYLED_ITEM('',(#991),#2612);
#743=STYLED_ITEM('',(#992),#2613);
#744=STYLED_ITEM('',(#993),#2614);
#745=STYLED_ITEM('',(#994),#2615);
#746=STYLED_ITEM('',(#995),#2616);
#747=STYLED_ITEM('',(#996),#2617);
#748=STYLED_ITEM('',(#997),#2618);
#749=STYLED_ITEM('',(#998),#2619);
#750=STYLED_ITEM('',(#999),#2620);
#751=STYLED_ITEM('',(#1000),#2621);
#752=STYLED_ITEM('',(#1001),#2622);
#753=STYLED_ITEM('',(#1002),#2623);
#754=STYLED_ITEM('',(#1003),#2624);
#755=PRESENTATION_STYLE_ASSIGNMENT((#1066));
#756=PRESENTATION_STYLE_ASSIGNMENT((#1067));
#757=PRESENTATION_STYLE_ASSIGNMENT((#1068));
#758=PRESENTATION_STYLE_ASSIGNMENT((#1069));
#759=PRESENTATION_STYLE_ASSIGNMENT((#1070));
#760=PRESENTATION_STYLE_ASSIGNMENT((#1071));
#761=PRESENTATION_STYLE_ASSIGNMENT((#1072));
#762=PRESENTATION_STYLE_ASSIGNMENT((#1073));
#763=PRESENTATION_STYLE_ASSIGNMENT((#1074));
#764=PRESENTATION_STYLE_ASSIGNMENT((#1075));
#765=PRESENTATION_STYLE_ASSIGNMENT((#1076));
#766=PRESENTATION_STYLE_ASSIGNMENT((#1077));
#767=PRESENTATION_STYLE_ASSIGNMENT((#1078));
#768=PRESENTATION_STYLE_ASSIGNMENT((#1079));
#769=PRESENTATION_STYLE_ASSIGNMENT((#1080));
#770=PRESENTATION_STYLE_ASSIGNMENT((#1081));
#771=PRESENTATION_STYLE_ASSIGNMENT((#1082));
#772=PRESENTATION_STYLE_ASSIGNMENT((#1083));
#773=PRESENTATION_STYLE_ASSIGNMENT((#1084));
#774=PRESENTATION_STYLE_ASSIGNMENT((#1085));
#775=PRESENTATION_STYLE_ASSIGNMENT((#1086));
#776=PRESENTATION_STYLE_ASSIGNMENT((#1087));
#777=PRESENTATION_STYLE_ASSIGNMENT((#1088));
#778=PRESENTATION_STYLE_ASSIGNMENT((#1089));
#779=PRESENTATION_STYLE_ASSIGNMENT((#1090));
#780=PRESENTATION_STYLE_ASSIGNMENT((#1091));
#781=PRESENTATION_STYLE_ASSIGNMENT((#1092));
#782=PRESENTATION_STYLE_ASSIGNMENT((#1093));
#783=PRESENTATION_STYLE_ASSIGNMENT((#1094));
#784=PRESENTATION_STYLE_ASSIGNMENT((#1095));
#785=PRESENTATION_STYLE_ASSIGNMENT((#1096));
#786=PRESENTATION_STYLE_ASSIGNMENT((#1097));
#787=PRESENTATION_STYLE_ASSIGNMENT((#1098));
#788=PRESENTATION_STYLE_ASSIGNMENT((#1099));
#789=PRESENTATION_STYLE_ASSIGNMENT((#1100));
#790=PRESENTATION_STYLE_ASSIGNMENT((#1101));
#791=PRESENTATION_STYLE_ASSIGNMENT((#1102));
#792=PRESENTATION_STYLE_ASSIGNMENT((#1103));
#793=PRESENTATION_STYLE_ASSIGNMENT((#1104));
#794=PRESENTATION_STYLE_ASSIGNMENT((#1105));
#795=PRESENTATION_STYLE_ASSIGNMENT((#1106));
#796=PRESENTATION_STYLE_ASSIGNMENT((#1107));
#797=PRESENTATION_STYLE_ASSIGNMENT((#1108));
#798=PRESENTATION_STYLE_ASSIGNMENT((#1109));
#799=PRESENTATION_STYLE_ASSIGNMENT((#1110));
#800=PRESENTATION_STYLE_ASSIGNMENT((#1111));
#801=PRESENTATION_STYLE_ASSIGNMENT((#1112));
#802=PRESENTATION_STYLE_ASSIGNMENT((#1113));
#803=PRESENTATION_STYLE_ASSIGNMENT((#1114));
#804=PRESENTATION_STYLE_ASSIGNMENT((#1115));
#805=PRESENTATION_STYLE_ASSIGNMENT((#1116));
#806=PRESENTATION_STYLE_ASSIGNMENT((#1117));
#807=PRESENTATION_STYLE_ASSIGNMENT((#1118));
#808=PRESENTATION_STYLE_ASSIGNMENT((#1119));
#809=PRESENTATION_STYLE_ASSIGNMENT((#1120));
#810=PRESENTATION_STYLE_ASSIGNMENT((#1121));
#811=PRESENTATION_STYLE_ASSIGNMENT((#1122));
#812=PRESENTATION_STYLE_ASSIGNMENT((#1123));
#813=PRESENTATION_STYLE_ASSIGNMENT((#1124));
#814=PRESENTATION_STYLE_ASSIGNMENT((#1125));
#815=PRESENTATION_STYLE_ASSIGNMENT((#1126));
#816=PRESENTATION_STYLE_ASSIGNMENT((#1127));
#817=PRESENTATION_STYLE_ASSIGNMENT((#1128));
#818=PRESENTATION_STYLE_ASSIGNMENT((#1129));
#819=PRESENTATION_STYLE_ASSIGNMENT((#1130));
#820=PRESENTATION_STYLE_ASSIGNMENT((#1131));
#821=PRESENTATION_STYLE_ASSIGNMENT((#1132));
#822=PRESENTATION_STYLE_ASSIGNMENT((#1133));
#823=PRESENTATION_STYLE_ASSIGNMENT((#1134));
#824=PRESENTATION_STYLE_ASSIGNMENT((#1135));
#825=PRESENTATION_STYLE_ASSIGNMENT((#1136));
#826=PRESENTATION_STYLE_ASSIGNMENT((#1137));
#827=PRESENTATION_STYLE_ASSIGNMENT((#1138));
#828=PRESENTATION_STYLE_ASSIGNMENT((#1139));
#829=PRESENTATION_STYLE_ASSIGNMENT((#1140));
#830=PRESENTATION_STYLE_ASSIGNMENT((#1141));
#831=PRESENTATION_STYLE_ASSIGNMENT((#1142));
#832=PRESENTATION_STYLE_ASSIGNMENT((#1143));
#833=PRESENTATION_STYLE_ASSIGNMENT((#1144));
#834=PRESENTATION_STYLE_ASSIGNMENT((#1145));
#835=PRESENTATION_STYLE_ASSIGNMENT((#1146));
#836=PRESENTATION_STYLE_ASSIGNMENT((#1147));
#837=PRESENTATION_STYLE_ASSIGNMENT((#1148));
#838=PRESENTATION_STYLE_ASSIGNMENT((#1149));
#839=PRESENTATION_STYLE_ASSIGNMENT((#1150));
#840=PRESENTATION_STYLE_ASSIGNMENT((#1151));
#841=PRESENTATION_STYLE_ASSIGNMENT((#1152));
#842=PRESENTATION_STYLE_ASSIGNMENT((#1153));
#843=PRESENTATION_STYLE_ASSIGNMENT((#1154));
#844=PRESENTATION_STYLE_ASSIGNMENT((#1155));
#845=PRESENTATION_STYLE_ASSIGNMENT((#1156));
#846=PRESENTATION_STYLE_ASSIGNMENT((#1157));
#847=PRESENTATION_STYLE_ASSIGNMENT((#1158));
#848=PRESENTATION_STYLE_ASSIGNMENT((#1159));
#849=PRESENTATION_STYLE_ASSIGNMENT((#1160));
#850=PRESENTATION_STYLE_ASSIGNMENT((#1161));
#851=PRESENTATION_STYLE_ASSIGNMENT((#1162));
#852=PRESENTATION_STYLE_ASSIGNMENT((#1163));
#853=PRESENTATION_STYLE_ASSIGNMENT((#1164));
#854=PRESENTATION_STYLE_ASSIGNMENT((#1165));
#855=PRESENTATION_STYLE_ASSIGNMENT((#1166));
#856=PRESENTATION_STYLE_ASSIGNMENT((#1167));
#857=PRESENTATION_STYLE_ASSIGNMENT((#1168));
#858=PRESENTATION_STYLE_ASSIGNMENT((#1169));
#859=PRESENTATION_STYLE_ASSIGNMENT((#1170));
#860=PRESENTATION_STYLE_ASSIGNMENT((#1171));
#861=PRESENTATION_STYLE_ASSIGNMENT((#1172));
#862=PRESENTATION_STYLE_ASSIGNMENT((#1173));
#863=PRESENTATION_STYLE_ASSIGNMENT((#1174));
#864=PRESENTATION_STYLE_ASSIGNMENT((#1175));
#865=PRESENTATION_STYLE_ASSIGNMENT((#1176));
#866=PRESENTATION_STYLE_ASSIGNMENT((#1177));
#867=PRESENTATION_STYLE_ASSIGNMENT((#1178));
#868=PRESENTATION_STYLE_ASSIGNMENT((#1179));
#869=PRESENTATION_STYLE_ASSIGNMENT((#1180));
#870=PRESENTATION_STYLE_ASSIGNMENT((#1181));
#871=PRESENTATION_STYLE_ASSIGNMENT((#1182));
#872=PRESENTATION_STYLE_ASSIGNMENT((#1183));
#873=PRESENTATION_STYLE_ASSIGNMENT((#1184));
#874=PRESENTATION_STYLE_ASSIGNMENT((#1185));
#875=PRESENTATION_STYLE_ASSIGNMENT((#1186));
#876=PRESENTATION_STYLE_ASSIGNMENT((#1187));
#877=PRESENTATION_STYLE_ASSIGNMENT((#1188));
#878=PRESENTATION_STYLE_ASSIGNMENT((#1189));
#879=PRESENTATION_STYLE_ASSIGNMENT((#1190));
#880=PRESENTATION_STYLE_ASSIGNMENT((#1191));
#881=PRESENTATION_STYLE_ASSIGNMENT((#1192));
#882=PRESENTATION_STYLE_ASSIGNMENT((#1193));
#883=PRESENTATION_STYLE_ASSIGNMENT((#1194));
#884=PRESENTATION_STYLE_ASSIGNMENT((#1195));
#885=PRESENTATION_STYLE_ASSIGNMENT((#1196));
#886=PRESENTATION_STYLE_ASSIGNMENT((#1197));
#887=PRESENTATION_STYLE_ASSIGNMENT((#1198));
#888=PRESENTATION_STYLE_ASSIGNMENT((#1199));
#889=PRESENTATION_STYLE_ASSIGNMENT((#1200));
#890=PRESENTATION_STYLE_ASSIGNMENT((#1201));
#891=PRESENTATION_STYLE_ASSIGNMENT((#1202));
#892=PRESENTATION_STYLE_ASSIGNMENT((#1203));
#893=PRESENTATION_STYLE_ASSIGNMENT((#1204));
#894=PRESENTATION_STYLE_ASSIGNMENT((#1205));
#895=PRESENTATION_STYLE_ASSIGNMENT((#1206));
#896=PRESENTATION_STYLE_ASSIGNMENT((#1207));
#897=PRESENTATION_STYLE_ASSIGNMENT((#1208));
#898=PRESENTATION_STYLE_ASSIGNMENT((#1209));
#899=PRESENTATION_STYLE_ASSIGNMENT((#1210));
#900=PRESENTATION_STYLE_ASSIGNMENT((#1211));
#901=PRESENTATION_STYLE_ASSIGNMENT((#1212));
#902=PRESENTATION_STYLE_ASSIGNMENT((#1213));
#903=PRESENTATION_STYLE_ASSIGNMENT((#1214));
#904=PRESENTATION_STYLE_ASSIGNMENT((#1215));
#905=PRESENTATION_STYLE_ASSIGNMENT((#1216));
#906=PRESENTATION_STYLE_ASSIGNMENT((#1217));
#907=PRESENTATION_STYLE_ASSIGNMENT((#1218));
#908=PRESENTATION_STYLE_ASSIGNMENT((#1219));
#909=PRESENTATION_STYLE_ASSIGNMENT((#1220));
#910=PRESENTATION_STYLE_ASSIGNMENT((#1221));
#911=PRESENTATION_STYLE_ASSIGNMENT((#1222));
#912=PRESENTATION_STYLE_ASSIGNMENT((#1223));
#913=PRESENTATION_STYLE_ASSIGNMENT((#1224));
#914=PRESENTATION_STYLE_ASSIGNMENT((#1225));
#915=PRESENTATION_STYLE_ASSIGNMENT((#1226));
#916=PRESENTATION_STYLE_ASSIGNMENT((#1227));
#917=PRESENTATION_STYLE_ASSIGNMENT((#1228));
#918=PRESENTATION_STYLE_ASSIGNMENT((#1229));
#919=PRESENTATION_STYLE_ASSIGNMENT((#1230));
#920=PRESENTATION_STYLE_ASSIGNMENT((#1231));
#921=PRESENTATION_STYLE_ASSIGNMENT((#1232));
#922=PRESENTATION_STYLE_ASSIGNMENT((#1233));
#923=PRESENTATION_STYLE_ASSIGNMENT((#1234));
#924=PRESENTATION_STYLE_ASSIGNMENT((#1235));
#925=PRESENTATION_STYLE_ASSIGNMENT((#1236));
#926=PRESENTATION_STYLE_ASSIGNMENT((#1237));
#927=PRESENTATION_STYLE_ASSIGNMENT((#1238));
#928=PRESENTATION_STYLE_ASSIGNMENT((#1239));
#929=PRESENTATION_STYLE_ASSIGNMENT((#1240));
#930=PRESENTATION_STYLE_ASSIGNMENT((#1241));
#931=PRESENTATION_STYLE_ASSIGNMENT((#1242));
#932=PRESENTATION_STYLE_ASSIGNMENT((#1243));
#933=PRESENTATION_STYLE_ASSIGNMENT((#1244));
#934=PRESENTATION_STYLE_ASSIGNMENT((#1245));
#935=PRESENTATION_STYLE_ASSIGNMENT((#1246));
#936=PRESENTATION_STYLE_ASSIGNMENT((#1247));
#937=PRESENTATION_STYLE_ASSIGNMENT((#1248));
#938=PRESENTATION_STYLE_ASSIGNMENT((#1249));
#939=PRESENTATION_STYLE_ASSIGNMENT((#1250));
#940=PRESENTATION_STYLE_ASSIGNMENT((#1251));
#941=PRESENTATION_STYLE_ASSIGNMENT((#1252));
#942=PRESENTATION_STYLE_ASSIGNMENT((#1253));
#943=PRESENTATION_STYLE_ASSIGNMENT((#1254));
#944=PRESENTATION_STYLE_ASSIGNMENT((#1255));
#945=PRESENTATION_STYLE_ASSIGNMENT((#1256));
#946=PRESENTATION_STYLE_ASSIGNMENT((#1257));
#947=PRESENTATION_STYLE_ASSIGNMENT((#1258));
#948=PRESENTATION_STYLE_ASSIGNMENT((#1259));
#949=PRESENTATION_STYLE_ASSIGNMENT((#1260));
#950=PRESENTATION_STYLE_ASSIGNMENT((#1261));
#951=PRESENTATION_STYLE_ASSIGNMENT((#1262));
#952=PRESENTATION_STYLE_ASSIGNMENT((#1263));
#953=PRESENTATION_STYLE_ASSIGNMENT((#1264));
#954=PRESENTATION_STYLE_ASSIGNMENT((#1265));
#955=PRESENTATION_STYLE_ASSIGNMENT((#1266));
#956=PRESENTATION_STYLE_ASSIGNMENT((#1267));
#957=PRESENTATION_STYLE_ASSIGNMENT((#1268));
#958=PRESENTATION_STYLE_ASSIGNMENT((#1269));
#959=PRESENTATION_STYLE_ASSIGNMENT((#1270));
#960=PRESENTATION_STYLE_ASSIGNMENT((#1271));
#961=PRESENTATION_STYLE_ASSIGNMENT((#1272));
#962=PRESENTATION_STYLE_ASSIGNMENT((#1273));
#963=PRESENTATION_STYLE_ASSIGNMENT((#1274));
#964=PRESENTATION_STYLE_ASSIGNMENT((#1275));
#965=PRESENTATION_STYLE_ASSIGNMENT((#1276));
#966=PRESENTATION_STYLE_ASSIGNMENT((#1277));
#967=PRESENTATION_STYLE_ASSIGNMENT((#1278));
#968=PRESENTATION_STYLE_ASSIGNMENT((#1279));
#969=PRESENTATION_STYLE_ASSIGNMENT((#1280));
#970=PRESENTATION_STYLE_ASSIGNMENT((#1281));
#971=PRESENTATION_STYLE_ASSIGNMENT((#1282));
#972=PRESENTATION_STYLE_ASSIGNMENT((#1283));
#973=PRESENTATION_STYLE_ASSIGNMENT((#1284));
#974=PRESENTATION_STYLE_ASSIGNMENT((#1285));
#975=PRESENTATION_STYLE_ASSIGNMENT((#1286));
#976=PRESENTATION_STYLE_ASSIGNMENT((#1287));
#977=PRESENTATION_STYLE_ASSIGNMENT((#1288));
#978=PRESENTATION_STYLE_ASSIGNMENT((#1289));
#979=PRESENTATION_STYLE_ASSIGNMENT((#1290));
#980=PRESENTATION_STYLE_ASSIGNMENT((#1291));
#981=PRESENTATION_STYLE_ASSIGNMENT((#1292));
#982=PRESENTATION_STYLE_ASSIGNMENT((#1293));
#983=PRESENTATION_STYLE_ASSIGNMENT((#1294));
#984=PRESENTATION_STYLE_ASSIGNMENT((#1295));
#985=PRESENTATION_STYLE_ASSIGNMENT((#1296));
#986=PRESENTATION_STYLE_ASSIGNMENT((#1297));
#987=PRESENTATION_STYLE_ASSIGNMENT((#1298));
#988=PRESENTATION_STYLE_ASSIGNMENT((#1299));
#989=PRESENTATION_STYLE_ASSIGNMENT((#1300));
#990=PRESENTATION_STYLE_ASSIGNMENT((#1301));
#991=PRESENTATION_STYLE_ASSIGNMENT((#1302));
#992=PRESENTATION_STYLE_ASSIGNMENT((#1303));
#993=PRESENTATION_STYLE_ASSIGNMENT((#1304));
#994=PRESENTATION_STYLE_ASSIGNMENT((#1305));
#995=PRESENTATION_STYLE_ASSIGNMENT((#1306));
#996=PRESENTATION_STYLE_ASSIGNMENT((#1307));
#997=PRESENTATION_STYLE_ASSIGNMENT((#1308));
#998=PRESENTATION_STYLE_ASSIGNMENT((#1309));
#999=PRESENTATION_STYLE_ASSIGNMENT((#1310));
#1000=PRESENTATION_STYLE_ASSIGNMENT((#1311));
#1001=PRESENTATION_STYLE_ASSIGNMENT((#1312));
#1002=PRESENTATION_STYLE_ASSIGNMENT((#1313));
#1003=PRESENTATION_STYLE_ASSIGNMENT((#1314));
#1004=PRESENTATION_STYLE_ASSIGNMENT((#291));
#1005=PRESENTATION_STYLE_ASSIGNMENT((#2062));
#1006=PRESENTATION_STYLE_ASSIGNMENT((#292));
#1007=PRESENTATION_STYLE_ASSIGNMENT((#2063));
#1008=PRESENTATION_STYLE_ASSIGNMENT((#293));
#1009=PRESENTATION_STYLE_ASSIGNMENT((#2064));
#1010=PRESENTATION_STYLE_ASSIGNMENT((#294));
#1011=PRESENTATION_STYLE_ASSIGNMENT((#2065));
#1012=PRESENTATION_STYLE_ASSIGNMENT((#295));
#1013=PRESENTATION_STYLE_ASSIGNMENT((#2066));
#1014=PRESENTATION_STYLE_ASSIGNMENT((#296));
#1015=PRESENTATION_STYLE_ASSIGNMENT((#2067));
#1016=PRESENTATION_STYLE_ASSIGNMENT((#297));
#1017=PRESENTATION_STYLE_ASSIGNMENT((#2068));
#1018=PRESENTATION_STYLE_ASSIGNMENT((#298));
#1019=PRESENTATION_STYLE_ASSIGNMENT((#2069));
#1020=PRESENTATION_STYLE_ASSIGNMENT((#299));
#1021=PRESENTATION_STYLE_ASSIGNMENT((#2070));
#1022=PRESENTATION_STYLE_ASSIGNMENT((#300));
#1023=PRESENTATION_STYLE_ASSIGNMENT((#2071));
#1024=PRESENTATION_STYLE_ASSIGNMENT((#301));
#1025=PRESENTATION_STYLE_ASSIGNMENT((#2072));
#1026=PRESENTATION_STYLE_ASSIGNMENT((#302));
#1027=PRESENTATION_STYLE_ASSIGNMENT((#2073));
#1028=PRESENTATION_STYLE_ASSIGNMENT((#303));
#1029=PRESENTATION_STYLE_ASSIGNMENT((#2074));
#1030=PRESENTATION_STYLE_ASSIGNMENT((#304));
#1031=PRESENTATION_STYLE_ASSIGNMENT((#2075));
#1032=PRESENTATION_STYLE_ASSIGNMENT((#305));
#1033=PRESENTATION_STYLE_ASSIGNMENT((#2076));
#1034=PRESENTATION_STYLE_ASSIGNMENT((#306));
#1035=PRESENTATION_STYLE_ASSIGNMENT((#2077));
#1036=PRESENTATION_STYLE_ASSIGNMENT((#307));
#1037=PRESENTATION_STYLE_ASSIGNMENT((#2078));
#1038=PRESENTATION_STYLE_ASSIGNMENT((#308));
#1039=PRESENTATION_STYLE_ASSIGNMENT((#2079));
#1040=PRESENTATION_STYLE_ASSIGNMENT((#309));
#1041=PRESENTATION_STYLE_ASSIGNMENT((#2080));
#1042=PRESENTATION_STYLE_ASSIGNMENT((#310));
#1043=PRESENTATION_STYLE_ASSIGNMENT((#2081));
#1044=PRESENTATION_STYLE_ASSIGNMENT((#311));
#1045=PRESENTATION_STYLE_ASSIGNMENT((#2082));
#1046=PRESENTATION_STYLE_ASSIGNMENT((#312));
#1047=PRESENTATION_STYLE_ASSIGNMENT((#2083));
#1048=PRESENTATION_STYLE_ASSIGNMENT((#313));
#1049=PRESENTATION_STYLE_ASSIGNMENT((#2084));
#1050=PRESENTATION_STYLE_ASSIGNMENT((#314));
#1051=PRESENTATION_STYLE_ASSIGNMENT((#2085));
#1052=PRESENTATION_STYLE_ASSIGNMENT((#315));
#1053=PRESENTATION_STYLE_ASSIGNMENT((#2086));
#1054=PRESENTATION_STYLE_ASSIGNMENT((#316));
#1055=PRESENTATION_STYLE_ASSIGNMENT((#2087));
#1056=PRESENTATION_STYLE_ASSIGNMENT((#317));
#1057=PRESENTATION_STYLE_ASSIGNMENT((#2088));
#1058=PRESENTATION_STYLE_ASSIGNMENT((#318));
#1059=PRESENTATION_STYLE_ASSIGNMENT((#2089));
#1060=PRESENTATION_STYLE_ASSIGNMENT((#319));
#1061=PRESENTATION_STYLE_ASSIGNMENT((#2090));
#1062=PRESENTATION_STYLE_ASSIGNMENT((#320));
#1063=PRESENTATION_STYLE_ASSIGNMENT((#2091));
#1064=PRESENTATION_STYLE_ASSIGNMENT((#321));
#1065=PRESENTATION_STYLE_ASSIGNMENT((#2092));
#1066=SURFACE_STYLE_USAGE(.BOTH.,#1315);
#1067=SURFACE_STYLE_USAGE(.BOTH.,#1316);
#1068=SURFACE_STYLE_USAGE(.BOTH.,#1317);
#1069=SURFACE_STYLE_USAGE(.BOTH.,#1318);
#1070=SURFACE_STYLE_USAGE(.BOTH.,#1319);
#1071=SURFACE_STYLE_USAGE(.BOTH.,#1320);
#1072=SURFACE_STYLE_USAGE(.BOTH.,#1321);
#1073=SURFACE_STYLE_USAGE(.BOTH.,#1322);
#1074=SURFACE_STYLE_USAGE(.BOTH.,#1323);
#1075=SURFACE_STYLE_USAGE(.BOTH.,#1324);
#1076=SURFACE_STYLE_USAGE(.BOTH.,#1325);
#1077=SURFACE_STYLE_USAGE(.BOTH.,#1326);
#1078=SURFACE_STYLE_USAGE(.BOTH.,#1327);
#1079=SURFACE_STYLE_USAGE(.BOTH.,#1328);
#1080=SURFACE_STYLE_USAGE(.BOTH.,#1329);
#1081=SURFACE_STYLE_USAGE(.BOTH.,#1330);
#1082=SURFACE_STYLE_USAGE(.BOTH.,#1331);
#1083=SURFACE_STYLE_USAGE(.BOTH.,#1332);
#1084=SURFACE_STYLE_USAGE(.BOTH.,#1333);
#1085=SURFACE_STYLE_USAGE(.BOTH.,#1334);
#1086=SURFACE_STYLE_USAGE(.BOTH.,#1335);
#1087=SURFACE_STYLE_USAGE(.BOTH.,#1336);
#1088=SURFACE_STYLE_USAGE(.BOTH.,#1337);
#1089=SURFACE_STYLE_USAGE(.BOTH.,#1338);
#1090=SURFACE_STYLE_USAGE(.BOTH.,#1339);
#1091=SURFACE_STYLE_USAGE(.BOTH.,#1340);
#1092=SURFACE_STYLE_USAGE(.BOTH.,#1341);
#1093=SURFACE_STYLE_USAGE(.BOTH.,#1342);
#1094=SURFACE_STYLE_USAGE(.BOTH.,#1343);
#1095=SURFACE_STYLE_USAGE(.BOTH.,#1344);
#1096=SURFACE_STYLE_USAGE(.BOTH.,#1345);
#1097=SURFACE_STYLE_USAGE(.BOTH.,#1346);
#1098=SURFACE_STYLE_USAGE(.BOTH.,#1347);
#1099=SURFACE_STYLE_USAGE(.BOTH.,#1348);
#1100=SURFACE_STYLE_USAGE(.BOTH.,#1349);
#1101=SURFACE_STYLE_USAGE(.BOTH.,#1350);
#1102=SURFACE_STYLE_USAGE(.BOTH.,#1351);
#1103=SURFACE_STYLE_USAGE(.BOTH.,#1352);
#1104=SURFACE_STYLE_USAGE(.BOTH.,#1353);
#1105=SURFACE_STYLE_USAGE(.BOTH.,#1354);
#1106=SURFACE_STYLE_USAGE(.BOTH.,#1355);
#1107=SURFACE_STYLE_USAGE(.BOTH.,#1356);
#1108=SURFACE_STYLE_USAGE(.BOTH.,#1357);
#1109=SURFACE_STYLE_USAGE(.BOTH.,#1358);
#1110=SURFACE_STYLE_USAGE(.BOTH.,#1359);
#1111=SURFACE_STYLE_USAGE(.BOTH.,#1360);
#1112=SURFACE_STYLE_USAGE(.BOTH.,#1361);
#1113=SURFACE_STYLE_USAGE(.BOTH.,#1362);
#1114=SURFACE_STYLE_USAGE(.BOTH.,#1363);
#1115=SURFACE_STYLE_USAGE(.BOTH.,#1364);
#1116=SURFACE_STYLE_USAGE(.BOTH.,#1365);
#1117=SURFACE_STYLE_USAGE(.BOTH.,#1366);
#1118=SURFACE_STYLE_USAGE(.BOTH.,#1367);
#1119=SURFACE_STYLE_USAGE(.BOTH.,#1368);
#1120=SURFACE_STYLE_USAGE(.BOTH.,#1369);
#1121=SURFACE_STYLE_USAGE(.BOTH.,#1370);
#1122=SURFACE_STYLE_USAGE(.BOTH.,#1371);
#1123=SURFACE_STYLE_USAGE(.BOTH.,#1372);
#1124=SURFACE_STYLE_USAGE(.BOTH.,#1373);
#1125=SURFACE_STYLE_USAGE(.BOTH.,#1374);
#1126=SURFACE_STYLE_USAGE(.BOTH.,#1375);
#1127=SURFACE_STYLE_USAGE(.BOTH.,#1376);
#1128=SURFACE_STYLE_USAGE(.BOTH.,#1377);
#1129=SURFACE_STYLE_USAGE(.BOTH.,#1378);
#1130=SURFACE_STYLE_USAGE(.BOTH.,#1379);
#1131=SURFACE_STYLE_USAGE(.BOTH.,#1380);
#1132=SURFACE_STYLE_USAGE(.BOTH.,#1381);
#1133=SURFACE_STYLE_USAGE(.BOTH.,#1382);
#1134=SURFACE_STYLE_USAGE(.BOTH.,#1383);
#1135=SURFACE_STYLE_USAGE(.BOTH.,#1384);
#1136=SURFACE_STYLE_USAGE(.BOTH.,#1385);
#1137=SURFACE_STYLE_USAGE(.BOTH.,#1386);
#1138=SURFACE_STYLE_USAGE(.BOTH.,#1387);
#1139=SURFACE_STYLE_USAGE(.BOTH.,#1388);
#1140=SURFACE_STYLE_USAGE(.BOTH.,#1389);
#1141=SURFACE_STYLE_USAGE(.BOTH.,#1390);
#1142=SURFACE_STYLE_USAGE(.BOTH.,#1391);
#1143=SURFACE_STYLE_USAGE(.BOTH.,#1392);
#1144=SURFACE_STYLE_USAGE(.BOTH.,#1393);
#1145=SURFACE_STYLE_USAGE(.BOTH.,#1394);
#1146=SURFACE_STYLE_USAGE(.BOTH.,#1395);
#1147=SURFACE_STYLE_USAGE(.BOTH.,#1396);
#1148=SURFACE_STYLE_USAGE(.BOTH.,#1397);
#1149=SURFACE_STYLE_USAGE(.BOTH.,#1398);
#1150=SURFACE_STYLE_USAGE(.BOTH.,#1399);
#1151=SURFACE_STYLE_USAGE(.BOTH.,#1400);
#1152=SURFACE_STYLE_USAGE(.BOTH.,#1401);
#1153=SURFACE_STYLE_USAGE(.BOTH.,#1402);
#1154=SURFACE_STYLE_USAGE(.BOTH.,#1403);
#1155=SURFACE_STYLE_USAGE(.BOTH.,#1404);
#1156=SURFACE_STYLE_USAGE(.BOTH.,#1405);
#1157=SURFACE_STYLE_USAGE(.BOTH.,#1406);
#1158=SURFACE_STYLE_USAGE(.BOTH.,#1407);
#1159=SURFACE_STYLE_USAGE(.BOTH.,#1408);
#1160=SURFACE_STYLE_USAGE(.BOTH.,#1409);
#1161=SURFACE_STYLE_USAGE(.BOTH.,#1410);
#1162=SURFACE_STYLE_USAGE(.BOTH.,#1411);
#1163=SURFACE_STYLE_USAGE(.BOTH.,#1412);
#1164=SURFACE_STYLE_USAGE(.BOTH.,#1413);
#1165=SURFACE_STYLE_USAGE(.BOTH.,#1414);
#1166=SURFACE_STYLE_USAGE(.BOTH.,#1415);
#1167=SURFACE_STYLE_USAGE(.BOTH.,#1416);
#1168=SURFACE_STYLE_USAGE(.BOTH.,#1417);
#1169=SURFACE_STYLE_USAGE(.BOTH.,#1418);
#1170=SURFACE_STYLE_USAGE(.BOTH.,#1419);
#1171=SURFACE_STYLE_USAGE(.BOTH.,#1420);
#1172=SURFACE_STYLE_USAGE(.BOTH.,#1421);
#1173=SURFACE_STYLE_USAGE(.BOTH.,#1422);
#1174=SURFACE_STYLE_USAGE(.BOTH.,#1423);
#1175=SURFACE_STYLE_USAGE(.BOTH.,#1424);
#1176=SURFACE_STYLE_USAGE(.BOTH.,#1425);
#1177=SURFACE_STYLE_USAGE(.BOTH.,#1426);
#1178=SURFACE_STYLE_USAGE(.BOTH.,#1427);
#1179=SURFACE_STYLE_USAGE(.BOTH.,#1428);
#1180=SURFACE_STYLE_USAGE(.BOTH.,#1429);
#1181=SURFACE_STYLE_USAGE(.BOTH.,#1430);
#1182=SURFACE_STYLE_USAGE(.BOTH.,#1431);
#1183=SURFACE_STYLE_USAGE(.BOTH.,#1432);
#1184=SURFACE_STYLE_USAGE(.BOTH.,#1433);
#1185=SURFACE_STYLE_USAGE(.BOTH.,#1434);
#1186=SURFACE_STYLE_USAGE(.BOTH.,#1435);
#1187=SURFACE_STYLE_USAGE(.BOTH.,#1436);
#1188=SURFACE_STYLE_USAGE(.BOTH.,#1437);
#1189=SURFACE_STYLE_USAGE(.BOTH.,#1438);
#1190=SURFACE_STYLE_USAGE(.BOTH.,#1439);
#1191=SURFACE_STYLE_USAGE(.BOTH.,#1440);
#1192=SURFACE_STYLE_USAGE(.BOTH.,#1441);
#1193=SURFACE_STYLE_USAGE(.BOTH.,#1442);
#1194=SURFACE_STYLE_USAGE(.BOTH.,#1443);
#1195=SURFACE_STYLE_USAGE(.BOTH.,#1444);
#1196=SURFACE_STYLE_USAGE(.BOTH.,#1445);
#1197=SURFACE_STYLE_USAGE(.BOTH.,#1446);
#1198=SURFACE_STYLE_USAGE(.BOTH.,#1447);
#1199=SURFACE_STYLE_USAGE(.BOTH.,#1448);
#1200=SURFACE_STYLE_USAGE(.BOTH.,#1449);
#1201=SURFACE_STYLE_USAGE(.BOTH.,#1450);
#1202=SURFACE_STYLE_USAGE(.BOTH.,#1451);
#1203=SURFACE_STYLE_USAGE(.BOTH.,#1452);
#1204=SURFACE_STYLE_USAGE(.BOTH.,#1453);
#1205=SURFACE_STYLE_USAGE(.BOTH.,#1454);
#1206=SURFACE_STYLE_USAGE(.BOTH.,#1455);
#1207=SURFACE_STYLE_USAGE(.BOTH.,#1456);
#1208=SURFACE_STYLE_USAGE(.BOTH.,#1457);
#1209=SURFACE_STYLE_USAGE(.BOTH.,#1458);
#1210=SURFACE_STYLE_USAGE(.BOTH.,#1459);
#1211=SURFACE_STYLE_USAGE(.BOTH.,#1460);
#1212=SURFACE_STYLE_USAGE(.BOTH.,#1461);
#1213=SURFACE_STYLE_USAGE(.BOTH.,#1462);
#1214=SURFACE_STYLE_USAGE(.BOTH.,#1463);
#1215=SURFACE_STYLE_USAGE(.BOTH.,#1464);
#1216=SURFACE_STYLE_USAGE(.BOTH.,#1465);
#1217=SURFACE_STYLE_USAGE(.BOTH.,#1466);
#1218=SURFACE_STYLE_USAGE(.BOTH.,#1467);
#1219=SURFACE_STYLE_USAGE(.BOTH.,#1468);
#1220=SURFACE_STYLE_USAGE(.BOTH.,#1469);
#1221=SURFACE_STYLE_USAGE(.BOTH.,#1470);
#1222=SURFACE_STYLE_USAGE(.BOTH.,#1471);
#1223=SURFACE_STYLE_USAGE(.BOTH.,#1472);
#1224=SURFACE_STYLE_USAGE(.BOTH.,#1473);
#1225=SURFACE_STYLE_USAGE(.BOTH.,#1474);
#1226=SURFACE_STYLE_USAGE(.BOTH.,#1475);
#1227=SURFACE_STYLE_USAGE(.BOTH.,#1476);
#1228=SURFACE_STYLE_USAGE(.BOTH.,#1477);
#1229=SURFACE_STYLE_USAGE(.BOTH.,#1478);
#1230=SURFACE_STYLE_USAGE(.BOTH.,#1479);
#1231=SURFACE_STYLE_USAGE(.BOTH.,#1480);
#1232=SURFACE_STYLE_USAGE(.BOTH.,#1481);
#1233=SURFACE_STYLE_USAGE(.BOTH.,#1482);
#1234=SURFACE_STYLE_USAGE(.BOTH.,#1483);
#1235=SURFACE_STYLE_USAGE(.BOTH.,#1484);
#1236=SURFACE_STYLE_USAGE(.BOTH.,#1485);
#1237=SURFACE_STYLE_USAGE(.BOTH.,#1486);
#1238=SURFACE_STYLE_USAGE(.BOTH.,#1487);
#1239=SURFACE_STYLE_USAGE(.BOTH.,#1488);
#1240=SURFACE_STYLE_USAGE(.BOTH.,#1489);
#1241=SURFACE_STYLE_USAGE(.BOTH.,#1490);
#1242=SURFACE_STYLE_USAGE(.BOTH.,#1491);
#1243=SURFACE_STYLE_USAGE(.BOTH.,#1492);
#1244=SURFACE_STYLE_USAGE(.BOTH.,#1493);
#1245=SURFACE_STYLE_USAGE(.BOTH.,#1494);
#1246=SURFACE_STYLE_USAGE(.BOTH.,#1495);
#1247=SURFACE_STYLE_USAGE(.BOTH.,#1496);
#1248=SURFACE_STYLE_USAGE(.BOTH.,#1497);
#1249=SURFACE_STYLE_USAGE(.BOTH.,#1498);
#1250=SURFACE_STYLE_USAGE(.BOTH.,#1499);
#1251=SURFACE_STYLE_USAGE(.BOTH.,#1500);
#1252=SURFACE_STYLE_USAGE(.BOTH.,#1501);
#1253=SURFACE_STYLE_USAGE(.BOTH.,#1502);
#1254=SURFACE_STYLE_USAGE(.BOTH.,#1503);
#1255=SURFACE_STYLE_USAGE(.BOTH.,#1504);
#1256=SURFACE_STYLE_USAGE(.BOTH.,#1505);
#1257=SURFACE_STYLE_USAGE(.BOTH.,#1506);
#1258=SURFACE_STYLE_USAGE(.BOTH.,#1507);
#1259=SURFACE_STYLE_USAGE(.BOTH.,#1508);
#1260=SURFACE_STYLE_USAGE(.BOTH.,#1509);
#1261=SURFACE_STYLE_USAGE(.BOTH.,#1510);
#1262=SURFACE_STYLE_USAGE(.BOTH.,#1511);
#1263=SURFACE_STYLE_USAGE(.BOTH.,#1512);
#1264=SURFACE_STYLE_USAGE(.BOTH.,#1513);
#1265=SURFACE_STYLE_USAGE(.BOTH.,#1514);
#1266=SURFACE_STYLE_USAGE(.BOTH.,#1515);
#1267=SURFACE_STYLE_USAGE(.BOTH.,#1516);
#1268=SURFACE_STYLE_USAGE(.BOTH.,#1517);
#1269=SURFACE_STYLE_USAGE(.BOTH.,#1518);
#1270=SURFACE_STYLE_USAGE(.BOTH.,#1519);
#1271=SURFACE_STYLE_USAGE(.BOTH.,#1520);
#1272=SURFACE_STYLE_USAGE(.BOTH.,#1521);
#1273=SURFACE_STYLE_USAGE(.BOTH.,#1522);
#1274=SURFACE_STYLE_USAGE(.BOTH.,#1523);
#1275=SURFACE_STYLE_USAGE(.BOTH.,#1524);
#1276=SURFACE_STYLE_USAGE(.BOTH.,#1525);
#1277=SURFACE_STYLE_USAGE(.BOTH.,#1526);
#1278=SURFACE_STYLE_USAGE(.BOTH.,#1527);
#1279=SURFACE_STYLE_USAGE(.BOTH.,#1528);
#1280=SURFACE_STYLE_USAGE(.BOTH.,#1529);
#1281=SURFACE_STYLE_USAGE(.BOTH.,#1530);
#1282=SURFACE_STYLE_USAGE(.BOTH.,#1531);
#1283=SURFACE_STYLE_USAGE(.BOTH.,#1532);
#1284=SURFACE_STYLE_USAGE(.BOTH.,#1533);
#1285=SURFACE_STYLE_USAGE(.BOTH.,#1534);
#1286=SURFACE_STYLE_USAGE(.BOTH.,#1535);
#1287=SURFACE_STYLE_USAGE(.BOTH.,#1536);
#1288=SURFACE_STYLE_USAGE(.BOTH.,#1537);
#1289=SURFACE_STYLE_USAGE(.BOTH.,#1538);
#1290=SURFACE_STYLE_USAGE(.BOTH.,#1539);
#1291=SURFACE_STYLE_USAGE(.BOTH.,#1540);
#1292=SURFACE_STYLE_USAGE(.BOTH.,#1541);
#1293=SURFACE_STYLE_USAGE(.BOTH.,#1542);
#1294=SURFACE_STYLE_USAGE(.BOTH.,#1543);
#1295=SURFACE_STYLE_USAGE(.BOTH.,#1544);
#1296=SURFACE_STYLE_USAGE(.BOTH.,#1545);
#1297=SURFACE_STYLE_USAGE(.BOTH.,#1546);
#1298=SURFACE_STYLE_USAGE(.BOTH.,#1547);
#1299=SURFACE_STYLE_USAGE(.BOTH.,#1548);
#1300=SURFACE_STYLE_USAGE(.BOTH.,#1549);
#1301=SURFACE_STYLE_USAGE(.BOTH.,#1550);
#1302=SURFACE_STYLE_USAGE(.BOTH.,#1551);
#1303=SURFACE_STYLE_USAGE(.BOTH.,#1552);
#1304=SURFACE_STYLE_USAGE(.BOTH.,#1553);
#1305=SURFACE_STYLE_USAGE(.BOTH.,#1554);
#1306=SURFACE_STYLE_USAGE(.BOTH.,#1555);
#1307=SURFACE_STYLE_USAGE(.BOTH.,#1556);
#1308=SURFACE_STYLE_USAGE(.BOTH.,#1557);
#1309=SURFACE_STYLE_USAGE(.BOTH.,#1558);
#1310=SURFACE_STYLE_USAGE(.BOTH.,#1559);
#1311=SURFACE_STYLE_USAGE(.BOTH.,#1560);
#1312=SURFACE_STYLE_USAGE(.BOTH.,#1561);
#1313=SURFACE_STYLE_USAGE(.BOTH.,#1562);
#1314=SURFACE_STYLE_USAGE(.BOTH.,#1563);
#1315=SURFACE_SIDE_STYLE('',(#1564));
#1316=SURFACE_SIDE_STYLE('',(#1565));
#1317=SURFACE_SIDE_STYLE('',(#1566));
#1318=SURFACE_SIDE_STYLE('',(#1567));
#1319=SURFACE_SIDE_STYLE('',(#1568));
#1320=SURFACE_SIDE_STYLE('',(#1569));
#1321=SURFACE_SIDE_STYLE('',(#1570));
#1322=SURFACE_SIDE_STYLE('',(#1571));
#1323=SURFACE_SIDE_STYLE('',(#1572));
#1324=SURFACE_SIDE_STYLE('',(#1573));
#1325=SURFACE_SIDE_STYLE('',(#1574));
#1326=SURFACE_SIDE_STYLE('',(#1575));
#1327=SURFACE_SIDE_STYLE('',(#1576));
#1328=SURFACE_SIDE_STYLE('',(#1577));
#1329=SURFACE_SIDE_STYLE('',(#1578));
#1330=SURFACE_SIDE_STYLE('',(#1579));
#1331=SURFACE_SIDE_STYLE('',(#1580));
#1332=SURFACE_SIDE_STYLE('',(#1581));
#1333=SURFACE_SIDE_STYLE('',(#1582));
#1334=SURFACE_SIDE_STYLE('',(#1583));
#1335=SURFACE_SIDE_STYLE('',(#1584));
#1336=SURFACE_SIDE_STYLE('',(#1585));
#1337=SURFACE_SIDE_STYLE('',(#1586));
#1338=SURFACE_SIDE_STYLE('',(#1587));
#1339=SURFACE_SIDE_STYLE('',(#1588));
#1340=SURFACE_SIDE_STYLE('',(#1589));
#1341=SURFACE_SIDE_STYLE('',(#1590));
#1342=SURFACE_SIDE_STYLE('',(#1591));
#1343=SURFACE_SIDE_STYLE('',(#1592));
#1344=SURFACE_SIDE_STYLE('',(#1593));
#1345=SURFACE_SIDE_STYLE('',(#1594));
#1346=SURFACE_SIDE_STYLE('',(#1595));
#1347=SURFACE_SIDE_STYLE('',(#1596));
#1348=SURFACE_SIDE_STYLE('',(#1597));
#1349=SURFACE_SIDE_STYLE('',(#1598));
#1350=SURFACE_SIDE_STYLE('',(#1599));
#1351=SURFACE_SIDE_STYLE('',(#1600));
#1352=SURFACE_SIDE_STYLE('',(#1601));
#1353=SURFACE_SIDE_STYLE('',(#1602));
#1354=SURFACE_SIDE_STYLE('',(#1603));
#1355=SURFACE_SIDE_STYLE('',(#1604));
#1356=SURFACE_SIDE_STYLE('',(#1605));
#1357=SURFACE_SIDE_STYLE('',(#1606));
#1358=SURFACE_SIDE_STYLE('',(#1607));
#1359=SURFACE_SIDE_STYLE('',(#1608));
#1360=SURFACE_SIDE_STYLE('',(#1609));
#1361=SURFACE_SIDE_STYLE('',(#1610));
#1362=SURFACE_SIDE_STYLE('',(#1611));
#1363=SURFACE_SIDE_STYLE('',(#1612));
#1364=SURFACE_SIDE_STYLE('',(#1613));
#1365=SURFACE_SIDE_STYLE('',(#1614));
#1366=SURFACE_SIDE_STYLE('',(#1615));
#1367=SURFACE_SIDE_STYLE('',(#1616));
#1368=SURFACE_SIDE_STYLE('',(#1617));
#1369=SURFACE_SIDE_STYLE('',(#1618));
#1370=SURFACE_SIDE_STYLE('',(#1619));
#1371=SURFACE_SIDE_STYLE('',(#1620));
#1372=SURFACE_SIDE_STYLE('',(#1621));
#1373=SURFACE_SIDE_STYLE('',(#1622));
#1374=SURFACE_SIDE_STYLE('',(#1623));
#1375=SURFACE_SIDE_STYLE('',(#1624));
#1376=SURFACE_SIDE_STYLE('',(#1625));
#1377=SURFACE_SIDE_STYLE('',(#1626));
#1378=SURFACE_SIDE_STYLE('',(#1627));
#1379=SURFACE_SIDE_STYLE('',(#1628));
#1380=SURFACE_SIDE_STYLE('',(#1629));
#1381=SURFACE_SIDE_STYLE('',(#1630));
#1382=SURFACE_SIDE_STYLE('',(#1631));
#1383=SURFACE_SIDE_STYLE('',(#1632));
#1384=SURFACE_SIDE_STYLE('',(#1633));
#1385=SURFACE_SIDE_STYLE('',(#1634));
#1386=SURFACE_SIDE_STYLE('',(#1635));
#1387=SURFACE_SIDE_STYLE('',(#1636));
#1388=SURFACE_SIDE_STYLE('',(#1637));
#1389=SURFACE_SIDE_STYLE('',(#1638));
#1390=SURFACE_SIDE_STYLE('',(#1639));
#1391=SURFACE_SIDE_STYLE('',(#1640));
#1392=SURFACE_SIDE_STYLE('',(#1641));
#1393=SURFACE_SIDE_STYLE('',(#1642));
#1394=SURFACE_SIDE_STYLE('',(#1643));
#1395=SURFACE_SIDE_STYLE('',(#1644));
#1396=SURFACE_SIDE_STYLE('',(#1645));
#1397=SURFACE_SIDE_STYLE('',(#1646));
#1398=SURFACE_SIDE_STYLE('',(#1647));
#1399=SURFACE_SIDE_STYLE('',(#1648));
#1400=SURFACE_SIDE_STYLE('',(#1649));
#1401=SURFACE_SIDE_STYLE('',(#1650));
#1402=SURFACE_SIDE_STYLE('',(#1651));
#1403=SURFACE_SIDE_STYLE('',(#1652));
#1404=SURFACE_SIDE_STYLE('',(#1653));
#1405=SURFACE_SIDE_STYLE('',(#1654));
#1406=SURFACE_SIDE_STYLE('',(#1655));
#1407=SURFACE_SIDE_STYLE('',(#1656));
#1408=SURFACE_SIDE_STYLE('',(#1657));
#1409=SURFACE_SIDE_STYLE('',(#1658));
#1410=SURFACE_SIDE_STYLE('',(#1659));
#1411=SURFACE_SIDE_STYLE('',(#1660));
#1412=SURFACE_SIDE_STYLE('',(#1661));
#1413=SURFACE_SIDE_STYLE('',(#1662));
#1414=SURFACE_SIDE_STYLE('',(#1663));
#1415=SURFACE_SIDE_STYLE('',(#1664));
#1416=SURFACE_SIDE_STYLE('',(#1665));
#1417=SURFACE_SIDE_STYLE('',(#1666));
#1418=SURFACE_SIDE_STYLE('',(#1667));
#1419=SURFACE_SIDE_STYLE('',(#1668));
#1420=SURFACE_SIDE_STYLE('',(#1669));
#1421=SURFACE_SIDE_STYLE('',(#1670));
#1422=SURFACE_SIDE_STYLE('',(#1671));
#1423=SURFACE_SIDE_STYLE('',(#1672));
#1424=SURFACE_SIDE_STYLE('',(#1673));
#1425=SURFACE_SIDE_STYLE('',(#1674));
#1426=SURFACE_SIDE_STYLE('',(#1675));
#1427=SURFACE_SIDE_STYLE('',(#1676));
#1428=SURFACE_SIDE_STYLE('',(#1677));
#1429=SURFACE_SIDE_STYLE('',(#1678));
#1430=SURFACE_SIDE_STYLE('',(#1679));
#1431=SURFACE_SIDE_STYLE('',(#1680));
#1432=SURFACE_SIDE_STYLE('',(#1681));
#1433=SURFACE_SIDE_STYLE('',(#1682));
#1434=SURFACE_SIDE_STYLE('',(#1683));
#1435=SURFACE_SIDE_STYLE('',(#1684));
#1436=SURFACE_SIDE_STYLE('',(#1685));
#1437=SURFACE_SIDE_STYLE('',(#1686));
#1438=SURFACE_SIDE_STYLE('',(#1687));
#1439=SURFACE_SIDE_STYLE('',(#1688));
#1440=SURFACE_SIDE_STYLE('',(#1689));
#1441=SURFACE_SIDE_STYLE('',(#1690));
#1442=SURFACE_SIDE_STYLE('',(#1691));
#1443=SURFACE_SIDE_STYLE('',(#1692));
#1444=SURFACE_SIDE_STYLE('',(#1693));
#1445=SURFACE_SIDE_STYLE('',(#1694));
#1446=SURFACE_SIDE_STYLE('',(#1695));
#1447=SURFACE_SIDE_STYLE('',(#1696));
#1448=SURFACE_SIDE_STYLE('',(#1697));
#1449=SURFACE_SIDE_STYLE('',(#1698));
#1450=SURFACE_SIDE_STYLE('',(#1699));
#1451=SURFACE_SIDE_STYLE('',(#1700));
#1452=SURFACE_SIDE_STYLE('',(#1701));
#1453=SURFACE_SIDE_STYLE('',(#1702));
#1454=SURFACE_SIDE_STYLE('',(#1703));
#1455=SURFACE_SIDE_STYLE('',(#1704));
#1456=SURFACE_SIDE_STYLE('',(#1705));
#1457=SURFACE_SIDE_STYLE('',(#1706));
#1458=SURFACE_SIDE_STYLE('',(#1707));
#1459=SURFACE_SIDE_STYLE('',(#1708));
#1460=SURFACE_SIDE_STYLE('',(#1709));
#1461=SURFACE_SIDE_STYLE('',(#1710));
#1462=SURFACE_SIDE_STYLE('',(#1711));
#1463=SURFACE_SIDE_STYLE('',(#1712));
#1464=SURFACE_SIDE_STYLE('',(#1713));
#1465=SURFACE_SIDE_STYLE('',(#1714));
#1466=SURFACE_SIDE_STYLE('',(#1715));
#1467=SURFACE_SIDE_STYLE('',(#1716));
#1468=SURFACE_SIDE_STYLE('',(#1717));
#1469=SURFACE_SIDE_STYLE('',(#1718));
#1470=SURFACE_SIDE_STYLE('',(#1719));
#1471=SURFACE_SIDE_STYLE('',(#1720));
#1472=SURFACE_SIDE_STYLE('',(#1721));
#1473=SURFACE_SIDE_STYLE('',(#1722));
#1474=SURFACE_SIDE_STYLE('',(#1723));
#1475=SURFACE_SIDE_STYLE('',(#1724));
#1476=SURFACE_SIDE_STYLE('',(#1725));
#1477=SURFACE_SIDE_STYLE('',(#1726));
#1478=SURFACE_SIDE_STYLE('',(#1727));
#1479=SURFACE_SIDE_STYLE('',(#1728));
#1480=SURFACE_SIDE_STYLE('',(#1729));
#1481=SURFACE_SIDE_STYLE('',(#1730));
#1482=SURFACE_SIDE_STYLE('',(#1731));
#1483=SURFACE_SIDE_STYLE('',(#1732));
#1484=SURFACE_SIDE_STYLE('',(#1733));
#1485=SURFACE_SIDE_STYLE('',(#1734));
#1486=SURFACE_SIDE_STYLE('',(#1735));
#1487=SURFACE_SIDE_STYLE('',(#1736));
#1488=SURFACE_SIDE_STYLE('',(#1737));
#1489=SURFACE_SIDE_STYLE('',(#1738));
#1490=SURFACE_SIDE_STYLE('',(#1739));
#1491=SURFACE_SIDE_STYLE('',(#1740));
#1492=SURFACE_SIDE_STYLE('',(#1741));
#1493=SURFACE_SIDE_STYLE('',(#1742));
#1494=SURFACE_SIDE_STYLE('',(#1743));
#1495=SURFACE_SIDE_STYLE('',(#1744));
#1496=SURFACE_SIDE_STYLE('',(#1745));
#1497=SURFACE_SIDE_STYLE('',(#1746));
#1498=SURFACE_SIDE_STYLE('',(#1747));
#1499=SURFACE_SIDE_STYLE('',(#1748));
#1500=SURFACE_SIDE_STYLE('',(#1749));
#1501=SURFACE_SIDE_STYLE('',(#1750));
#1502=SURFACE_SIDE_STYLE('',(#1751));
#1503=SURFACE_SIDE_STYLE('',(#1752));
#1504=SURFACE_SIDE_STYLE('',(#1753));
#1505=SURFACE_SIDE_STYLE('',(#1754));
#1506=SURFACE_SIDE_STYLE('',(#1755));
#1507=SURFACE_SIDE_STYLE('',(#1756));
#1508=SURFACE_SIDE_STYLE('',(#1757));
#1509=SURFACE_SIDE_STYLE('',(#1758));
#1510=SURFACE_SIDE_STYLE('',(#1759));
#1511=SURFACE_SIDE_STYLE('',(#1760));
#1512=SURFACE_SIDE_STYLE('',(#1761));
#1513=SURFACE_SIDE_STYLE('',(#1762));
#1514=SURFACE_SIDE_STYLE('',(#1763));
#1515=SURFACE_SIDE_STYLE('',(#1764));
#1516=SURFACE_SIDE_STYLE('',(#1765));
#1517=SURFACE_SIDE_STYLE('',(#1766));
#1518=SURFACE_SIDE_STYLE('',(#1767));
#1519=SURFACE_SIDE_STYLE('',(#1768));
#1520=SURFACE_SIDE_STYLE('',(#1769));
#1521=SURFACE_SIDE_STYLE('',(#1770));
#1522=SURFACE_SIDE_STYLE('',(#1771));
#1523=SURFACE_SIDE_STYLE('',(#1772));
#1524=SURFACE_SIDE_STYLE('',(#1773));
#1525=SURFACE_SIDE_STYLE('',(#1774));
#1526=SURFACE_SIDE_STYLE('',(#1775));
#1527=SURFACE_SIDE_STYLE('',(#1776));
#1528=SURFACE_SIDE_STYLE('',(#1777));
#1529=SURFACE_SIDE_STYLE('',(#1778));
#1530=SURFACE_SIDE_STYLE('',(#1779));
#1531=SURFACE_SIDE_STYLE('',(#1780));
#1532=SURFACE_SIDE_STYLE('',(#1781));
#1533=SURFACE_SIDE_STYLE('',(#1782));
#1534=SURFACE_SIDE_STYLE('',(#1783));
#1535=SURFACE_SIDE_STYLE('',(#1784));
#1536=SURFACE_SIDE_STYLE('',(#1785));
#1537=SURFACE_SIDE_STYLE('',(#1786));
#1538=SURFACE_SIDE_STYLE('',(#1787));
#1539=SURFACE_SIDE_STYLE('',(#1788));
#1540=SURFACE_SIDE_STYLE('',(#1789));
#1541=SURFACE_SIDE_STYLE('',(#1790));
#1542=SURFACE_SIDE_STYLE('',(#1791));
#1543=SURFACE_SIDE_STYLE('',(#1792));
#1544=SURFACE_SIDE_STYLE('',(#1793));
#1545=SURFACE_SIDE_STYLE('',(#1794));
#1546=SURFACE_SIDE_STYLE('',(#1795));
#1547=SURFACE_SIDE_STYLE('',(#1796));
#1548=SURFACE_SIDE_STYLE('',(#1797));
#1549=SURFACE_SIDE_STYLE('',(#1798));
#1550=SURFACE_SIDE_STYLE('',(#1799));
#1551=SURFACE_SIDE_STYLE('',(#1800));
#1552=SURFACE_SIDE_STYLE('',(#1801));
#1553=SURFACE_SIDE_STYLE('',(#1802));
#1554=SURFACE_SIDE_STYLE('',(#1803));
#1555=SURFACE_SIDE_STYLE('',(#1804));
#1556=SURFACE_SIDE_STYLE('',(#1805));
#1557=SURFACE_SIDE_STYLE('',(#1806));
#1558=SURFACE_SIDE_STYLE('',(#1807));
#1559=SURFACE_SIDE_STYLE('',(#1808));
#1560=SURFACE_SIDE_STYLE('',(#1809));
#1561=SURFACE_SIDE_STYLE('',(#1810));
#1562=SURFACE_SIDE_STYLE('',(#1811));
#1563=SURFACE_SIDE_STYLE('',(#1812));
#1564=SURFACE_STYLE_FILL_AREA(#1813);
#1565=SURFACE_STYLE_FILL_AREA(#1814);
#1566=SURFACE_STYLE_FILL_AREA(#1815);
#1567=SURFACE_STYLE_FILL_AREA(#1816);
#1568=SURFACE_STYLE_FILL_AREA(#1817);
#1569=SURFACE_STYLE_FILL_AREA(#1818);
#1570=SURFACE_STYLE_FILL_AREA(#1819);
#1571=SURFACE_STYLE_FILL_AREA(#1820);
#1572=SURFACE_STYLE_FILL_AREA(#1821);
#1573=SURFACE_STYLE_FILL_AREA(#1822);
#1574=SURFACE_STYLE_FILL_AREA(#1823);
#1575=SURFACE_STYLE_FILL_AREA(#1824);
#1576=SURFACE_STYLE_FILL_AREA(#1825);
#1577=SURFACE_STYLE_FILL_AREA(#1826);
#1578=SURFACE_STYLE_FILL_AREA(#1827);
#1579=SURFACE_STYLE_FILL_AREA(#1828);
#1580=SURFACE_STYLE_FILL_AREA(#1829);
#1581=SURFACE_STYLE_FILL_AREA(#1830);
#1582=SURFACE_STYLE_FILL_AREA(#1831);
#1583=SURFACE_STYLE_FILL_AREA(#1832);
#1584=SURFACE_STYLE_FILL_AREA(#1833);
#1585=SURFACE_STYLE_FILL_AREA(#1834);
#1586=SURFACE_STYLE_FILL_AREA(#1835);
#1587=SURFACE_STYLE_FILL_AREA(#1836);
#1588=SURFACE_STYLE_FILL_AREA(#1837);
#1589=SURFACE_STYLE_FILL_AREA(#1838);
#1590=SURFACE_STYLE_FILL_AREA(#1839);
#1591=SURFACE_STYLE_FILL_AREA(#1840);
#1592=SURFACE_STYLE_FILL_AREA(#1841);
#1593=SURFACE_STYLE_FILL_AREA(#1842);
#1594=SURFACE_STYLE_FILL_AREA(#1843);
#1595=SURFACE_STYLE_FILL_AREA(#1844);
#1596=SURFACE_STYLE_FILL_AREA(#1845);
#1597=SURFACE_STYLE_FILL_AREA(#1846);
#1598=SURFACE_STYLE_FILL_AREA(#1847);
#1599=SURFACE_STYLE_FILL_AREA(#1848);
#1600=SURFACE_STYLE_FILL_AREA(#1849);
#1601=SURFACE_STYLE_FILL_AREA(#1850);
#1602=SURFACE_STYLE_FILL_AREA(#1851);
#1603=SURFACE_STYLE_FILL_AREA(#1852);
#1604=SURFACE_STYLE_FILL_AREA(#1853);
#1605=SURFACE_STYLE_FILL_AREA(#1854);
#1606=SURFACE_STYLE_FILL_AREA(#1855);
#1607=SURFACE_STYLE_FILL_AREA(#1856);
#1608=SURFACE_STYLE_FILL_AREA(#1857);
#1609=SURFACE_STYLE_FILL_AREA(#1858);
#1610=SURFACE_STYLE_FILL_AREA(#1859);
#1611=SURFACE_STYLE_FILL_AREA(#1860);
#1612=SURFACE_STYLE_FILL_AREA(#1861);
#1613=SURFACE_STYLE_FILL_AREA(#1862);
#1614=SURFACE_STYLE_FILL_AREA(#1863);
#1615=SURFACE_STYLE_FILL_AREA(#1864);
#1616=SURFACE_STYLE_FILL_AREA(#1865);
#1617=SURFACE_STYLE_FILL_AREA(#1866);
#1618=SURFACE_STYLE_FILL_AREA(#1867);
#1619=SURFACE_STYLE_FILL_AREA(#1868);
#1620=SURFACE_STYLE_FILL_AREA(#1869);
#1621=SURFACE_STYLE_FILL_AREA(#1870);
#1622=SURFACE_STYLE_FILL_AREA(#1871);
#1623=SURFACE_STYLE_FILL_AREA(#1872);
#1624=SURFACE_STYLE_FILL_AREA(#1873);
#1625=SURFACE_STYLE_FILL_AREA(#1874);
#1626=SURFACE_STYLE_FILL_AREA(#1875);
#1627=SURFACE_STYLE_FILL_AREA(#1876);
#1628=SURFACE_STYLE_FILL_AREA(#1877);
#1629=SURFACE_STYLE_FILL_AREA(#1878);
#1630=SURFACE_STYLE_FILL_AREA(#1879);
#1631=SURFACE_STYLE_FILL_AREA(#1880);
#1632=SURFACE_STYLE_FILL_AREA(#1881);
#1633=SURFACE_STYLE_FILL_AREA(#1882);
#1634=SURFACE_STYLE_FILL_AREA(#1883);
#1635=SURFACE_STYLE_FILL_AREA(#1884);
#1636=SURFACE_STYLE_FILL_AREA(#1885);
#1637=SURFACE_STYLE_FILL_AREA(#1886);
#1638=SURFACE_STYLE_FILL_AREA(#1887);
#1639=SURFACE_STYLE_FILL_AREA(#1888);
#1640=SURFACE_STYLE_FILL_AREA(#1889);
#1641=SURFACE_STYLE_FILL_AREA(#1890);
#1642=SURFACE_STYLE_FILL_AREA(#1891);
#1643=SURFACE_STYLE_FILL_AREA(#1892);
#1644=SURFACE_STYLE_FILL_AREA(#1893);
#1645=SURFACE_STYLE_FILL_AREA(#1894);
#1646=SURFACE_STYLE_FILL_AREA(#1895);
#1647=SURFACE_STYLE_FILL_AREA(#1896);
#1648=SURFACE_STYLE_FILL_AREA(#1897);
#1649=SURFACE_STYLE_FILL_AREA(#1898);
#1650=SURFACE_STYLE_FILL_AREA(#1899);
#1651=SURFACE_STYLE_FILL_AREA(#1900);
#1652=SURFACE_STYLE_FILL_AREA(#1901);
#1653=SURFACE_STYLE_FILL_AREA(#1902);
#1654=SURFACE_STYLE_FILL_AREA(#1903);
#1655=SURFACE_STYLE_FILL_AREA(#1904);
#1656=SURFACE_STYLE_FILL_AREA(#1905);
#1657=SURFACE_STYLE_FILL_AREA(#1906);
#1658=SURFACE_STYLE_FILL_AREA(#1907);
#1659=SURFACE_STYLE_FILL_AREA(#1908);
#1660=SURFACE_STYLE_FILL_AREA(#1909);
#1661=SURFACE_STYLE_FILL_AREA(#1910);
#1662=SURFACE_STYLE_FILL_AREA(#1911);
#1663=SURFACE_STYLE_FILL_AREA(#1912);
#1664=SURFACE_STYLE_FILL_AREA(#1913);
#1665=SURFACE_STYLE_FILL_AREA(#1914);
#1666=SURFACE_STYLE_FILL_AREA(#1915);
#1667=SURFACE_STYLE_FILL_AREA(#1916);
#1668=SURFACE_STYLE_FILL_AREA(#1917);
#1669=SURFACE_STYLE_FILL_AREA(#1918);
#1670=SURFACE_STYLE_FILL_AREA(#1919);
#1671=SURFACE_STYLE_FILL_AREA(#1920);
#1672=SURFACE_STYLE_FILL_AREA(#1921);
#1673=SURFACE_STYLE_FILL_AREA(#1922);
#1674=SURFACE_STYLE_FILL_AREA(#1923);
#1675=SURFACE_STYLE_FILL_AREA(#1924);
#1676=SURFACE_STYLE_FILL_AREA(#1925);
#1677=SURFACE_STYLE_FILL_AREA(#1926);
#1678=SURFACE_STYLE_FILL_AREA(#1927);
#1679=SURFACE_STYLE_FILL_AREA(#1928);
#1680=SURFACE_STYLE_FILL_AREA(#1929);
#1681=SURFACE_STYLE_FILL_AREA(#1930);
#1682=SURFACE_STYLE_FILL_AREA(#1931);
#1683=SURFACE_STYLE_FILL_AREA(#1932);
#1684=SURFACE_STYLE_FILL_AREA(#1933);
#1685=SURFACE_STYLE_FILL_AREA(#1934);
#1686=SURFACE_STYLE_FILL_AREA(#1935);
#1687=SURFACE_STYLE_FILL_AREA(#1936);
#1688=SURFACE_STYLE_FILL_AREA(#1937);
#1689=SURFACE_STYLE_FILL_AREA(#1938);
#1690=SURFACE_STYLE_FILL_AREA(#1939);
#1691=SURFACE_STYLE_FILL_AREA(#1940);
#1692=SURFACE_STYLE_FILL_AREA(#1941);
#1693=SURFACE_STYLE_FILL_AREA(#1942);
#1694=SURFACE_STYLE_FILL_AREA(#1943);
#1695=SURFACE_STYLE_FILL_AREA(#1944);
#1696=SURFACE_STYLE_FILL_AREA(#1945);
#1697=SURFACE_STYLE_FILL_AREA(#1946);
#1698=SURFACE_STYLE_FILL_AREA(#1947);
#1699=SURFACE_STYLE_FILL_AREA(#1948);
#1700=SURFACE_STYLE_FILL_AREA(#1949);
#1701=SURFACE_STYLE_FILL_AREA(#1950);
#1702=SURFACE_STYLE_FILL_AREA(#1951);
#1703=SURFACE_STYLE_FILL_AREA(#1952);
#1704=SURFACE_STYLE_FILL_AREA(#1953);
#1705=SURFACE_STYLE_FILL_AREA(#1954);
#1706=SURFACE_STYLE_FILL_AREA(#1955);
#1707=SURFACE_STYLE_FILL_AREA(#1956);
#1708=SURFACE_STYLE_FILL_AREA(#1957);
#1709=SURFACE_STYLE_FILL_AREA(#1958);
#1710=SURFACE_STYLE_FILL_AREA(#1959);
#1711=SURFACE_STYLE_FILL_AREA(#1960);
#1712=SURFACE_STYLE_FILL_AREA(#1961);
#1713=SURFACE_STYLE_FILL_AREA(#1962);
#1714=SURFACE_STYLE_FILL_AREA(#1963);
#1715=SURFACE_STYLE_FILL_AREA(#1964);
#1716=SURFACE_STYLE_FILL_AREA(#1965);
#1717=SURFACE_STYLE_FILL_AREA(#1966);
#1718=SURFACE_STYLE_FILL_AREA(#1967);
#1719=SURFACE_STYLE_FILL_AREA(#1968);
#1720=SURFACE_STYLE_FILL_AREA(#1969);
#1721=SURFACE_STYLE_FILL_AREA(#1970);
#1722=SURFACE_STYLE_FILL_AREA(#1971);
#1723=SURFACE_STYLE_FILL_AREA(#1972);
#1724=SURFACE_STYLE_FILL_AREA(#1973);
#1725=SURFACE_STYLE_FILL_AREA(#1974);
#1726=SURFACE_STYLE_FILL_AREA(#1975);
#1727=SURFACE_STYLE_FILL_AREA(#1976);
#1728=SURFACE_STYLE_FILL_AREA(#1977);
#1729=SURFACE_STYLE_FILL_AREA(#1978);
#1730=SURFACE_STYLE_FILL_AREA(#1979);
#1731=SURFACE_STYLE_FILL_AREA(#1980);
#1732=SURFACE_STYLE_FILL_AREA(#1981);
#1733=SURFACE_STYLE_FILL_AREA(#1982);
#1734=SURFACE_STYLE_FILL_AREA(#1983);
#1735=SURFACE_STYLE_FILL_AREA(#1984);
#1736=SURFACE_STYLE_FILL_AREA(#1985);
#1737=SURFACE_STYLE_FILL_AREA(#1986);
#1738=SURFACE_STYLE_FILL_AREA(#1987);
#1739=SURFACE_STYLE_FILL_AREA(#1988);
#1740=SURFACE_STYLE_FILL_AREA(#1989);
#1741=SURFACE_STYLE_FILL_AREA(#1990);
#1742=SURFACE_STYLE_FILL_AREA(#1991);
#1743=SURFACE_STYLE_FILL_AREA(#1992);
#1744=SURFACE_STYLE_FILL_AREA(#1993);
#1745=SURFACE_STYLE_FILL_AREA(#1994);
#1746=SURFACE_STYLE_FILL_AREA(#1995);
#1747=SURFACE_STYLE_FILL_AREA(#1996);
#1748=SURFACE_STYLE_FILL_AREA(#1997);
#1749=SURFACE_STYLE_FILL_AREA(#1998);
#1750=SURFACE_STYLE_FILL_AREA(#1999);
#1751=SURFACE_STYLE_FILL_AREA(#2000);
#1752=SURFACE_STYLE_FILL_AREA(#2001);
#1753=SURFACE_STYLE_FILL_AREA(#2002);
#1754=SURFACE_STYLE_FILL_AREA(#2003);
#1755=SURFACE_STYLE_FILL_AREA(#2004);
#1756=SURFACE_STYLE_FILL_AREA(#2005);
#1757=SURFACE_STYLE_FILL_AREA(#2006);
#1758=SURFACE_STYLE_FILL_AREA(#2007);
#1759=SURFACE_STYLE_FILL_AREA(#2008);
#1760=SURFACE_STYLE_FILL_AREA(#2009);
#1761=SURFACE_STYLE_FILL_AREA(#2010);
#1762=SURFACE_STYLE_FILL_AREA(#2011);
#1763=SURFACE_STYLE_FILL_AREA(#2012);
#1764=SURFACE_STYLE_FILL_AREA(#2013);
#1765=SURFACE_STYLE_FILL_AREA(#2014);
#1766=SURFACE_STYLE_FILL_AREA(#2015);
#1767=SURFACE_STYLE_FILL_AREA(#2016);
#1768=SURFACE_STYLE_FILL_AREA(#2017);
#1769=SURFACE_STYLE_FILL_AREA(#2018);
#1770=SURFACE_STYLE_FILL_AREA(#2019);
#1771=SURFACE_STYLE_FILL_AREA(#2020);
#1772=SURFACE_STYLE_FILL_AREA(#2021);
#1773=SURFACE_STYLE_FILL_AREA(#2022);
#1774=SURFACE_STYLE_FILL_AREA(#2023);
#1775=SURFACE_STYLE_FILL_AREA(#2024);
#1776=SURFACE_STYLE_FILL_AREA(#2025);
#1777=SURFACE_STYLE_FILL_AREA(#2026);
#1778=SURFACE_STYLE_FILL_AREA(#2027);
#1779=SURFACE_STYLE_FILL_AREA(#2028);
#1780=SURFACE_STYLE_FILL_AREA(#2029);
#1781=SURFACE_STYLE_FILL_AREA(#2030);
#1782=SURFACE_STYLE_FILL_AREA(#2031);
#1783=SURFACE_STYLE_FILL_AREA(#2032);
#1784=SURFACE_STYLE_FILL_AREA(#2033);
#1785=SURFACE_STYLE_FILL_AREA(#2034);
#1786=SURFACE_STYLE_FILL_AREA(#2035);
#1787=SURFACE_STYLE_FILL_AREA(#2036);
#1788=SURFACE_STYLE_FILL_AREA(#2037);
#1789=SURFACE_STYLE_FILL_AREA(#2038);
#1790=SURFACE_STYLE_FILL_AREA(#2039);
#1791=SURFACE_STYLE_FILL_AREA(#2040);
#1792=SURFACE_STYLE_FILL_AREA(#2041);
#1793=SURFACE_STYLE_FILL_AREA(#2042);
#1794=SURFACE_STYLE_FILL_AREA(#2043);
#1795=SURFACE_STYLE_FILL_AREA(#2044);
#1796=SURFACE_STYLE_FILL_AREA(#2045);
#1797=SURFACE_STYLE_FILL_AREA(#2046);
#1798=SURFACE_STYLE_FILL_AREA(#2047);
#1799=SURFACE_STYLE_FILL_AREA(#2048);
#1800=SURFACE_STYLE_FILL_AREA(#2049);
#1801=SURFACE_STYLE_FILL_AREA(#2050);
#1802=SURFACE_STYLE_FILL_AREA(#2051);
#1803=SURFACE_STYLE_FILL_AREA(#2052);
#1804=SURFACE_STYLE_FILL_AREA(#2053);
#1805=SURFACE_STYLE_FILL_AREA(#2054);
#1806=SURFACE_STYLE_FILL_AREA(#2055);
#1807=SURFACE_STYLE_FILL_AREA(#2056);
#1808=SURFACE_STYLE_FILL_AREA(#2057);
#1809=SURFACE_STYLE_FILL_AREA(#2058);
#1810=SURFACE_STYLE_FILL_AREA(#2059);
#1811=SURFACE_STYLE_FILL_AREA(#2060);
#1812=SURFACE_STYLE_FILL_AREA(#2061);
#1813=FILL_AREA_STYLE('',(#2093));
#1814=FILL_AREA_STYLE('',(#2094));
#1815=FILL_AREA_STYLE('',(#2095));
#1816=FILL_AREA_STYLE('',(#2096));
#1817=FILL_AREA_STYLE('',(#2097));
#1818=FILL_AREA_STYLE('',(#2098));
#1819=FILL_AREA_STYLE('',(#2099));
#1820=FILL_AREA_STYLE('',(#2100));
#1821=FILL_AREA_STYLE('',(#2101));
#1822=FILL_AREA_STYLE('',(#2102));
#1823=FILL_AREA_STYLE('',(#2103));
#1824=FILL_AREA_STYLE('',(#2104));
#1825=FILL_AREA_STYLE('',(#2105));
#1826=FILL_AREA_STYLE('',(#2106));
#1827=FILL_AREA_STYLE('',(#2107));
#1828=FILL_AREA_STYLE('',(#2108));
#1829=FILL_AREA_STYLE('',(#2109));
#1830=FILL_AREA_STYLE('',(#2110));
#1831=FILL_AREA_STYLE('',(#2111));
#1832=FILL_AREA_STYLE('',(#2112));
#1833=FILL_AREA_STYLE('',(#2113));
#1834=FILL_AREA_STYLE('',(#2114));
#1835=FILL_AREA_STYLE('',(#2115));
#1836=FILL_AREA_STYLE('',(#2116));
#1837=FILL_AREA_STYLE('',(#2117));
#1838=FILL_AREA_STYLE('',(#2118));
#1839=FILL_AREA_STYLE('',(#2119));
#1840=FILL_AREA_STYLE('',(#2120));
#1841=FILL_AREA_STYLE('',(#2121));
#1842=FILL_AREA_STYLE('',(#2122));
#1843=FILL_AREA_STYLE('',(#2123));
#1844=FILL_AREA_STYLE('',(#2124));
#1845=FILL_AREA_STYLE('',(#2125));
#1846=FILL_AREA_STYLE('',(#2126));
#1847=FILL_AREA_STYLE('',(#2127));
#1848=FILL_AREA_STYLE('',(#2128));
#1849=FILL_AREA_STYLE('',(#2129));
#1850=FILL_AREA_STYLE('',(#2130));
#1851=FILL_AREA_STYLE('',(#2131));
#1852=FILL_AREA_STYLE('',(#2132));
#1853=FILL_AREA_STYLE('',(#2133));
#1854=FILL_AREA_STYLE('',(#2134));
#1855=FILL_AREA_STYLE('',(#2135));
#1856=FILL_AREA_STYLE('',(#2136));
#1857=FILL_AREA_STYLE('',(#2137));
#1858=FILL_AREA_STYLE('',(#2138));
#1859=FILL_AREA_STYLE('',(#2139));
#1860=FILL_AREA_STYLE('',(#2140));
#1861=FILL_AREA_STYLE('',(#2141));
#1862=FILL_AREA_STYLE('',(#2142));
#1863=FILL_AREA_STYLE('',(#2143));
#1864=FILL_AREA_STYLE('',(#2144));
#1865=FILL_AREA_STYLE('',(#2145));
#1866=FILL_AREA_STYLE('',(#2146));
#1867=FILL_AREA_STYLE('',(#2147));
#1868=FILL_AREA_STYLE('',(#2148));
#1869=FILL_AREA_STYLE('',(#2149));
#1870=FILL_AREA_STYLE('',(#2150));
#1871=FILL_AREA_STYLE('',(#2151));
#1872=FILL_AREA_STYLE('',(#2152));
#1873=FILL_AREA_STYLE('',(#2153));
#1874=FILL_AREA_STYLE('',(#2154));
#1875=FILL_AREA_STYLE('',(#2155));
#1876=FILL_AREA_STYLE('',(#2156));
#1877=FILL_AREA_STYLE('',(#2157));
#1878=FILL_AREA_STYLE('',(#2158));
#1879=FILL_AREA_STYLE('',(#2159));
#1880=FILL_AREA_STYLE('',(#2160));
#1881=FILL_AREA_STYLE('',(#2161));
#1882=FILL_AREA_STYLE('',(#2162));
#1883=FILL_AREA_STYLE('',(#2163));
#1884=FILL_AREA_STYLE('',(#2164));
#1885=FILL_AREA_STYLE('',(#2165));
#1886=FILL_AREA_STYLE('',(#2166));
#1887=FILL_AREA_STYLE('',(#2167));
#1888=FILL_AREA_STYLE('',(#2168));
#1889=FILL_AREA_STYLE('',(#2169));
#1890=FILL_AREA_STYLE('',(#2170));
#1891=FILL_AREA_STYLE('',(#2171));
#1892=FILL_AREA_STYLE('',(#2172));
#1893=FILL_AREA_STYLE('',(#2173));
#1894=FILL_AREA_STYLE('',(#2174));
#1895=FILL_AREA_STYLE('',(#2175));
#1896=FILL_AREA_STYLE('',(#2176));
#1897=FILL_AREA_STYLE('',(#2177));
#1898=FILL_AREA_STYLE('',(#2178));
#1899=FILL_AREA_STYLE('',(#2179));
#1900=FILL_AREA_STYLE('',(#2180));
#1901=FILL_AREA_STYLE('',(#2181));
#1902=FILL_AREA_STYLE('',(#2182));
#1903=FILL_AREA_STYLE('',(#2183));
#1904=FILL_AREA_STYLE('',(#2184));
#1905=FILL_AREA_STYLE('',(#2185));
#1906=FILL_AREA_STYLE('',(#2186));
#1907=FILL_AREA_STYLE('',(#2187));
#1908=FILL_AREA_STYLE('',(#2188));
#1909=FILL_AREA_STYLE('',(#2189));
#1910=FILL_AREA_STYLE('',(#2190));
#1911=FILL_AREA_STYLE('',(#2191));
#1912=FILL_AREA_STYLE('',(#2192));
#1913=FILL_AREA_STYLE('',(#2193));
#1914=FILL_AREA_STYLE('',(#2194));
#1915=FILL_AREA_STYLE('',(#2195));
#1916=FILL_AREA_STYLE('',(#2196));
#1917=FILL_AREA_STYLE('',(#2197));
#1918=FILL_AREA_STYLE('',(#2198));
#1919=FILL_AREA_STYLE('',(#2199));
#1920=FILL_AREA_STYLE('',(#2200));
#1921=FILL_AREA_STYLE('',(#2201));
#1922=FILL_AREA_STYLE('',(#2202));
#1923=FILL_AREA_STYLE('',(#2203));
#1924=FILL_AREA_STYLE('',(#2204));
#1925=FILL_AREA_STYLE('',(#2205));
#1926=FILL_AREA_STYLE('',(#2206));
#1927=FILL_AREA_STYLE('',(#2207));
#1928=FILL_AREA_STYLE('',(#2208));
#1929=FILL_AREA_STYLE('',(#2209));
#1930=FILL_AREA_STYLE('',(#2210));
#1931=FILL_AREA_STYLE('',(#2211));
#1932=FILL_AREA_STYLE('',(#2212));
#1933=FILL_AREA_STYLE('',(#2213));
#1934=FILL_AREA_STYLE('',(#2214));
#1935=FILL_AREA_STYLE('',(#2215));
#1936=FILL_AREA_STYLE('',(#2216));
#1937=FILL_AREA_STYLE('',(#2217));
#1938=FILL_AREA_STYLE('',(#2218));
#1939=FILL_AREA_STYLE('',(#2219));
#1940=FILL_AREA_STYLE('',(#2220));
#1941=FILL_AREA_STYLE('',(#2221));
#1942=FILL_AREA_STYLE('',(#2222));
#1943=FILL_AREA_STYLE('',(#2223));
#1944=FILL_AREA_STYLE('',(#2224));
#1945=FILL_AREA_STYLE('',(#2225));
#1946=FILL_AREA_STYLE('',(#2226));
#1947=FILL_AREA_STYLE('',(#2227));
#1948=FILL_AREA_STYLE('',(#2228));
#1949=FILL_AREA_STYLE('',(#2229));
#1950=FILL_AREA_STYLE('',(#2230));
#1951=FILL_AREA_STYLE('',(#2231));
#1952=FILL_AREA_STYLE('',(#2232));
#1953=FILL_AREA_STYLE('',(#2233));
#1954=FILL_AREA_STYLE('',(#2234));
#1955=FILL_AREA_STYLE('',(#2235));
#1956=FILL_AREA_STYLE('',(#2236));
#1957=FILL_AREA_STYLE('',(#2237));
#1958=FILL_AREA_STYLE('',(#2238));
#1959=FILL_AREA_STYLE('',(#2239));
#1960=FILL_AREA_STYLE('',(#2240));
#1961=FILL_AREA_STYLE('',(#2241));
#1962=FILL_AREA_STYLE('',(#2242));
#1963=FILL_AREA_STYLE('',(#2243));
#1964=FILL_AREA_STYLE('',(#2244));
#1965=FILL_AREA_STYLE('',(#2245));
#1966=FILL_AREA_STYLE('',(#2246));
#1967=FILL_AREA_STYLE('',(#2247));
#1968=FILL_AREA_STYLE('',(#2248));
#1969=FILL_AREA_STYLE('',(#2249));
#1970=FILL_AREA_STYLE('',(#2250));
#1971=FILL_AREA_STYLE('',(#2251));
#1972=FILL_AREA_STYLE('',(#2252));
#1973=FILL_AREA_STYLE('',(#2253));
#1974=FILL_AREA_STYLE('',(#2254));
#1975=FILL_AREA_STYLE('',(#2255));
#1976=FILL_AREA_STYLE('',(#2256));
#1977=FILL_AREA_STYLE('',(#2257));
#1978=FILL_AREA_STYLE('',(#2258));
#1979=FILL_AREA_STYLE('',(#2259));
#1980=FILL_AREA_STYLE('',(#2260));
#1981=FILL_AREA_STYLE('',(#2261));
#1982=FILL_AREA_STYLE('',(#2262));
#1983=FILL_AREA_STYLE('',(#2263));
#1984=FILL_AREA_STYLE('',(#2264));
#1985=FILL_AREA_STYLE('',(#2265));
#1986=FILL_AREA_STYLE('',(#2266));
#1987=FILL_AREA_STYLE('',(#2267));
#1988=FILL_AREA_STYLE('',(#2268));
#1989=FILL_AREA_STYLE('',(#2269));
#1990=FILL_AREA_STYLE('',(#2270));
#1991=FILL_AREA_STYLE('',(#2271));
#1992=FILL_AREA_STYLE('',(#2272));
#1993=FILL_AREA_STYLE('',(#2273));
#1994=FILL_AREA_STYLE('',(#2274));
#1995=FILL_AREA_STYLE('',(#2275));
#1996=FILL_AREA_STYLE('',(#2276));
#1997=FILL_AREA_STYLE('',(#2277));
#1998=FILL_AREA_STYLE('',(#2278));
#1999=FILL_AREA_STYLE('',(#2279));
#2000=FILL_AREA_STYLE('',(#2280));
#2001=FILL_AREA_STYLE('',(#2281));
#2002=FILL_AREA_STYLE('',(#2282));
#2003=FILL_AREA_STYLE('',(#2283));
#2004=FILL_AREA_STYLE('',(#2284));
#2005=FILL_AREA_STYLE('',(#2285));
#2006=FILL_AREA_STYLE('',(#2286));
#2007=FILL_AREA_STYLE('',(#2287));
#2008=FILL_AREA_STYLE('',(#2288));
#2009=FILL_AREA_STYLE('',(#2289));
#2010=FILL_AREA_STYLE('',(#2290));
#2011=FILL_AREA_STYLE('',(#2291));
#2012=FILL_AREA_STYLE('',(#2292));
#2013=FILL_AREA_STYLE('',(#2293));
#2014=FILL_AREA_STYLE('',(#2294));
#2015=FILL_AREA_STYLE('',(#2295));
#2016=FILL_AREA_STYLE('',(#2296));
#2017=FILL_AREA_STYLE('',(#2297));
#2018=FILL_AREA_STYLE('',(#2298));
#2019=FILL_AREA_STYLE('',(#2299));
#2020=FILL_AREA_STYLE('',(#2300));
#2021=FILL_AREA_STYLE('',(#2301));
#2022=FILL_AREA_STYLE('',(#2302));
#2023=FILL_AREA_STYLE('',(#2303));
#2024=FILL_AREA_STYLE('',(#2304));
#2025=FILL_AREA_STYLE('',(#2305));
#2026=FILL_AREA_STYLE('',(#2306));
#2027=FILL_AREA_STYLE('',(#2307));
#2028=FILL_AREA_STYLE('',(#2308));
#2029=FILL_AREA_STYLE('',(#2309));
#2030=FILL_AREA_STYLE('',(#2310));
#2031=FILL_AREA_STYLE('',(#2311));
#2032=FILL_AREA_STYLE('',(#2312));
#2033=FILL_AREA_STYLE('',(#2313));
#2034=FILL_AREA_STYLE('',(#2314));
#2035=FILL_AREA_STYLE('',(#2315));
#2036=FILL_AREA_STYLE('',(#2316));
#2037=FILL_AREA_STYLE('',(#2317));
#2038=FILL_AREA_STYLE('',(#2318));
#2039=FILL_AREA_STYLE('',(#2319));
#2040=FILL_AREA_STYLE('',(#2320));
#2041=FILL_AREA_STYLE('',(#2321));
#2042=FILL_AREA_STYLE('',(#2322));
#2043=FILL_AREA_STYLE('',(#2323));
#2044=FILL_AREA_STYLE('',(#2324));
#2045=FILL_AREA_STYLE('',(#2325));
#2046=FILL_AREA_STYLE('',(#2326));
#2047=FILL_AREA_STYLE('',(#2327));
#2048=FILL_AREA_STYLE('',(#2328));
#2049=FILL_AREA_STYLE('',(#2329));
#2050=FILL_AREA_STYLE('',(#2330));
#2051=FILL_AREA_STYLE('',(#2331));
#2052=FILL_AREA_STYLE('',(#2332));
#2053=FILL_AREA_STYLE('',(#2333));
#2054=FILL_AREA_STYLE('',(#2334));
#2055=FILL_AREA_STYLE('',(#2335));
#2056=FILL_AREA_STYLE('',(#2336));
#2057=FILL_AREA_STYLE('',(#2337));
#2058=FILL_AREA_STYLE('',(#2338));
#2059=FILL_AREA_STYLE('',(#2339));
#2060=FILL_AREA_STYLE('',(#2340));
#2061=FILL_AREA_STYLE('',(#2341));
#2062=FILL_AREA_STYLE('NULL',(#2342));
#2063=FILL_AREA_STYLE('NULL',(#2343));
#2064=FILL_AREA_STYLE('NULL',(#2344));
#2065=FILL_AREA_STYLE('NULL',(#2345));
#2066=FILL_AREA_STYLE('NULL',(#2346));
#2067=FILL_AREA_STYLE('NULL',(#2347));
#2068=FILL_AREA_STYLE('NULL',(#2348));
#2069=FILL_AREA_STYLE('NULL',(#2349));
#2070=FILL_AREA_STYLE('NULL',(#2350));
#2071=FILL_AREA_STYLE('NULL',(#2351));
#2072=FILL_AREA_STYLE('NULL',(#2352));
#2073=FILL_AREA_STYLE('NULL',(#2353));
#2074=FILL_AREA_STYLE('NULL',(#2354));
#2075=FILL_AREA_STYLE('NULL',(#2355));
#2076=FILL_AREA_STYLE('NULL',(#2356));
#2077=FILL_AREA_STYLE('NULL',(#2357));
#2078=FILL_AREA_STYLE('NULL',(#2358));
#2079=FILL_AREA_STYLE('NULL',(#2359));
#2080=FILL_AREA_STYLE('NULL',(#2360));
#2081=FILL_AREA_STYLE('NULL',(#2361));
#2082=FILL_AREA_STYLE('NULL',(#2362));
#2083=FILL_AREA_STYLE('NULL',(#2363));
#2084=FILL_AREA_STYLE('NULL',(#2364));
#2085=FILL_AREA_STYLE('NULL',(#2365));
#2086=FILL_AREA_STYLE('NULL',(#2366));
#2087=FILL_AREA_STYLE('NULL',(#2367));
#2088=FILL_AREA_STYLE('NULL',(#2368));
#2089=FILL_AREA_STYLE('NULL',(#2369));
#2090=FILL_AREA_STYLE('NULL',(#2370));
#2091=FILL_AREA_STYLE('NULL',(#2371));
#2092=FILL_AREA_STYLE('NULL',(#2372));
#2093=FILL_AREA_STYLE_COLOUR('',#2373);
#2094=FILL_AREA_STYLE_COLOUR('',#2373);
#2095=FILL_AREA_STYLE_COLOUR('',#2373);
#2096=FILL_AREA_STYLE_COLOUR('',#2373);
#2097=FILL_AREA_STYLE_COLOUR('',#2373);
#2098=FILL_AREA_STYLE_COLOUR('',#2373);
#2099=FILL_AREA_STYLE_COLOUR('',#2373);
#2100=FILL_AREA_STYLE_COLOUR('',#2373);
#2101=FILL_AREA_STYLE_COLOUR('',#2373);
#2102=FILL_AREA_STYLE_COLOUR('',#2373);
#2103=FILL_AREA_STYLE_COLOUR('',#2373);
#2104=FILL_AREA_STYLE_COLOUR('',#2373);
#2105=FILL_AREA_STYLE_COLOUR('',#2373);
#2106=FILL_AREA_STYLE_COLOUR('',#2373);
#2107=FILL_AREA_STYLE_COLOUR('',#2373);
#2108=FILL_AREA_STYLE_COLOUR('',#2373);
#2109=FILL_AREA_STYLE_COLOUR('',#2373);
#2110=FILL_AREA_STYLE_COLOUR('',#2373);
#2111=FILL_AREA_STYLE_COLOUR('',#2373);
#2112=FILL_AREA_STYLE_COLOUR('',#2373);
#2113=FILL_AREA_STYLE_COLOUR('',#2373);
#2114=FILL_AREA_STYLE_COLOUR('',#2373);
#2115=FILL_AREA_STYLE_COLOUR('',#2373);
#2116=FILL_AREA_STYLE_COLOUR('',#2373);
#2117=FILL_AREA_STYLE_COLOUR('',#2373);
#2118=FILL_AREA_STYLE_COLOUR('',#2373);
#2119=FILL_AREA_STYLE_COLOUR('',#2373);
#2120=FILL_AREA_STYLE_COLOUR('',#2373);
#2121=FILL_AREA_STYLE_COLOUR('',#2373);
#2122=FILL_AREA_STYLE_COLOUR('',#2373);
#2123=FILL_AREA_STYLE_COLOUR('',#2373);
#2124=FILL_AREA_STYLE_COLOUR('',#2373);
#2125=FILL_AREA_STYLE_COLOUR('',#2373);
#2126=FILL_AREA_STYLE_COLOUR('',#2373);
#2127=FILL_AREA_STYLE_COLOUR('',#2373);
#2128=FILL_AREA_STYLE_COLOUR('',#2373);
#2129=FILL_AREA_STYLE_COLOUR('',#2373);
#2130=FILL_AREA_STYLE_COLOUR('',#2373);
#2131=FILL_AREA_STYLE_COLOUR('',#2373);
#2132=FILL_AREA_STYLE_COLOUR('',#2373);
#2133=FILL_AREA_STYLE_COLOUR('',#2373);
#2134=FILL_AREA_STYLE_COLOUR('',#2373);
#2135=FILL_AREA_STYLE_COLOUR('',#2373);
#2136=FILL_AREA_STYLE_COLOUR('',#2373);
#2137=FILL_AREA_STYLE_COLOUR('',#2373);
#2138=FILL_AREA_STYLE_COLOUR('',#2373);
#2139=FILL_AREA_STYLE_COLOUR('',#2373);
#2140=FILL_AREA_STYLE_COLOUR('',#2373);
#2141=FILL_AREA_STYLE_COLOUR('',#2373);
#2142=FILL_AREA_STYLE_COLOUR('',#2373);
#2143=FILL_AREA_STYLE_COLOUR('',#2373);
#2144=FILL_AREA_STYLE_COLOUR('',#2373);
#2145=FILL_AREA_STYLE_COLOUR('',#2373);
#2146=FILL_AREA_STYLE_COLOUR('',#2373);
#2147=FILL_AREA_STYLE_COLOUR('',#2373);
#2148=FILL_AREA_STYLE_COLOUR('',#2373);
#2149=FILL_AREA_STYLE_COLOUR('',#2373);
#2150=FILL_AREA_STYLE_COLOUR('',#2373);
#2151=FILL_AREA_STYLE_COLOUR('',#2373);
#2152=FILL_AREA_STYLE_COLOUR('',#2373);
#2153=FILL_AREA_STYLE_COLOUR('',#2373);
#2154=FILL_AREA_STYLE_COLOUR('',#2373);
#2155=FILL_AREA_STYLE_COLOUR('',#2373);
#2156=FILL_AREA_STYLE_COLOUR('',#2373);
#2157=FILL_AREA_STYLE_COLOUR('',#2373);
#2158=FILL_AREA_STYLE_COLOUR('',#2373);
#2159=FILL_AREA_STYLE_COLOUR('',#2373);
#2160=FILL_AREA_STYLE_COLOUR('',#2373);
#2161=FILL_AREA_STYLE_COLOUR('',#2373);
#2162=FILL_AREA_STYLE_COLOUR('',#2373);
#2163=FILL_AREA_STYLE_COLOUR('',#2373);
#2164=FILL_AREA_STYLE_COLOUR('',#2373);
#2165=FILL_AREA_STYLE_COLOUR('',#2373);
#2166=FILL_AREA_STYLE_COLOUR('',#2373);
#2167=FILL_AREA_STYLE_COLOUR('',#2373);
#2168=FILL_AREA_STYLE_COLOUR('',#2373);
#2169=FILL_AREA_STYLE_COLOUR('',#2373);
#2170=FILL_AREA_STYLE_COLOUR('',#2373);
#2171=FILL_AREA_STYLE_COLOUR('',#2373);
#2172=FILL_AREA_STYLE_COLOUR('',#2373);
#2173=FILL_AREA_STYLE_COLOUR('',#2373);
#2174=FILL_AREA_STYLE_COLOUR('',#2373);
#2175=FILL_AREA_STYLE_COLOUR('',#2373);
#2176=FILL_AREA_STYLE_COLOUR('',#2373);
#2177=FILL_AREA_STYLE_COLOUR('',#2373);
#2178=FILL_AREA_STYLE_COLOUR('',#2373);
#2179=FILL_AREA_STYLE_COLOUR('',#2373);
#2180=FILL_AREA_STYLE_COLOUR('',#2373);
#2181=FILL_AREA_STYLE_COLOUR('',#2373);
#2182=FILL_AREA_STYLE_COLOUR('',#2373);
#2183=FILL_AREA_STYLE_COLOUR('',#2373);
#2184=FILL_AREA_STYLE_COLOUR('',#2373);
#2185=FILL_AREA_STYLE_COLOUR('',#2373);
#2186=FILL_AREA_STYLE_COLOUR('',#2373);
#2187=FILL_AREA_STYLE_COLOUR('',#2373);
#2188=FILL_AREA_STYLE_COLOUR('',#2373);
#2189=FILL_AREA_STYLE_COLOUR('',#2373);
#2190=FILL_AREA_STYLE_COLOUR('',#2373);
#2191=FILL_AREA_STYLE_COLOUR('',#2373);
#2192=FILL_AREA_STYLE_COLOUR('',#2373);
#2193=FILL_AREA_STYLE_COLOUR('',#2373);
#2194=FILL_AREA_STYLE_COLOUR('',#2373);
#2195=FILL_AREA_STYLE_COLOUR('',#2373);
#2196=FILL_AREA_STYLE_COLOUR('',#2373);
#2197=FILL_AREA_STYLE_COLOUR('',#2373);
#2198=FILL_AREA_STYLE_COLOUR('',#2373);
#2199=FILL_AREA_STYLE_COLOUR('',#2373);
#2200=FILL_AREA_STYLE_COLOUR('',#2373);
#2201=FILL_AREA_STYLE_COLOUR('',#2373);
#2202=FILL_AREA_STYLE_COLOUR('',#2373);
#2203=FILL_AREA_STYLE_COLOUR('',#2373);
#2204=FILL_AREA_STYLE_COLOUR('',#2373);
#2205=FILL_AREA_STYLE_COLOUR('',#2373);
#2206=FILL_AREA_STYLE_COLOUR('',#2373);
#2207=FILL_AREA_STYLE_COLOUR('',#2373);
#2208=FILL_AREA_STYLE_COLOUR('',#2373);
#2209=FILL_AREA_STYLE_COLOUR('',#2373);
#2210=FILL_AREA_STYLE_COLOUR('',#2373);
#2211=FILL_AREA_STYLE_COLOUR('',#2373);
#2212=FILL_AREA_STYLE_COLOUR('',#2373);
#2213=FILL_AREA_STYLE_COLOUR('',#2373);
#2214=FILL_AREA_STYLE_COLOUR('',#2373);
#2215=FILL_AREA_STYLE_COLOUR('',#2373);
#2216=FILL_AREA_STYLE_COLOUR('',#2373);
#2217=FILL_AREA_STYLE_COLOUR('',#2373);
#2218=FILL_AREA_STYLE_COLOUR('',#2373);
#2219=FILL_AREA_STYLE_COLOUR('',#2373);
#2220=FILL_AREA_STYLE_COLOUR('',#2373);
#2221=FILL_AREA_STYLE_COLOUR('',#2373);
#2222=FILL_AREA_STYLE_COLOUR('',#2373);
#2223=FILL_AREA_STYLE_COLOUR('',#2373);
#2224=FILL_AREA_STYLE_COLOUR('',#2373);
#2225=FILL_AREA_STYLE_COLOUR('',#2373);
#2226=FILL_AREA_STYLE_COLOUR('',#2373);
#2227=FILL_AREA_STYLE_COLOUR('',#2373);
#2228=FILL_AREA_STYLE_COLOUR('',#2373);
#2229=FILL_AREA_STYLE_COLOUR('',#2373);
#2230=FILL_AREA_STYLE_COLOUR('',#2373);
#2231=FILL_AREA_STYLE_COLOUR('',#2373);
#2232=FILL_AREA_STYLE_COLOUR('',#2373);
#2233=FILL_AREA_STYLE_COLOUR('',#2373);
#2234=FILL_AREA_STYLE_COLOUR('',#2373);
#2235=FILL_AREA_STYLE_COLOUR('',#2373);
#2236=FILL_AREA_STYLE_COLOUR('',#2373);
#2237=FILL_AREA_STYLE_COLOUR('',#2373);
#2238=FILL_AREA_STYLE_COLOUR('',#2373);
#2239=FILL_AREA_STYLE_COLOUR('',#2373);
#2240=FILL_AREA_STYLE_COLOUR('',#2373);
#2241=FILL_AREA_STYLE_COLOUR('',#2373);
#2242=FILL_AREA_STYLE_COLOUR('',#2373);
#2243=FILL_AREA_STYLE_COLOUR('',#2373);
#2244=FILL_AREA_STYLE_COLOUR('',#2373);
#2245=FILL_AREA_STYLE_COLOUR('',#2373);
#2246=FILL_AREA_STYLE_COLOUR('',#2373);
#2247=FILL_AREA_STYLE_COLOUR('',#2373);
#2248=FILL_AREA_STYLE_COLOUR('',#2373);
#2249=FILL_AREA_STYLE_COLOUR('',#2373);
#2250=FILL_AREA_STYLE_COLOUR('',#2373);
#2251=FILL_AREA_STYLE_COLOUR('',#2373);
#2252=FILL_AREA_STYLE_COLOUR('',#2373);
#2253=FILL_AREA_STYLE_COLOUR('',#2373);
#2254=FILL_AREA_STYLE_COLOUR('',#2373);
#2255=FILL_AREA_STYLE_COLOUR('',#2373);
#2256=FILL_AREA_STYLE_COLOUR('',#2373);
#2257=FILL_AREA_STYLE_COLOUR('',#2374);
#2258=FILL_AREA_STYLE_COLOUR('',#2373);
#2259=FILL_AREA_STYLE_COLOUR('',#2373);
#2260=FILL_AREA_STYLE_COLOUR('',#2373);
#2261=FILL_AREA_STYLE_COLOUR('',#2373);
#2262=FILL_AREA_STYLE_COLOUR('',#2373);
#2263=FILL_AREA_STYLE_COLOUR('',#2373);
#2264=FILL_AREA_STYLE_COLOUR('',#2373);
#2265=FILL_AREA_STYLE_COLOUR('',#2373);
#2266=FILL_AREA_STYLE_COLOUR('',#2373);
#2267=FILL_AREA_STYLE_COLOUR('',#2373);
#2268=FILL_AREA_STYLE_COLOUR('',#2373);
#2269=FILL_AREA_STYLE_COLOUR('',#2373);
#2270=FILL_AREA_STYLE_COLOUR('',#2373);
#2271=FILL_AREA_STYLE_COLOUR('',#2373);
#2272=FILL_AREA_STYLE_COLOUR('',#2373);
#2273=FILL_AREA_STYLE_COLOUR('',#2373);
#2274=FILL_AREA_STYLE_COLOUR('',#2373);
#2275=FILL_AREA_STYLE_COLOUR('',#2373);
#2276=FILL_AREA_STYLE_COLOUR('',#2374);
#2277=FILL_AREA_STYLE_COLOUR('',#2373);
#2278=FILL_AREA_STYLE_COLOUR('',#2373);
#2279=FILL_AREA_STYLE_COLOUR('',#2373);
#2280=FILL_AREA_STYLE_COLOUR('',#2373);
#2281=FILL_AREA_STYLE_COLOUR('',#2373);
#2282=FILL_AREA_STYLE_COLOUR('',#2373);
#2283=FILL_AREA_STYLE_COLOUR('',#2373);
#2284=FILL_AREA_STYLE_COLOUR('',#2374);
#2285=FILL_AREA_STYLE_COLOUR('',#2373);
#2286=FILL_AREA_STYLE_COLOUR('',#2373);
#2287=FILL_AREA_STYLE_COLOUR('',#2373);
#2288=FILL_AREA_STYLE_COLOUR('',#2373);
#2289=FILL_AREA_STYLE_COLOUR('',#2373);
#2290=FILL_AREA_STYLE_COLOUR('',#2373);
#2291=FILL_AREA_STYLE_COLOUR('',#2373);
#2292=FILL_AREA_STYLE_COLOUR('',#2373);
#2293=FILL_AREA_STYLE_COLOUR('',#2373);
#2294=FILL_AREA_STYLE_COLOUR('',#2373);
#2295=FILL_AREA_STYLE_COLOUR('',#2373);
#2296=FILL_AREA_STYLE_COLOUR('',#2373);
#2297=FILL_AREA_STYLE_COLOUR('',#2373);
#2298=FILL_AREA_STYLE_COLOUR('',#2373);
#2299=FILL_AREA_STYLE_COLOUR('',#2373);
#2300=FILL_AREA_STYLE_COLOUR('',#2373);
#2301=FILL_AREA_STYLE_COLOUR('',#2373);
#2302=FILL_AREA_STYLE_COLOUR('',#2373);
#2303=FILL_AREA_STYLE_COLOUR('',#2373);
#2304=FILL_AREA_STYLE_COLOUR('',#2373);
#2305=FILL_AREA_STYLE_COLOUR('',#2373);
#2306=FILL_AREA_STYLE_COLOUR('',#2373);
#2307=FILL_AREA_STYLE_COLOUR('',#2373);
#2308=FILL_AREA_STYLE_COLOUR('',#2373);
#2309=FILL_AREA_STYLE_COLOUR('',#2373);
#2310=FILL_AREA_STYLE_COLOUR('',#2373);
#2311=FILL_AREA_STYLE_COLOUR('',#2373);
#2312=FILL_AREA_STYLE_COLOUR('',#2373);
#2313=FILL_AREA_STYLE_COLOUR('',#2373);
#2314=FILL_AREA_STYLE_COLOUR('',#2373);
#2315=FILL_AREA_STYLE_COLOUR('',#2373);
#2316=FILL_AREA_STYLE_COLOUR('',#2373);
#2317=FILL_AREA_STYLE_COLOUR('',#2373);
#2318=FILL_AREA_STYLE_COLOUR('',#2373);
#2319=FILL_AREA_STYLE_COLOUR('',#2373);
#2320=FILL_AREA_STYLE_COLOUR('',#2373);
#2321=FILL_AREA_STYLE_COLOUR('',#2373);
#2322=FILL_AREA_STYLE_COLOUR('',#2373);
#2323=FILL_AREA_STYLE_COLOUR('',#2373);
#2324=FILL_AREA_STYLE_COLOUR('',#2373);
#2325=FILL_AREA_STYLE_COLOUR('',#2373);
#2326=FILL_AREA_STYLE_COLOUR('',#2373);
#2327=FILL_AREA_STYLE_COLOUR('',#2373);
#2328=FILL_AREA_STYLE_COLOUR('',#2373);
#2329=FILL_AREA_STYLE_COLOUR('',#2373);
#2330=FILL_AREA_STYLE_COLOUR('',#2373);
#2331=FILL_AREA_STYLE_COLOUR('',#2373);
#2332=FILL_AREA_STYLE_COLOUR('',#2373);
#2333=FILL_AREA_STYLE_COLOUR('',#2373);
#2334=FILL_AREA_STYLE_COLOUR('',#2373);
#2335=FILL_AREA_STYLE_COLOUR('',#2373);
#2336=FILL_AREA_STYLE_COLOUR('',#2373);
#2337=FILL_AREA_STYLE_COLOUR('',#2373);
#2338=FILL_AREA_STYLE_COLOUR('',#2374);
#2339=FILL_AREA_STYLE_COLOUR('',#2373);
#2340=FILL_AREA_STYLE_COLOUR('',#2373);
#2341=FILL_AREA_STYLE_COLOUR('',#2373);
#2342=FILL_AREA_STYLE_COLOUR('NULL',#167);
#2343=FILL_AREA_STYLE_COLOUR('NULL',#168);
#2344=FILL_AREA_STYLE_COLOUR('NULL',#169);
#2345=FILL_AREA_STYLE_COLOUR('NULL',#170);
#2346=FILL_AREA_STYLE_COLOUR('NULL',#171);
#2347=FILL_AREA_STYLE_COLOUR('NULL',#172);
#2348=FILL_AREA_STYLE_COLOUR('NULL',#173);
#2349=FILL_AREA_STYLE_COLOUR('NULL',#174);
#2350=FILL_AREA_STYLE_COLOUR('NULL',#175);
#2351=FILL_AREA_STYLE_COLOUR('NULL',#176);
#2352=FILL_AREA_STYLE_COLOUR('NULL',#177);
#2353=FILL_AREA_STYLE_COLOUR('NULL',#178);
#2354=FILL_AREA_STYLE_COLOUR('NULL',#179);
#2355=FILL_AREA_STYLE_COLOUR('NULL',#180);
#2356=FILL_AREA_STYLE_COLOUR('NULL',#181);
#2357=FILL_AREA_STYLE_COLOUR('NULL',#182);
#2358=FILL_AREA_STYLE_COLOUR('NULL',#183);
#2359=FILL_AREA_STYLE_COLOUR('NULL',#184);
#2360=FILL_AREA_STYLE_COLOUR('NULL',#185);
#2361=FILL_AREA_STYLE_COLOUR('NULL',#186);
#2362=FILL_AREA_STYLE_COLOUR('NULL',#187);
#2363=FILL_AREA_STYLE_COLOUR('NULL',#188);
#2364=FILL_AREA_STYLE_COLOUR('NULL',#189);
#2365=FILL_AREA_STYLE_COLOUR('NULL',#190);
#2366=FILL_AREA_STYLE_COLOUR('NULL',#191);
#2367=FILL_AREA_STYLE_COLOUR('NULL',#192);
#2368=FILL_AREA_STYLE_COLOUR('NULL',#193);
#2369=FILL_AREA_STYLE_COLOUR('NULL',#194);
#2370=FILL_AREA_STYLE_COLOUR('NULL',#195);
#2371=FILL_AREA_STYLE_COLOUR('NULL',#196);
#2372=FILL_AREA_STYLE_COLOUR('NULL',#197);
#2373=COLOUR_RGB('',0.501960784313725,0.635278858625162,0.705882352941177);
#2374=COLOUR_RGB('',0.2,0.6,1.);
#2375=COLOUR_RGB('',0.6,0.4,0.2);
#2376=COMPLEX_TRIANGULATED_FACE($,#4423,4,((-0.51802700937529,-0.855364260159199,
0.),(-0.51802700937529,-0.855364260159199,0.),(-0.51802700937529,-0.855364260159199,
0.),(-0.51802700937529,-0.855364260159199,0.)),$,(2,1,3,4),((1,2,3),(3,
4,1)),());
#2377=COMPLEX_TRIANGULATED_FACE($,#4424,4,((-0.989272332958346,0.146083028593849,
0.),(-0.989272332958346,0.146083028593849,0.),(-0.989272332958346,0.146083028593849,
0.),(-0.989272332958346,0.146083028593849,0.)),$,(1,2,4,3),((1,2,3),(3,
4,1)),());
#2378=COMPLEX_TRIANGULATED_FACE($,#4426,4,((0.985996037073973,0.166768746695598,
0.),(0.985996037073973,0.166768746695598,0.),(0.985996037073973,0.166768746695598,
0.),(0.985996037073973,0.166768746695598,0.)),$,(1,2,4,3),((1,2,3),(3,4,
1)),());
#2379=COMPLEX_TRIANGULATED_FACE($,#4430,4,((0.714472679623426,-0.699663340522941,
0.),(0.714472679623426,-0.699663340522941,0.),(0.714472679623426,-0.699663340522941,
0.),(0.714472679623426,-0.699663340522941,0.)),$,(3,4,2,1),((1,2,3),(3,
4,1)),());
#2380=COMPLEX_TRIANGULATED_FACE($,#4431,4,((-0.973578902876929,0.228350870094589,
0.),(-0.973578902876929,0.228350870094589,0.),(-0.973578902876929,0.228350870094589,
0.),(-0.973578902876929,0.228350870094589,0.)),$,(4,3,1,2),((1,2,3),(3,
4,1)),());
#2381=COMPLEX_TRIANGULATED_FACE($,#4432,4,((-0.937281989500004,-0.348572047300001,
0.),(-0.937281989500004,-0.348572047300001,0.),(-0.937281989500004,-0.348572047300001,
0.),(-0.937281989500004,-0.348572047300001,0.)),$,(3,4,2,1),((1,2,3),(3,
4,1)),());
#2382=COMPLEX_TRIANGULATED_FACE($,#4433,4,((0.348572047300001,-0.937281989500004,
0.),(0.348572047300001,-0.937281989500004,0.),(0.348572047300001,-0.937281989500004,
0.),(0.348572047300001,-0.937281989500004,0.)),$,(3,4,2,1),((1,2,3),(3,
4,1)),());
#2383=COMPLEX_TRIANGULATED_FACE($,#4435,4,((0.289031796912588,0.957319497541693,
0.),(0.289031796912588,0.957319497541693,0.),(0.289031796912588,0.957319497541693,
0.),(0.289031796912588,0.957319497541693,0.)),$,(4,3,1,2),((1,2,3),(3,4,
1)),());
#2384=COMPLEX_TRIANGULATED_FACE($,#4436,4,((-0.699663340522941,-0.714472679623426,
0.),(-0.699663340522941,-0.714472679623426,0.),(-0.699663340522941,-0.714472679623426,
0.),(-0.699663340522941,-0.714472679623426,0.)),$,(3,4,2,1),((1,2,3),(3,
4,1)),());
#2385=COMPLEX_TRIANGULATED_FACE($,#4437,4,((-0.714472679623426,0.699663340522941,
0.),(-0.714472679623426,0.699663340522941,0.),(-0.714472679623426,0.699663340522941,
0.),(-0.714472679623426,0.699663340522941,0.)),$,(1,2,4,3),((1,2,3),(3,
4,1)),());
#2386=COMPLEX_TRIANGULATED_FACE($,#4439,4,((-0.886203579232669,0.463296035117079,
0.),(-0.886203579232669,0.463296035117079,0.),(-0.886203579232669,0.463296035117079,
0.),(-0.886203579232669,0.463296035117079,0.)),$,(4,3,1,2),((1,2,3),(3,
4,1)),());
#2387=COMPLEX_TRIANGULATED_FACE($,#4441,4,((0.653420603971912,-0.75699505566746,
0.),(0.653420603971912,-0.75699505566746,0.),(0.653420603971912,-0.75699505566746,
0.),(0.653420603971912,-0.75699505566746,0.)),$,(2,1,3,4),((1,2,3),(3,4,
1)),());
#2388=COMPLEX_TRIANGULATED_FACE($,#4442,4,((-0.886203579232669,-0.463296035117079,
0.),(-0.886203579232669,-0.463296035117079,0.),(-0.886203579232669,-0.463296035117079,
0.),(-0.886203579232669,-0.463296035117079,0.)),$,(3,4,2,1),((1,2,3),(3,
4,1)),());
#2389=COMPLEX_TRIANGULATED_FACE($,#4446,29,((-0.239315664287559,0.970941817426052,
0.),(0.,1.,0.),(0.,1.,0.),(-0.464723172043769,0.88545602565321,0.),(-0.239315664287559,
0.970941817426052,0.),(-0.663122658240795,0.748510748171101,0.),(-0.663122658240795,
0.748510748171101,0.),(-0.479425538554843,0.877582561917338,0.),(-0.464723172043769,
0.88545602565321,0.),(-0.822983865893657,0.568064746731155,0.),(-0.935016242685415,
0.354604887042535,0.),(-0.822983865893657,0.568064746731155,0.),(-0.992708874098054,
0.120536680255323,0.),(-0.935016242685415,0.354604887042535,0.),(-0.992708874098054,
-0.120536680255324,0.),(-0.992708874098054,0.120536680255323,0.),(-0.935016242685415,
-0.354604887042536,0.),(-0.992708874098054,-0.120536680255324,0.),(-0.822983865893656,
-0.568064746731156,0.),(-0.935016242685415,-0.354604887042536,0.),(-0.663122658240795,
-0.748510748171101,0.),(-0.822983865893656,-0.568064746731156,0.),(-0.464723172043769,
-0.88545602565321,0.),(-0.663122658240795,-0.748510748171101,0.),(-0.239315664287558,
-0.970941817426052,0.),(-0.464723172043769,-0.88545602565321,0.),(0.,-1.,
0.),(-0.239315664287558,-0.970941817426052,0.),(0.,-1.,0.)),$,(5,1,2,9,
6,15,14,13,10,18,22,19,26,23,28,27,24,29,20,25,16,21,11,17,7,12,3,8,4),
((1,2,3),(4,1,5),(6,7,8),(8,9,6),(10,7,6),(11,10,12),(13,11,14),(15,13,
16),(17,15,18),(19,17,20),(21,19,22),(23,21,24),(25,23,26),(27,25,28),(28,
29,27),(26,28,25),(24,26,23),(22,24,21),(20,22,19),(18,20,17),(16,18,15),
(14,16,13),(12,14,11),(6,12,10),(8,4,9),(5,9,4),(3,5,1)),());
#2390=COMPLEX_TRIANGULATED_FACE($,#4448,4,((-0.937281989500004,0.348572047300001,
0.),(-0.937281989500004,0.348572047300001,0.),(-0.937281989500004,0.348572047300001,
0.),(-0.937281989500004,0.348572047300001,0.)),$,(4,3,1,2),((1,2,3),(3,
4,1)),());
#2391=COMPLEX_TRIANGULATED_FACE($,#4449,4,((0.0836778433341441,0.996492859249351,
0.),(0.0836778433341441,0.996492859249351,0.),(0.0836778433341441,0.996492859249351,
0.),(0.0836778433341441,0.996492859249351,0.)),$,(1,2,4,3),((1,2,3),(3,
4,1)),());
#2392=COMPLEX_TRIANGULATED_FACE($,#4455,4,((-0.978147600735956,0.207911690807643,
0.),(-0.978147600735956,0.207911690807643,0.),(-0.978147600735956,0.207911690807643,
0.),(-0.978147600735956,0.207911690807643,0.)),$,(1,2,4,3),((1,2,3),(3,
4,1)),());
#2393=COMPLEX_TRIANGULATED_FACE($,#4458,4,((-0.0209424198794748,0.999780683474927,
0.),(-0.0209424198794748,0.999780683474927,0.),(-0.0209424198794748,0.999780683474927,
0.),(-0.0209424198794748,0.999780683474927,0.)),$,(4,3,1,2),((1,2,3),(3,
4,1)),());
#2394=COMPLEX_TRIANGULATED_FACE($,#4459,4,((-0.653420603971912,0.75699505566746,
0.),(-0.653420603971912,0.75699505566746,0.),(-0.653420603971912,0.75699505566746,
0.),(-0.653420603971912,0.75699505566746,0.)),$,(4,3,1,2),((1,2,3),(3,4,
1)),());
#2395=COMPLEX_TRIANGULATED_FACE($,#4461,4,((0.866025403788329,0.499999999993262,
0.),(0.866025403788329,0.499999999993262,0.),(0.866025403788329,0.499999999993262,
0.),(0.866025403788329,0.499999999993262,0.)),$,(4,3,1,2),((1,2,3),(3,4,
1)),());
#2396=COMPLEX_TRIANGULATED_FACE($,#4464,4,((0.82114920911543,0.570713567710724,
0.),(0.82114920911543,0.570713567710724,0.),(0.82114920911543,0.570713567710724,
0.),(0.82114920911543,0.570713567710724,0.)),$,(1,2,4,3),((1,2,3),(3,4,
1)),());
#2397=COMPLEX_TRIANGULATED_FACE($,#4467,4,((0.714472679623426,0.699663340522941,
0.),(0.714472679623426,0.699663340522941,0.),(0.714472679623426,0.699663340522941,
0.),(0.714472679623426,0.699663340522941,0.)),$,(4,3,1,2),((1,2,3),(3,4,
1)),());
#2398=COMPLEX_TRIANGULATED_FACE($,#4468,34,((0.707106781186548,-0.707106781186547,
0.),(0.5,-0.866025403784438,0.),(0.5,-0.866025403784438,0.),(0.866025403784439,
-0.499999999999999,0.),(0.707106781186548,-0.707106781186547,0.),(0.965925826289068,
-0.25881904510252,0.),(0.866025403784439,-0.499999999999999,0.),(1.,0.,
0.),(0.965925826289068,-0.25881904510252,0.),(0.965925826289068,0.258819045102522,
0.),(1.,0.,0.),(0.866025403784438,0.5,0.),(0.965925826289068,0.258819045102522,
0.),(0.707106781186547,0.707106781186548,0.),(0.866025403784438,0.5,0.),
(0.499999999999999,0.866025403784439,0.),(0.707106781186547,0.707106781186548,
0.),(0.25881904510252,0.965925826289068,0.),(0.499999999999999,0.866025403784439,
0.),(0.,1.,0.),(0.25881904510252,0.965925826289068,0.),(0.297367493122358,
-0.954763098383114,0.),(0.259504122939582,-0.965741999799821,0.),(0.324339974461729,
-0.94594058003987,0.),(0.333333333306745,-0.942809041591464,0.),(0.333333333306745,
-0.942809041591464,0.),(0.,-1.,0.),(0.258819045102522,-0.965925826289068,
0.),(0.0526773148156549,-0.998611586405752,0.),(0.128095654194988,-0.99176181786574,
0.),(0.196120194025944,-0.980579863904631,0.),(0.254351322608458,-0.967111888401403,
0.),(0.,-1.,0.),(0.,1.,0.)),$,(13,15,16,7,14,5,8,1,6,3,2,9,4,11,10,17,12,
25,18,31,26,22,23,21,19,20,34,24,30,29,28,27,33,32),((1,2,3),(4,1,5),(6,
4,7),(8,6,9),(10,8,11),(12,10,13),(14,12,15),(16,14,17),(18,16,19),(20,
18,21),(3,22,23),(3,24,22),(2,25,26),(26,3,2),(26,24,3),(27,28,29),(28,
30,29),(28,31,30),(28,23,32),(32,31,28),(29,33,27),(23,28,3),(21,34,20),
(19,21,18),(17,19,16),(15,17,14),(13,15,12),(11,13,10),(9,11,8),(7,9,6),
(5,7,4),(3,5,1)),());
#2399=COMPLEX_TRIANGULATED_FACE($,#4469,4,((-0.978147600735956,-0.207911690807643,
0.),(-0.978147600735956,-0.207911690807643,0.),(-0.978147600735956,-0.207911690807643,
0.),(-0.978147600735956,-0.207911690807643,0.)),$,(2,1,3,4),((1,2,3),(3,
4,1)),());
#2400=COMPLEX_TRIANGULATED_FACE($,#4470,4,((0.268919820600497,0.963162566801782,
0.),(0.268919820600497,0.963162566801782,0.),(0.268919820600497,0.963162566801782,
0.),(0.268919820600497,0.963162566801782,0.)),$,(1,2,4,3),((1,2,3),(3,4,
1)),());
#2401=COMPLEX_TRIANGULATED_FACE($,#4471,4,((0.104528463296348,-0.994521895365257,
0.),(0.104528463296348,-0.994521895365257,0.),(0.104528463296348,-0.994521895365257,
0.),(0.104528463296348,-0.994521895365257,0.)),$,(3,4,2,1),((1,2,3),(3,
4,1)),());
#2402=COMPLEX_TRIANGULATED_FACE($,#4472,4,((0.0418756537299508,-0.999122830098827,
0.),(0.0418756537299508,-0.999122830098827,0.),(0.0418756537299508,-0.999122830098827,
0.),(0.0418756537299508,-0.999122830098827,0.)),$,(3,4,2,1),((1,2,3),(3,
4,1)),());
#2403=COMPLEX_TRIANGULATED_FACE($,#4473,4,((0.855364260159199,0.51802700937529,
0.),(0.855364260159199,0.51802700937529,0.),(0.855364260159199,0.51802700937529,
0.),(0.855364260159199,0.51802700937529,0.)),$,(1,2,4,3),((1,2,3),(3,4,
1)),());
#2404=COMPLEX_TRIANGULATED_FACE($,#4475,4,((0.699663340522941,-0.714472679623426,
0.),(0.699663340522941,-0.714472679623426,0.),(0.699663340522941,-0.714472679623426,
0.),(0.699663340522941,-0.714472679623426,0.)),$,(2,1,3,4),((1,2,3),(3,
4,1)),());
#2405=COMPLEX_TRIANGULATED_FACE($,#4476,302,((0.,0.,1.),(0.,0.,1.),(0.,
0.,1.),(0.,0.,1.),(0.,0.,1.),(0.,0.,1.),(0.,0.,1.),(0.,0.,1.),(0.,0.,1.),
(0.,0.,1.),(0.,0.,1.),(0.,0.,1.),(0.,0.,1.),(0.,0.,1.),(0.,0.,1.),(0.,0.,
1.),(0.,0.,1.),(0.,0.,1.),(0.,0.,1.),(0.,0.,1.),(-0.0429753731321438,0.0786658928659307,
0.995974294148076),(-0.158344216440517,0.289847144041028,0.943883330825954),
(-0.264114081446441,0.483457583289928,0.834573254508653),(-0.353873097466738,
0.647760360052156,0.674670546885217),(-0.422179986843183,0.772795282382432,
0.47386866348868),(-0.464893920414012,0.850982613341335,0.244340407122608),
(-0.479425538550088,0.877582561919936,0.),(-0.464893920619617,0.850982613717695,
-0.244340405420636),(-0.42217998724193,0.772795283112335,-0.473868661943085),
(-0.35387309803446,0.647760361091362,-0.674670545589684),(-0.264114082148715,
0.483457584575434,-0.83457325354173),(-0.15834421723477,0.289847145494896,
-0.943883330246259),(-0.0429753739702295,0.0786658944000352,-0.995974293990744),
(0.,0.,-1.),(0.,0.,-1.),(0.,0.,-1.),(0.,0.,-1.),(0.,0.,-1.),(0.,0.,-1.),
(0.,0.,-1.),(0.,0.,-1.),(0.,0.,-1.),(0.,0.,-1.),(0.,0.,-1.),(0.,0.,-1.),
(0.,0.,-1.),(0.,0.,-1.),(0.,0.,-1.),(0.,0.,-1.),(0.,0.,-1.),(0.,0.,-1.),
(0.,0.,-1.),(0.0429753739752593,-0.0786658943972909,-0.995974293990744),
(0.,0.,-1.),(0.158344217253298,-0.289847145484774,-0.943883330246259),(0.26411408217962,
-0.483457584558551,-0.83457325354173),(0.353873098075866,-0.647760361068741,
-0.674670545589685),(0.42217998729133,-0.772795283085347,-0.473868661943086),
(0.464893920674015,-0.850982613687978,-0.244340405420636),(0.479425538606186,
-0.87758256188929,0.),(0.464893920468409,-0.850982613311618,0.244340407122608),
(0.422179986892582,-0.772795282355445,0.47386866348868),(0.353873097508146,
-0.647760360029535,0.674670546885217),(0.264114081477346,-0.483457583273048,
0.834573254508651),(0.158344216459047,-0.289847144030909,0.943883330825953),
(0.0429753731371711,-0.0786658928631795,0.995974294148077),(0.,0.,1.),(0.,
0.,-1.),(0.044913031013804,-0.0775759308122926,0.995974294148077),(0.0582041697465735,
-0.0681724285936226,0.995974294148077),(0.214455232855185,-0.251183619867879,
0.943883330825954),(0.0695751616351862,-0.0565199281641285,0.995974294148077),
(0.256352037223061,-0.208249587755868,0.943883330825954),(0.0786508793599856,
-0.0430028437680756,0.995974294148077),(0.289791826270381,-0.158445432928123,
0.943883330825954),(0.0851319163522739,-0.0280671019955741,0.995974294148077),
(0.313671426363914,-0.103414186994488,0.943883330825954),(0.0888044641721783,
-0.0122054307311464,0.995974294148077),(0.327203053072424,-0.044971322517661,
0.943883330825954),(0.0895473660170659,0.00405889586539973,0.995974294148077),
(0.329940300057092,0.0149551391547938,0.943883330825954),(0.0873361136663194,
0.0201893200951456,0.995974294148077),(0.321792865949782,0.074388233025989,
0.943883330825954),(0.0822436560038663,0.0356537016782021,0.995974294148077),
(0.303029533381656,0.131367270228922,0.943883330825954),(0.0744379924454206,
0.0499418729818578,0.995974294148077),(0.274269301884424,0.184012520858592,
0.943883330825954),(0.0641766306629167,0.0625824693743871,0.995974294148077),
(0.236460967188476,0.23058722598009,0.943883330825954),(0.0517980914449718,
0.0731584794736663,0.995974294148077),(0.190851820593826,0.269554893045786,
0.943883330825954),(0.0377107409467618,0.0813210022902247,0.995974294148077),
(0.138946501016888,0.299629984554395,0.943883330825954),(0.0223793187517125,
0.086800757418641,0.995974294148077),(0.0824573571779446,0.319820327740642,
0.943883330825954),(0.00630960618223499,0.0894169685577945,0.995974294148077),
(0.0232479574732768,0.329459846206216,0.943883330825954),(-0.00996825935036259,
0.0890833272939691,0.995974294148077),(-0.0367283888671693,0.328230533680407,
0.943883330825954),(-0.0259172734996886,0.0858108404024972,0.995974294148077),
(-0.0954930711587796,0.316172944999358,0.943883330825954),(-0.0410112806772416,
0.0797074667358901,0.995974294148077),(-0.15110745133247,0.293684858208094,
0.943883330825954),(0.165483582469013,-0.285831141973936,0.943883330825954),
(0.357705814018201,-0.418967819141772,0.834573254508652),(0.427588606392367,
-0.347354957561094,0.834573254508652),(0.483365314670899,-0.26428290794514,
0.834573254508652),(0.52319587359997,-0.172492204771115,0.834573254508652),
(0.545766279004937,-0.0750110095915337,0.834573254508652),(0.550331936591295,
0.0249447875619495,0.834573254508652),(0.536742225998954,0.124077659909121,
0.834573254508652),(0.505445469745365,0.219117228835898,0.834573254508652),
(0.457474143132801,0.306928153195085,0.834573254508652),(0.394410813042745,
0.384613563741318,0.834573254508652),(0.318335929291451,0.449610630413677,
0.834573254508652),(0.231759190902041,0.499775109715627,0.834573254508652),
(0.137536751509549,0.533452082986876,0.834573254508652),(0.0387769952801964,
0.549530551922162,0.834573254508652),(-0.0612620082167894,0.54748009023898,
0.834573254508652),(-0.159279987236382,0.527368342361213,0.834573254508652),
(-0.252043343328426,0.489858791839715,0.834573254508652),(0.276022360404226,
-0.476758995107293,0.834573254508652),(0.479271925583233,-0.561353787297591,
0.674670546885212),(0.572904344050425,-0.465403336616489,0.674670546885212),
(0.647636733996947,-0.354099299552225,0.674670546885212),(0.701003685069264,
-0.231113579620327,0.674670546885212),(0.731244629542932,-0.100503457304855,
0.674670546885212),(0.737361923188196,0.0334222590172155,0.674670546885212),
(0.719153757403732,0.166245380019124,0.674670546885212),(0.677220816852188,
0.293584090828613,0.674670546885212),(0.612946462963113,0.411237506444412,
0.674670546885212),(0.528451097046543,0.515324258303365,0.674670546885212),
(0.426522208571311,0.602410540048113,0.674670546885212),(0.310522416304873,
0.669623388284632,0.674670546885212),(0.184278536023712,0.714745461214386,
0.674670546885212),(0.0519553344339156,0.736288188408227,0.674670546885212),
(-0.0820818658588047,0.733540878521944,0.674670546885212),(-0.213411197688191,
0.706594164897291,0.674670546885212),(-0.3377001260631,0.65633701558161,
0.674670546885212),(0.369828398059617,-0.638785260595661,0.674670546885212),
(0.571784113247131,-0.669709950352871,0.473868663488679),(0.683490070776976,
-0.555238518938245,0.473868663488679),(0.772647793221101,-0.422449851928031,
0.473868663488679),(0.836315980666994,-0.275724627562458,0.473868663488679),
(0.872394229144808,-0.119903289021981,0.473868663488679),(0.879692322639796,
0.0398736410684159,0.473868663488679),(0.857969498140412,0.198335145710843,
0.473868663488679),(0.807942388374006,0.350253603595964,0.473868663488679),
(0.731261380200464,0.490617247547174,0.473868663488679),(0.630456168596833,
0.614795501969276,0.473868663488679),(0.508852302398843,0.718691744843955,
0.473868663488679),(0.370461474942796,0.798878454676718,0.473868663488679),
(0.219849178903134,0.852710283917738,0.473868663488679),(0.0619840913727703,
0.878411328581402,0.473868663488679),(-0.0979258420501742,0.875133715052858,
0.473868663488679),(-0.254605216607787,0.842985571311605,0.473868663488679),
(-0.402885203195364,0.783027459805646,0.473868663488679),(0.441215083443066,
-0.762087750791063,0.473868663488679),(0.629634199445473,-0.737467653755618,
0.244340407122608),(0.752641973731422,-0.611414609593872,0.244340407122608),
(0.850820202008333,-0.465191089017896,0.244340407122608),(0.920929999227049,
-0.303620984075253,0.244340407122608),(0.960658453675914,-0.132034468333688,
0.244340407122608),(0.968694929591797,0.0439078447467063,0.244340407122608),
(0.944774304837655,0.218401644603886,0.244340407122608),(0.889685717242135,
0.385690406910135,0.244340407122608),(0.805246531060771,0.540255300447623,
0.244340407122608),(0.694242382401343,0.676997252523867,0.244340407122608),
(0.560335281505811,0.791405166616292,0.244340407122608),(0.407942803580801,
0.879704742771001,0.244340407122608),(0.242092353653049,0.938982991193069,
0.244340407122608),(0.0682553132304,0.967284331343673,0.244340407122608),
(-0.107833459754829,0.963675106249228,0.244340407122608),(-0.280364823050267,
0.928274383705135,0.244340407122608),(-0.443646992816502,0.862250028247046,
0.244340407122608),(0.485854887204382,-0.839191750452049,0.244340407122608),
(0.649315256456517,-0.76051936052464,0.),(0.776167998218273,-0.630526160077311,
0.),(0.877415073946074,-0.479731996027163,0.),(0.949716357772901,-0.31311154526554,
0.),(0.990686641172064,-0.13616159151249,0.),(0.998974320629317,0.0452803127550407,
0.),(0.974305986840404,0.225228426285283,0.),(0.917495444443064,0.3977462877592,
0.),(0.830416864723888,0.557142558760455,0.),(0.715942956988234,0.698158780177506,
0.),(0.577850198310406,0.816142847982278,0.),(0.420694248120487,0.907202485445414,
0.),(0.249659657681928,0.96833364876273,0.),(0.0703888325217235,0.997519630010471,
0.),(-0.111204109682997,0.99379758803773,0.),(-0.289128444961534,0.957290312451831,
0.),(-0.457514476136325,0.88920217280757,0.),(0.501041701615965,-0.865423141152222,
0.),(0.629634199723939,-0.737467654081773,-0.244340405420636),(0.75264197406429,
-0.611414609864279,-0.244340405420636),(0.850820202384622,-0.465191089223633,
-0.244340405420636),(0.920929999634344,-0.303620984209534,-0.244340405420636),
(0.960658454100779,-0.132034468392081,-0.244340405420636),(0.968694930020217,
0.0439078447661258,-0.244340405420636),(0.944774305255496,0.218401644700478,
-0.244340405420636),(0.889685717635611,0.385690407080713,-0.244340405420636),
(0.805246531416903,0.54025530068656,-0.244340405420636),(0.694242382708382,
0.676997252823279,-0.244340405420636),(0.560335281753627,0.791405166966303,
-0.244340405420636),(0.407942803761219,0.879704743160064,-0.244340405420636),
(0.242092353760118,0.938982991608348,-0.244340405420636),(0.0682553132605862,
0.967284331771469,-0.244340405420636),(-0.107833459802521,0.963675106675427,
-0.244340405420636),(-0.280364823174263,0.928274384115678,-0.244340405420636),
(-0.443646993012712,0.862250028628388,-0.244340405420636),(0.48585488741926,
-0.839191750823194,-0.244340405420636),(0.57178411378718,-0.669709950985411,
-0.473868661943083),(0.683490071422532,-0.555238519462667,-0.473868661943083),
(0.772647793950866,-0.422449852327034,-0.473868661943083),(0.836315981456893,
-0.27572462782288,-0.473868661943083),(0.872394229968783,-0.119903289135229,
-0.473868661943083),(0.879692323470664,0.0398736411060768,-0.473868661943083),
(0.857969498950763,0.198335145898171,-0.473868661943083),(0.807942389137107,
0.350253603926778,-0.473868661943083),(0.731261380891139,0.490617248010561,
-0.473868661943083),(0.630456169192298,0.614795502549949,-0.473868661943083),
(0.508852302879453,0.718691745522758,-0.473868661943083),(0.370461475292696,
0.798878455431257,-0.473868661943083),(0.219849179110781,0.852710284723122,
-0.473868661943083),(0.0619840914313139,0.87841132941106,-0.473868661943083),
(-0.0979258421426653,0.87513371587942,-0.473868661943083),(-0.254605216848262,
0.842985572107804,-0.473868661943083),(-0.402885203575889,0.783027460545214,
-0.473868661943083),(0.441215083859793,-0.762087751510853,-0.473868661943083),
(0.479271926352128,-0.56135378819817,-0.674670545589686),(0.572904344969534,
-0.465403337363135,-0.674670545589686),(0.64763673503595,-0.354099300120306,
-0.674670545589686),(0.701003686193883,-0.231113579991103,-0.674670545589686),
(0.731244630716066,-0.100503457466093,-0.674670545589686),(0.737361924371144,
0.0334222590708346,-0.674670545589686),(0.719153758557469,0.166245380285831,
-0.674670545589686),(0.677220817938653,0.29358409129961,-0.674670545589686),
(0.612946463946462,0.41123750710416,-0.674670545589686),(0.528451097894337,
0.515324259130099,-0.674670545589686),(0.42652220925558,0.602410541014559,
-0.674670545589686),(0.310522416803043,0.669623389358908,-0.674670545589686),
(0.18427853631935,0.714745462361051,-0.674670545589686),(0.0519553345172676,
0.736288189589452,-0.674670545589686),(-0.0820818659904883,0.733540879698762,
-0.674670545589686),(-0.213411198030566,0.706594166030879,-0.674670545589686),
(-0.337700126604872,0.65633701663457,-0.674670545589686),(0.369828398652932,
-0.638785261620463,-0.674670545589686),(0.357705814969332,-0.418967820255798,
-0.834573253541732),(0.427588607529315,-0.347354958484703,-0.834573253541732),
(0.483365315956156,-0.264282908647861,-0.834573253541732),(0.523195874991136,
-0.172492205229767,-0.834573253541732),(0.545766280456117,-0.0750110097909859,
-0.834573253541732),(0.550331938054615,0.0249447876282774,-0.834573253541732),
(0.53674222742614,0.124077660239041,-0.834573253541732),(0.505445471089333,
0.219117229418526,-0.834573253541732),(0.457474144349214,0.3069281540112,
-0.834573253541732),(0.394410814091474,0.384613564763996,-0.834573253541732),
(0.318335930137899,0.449610631609182,-0.834573253541732),(0.231759191518283,
0.499775111044518,-0.834573253541732),(0.137536751875256,0.533452084405312,
-0.834573253541732),(0.0387769953833033,0.549530553383351,-0.834573253541732),
(-0.0612620083796839,0.547480091694717,-0.834573253541732),(-0.159279987659904,
0.527368343763473,-0.834573253541732),(-0.252043343998603,0.489858793142238,
-0.834573253541732),(0.276022361138163,-0.476758996374984,-0.834573253541732),
(0.214455233930889,-0.251183621127811,-0.943883330246259),(0.256352038508918,
-0.208249588800444,-0.943883330246259),(0.289791827723971,-0.158445433722882,
-0.943883330246259),(0.313671427937283,-0.103414187513211,-0.943883330246259),
(0.327203054713668,-0.0449713227432359,-0.943883330246259),(0.329940301712066,
0.0149551392298087,-0.943883330246259),(0.321792867563888,0.074388233399119,
-0.943883330246259),(0.303029534901646,0.131367270887857,-0.943883330246259),
(0.274269303260153,0.184012521781595,-0.943883330246259),(0.23646096837456,
0.230587227136711,-0.943883330246259),(0.190851821551134,0.269554894397868,
-0.943883330246259),(0.13894650171384,0.299629986057333,-0.943883330246259),
(0.0824573575915487,0.319820329344854,-0.943883330246259),(0.0232479575898878,
0.32945984785878,-0.943883330246259),(-0.0367283890513984,0.328230535326805,
-0.943883330246259),(-0.0954930716377711,0.316172946585275,-0.943883330246259),
(-0.151107452090422,0.293684859681211,-0.943883330246259),(0.165483583299075,
-0.285831143407659,-0.943883330246259),(0.0582041708816473,-0.0681724299230932,
-0.995974293990744),(0.0695751629920123,-0.0565199292663568,-0.995974293990744),
(0.0786508808938026,-0.0430028446066993,-0.995974293990744),(0.0851319180124815,
-0.0280671025429271,-0.995974293990744),(0.0888044659040064,-0.0122054309691717,
-0.995974293990744),(0.0895473677633817,0.00405889594455465,-0.995974293990744),
(0.0873361153695123,0.0201893204888694,-0.995974293990744),(0.0822436576077482,
0.0356537023735059,-0.995974293990744),(0.0744379938970797,0.0499418739558036,
-0.995974293990744),(0.0641766319144629,0.0625824705948446,-0.995974293990744),
(0.0517980924551169,0.0731584809003728,-0.995974293990744),(0.0377107416821812,
0.0813210038761134,-0.995974293990744),(0.0223793191881448,0.0868007591113936,
-0.995974293990744),(0.00630960630528232,0.0894169703015674,-0.995974293990744),
(-0.00996825954475948,0.0890833290312354,-0.995974293990744),(-0.0259172740051166,
0.0858108420759449,-0.995974293990744),(-0.0410112814770267,0.0797074682903123,
-0.995974293990744),(0.0449130318896795,-0.0775759323251464,-0.995974293990744)),
$,(136,166,197,233,277,297,301,291,255,216,181,151,106,91,76,61,47,32,10,
1,3,5,7,11,15,17,19,18,16,12,8,6,4,2,9,31,46,62,77,92,107,152,182,217,256,
292,302,298,278,234,198,167,126,137,120,115,113,111,109,108,110,112,114,
116,121,127,128,129,135,165,163,195,193,230,224,276,263,296,290,300,294,
288,282,250,243,213,208,180,178,150,148,105,103,90,88,75,73,48,50,33,35,
13,20,133,161,191,221,252,284,286,270,236,206,176,146,101,86,71,52,37,22,
131,159,189,219,245,274,280,259,232,204,174,144,99,84,69,54,39,24,125,157,
187,215,241,266,272,254,228,202,172,142,97,82,67,56,41,26,123,155,185,211,
239,261,268,248,226,200,170,140,95,80,65,58,43,28,119,153,183,209,237,257,
264,246,222,196,168,138,93,78,63,60,45,30,117,154,184,210,238,260,267,247,
225,199,169,139,94,79,64,59,44,29,118,156,186,214,240,265,271,253,227,201,
171,141,96,81,66,57,42,27,122,158,188,218,244,273,279,258,231,203,173,143,
98,83,68,55,40,25,124,160,190,220,251,283,285,269,235,205,175,145,100,85,
70,53,38,23,130,162,192,223,262,289,293,281,242,207,177,147,102,87,72,51,
36,21,132,164,194,229,275,295,299,287,249,212,179,149,104,89,74,49,34,14,
134),((69,70,71),(70,72,73),(72,74,75),(74,76,77),(76,78,79),(78,80,81),
(80,82,83),(82,84,85),(84,86,87),(86,88,89),(88,90,91),(90,92,93),(92,94,
95),(94,96,97),(96,98,99),(98,100,101),(100,102,103),(104,71,105),(71,73,
106),(73,75,107),(75,77,108),(77,79,109),(79,81,110),(81,83,111),(83,85,
112),(85,87,113),(87,89,114),(89,91,115),(91,93,116),(93,95,117),(95,97,
118),(97,99,119),(99,101,120),(101,103,121),(122,105,123),(105,106,124),
(106,107,125),(107,108,126),(108,109,127),(109,110,128),(110,111,129),(111,
112,130),(112,113,131),(113,114,132),(114,115,133),(115,116,134),(116,117,
135),(117,118,136),(118,119,137),(119,120,138),(120,121,139),(140,123,141),
(123,124,142),(124,125,143),(125,126,144),(126,127,145),(127,128,146),(128,
129,147),(129,130,148),(130,131,149),(131,132,150),(132,133,151),(133,134,
152),(134,135,153),(135,136,154),(136,137,155),(137,138,156),(138,139,157),
(158,141,159),(141,142,160),(142,143,161),(143,144,162),(144,145,163),(145,
146,164),(146,147,165),(147,148,166),(148,149,167),(149,150,168),(150,151,
169),(151,152,170),(152,153,171),(153,154,172),(154,155,173),(155,156,174),
(156,157,175),(176,159,177),(159,160,178),(160,161,179),(161,162,180),(162,
163,181),(163,164,182),(164,165,183),(165,166,184),(166,167,185),(167,168,
186),(168,169,187),(169,170,188),(170,171,189),(171,172,190),(172,173,191),
(173,174,192),(174,175,193),(194,177,195),(177,178,196),(178,179,197),(179,
180,198),(180,181,199),(181,182,200),(182,183,201),(183,184,202),(184,185,
203),(185,186,204),(186,187,205),(187,188,206),(188,189,207),(189,190,208),
(190,191,209),(191,192,210),(192,193,211),(212,195,213),(195,196,214),(196,
197,215),(197,198,216),(198,199,217),(199,200,218),(200,201,219),(201,202,
220),(202,203,221),(203,204,222),(204,205,223),(205,206,224),(206,207,225),
(207,208,226),(208,209,227),(209,210,228),(210,211,229),(230,213,231),(213,
214,232),(214,215,233),(215,216,234),(216,217,235),(217,218,236),(218,219,
237),(219,220,238),(220,221,239),(221,222,240),(222,223,241),(223,224,242),
(224,225,243),(225,226,244),(226,227,245),(227,228,246),(228,229,247),(248,
231,249),(231,232,250),(232,233,251),(233,234,252),(234,235,253),(235,236,
254),(236,237,255),(237,238,256),(238,239,257),(239,240,258),(240,241,259),
(241,242,260),(242,243,261),(243,244,262),(244,245,263),(245,246,264),(246,
247,265),(266,249,267),(249,250,268),(250,251,269),(251,252,270),(252,253,
271),(253,254,272),(254,255,273),(255,256,274),(256,257,275),(257,258,276),
(258,259,277),(259,260,278),(260,261,279),(261,262,280),(262,263,281),(263,
264,282),(264,265,283),(284,267,285),(267,268,286),(268,269,287),(269,270,
288),(270,271,289),(271,272,290),(272,273,291),(273,274,292),(274,275,293),
(275,276,294),(276,277,295),(277,278,296),(278,279,297),(279,280,298),(280,
281,299),(281,282,300),(282,283,301),(1,2,70),(2,3,72),(3,4,74),(4,5,76),
(5,6,78),(6,7,80),(7,8,82),(8,9,84),(9,10,86),(10,11,88),(11,12,90),(12,
13,92),(13,14,94),(14,15,96),(98,96,16),(96,15,16),(17,18,100),(18,19,102),
(19,20,21),(102,21,22),(103,22,23),(121,23,24),(139,24,25),(157,25,26),
(175,26,27),(193,27,28),(211,28,29),(229,29,30),(247,30,31),(265,31,32),
(283,32,33),(301,33,34),(300,301,35),(299,300,36),(299,37,38),(38,298,299),
(297,298,39),(296,297,40),(295,296,41),(294,295,42),(293,294,43),(292,293,
44),(291,292,45),(290,291,46),(289,290,47),(288,289,48),(287,288,49),(286,
287,50),(285,286,51),(302,285,52),(53,302,54),(55,284,302),(56,266,284),
(57,248,266),(58,230,248),(59,212,230),(60,194,212),(61,176,194),(62,158,
176),(63,140,158),(64,122,140),(65,104,122),(66,69,104),(1,69,66),(66,67,
1),(104,65,66),(122,64,65),(140,63,64),(158,62,63),(176,61,62),(194,60,
61),(212,59,60),(230,58,59),(248,57,58),(266,56,57),(284,55,56),(302,53,
55),(54,68,53),(52,54,302),(51,52,285),(50,51,286),(49,50,287),(48,49,288),
(47,48,289),(46,47,290),(45,46,291),(44,45,292),(43,44,293),(42,43,294),
(41,42,295),(40,41,296),(39,40,297),(38,39,298),(36,37,299),(35,36,300),
(34,35,301),(33,301,283),(32,283,265),(31,265,247),(30,247,229),(29,229,
211),(28,211,193),(27,193,175),(26,175,157),(25,157,139),(24,139,121),(23,
121,103),(22,103,102),(21,102,19),(102,100,18),(100,98,17),(16,17,98),(96,
94,14),(94,92,13),(92,90,12),(90,88,11),(88,86,10),(86,84,9),(84,82,8),
(82,80,7),(80,78,6),(78,76,5),(76,74,4),(74,72,3),(72,70,2),(70,69,1),(301,
300,282),(300,299,281),(299,298,280),(298,297,279),(297,296,278),(296,295,
277),(295,294,276),(294,293,275),(293,292,274),(292,291,273),(291,290,272),
(290,289,271),(289,288,270),(288,287,269),(287,286,268),(286,285,267),(285,
302,284),(283,282,264),(282,281,263),(281,280,262),(280,279,261),(279,278,
260),(278,277,259),(277,276,258),(276,275,257),(275,274,256),(274,273,255),
(273,272,254),(272,271,253),(271,270,252),(270,269,251),(269,268,250),(268,
267,249),(267,284,266),(265,264,246),(264,263,245),(263,262,244),(262,261,
243),(261,260,242),(260,259,241),(259,258,240),(258,257,239),(257,256,238),
(256,255,237),(255,254,236),(254,253,235),(253,252,234),(252,251,233),(251,
250,232),(250,249,231),(249,266,248),(247,246,228),(246,245,227),(245,244,
226),(244,243,225),(243,242,224),(242,241,223),(241,240,222),(240,239,221),
(239,238,220),(238,237,219),(237,236,218),(236,235,217),(235,234,216),(234,
233,215),(233,232,214),(232,231,213),(231,248,230),(229,228,210),(228,227,
209),(227,226,208),(226,225,207),(225,224,206),(224,223,205),(223,222,204),
(222,221,203),(221,220,202),(220,219,201),(219,218,200),(218,217,199),(217,
216,198),(216,215,197),(215,214,196),(214,213,195),(213,230,212),(211,210,
192),(210,209,191),(209,208,190),(208,207,189),(207,206,188),(206,205,187),
(205,204,186),(204,203,185),(203,202,184),(202,201,183),(201,200,182),(200,
199,181),(199,198,180),(198,197,179),(197,196,178),(196,195,177),(195,212,
194),(193,192,174),(192,191,173),(191,190,172),(190,189,171),(189,188,170),
(188,187,169),(187,186,168),(186,185,167),(185,184,166),(184,183,165),(183,
182,164),(182,181,163),(181,180,162),(180,179,161),(179,178,160),(178,177,
159),(177,194,176),(175,174,156),(174,173,155),(173,172,154),(172,171,153),
(171,170,152),(170,169,151),(169,168,150),(168,167,149),(167,166,148),(166,
165,147),(165,164,146),(164,163,145),(163,162,144),(162,161,143),(161,160,
142),(160,159,141),(159,176,158),(157,156,138),(156,155,137),(155,154,136),
(154,153,135),(153,152,134),(152,151,133),(151,150,132),(150,149,131),(149,
148,130),(148,147,129),(147,146,128),(146,145,127),(145,144,126),(144,143,
125),(143,142,124),(142,141,123),(141,158,140),(139,138,120),(138,137,119),
(137,136,118),(136,135,117),(135,134,116),(134,133,115),(133,132,114),(132,
131,113),(131,130,112),(130,129,111),(129,128,110),(128,127,109),(127,126,
108),(126,125,107),(125,124,106),(124,123,105),(123,140,122),(121,120,101),
(120,119,99),(119,118,97),(118,117,95),(117,116,93),(116,115,91),(115,114,
89),(114,113,87),(113,112,85),(112,111,83),(111,110,81),(110,109,79),(109,
108,77),(108,107,75),(107,106,73),(106,105,71),(105,122,104),(103,101,100),
(101,99,98),(99,97,96),(97,95,94),(95,93,92),(93,91,90),(91,89,88),(89,
87,86),(87,85,84),(85,83,82),(83,81,80),(81,79,78),(79,77,76),(77,75,74),
(75,73,72),(73,71,70),(71,104,69)),());
#2406=COMPLEX_TRIANGULATED_FACE($,#4477,73,((0.,0.,-1.),(0.,0.,-1.),(0.,
0.,-1.),(0.,0.,-1.),(0.,0.,-1.),(0.,0.,-1.),(0.,0.,-1.),(0.,0.,-1.),(0.,
0.,-1.),(0.,0.,-1.),(0.,0.,-1.),(0.,0.,-1.),(0.,0.,-1.),(0.,0.,-1.),(0.,
0.,-1.),(0.,0.,-1.),(0.,0.,-1.),(0.,0.,-1.),(0.,0.,-1.),(0.,0.,-1.),(0.,
0.,-1.),(0.,0.,-1.),(0.,0.,-1.),(0.,0.,-1.),(0.,0.,-1.),(0.,0.,-1.),(0.,
0.,-1.),(0.,0.,-1.),(0.,0.,-1.),(0.,0.,-1.),(0.,0.,-1.),(0.,0.,-1.),(0.,
0.,-1.),(0.,0.,-1.),(0.,0.,-1.),(0.,0.,-1.),(0.,0.,-1.),(0.,0.,-1.),(0.,
0.,-1.),(0.,0.,-1.),(0.,0.,-1.),(0.,0.,-1.),(0.,0.,-1.),(0.,0.,-1.),(0.,
0.,-1.),(0.,0.,-1.),(0.,0.,-1.),(0.,0.,-1.),(0.,0.,-1.),(0.,0.,-1.),(0.,
0.,-1.),(0.,0.,-1.),(0.,0.,-1.),(0.,0.,-1.),(0.,0.,-1.),(0.,0.,-1.),(0.,
0.,-1.),(0.,0.,-1.),(0.,0.,-1.),(0.,0.,-1.),(0.,0.,-1.),(0.,0.,-1.),(0.,
0.,-1.),(0.,0.,-1.),(0.,0.,-1.),(0.,0.,-1.),(0.,0.,-1.),(0.,0.,-1.),(0.,
0.,-1.),(0.,0.,-1.),(0.,0.,-1.),(0.,0.,-1.),(0.,0.,-1.)),$,(59,43,46,71,
55,57,65,48,53,61,51,44,40,41,38,28,20,32,73,69,67,63,33,35,49,52,37,15,
30,54,13,11,27,7,5,21,56,9,23,24,4,6,62,64,45,42,3,18,1,17,2,26,34,31,8,
10,70,72,66,68,60,50,58,47,22,19,29,36,39,12,14,16,25),((1,2,3),(4,5,6),
(7,8,9),(3,10,1),(11,12,13),(14,15,13),(16,17,18),(6,19,4),(20,21,9),(9,
21,7),(22,10,3),(13,2,11),(13,12,14),(23,24,15),(24,23,16),(25,19,26),(9,
5,20),(3,8,22),(14,27,15),(18,24,16),(28,29,18),(19,30,26),(7,22,8),(15,
27,23),(18,17,28),(31,32,33),(34,35,36),(19,37,30),(1,11,2),(33,29,31),
(38,39,33),(39,38,34),(40,41,42),(25,43,44),(25,45,46),(19,6,37),(28,31,
29),(36,39,34),(35,47,48),(49,50,48),(51,40,52),(40,53,54),(40,55,56),(40,
51,41),(25,57,58),(25,59,60),(25,61,43),(25,62,63),(25,64,45),(4,20,5),
(48,36,35),(48,47,49),(51,65,66),(40,67,52),(40,68,53),(40,46,69),(40,70,
71),(42,55,40),(60,57,25),(63,61,25),(26,64,25),(49,51,50),(52,65,51),(69,
68,40),(56,70,40),(44,59,25),(33,32,38),(54,67,40),(71,72,40),(46,40,25),
(72,73,40),(66,50,51),(58,19,25)),());
#2407=COMPLEX_TRIANGULATED_FACE($,#4480,4,((-0.796529917997232,0.604599114897899,
0.),(-0.796529917997232,0.604599114897899,0.),(-0.796529917997232,0.604599114897899,
0.),(-0.796529917997232,0.604599114897899,0.)),$,(1,2,4,3),((1,2,3),(3,
4,1)),());
#2408=COMPLEX_TRIANGULATED_FACE($,#4484,4,((0.937281989500004,-0.348572047300001,
0.),(0.937281989500004,-0.348572047300001,0.),(0.937281989500004,-0.348572047300001,
0.),(0.937281989500004,-0.348572047300001,0.)),$,(2,1,3,4),((1,2,3),(3,
4,1)),());
#2409=COMPLEX_TRIANGULATED_FACE($,#4486,4,((-0.207911690807643,-0.978147600735956,
0.),(-0.207911690807643,-0.978147600735956,0.),(-0.207911690807643,-0.978147600735956,
0.),(-0.207911690807643,-0.978147600735956,0.)),$,(3,4,2,1),((1,2,3),(3,
4,1)),());
#2410=COMPLEX_TRIANGULATED_FACE($,#4492,56,((0.,0.,1.),(0.,0.,1.),(0.,0.,
1.),(0.,0.,1.),(0.,0.,1.),(0.,0.,1.),(0.,0.,1.),(0.,0.,1.),(0.,0.,1.),(0.,
0.,1.),(0.,0.,1.),(0.,0.,1.),(0.,0.,1.),(0.,0.,1.),(0.,0.,1.),(0.,0.,1.),
(0.,0.,1.),(0.,0.,1.),(0.,0.,1.),(0.,0.,1.),(0.,0.,1.),(0.,0.,1.),(0.,0.,
1.),(0.,0.,1.),(0.,0.,1.),(0.,0.,1.),(0.,0.,1.),(0.,0.,1.),(0.,0.,1.),(0.,
0.,1.),(0.,0.,1.),(0.,0.,1.),(0.,0.,1.),(0.,0.,1.),(0.,0.,1.),(0.,0.,1.),
(0.,0.,1.),(0.,0.,1.),(0.,0.,1.),(0.,0.,1.),(0.,0.,1.),(0.,0.,1.),(0.,0.,
1.),(0.,0.,1.),(0.,0.,1.),(0.,0.,1.),(0.,0.,1.),(0.,0.,1.),(0.,0.,1.),(0.,
0.,1.),(0.,0.,1.),(0.,0.,1.),(0.,0.,1.),(0.,0.,1.),(0.,0.,1.),(0.,0.,1.)),
$,(14,9,11,6,4,2,1,12,10,43,48,46,51,53,55,56,45,47,15,17,7,3,8,21,20,18,
42,40,50,54,49,36,37,39,19,13,5,16,26,24,38,44,52,41,31,33,22,29,35,28,
23,25,34,32,27,30),((1,2,3),(4,5,6),(7,8,9),(10,11,12),(13,14,15),(16,17,
18),(1,19,20),(1,21,2),(1,7,22),(7,23,4),(7,1,8),(24,25,26),(10,27,28),
(10,29,11),(10,16,30),(16,31,13),(16,10,17),(32,33,34),(20,35,1),(3,36,
1),(22,37,1),(9,23,7),(26,38,24),(24,39,40),(28,41,10),(12,42,10),(30,43,
10),(18,31,16),(34,44,32),(32,45,46),(36,19,1),(6,7,4),(24,47,25),(24,48,
39),(42,27,10),(15,16,13),(32,49,33),(32,50,45),(48,51,52),(37,21,1),(40,
47,24),(50,53,54),(43,29,10),(46,49,32),(48,24,51),(38,1,24),(50,32,53),
(44,10,32),(35,24,1),(41,32,10),(52,55,48),(54,56,50),(56,48,50),(55,50,
48)),());
#2411=COMPLEX_TRIANGULATED_FACE($,#4493,4,((0.499999999993262,0.866025403788329,
0.),(0.499999999993262,0.866025403788329,0.),(0.499999999993262,0.866025403788329,
0.),(0.499999999993262,0.866025403788329,0.)),$,(1,2,4,3),((1,2,3),(3,4,
1)),());
#2412=COMPLEX_TRIANGULATED_FACE($,#4494,4,((0.913545457626561,0.406736643111826,
0.),(0.913545457626561,0.406736643111826,0.),(0.913545457626561,0.406736643111826,
0.),(0.913545457626561,0.406736643111826,0.)),$,(1,2,4,3),((1,2,3),(3,4,
1)),());
#2413=COMPLEX_TRIANGULATED_FACE($,#4495,302,((0.,0.,1.),(0.,0.,1.),(0.,
0.,1.),(0.,0.,1.),(0.,0.,1.),(0.,0.,1.),(0.,0.,1.),(0.,0.,1.),(0.,0.,1.),
(0.,0.,1.),(0.,0.,1.),(0.,0.,1.),(0.,0.,1.),(0.,0.,1.),(0.,0.,1.),(0.,0.,
1.),(0.,0.,1.),(0.,0.,1.),(0.,0.,1.),(0.,0.,1.),(0.0429753739513029,-0.0786658943534388,
0.995974293995241),(0.158344217168196,-0.289847145328995,0.943883330308372),
(0.264114082049191,-0.483457584319802,0.83457325372131),(0.353873097925824,
-0.647760360794091,0.674670545932079),(0.422179987154615,-0.772795282835094,
0.473868662473007),(0.464893920587367,-0.850982613529368,0.244340406137897),
(0.479425538606185,-0.87758256188929,0.),(0.464893920587367,-0.850982613529368,
-0.244340406137897),(0.422179987154615,-0.772795282835094,-0.473868662473007),
(0.35387309792582,-0.647760360794085,-0.674670545932087),(0.264114082049189,
-0.483457584319799,-0.834573253721313),(0.158344217168187,-0.289847145328981,
-0.943883330308378),(0.0429753739512994,-0.078665894353432,-0.995974293995242),
(0.,0.,-1.),(0.,0.,-1.),(0.,0.,-1.),(0.,0.,-1.),(0.,0.,-1.),(0.,0.,-1.),
(0.,0.,-1.),(0.,0.,-1.),(0.,0.,-1.),(0.,0.,-1.),(0.,0.,-1.),(0.,0.,-1.),
(0.,0.,-1.),(0.,0.,-1.),(0.,0.,-1.),(0.,0.,-1.),(0.,0.,-1.),(0.,0.,-1.),
(0.,0.,-1.),(-0.0429753739462739,0.0786658943561849,-0.995974293995241),
(0.,0.,-1.),(-0.158344217149665,0.289847145339114,-0.943883330308373),(-0.264114082018285,
0.483457584336684,-0.834573253721312),(-0.353873097884412,0.647760360816703,
-0.674670545932089),(-0.422179987105215,0.772795282862081,-0.473868662473007),
(-0.46489392053297,0.850982613559086,-0.244340406137896),(-0.479425538550088,
0.877582561919936,0.),(-0.46489392053297,0.850982613559086,0.244340406137896),
(-0.422179987105215,0.772795282862081,0.473868662473007),(-0.353873097884418,
0.647760360816714,0.674670545932076),(-0.264114082018286,0.483457584336686,
0.83457325372131),(-0.158344217149667,0.289847145339116,0.943883330308373),
(-0.0429753739462773,0.0786658943561901,0.995974293995241),(0.,0.,1.),(0.,
0.,-1.),(-0.0449130318597307,0.0775759322847486,0.995974293995241),(-0.0582041708451794,
0.0681724298885279,0.995974293995241),(-0.214455233800802,0.251183621005469,
0.943883330308373),(-0.0695751629501375,0.056519929238658,0.995974293995241),
(-0.256352038359747,0.208249588702544,0.943883330308373),(-0.0786508808477938,
0.0430028445866925,0.995974293995241),(-0.289791827560235,0.15844543365233,
0.943883330308373),(-0.0851319179637337,0.0280671025312053,0.995974293995241),
(-0.313671427763932,0.103414187472087,0.943883330308373),(-0.0888044658539952,
0.0122054309660777,0.995974293995241),(-0.327203054535932,0.0449713227327343,
0.943883330308373),(-0.0895473677136182,-0.00405889593893767,0.995974293995241),
(-0.329940301535297,-0.014955139209411,0.943883330308373),(-0.0873361153214987,
-0.0201893204747205,0.995974293995241),(-0.321792867393404,-0.0743882333484716,
0.943883330308373),(-0.0822436575629319,-0.0356537023512603,0.995974293995241),
(-0.303029534742569,-0.131367270808515,0.943883330308373),(-0.0744379938568112,
-0.0499418739261396,0.995974293995241),(-0.274269303117258,-0.184012521675971,
0.943883330308373),(-0.0641766318799544,-0.0625824705586628,0.995974293995241),
(-0.236460968252133,-0.230587227008001,0.943883330308373),(-0.0517980924274066,
-0.0731584808587693,0.995974293995241),(-0.190851821452845,-0.26955489424996,
0.943883330308373),(-0.0377107416621026,-0.0813210038303465,0.995974293995241),
(-0.138946501642634,-0.299629985894685,0.943883330308373),(-0.0223793191763014,
-0.0868007590628464,0.995974293995241),(-0.0824573575495578,-0.319820329172365,
0.943883330308373),(-0.00630960630202992,-0.0894169702517059,0.995974293995241),
(-0.0232479575783686,-0.329459847681641,0.943883330308373),(0.00996825953932343,
-0.0890833289815651,0.995974293995241),(0.036728389032102,-0.328230535150346,
0.943883330308373),(0.0259172739911558,-0.0858108420279654,0.995974293995241),
(0.0954930715882385,-0.316172946414805,0.943883330308373),(0.0410112814549614,
-0.0797074682454725,0.995974293995241),(0.151107452012139,-0.29368485952186,
0.943883330308373),(-0.165483583192031,0.285831143264519,0.943883330308373),
(-0.357705814767958,0.418967820070013,0.834573253721309),(-0.427588607299156,
0.347354958336564,0.834573253721309),(-0.483365315704137,0.264282908541712,
0.834573253721309),(-0.523195874724818,0.172492205168698,0.834573253721309),
(-0.545766280183469,0.0750110097767423,0.834573253721309),(-0.55033193778378,
-0.0249447875953427,0.834573253721309),(-0.536742227165194,-0.124077660159975,
0.834573253721309),(-0.505445470846049,-0.219117229295744,0.834573253721309),
(-0.457474144130828,-0.306928153848411,0.834573253721309),(-0.394410813904477,
-0.384613564566092,0.834573253721309),(-0.318335929987844,-0.44961063138209,
0.834573253721309),(-0.231759191409624,-0.49977511079503,0.834573253721309),
(-0.137536751811217,-0.533452084140879,0.834573253721309),(-0.0387769953657816,
-0.549530553111862,0.834573253721309),(0.0612620083501707,-0.547480091424273,
0.834573253721309),(0.159279987584234,-0.527368343502142,0.834573253721309),
(0.252043343879024,-0.489858792897818,0.834573253721309),(-0.276022360971659,
0.47675899615703,0.834573253721309),(-0.479271926115785,0.561353787988445,
0.674670545932079),(-0.572904344701162,0.465403337197149,0.674670545932079),
(-0.647636734743507,0.354099300002808,0.674670545932079),(-0.701003685886008,
0.231113579925417,0.674670545932079),(-0.731244630401822,0.100503457454026,
0.674670545932079),(-0.737361924059757,-0.0334222590290417,0.674670545932079),
(-0.71915375825806,-0.166245380191505,0.674670545932079),(-0.677220817659978,
-0.293584091155603,0.674670545932079),(-0.612946463696658,-0.411237506914765,
0.674670545932079),(-0.52845109768069,-0.515324258900922,0.674670545932079),
(-0.426522209084312,-0.602410540752358,0.674670545932079),(-0.31052241667914,
-0.669623389071392,0.674670545932079),(-0.184278536246414,-0.71474546205666,
0.674670545932079),(-0.0519553344974184,-0.736288189277114,0.674670545932079),
(0.0820818659566776,-0.733540879387632,0.674670545932079),(0.213411197944083,
-0.706594165730075,0.674670545932079),(0.337700126468236,-0.656337016352915,
0.674670545932079),(-0.369828398455668,0.638785261373043,0.674670545932079),
(-0.57178411356249,0.669709950802287,0.473868662473006),(-0.683490071170819,
0.555238519320258,0.473868662473006),(-0.772647793679367,0.422449852229172,
0.473868662473006),(-0.836315981173361,0.275724627772134,0.473868662473006),
(-0.872394229681266,0.119903289132843,0.473868662473006),(-0.879692323187286,
-0.0398736410602104,0.473868662473006),(-0.8579694986795,-0.198335145805503,
0.473868662473006),(-0.80794238888557,-0.350253603790057,0.473868662473006),
(-0.731261380666365,-0.490617247833751,0.473868662473006),(-0.630456169000562,
-0.614795502338117,0.473868662473006),(-0.508852302726096,-0.718691745281934,
0.473868662473006),(-0.370461475181984,-0.798878455168263,0.473868662473006),
(-0.219849179045789,-0.852710284445388,0.473868662473006),(-0.0619840914138424,
-0.87841132912642,0.473868662473006),(0.0979258421121367,-0.875133715595892,
0.473868662473006),(0.254605216770587,-0.842985571833376,0.473868662473006),
(0.402885203453234,-0.783027460287625,0.473868662473006),(-0.441215083668646,
0.76208775129201,0.473868662473006),(-0.629634199563058,0.737467653981485,
0.244340406137896),(-0.752641973890559,0.611414609791499,0.244340406137896),
(-0.850820202202599,0.46519108917981,0.244340406137896),(-0.920929999448706,
0.303620984195386,0.244340406137896),(-0.960658453916214,0.132034468407602,
0.244340406137896),(-0.968694929841313,-0.0439078447216542,0.244340406137896),
(-0.944774305086646,-0.218401644628454,0.244340406137896),(-0.889685717480911,
-0.385690406983172,0.244340406137896),(-0.805246531280068,-0.540255300566118,
0.244340406137896),(-0.69424238259267,-0.676997252683067,0.244340406137896),
(-0.560335281661772,-0.79140516680989,0.244340406137896),(-0.407942803695377,
-0.879704742991376,0.244340406137896),(-0.242092353721825,-0.938982991431577,
0.244340406137896),(-0.0682553132507285,-0.967284331590982,0.244340406137896),
(0.107833459783725,-0.963675106495669,0.244340406137896),(0.280364823127266,
-0.928274383941076,0.244340406137896),(0.443646992938627,-0.862250028463253,
0.244340406137896),(-0.485854887275554,0.839191750697555,0.244340406137896),
(-0.649315256411629,0.760519360562965,0.),(-0.776167998183776,0.630526160119776,
0.),(-0.877415073921896,0.479731996071383,0.),(-0.949716357758471,0.313111545309308,
0.),(-0.990686641166376,0.136161591553875,0.),(-0.998974320631013,-0.0452803127176181,
0.),(-0.97430598684787,-0.225228426252986,0.),(-0.917495444454533,-0.397746287732744,
0.),(-0.830416864737551,-0.55714255874009,0.),(-0.715942957002344,-0.698158780163036,
0.),(-0.577850198323381,-0.816142847973091,0.),(-0.420694248130998,-0.90720248544054,
0.),(-0.249659657688971,-0.968333648760914,0.),(-0.0703888325246771,-0.997519630010263,
0.),(0.111204109684341,-0.99379758803758,0.),(0.289128444966956,-0.957290312450193,
0.),(0.457514476145196,-0.889202172803005,0.),(-0.501041701561153,0.865423141183955,
0.),(-0.629634199563058,0.737467653981485,-0.244340406137897),(-0.752641973890559,
0.611414609791499,-0.244340406137897),(-0.850820202202598,0.465191089179809,
-0.244340406137897),(-0.920929999448706,0.303620984195386,-0.244340406137897),
(-0.960658453916213,0.132034468407602,-0.244340406137897),(-0.968694929841313,
-0.0439078447216542,-0.244340406137897),(-0.944774305086645,-0.218401644628454,
-0.244340406137897),(-0.88968571748091,-0.385690406983172,-0.244340406137897),
(-0.805246531280067,-0.540255300566118,-0.244340406137897),(-0.694242382592669,
-0.676997252683067,-0.244340406137897),(-0.560335281661772,-0.79140516680989,
-0.244340406137897),(-0.407942803695377,-0.879704742991375,-0.244340406137897),
(-0.242092353721825,-0.938982991431577,-0.244340406137897),(-0.0682553132507285,
-0.967284331590981,-0.244340406137897),(0.107833459783725,-0.963675106495668,
-0.244340406137897),(0.280364823127266,-0.928274383941075,-0.244340406137897),
(0.443646992938627,-0.862250028463253,-0.244340406137897),(-0.485854887275554,
0.839191750697555,-0.244340406137897),(-0.571784113562489,0.669709950802286,
-0.473868662473008),(-0.683490071170818,0.555238519320257,-0.473868662473008),
(-0.772647793679367,0.422449852229172,-0.473868662473008),(-0.83631598117336,
0.275724627772134,-0.473868662473008),(-0.872394229681265,0.119903289132843,
-0.473868662473008),(-0.879692323187285,-0.0398736410602104,-0.473868662473008),
(-0.857969498679499,-0.198335145805503,-0.473868662473008),(-0.807942388885569,
-0.350253603790057,-0.473868662473008),(-0.731261380666364,-0.490617247833751,
-0.473868662473008),(-0.630456169000561,-0.614795502338117,-0.473868662473008),
(-0.508852302726096,-0.718691745281933,-0.473868662473008),(-0.370461475181984,
-0.798878455168262,-0.473868662473008),(-0.219849179045789,-0.852710284445387,
-0.473868662473008),(-0.0619840914138423,-0.878411329126419,-0.473868662473008),
(0.0979258421121366,-0.875133715595891,-0.473868662473008),(0.254605216770587,
-0.842985571833375,-0.473868662473008),(0.402885203453233,-0.783027460287624,
-0.473868662473008),(-0.441215083668646,0.76208775129201,-0.473868662473008),
(-0.479271926115779,0.561353787988439,-0.674670545932088),(-0.572904344701155,
0.465403337197143,-0.674670545932088),(-0.6476367347435,0.354099300002804,
-0.674670545932088),(-0.701003685886,0.231113579925414,-0.674670545932088),
(-0.731244630401814,0.100503457454025,-0.674670545932088),(-0.737361924059748,
-0.0334222590290412,-0.674670545932088),(-0.719153758258052,-0.166245380191503,
-0.674670545932088),(-0.67722081765997,-0.293584091155599,-0.674670545932088),
(-0.612946463696651,-0.41123750691476,-0.674670545932088),(-0.528451097680683,
-0.515324258900916,-0.674670545932088),(-0.426522209084308,-0.602410540752351,
-0.674670545932088),(-0.310522416679137,-0.669623389071384,-0.674670545932088),
(-0.184278536246412,-0.714745462056652,-0.674670545932088),(-0.0519553344974179,
-0.736288189277105,-0.674670545932088),(0.0820818659566765,-0.733540879387623,
-0.674670545932088),(0.21341119794408,-0.706594165730067,-0.674670545932088),
(0.337700126468232,-0.656337016352908,-0.674670545932088),(-0.369828398455663,
0.638785261373036,-0.674670545932088),(-0.357705814767954,0.418967820070008,
-0.834573253721313),(-0.427588607299151,0.34735495833656,-0.834573253721313),
(-0.483365315704132,0.264282908541709,-0.834573253721313),(-0.523195874724812,
0.172492205168696,-0.834573253721313),(-0.545766280183463,0.0750110097767415,
-0.834573253721313),(-0.550331937783774,-0.0249447875953423,-0.834573253721313),
(-0.536742227165188,-0.124077660159974,-0.834573253721313),(-0.505445470846043,
-0.219117229295742,-0.834573253721313),(-0.457474144130823,-0.306928153848407,
-0.834573253721313),(-0.394410813904473,-0.384613564566088,-0.834573253721313),
(-0.31833592998784,-0.449610631382085,-0.834573253721313),(-0.231759191409622,
-0.499775110795024,-0.834573253721313),(-0.137536751811215,-0.533452084140873,
-0.834573253721313),(-0.0387769953657812,-0.549530553111856,-0.834573253721313),
(0.0612620083501699,-0.547480091424267,-0.834573253721313),(0.159279987584232,
-0.527368343502136,-0.834573253721313),(0.252043343879021,-0.489858792897812,
-0.834573253721313),(-0.276022360971656,0.476758996157024,-0.834573253721313),
(-0.214455233800798,0.251183621005463,-0.943883330308375),(-0.256352038359741,
0.208249588702539,-0.943883330308375),(-0.289791827560228,0.158445433652326,
-0.943883330308375),(-0.313671427763925,0.103414187472084,-0.943883330308375),
(-0.327203054535924,0.0449713227327333,-0.943883330308375),(-0.32994030153529,
-0.0149551392094106,-0.943883330308375),(-0.321792867393397,-0.0743882333484698,
-0.943883330308375),(-0.303029534742562,-0.131367270808512,-0.943883330308375),
(-0.274269303117251,-0.184012521675966,-0.943883330308375),(-0.236460968252127,
-0.230587227007996,-0.943883330308375),(-0.190851821452841,-0.269554894249953,
-0.943883330308375),(-0.138946501642631,-0.299629985894678,-0.943883330308375),
(-0.082457357549556,-0.319820329172358,-0.943883330308375),(-0.0232479575783682,
-0.329459847681633,-0.943883330308375),(0.0367283890321011,-0.328230535150338,
-0.943883330308375),(0.0954930715882363,-0.316172946414798,-0.943883330308375),
(0.151107452012135,-0.293684859521854,-0.943883330308375),(-0.165483583192028,
0.285831143264512,-0.943883330308375),(-0.0582041708451759,0.0681724298885239,
-0.995974293995242),(-0.0695751629501333,0.0565199292386546,-0.995974293995242),
(-0.0786508808477891,0.0430028445866899,-0.995974293995242),(-0.0851319179637287,
0.0280671025312036,-0.995974293995242),(-0.0888044658539899,0.012205430966077,
-0.995974293995242),(-0.0895473677136129,-0.00405889593893741,-0.995974293995242),
(-0.0873361153214934,-0.0201893204747193,-0.995974293995242),(-0.082243657562927,
-0.0356537023512582,-0.995974293995242),(-0.0744379938568067,-0.0499418739261366,
-0.995974293995242),(-0.0641766318799506,-0.0625824705586591,-0.995974293995242),
(-0.0517980924274035,-0.0731584808587649,-0.995974293995242),(-0.0377107416621003,
-0.0813210038303417,-0.995974293995242),(-0.0223793191763,-0.0868007590628412,
-0.995974293995242),(-0.00630960630202955,-0.0894169702517006,-0.995974293995242),
(0.00996825953932283,-0.0890833289815598,-0.995974293995242),(0.0259172739911543,
-0.0858108420279603,-0.995974293995242),(0.0410112814549589,-0.0797074682454678,
-0.995974293995242),(-0.0449130318597281,0.077575932284744,-0.995974293995242)),
$,(167,137,106,70,26,6,2,12,48,87,122,152,197,212,227,242,256,271,293,301,
300,298,296,291,287,285,284,286,288,292,295,297,299,302,294,272,257,241,
226,211,196,151,121,86,47,11,1,5,25,69,105,136,177,166,183,188,190,192,
194,195,193,191,189,187,182,176,175,174,168,138,141,108,110,73,80,27,41,
7,13,3,9,15,22,53,60,91,95,124,126,154,156,199,201,214,216,229,231,255,
253,270,268,289,283,170,142,112,83,51,20,17,33,67,98,127,158,203,217,233,
250,265,281,172,145,114,84,58,30,24,45,72,100,130,160,205,219,235,249,264,
279,178,146,116,88,62,37,31,49,75,101,131,161,206,221,236,246,261,276,180,
148,118,92,64,42,35,55,77,103,133,163,208,223,238,244,259,274,184,150,120,
94,66,46,39,57,81,107,135,165,210,225,240,243,258,273,186,149,119,93,65,
43,36,56,78,104,134,164,209,224,239,245,260,275,185,147,117,89,63,38,32,
50,76,102,132,162,207,222,237,247,262,277,181,144,115,85,59,29,23,44,71,
99,129,159,204,220,234,248,263,278,179,143,113,82,52,19,18,34,68,97,128,
157,202,218,232,251,266,280,173,140,111,79,40,14,10,21,61,96,125,155,200,
215,230,252,267,282,171,139,109,74,28,8,4,16,54,90,123,153,198,213,228,
254,269,290,169),((69,70,71),(70,72,73),(72,74,75),(74,76,77),(76,78,79),
(78,80,81),(80,82,83),(82,84,85),(84,86,87),(86,88,89),(88,90,91),(90,92,
93),(92,94,95),(94,96,97),(96,98,99),(98,100,101),(100,102,103),(104,71,
105),(71,73,106),(73,75,107),(75,77,108),(77,79,109),(79,81,110),(81,83,
111),(83,85,112),(85,87,113),(87,89,114),(89,91,115),(91,93,116),(93,95,
117),(95,97,118),(97,99,119),(99,101,120),(101,103,121),(122,105,123),(105,
106,124),(106,107,125),(107,108,126),(108,109,127),(109,110,128),(110,111,
129),(111,112,130),(112,113,131),(113,114,132),(114,115,133),(115,116,134),
(116,117,135),(117,118,136),(118,119,137),(119,120,138),(120,121,139),(140,
123,141),(123,124,142),(124,125,143),(125,126,144),(126,127,145),(127,128,
146),(128,129,147),(129,130,148),(130,131,149),(131,132,150),(132,133,151),
(133,134,152),(134,135,153),(135,136,154),(136,137,155),(137,138,156),(138,
139,157),(158,141,159),(141,142,160),(142,143,161),(143,144,162),(144,145,
163),(145,146,164),(146,147,165),(147,148,166),(148,149,167),(149,150,168),
(150,151,169),(151,152,170),(152,153,171),(153,154,172),(154,155,173),(155,
156,174),(156,157,175),(176,159,177),(159,160,178),(160,161,179),(161,162,
180),(162,163,181),(163,164,182),(164,165,183),(165,166,184),(166,167,185),
(167,168,186),(168,169,187),(169,170,188),(170,171,189),(171,172,190),(172,
173,191),(173,174,192),(174,175,193),(194,177,195),(177,178,196),(178,179,
197),(179,180,198),(180,181,199),(181,182,200),(182,183,201),(183,184,202),
(184,185,203),(185,186,204),(186,187,205),(187,188,206),(188,189,207),(189,
190,208),(190,191,209),(191,192,210),(192,193,211),(212,195,213),(195,196,
214),(196,197,215),(197,198,216),(198,199,217),(199,200,218),(200,201,219),
(201,202,220),(202,203,221),(203,204,222),(204,205,223),(205,206,224),(206,
207,225),(207,208,226),(208,209,227),(209,210,228),(210,211,229),(230,213,
231),(213,214,232),(214,215,233),(215,216,234),(216,217,235),(217,218,236),
(218,219,237),(219,220,238),(220,221,239),(221,222,240),(222,223,241),(223,
224,242),(224,225,243),(225,226,244),(226,227,245),(227,228,246),(228,229,
247),(248,231,249),(231,232,250),(232,233,251),(233,234,252),(234,235,253),
(235,236,254),(236,237,255),(237,238,256),(238,239,257),(239,240,258),(240,
241,259),(241,242,260),(242,243,261),(243,244,262),(244,245,263),(245,246,
264),(246,247,265),(266,249,267),(249,250,268),(250,251,269),(251,252,270),
(252,253,271),(253,254,272),(254,255,273),(255,256,274),(256,257,275),(257,
258,276),(258,259,277),(259,260,278),(260,261,279),(261,262,280),(262,263,
281),(263,264,282),(264,265,283),(284,267,285),(267,268,286),(268,269,287),
(269,270,288),(270,271,289),(271,272,290),(272,273,291),(273,274,292),(274,
275,293),(275,276,294),(276,277,295),(277,278,296),(278,279,297),(279,280,
298),(280,281,299),(281,282,300),(282,283,301),(1,2,70),(2,3,72),(3,4,74),
(4,5,76),(5,6,78),(6,7,80),(7,8,82),(8,9,84),(9,10,86),(10,11,88),(11,12,
90),(12,13,92),(13,14,94),(14,15,96),(98,96,16),(96,15,16),(17,18,100),
(18,19,102),(20,21,102),(102,21,22),(103,22,23),(121,23,24),(139,24,25),
(157,25,26),(175,26,27),(193,27,28),(211,28,29),(229,29,30),(247,30,31),
(265,31,32),(283,32,33),(34,35,301),(300,301,35),(299,300,36),(299,37,38),
(38,298,299),(297,298,39),(296,297,40),(295,296,41),(294,295,42),(293,294,
43),(292,293,44),(291,292,45),(290,291,46),(289,290,47),(288,289,48),(287,
288,49),(286,287,50),(285,286,51),(302,285,52),(53,302,54),(55,284,302),
(56,266,284),(57,248,266),(58,230,248),(59,212,230),(60,194,212),(61,176,
194),(62,158,176),(63,140,158),(64,122,140),(65,104,122),(66,69,104),(1,
69,66),(66,67,1),(104,65,66),(122,64,65),(140,63,64),(158,62,63),(176,61,
62),(194,60,61),(212,59,60),(230,58,59),(248,57,58),(266,56,57),(284,55,
56),(302,53,55),(54,68,53),(52,54,302),(51,52,285),(50,51,286),(49,50,287),
(48,49,288),(47,48,289),(46,47,290),(45,46,291),(44,45,292),(43,44,293),
(42,43,294),(41,42,295),(40,41,296),(39,40,297),(38,39,298),(36,37,299),
(35,36,300),(301,33,34),(33,301,283),(32,283,265),(31,265,247),(30,247,
229),(29,229,211),(28,211,193),(27,193,175),(26,175,157),(25,157,139),(24,
139,121),(23,121,103),(22,103,102),(102,19,20),(102,100,18),(100,98,17),
(16,17,98),(96,94,14),(94,92,13),(92,90,12),(90,88,11),(88,86,10),(86,84,
9),(84,82,8),(82,80,7),(80,78,6),(78,76,5),(76,74,4),(74,72,3),(72,70,2),
(70,69,1),(301,300,282),(300,299,281),(299,298,280),(298,297,279),(297,
296,278),(296,295,277),(295,294,276),(294,293,275),(293,292,274),(292,291,
273),(291,290,272),(290,289,271),(289,288,270),(288,287,269),(287,286,268),
(286,285,267),(285,302,284),(283,282,264),(282,281,263),(281,280,262),(280,
279,261),(279,278,260),(278,277,259),(277,276,258),(276,275,257),(275,274,
256),(274,273,255),(273,272,254),(272,271,253),(271,270,252),(270,269,251),
(269,268,250),(268,267,249),(267,284,266),(265,264,246),(264,263,245),(263,
262,244),(262,261,243),(261,260,242),(260,259,241),(259,258,240),(258,257,
239),(257,256,238),(256,255,237),(255,254,236),(254,253,235),(253,252,234),
(252,251,233),(251,250,232),(250,249,231),(249,266,248),(247,246,228),(246,
245,227),(245,244,226),(244,243,225),(243,242,224),(242,241,223),(241,240,
222),(240,239,221),(239,238,220),(238,237,219),(237,236,218),(236,235,217),
(235,234,216),(234,233,215),(233,232,214),(232,231,213),(231,248,230),(229,
228,210),(228,227,209),(227,226,208),(226,225,207),(225,224,206),(224,223,
205),(223,222,204),(222,221,203),(221,220,202),(220,219,201),(219,218,200),
(218,217,199),(217,216,198),(216,215,197),(215,214,196),(214,213,195),(213,
230,212),(211,210,192),(210,209,191),(209,208,190),(208,207,189),(207,206,
188),(206,205,187),(205,204,186),(204,203,185),(203,202,184),(202,201,183),
(201,200,182),(200,199,181),(199,198,180),(198,197,179),(197,196,178),(196,
195,177),(195,212,194),(193,192,174),(192,191,173),(191,190,172),(190,189,
171),(189,188,170),(188,187,169),(187,186,168),(186,185,167),(185,184,166),
(184,183,165),(183,182,164),(182,181,163),(181,180,162),(180,179,161),(179,
178,160),(178,177,159),(177,194,176),(175,174,156),(174,173,155),(173,172,
154),(172,171,153),(171,170,152),(170,169,151),(169,168,150),(168,167,149),
(167,166,148),(166,165,147),(165,164,146),(164,163,145),(163,162,144),(162,
161,143),(161,160,142),(160,159,141),(159,176,158),(157,156,138),(156,155,
137),(155,154,136),(154,153,135),(153,152,134),(152,151,133),(151,150,132),
(150,149,131),(149,148,130),(148,147,129),(147,146,128),(146,145,127),(145,
144,126),(144,143,125),(143,142,124),(142,141,123),(141,158,140),(139,138,
120),(138,137,119),(137,136,118),(136,135,117),(135,134,116),(134,133,115),
(133,132,114),(132,131,113),(131,130,112),(130,129,111),(129,128,110),(128,
127,109),(127,126,108),(126,125,107),(125,124,106),(124,123,105),(123,140,
122),(121,120,101),(120,119,99),(119,118,97),(118,117,95),(117,116,93),
(116,115,91),(115,114,89),(114,113,87),(113,112,85),(112,111,83),(111,110,
81),(110,109,79),(109,108,77),(108,107,75),(107,106,73),(106,105,71),(105,
122,104),(103,101,100),(101,99,98),(99,97,96),(97,95,94),(95,93,92),(93,
91,90),(91,89,88),(89,87,86),(87,85,84),(85,83,82),(83,81,80),(81,79,78),
(79,77,76),(77,75,74),(75,73,72),(73,71,70),(71,104,69)),());
#2414=COMPLEX_TRIANGULATED_FACE($,#4496,29,((0.239315664287559,-0.970941817426052,
0.),(0.,-1.,0.),(0.,-1.,0.),(0.464723172043769,-0.885456025653209,0.),(0.239315664287559,
-0.970941817426052,0.),(0.663122658240796,-0.748510748171101,0.),(0.663122658240796,
-0.748510748171101,0.),(0.479425538554843,-0.877582561917339,0.),(0.464723172043769,
-0.885456025653209,0.),(0.822983865893657,-0.568064746731155,0.),(0.935016242685415,
-0.354604887042536,0.),(0.822983865893657,-0.568064746731155,0.),(0.992708874098054,
-0.120536680255322,0.),(0.935016242685415,-0.354604887042536,0.),(0.992708874098054,
0.120536680255324,0.),(0.992708874098054,-0.120536680255322,0.),(0.935016242685415,
0.354604887042536,0.),(0.992708874098054,0.120536680255324,0.),(0.822983865893656,
0.568064746731157,0.),(0.935016242685415,0.354604887042536,0.),(0.663122658240795,
0.748510748171101,0.),(0.822983865893656,0.568064746731157,0.),(0.464723172043768,
0.88545602565321,0.),(0.663122658240795,0.748510748171101,0.),(0.239315664287557,
0.970941817426052,0.),(0.464723172043768,0.88545602565321,0.),(0.,1.,0.),
(0.239315664287557,0.970941817426052,0.),(0.,1.,0.)),$,(22,28,29,18,23,
16,15,17,19,9,7,10,3,8,1,4,5,2,11,6,13,12,20,14,24,21,26,25,27),((1,2,3),
(4,1,5),(6,7,8),(8,9,6),(10,7,6),(11,10,12),(13,11,14),(15,13,16),(17,15,
18),(19,17,20),(21,19,22),(23,21,24),(25,23,26),(27,25,28),(28,29,27),(26,
28,25),(24,26,23),(22,24,21),(20,22,19),(18,20,17),(16,18,15),(14,16,13),
(12,14,11),(6,12,10),(8,4,9),(5,9,4),(3,5,1)),());
#2415=COMPLEX_TRIANGULATED_FACE($,#4498,54,((0.,0.,-1.),(0.,0.,-1.),(0.,
0.,-1.),(0.,0.,-1.),(0.,0.,-1.),(0.,0.,-1.),(0.,0.,-1.),(0.,0.,-1.),(0.,
0.,-1.),(0.,0.,-1.),(0.,0.,-1.),(0.,0.,-1.),(0.,0.,-1.),(0.,0.,-1.),(0.,
0.,-1.),(0.,0.,-1.),(0.,0.,-1.),(0.,0.,-1.),(0.,0.,-1.),(0.,0.,-1.),(0.,
0.,-1.),(0.,0.,-1.),(0.,0.,-1.),(0.,0.,-1.),(0.,0.,-1.),(0.,0.,-1.),(0.,
0.,-1.),(0.,0.,-1.),(0.,0.,-1.),(0.,0.,-1.),(0.,0.,-1.),(0.,0.,-1.),(0.,
0.,-1.),(0.,0.,-1.),(0.,0.,-1.),(0.,0.,-1.),(0.,0.,-1.),(0.,0.,-1.),(0.,
0.,-1.),(0.,0.,-1.),(0.,0.,-1.),(0.,0.,-1.),(0.,0.,-1.),(0.,0.,-1.),(0.,
0.,-1.),(0.,0.,-1.),(0.,0.,-1.),(0.,0.,-1.),(0.,0.,-1.),(0.,0.,-1.),(0.,
0.,-1.),(0.,0.,-1.),(0.,0.,-1.),(0.,0.,-1.)),$,(1,8,10,6,2,26,19,17,54,
47,45,49,53,29,36,38,7,22,24,16,18,12,4,14,5,3,13,11,21,48,33,31,39,37,
43,51,41,50,52,42,44,34,20,9,15,25,23,35,46,40,30,32,27,28),((1,2,3),(4,
1,5),(6,7,8),(9,10,11),(12,9,13),(14,15,16),(17,18,19),(17,20,21),(3,22,
1),(5,23,4),(24,25,26),(6,27,28),(6,29,7),(30,31,32),(30,33,34),(11,35,
9),(13,36,12),(37,38,39),(14,40,41),(14,42,15),(17,43,18),(17,24,20),(4,
2,1),(24,17,25),(28,44,6),(8,45,6),(6,46,47),(30,48,31),(30,37,33),(12,
10,9),(37,30,38),(41,49,14),(16,50,14),(14,51,52),(21,43,17),(26,1,24),
(45,27,6),(6,53,46),(34,48,30),(39,9,37),(50,40,14),(14,54,51),(22,24,1),
(47,29,6),(35,37,9),(52,42,14),(44,17,6),(49,30,14),(19,6,17),(32,14,30),
(14,53,54),(6,54,53)),());
#2416=COMPLEX_TRIANGULATED_FACE($,#4499,4,((0.75699505566746,0.653420603971912,
0.),(0.75699505566746,0.653420603971912,0.),(0.75699505566746,0.653420603971912,
0.),(0.75699505566746,0.653420603971912,0.)),$,(4,3,1,2),((1,2,3),(3,4,
1)),());
#2417=COMPLEX_TRIANGULATED_FACE($,#4500,4,((-0.714472679623426,-0.699663340522941,
0.),(-0.714472679623426,-0.699663340522941,0.),(-0.714472679623426,-0.699663340522941,
0.),(-0.714472679623426,-0.699663340522941,0.)),$,(2,1,3,4),((1,2,3),(3,
4,1)),());
#2418=COMPLEX_TRIANGULATED_FACE($,#4502,4,((0.973578902876929,0.228350870094589,
0.),(0.973578902876929,0.228350870094589,0.),(0.973578902876929,0.228350870094589,
0.),(0.973578902876929,0.228350870094589,0.)),$,(1,2,4,3),((1,2,3),(3,4,
1)),());
#2419=COMPLEX_TRIANGULATED_FACE($,#4503,4,((0.499999999993262,-0.866025403788329,
0.),(0.499999999993262,-0.866025403788329,0.),(0.499999999993262,-0.866025403788329,
0.),(0.499999999993262,-0.866025403788329,0.)),$,(2,1,3,4),((1,2,3),(3,
4,1)),());
#2420=COMPLEX_TRIANGULATED_FACE($,#4506,30,((0.222520933956315,-0.974927912181824,
0.),(0.,-1.,0.),(0.,-1.,0.),(0.433883739117558,-0.900968867902419,0.),(0.222520933956315,
-0.974927912181824,0.),(0.623489801858734,-0.78183148246803,0.),(0.433883739117558,
-0.900968867902419,0.),(0.78183148246803,-0.623489801858733,0.),(0.623489801858734,
-0.78183148246803,0.),(0.900968867902419,-0.433883739117558,0.),(0.78183148246803,
-0.623489801858733,0.),(0.974927912181824,-0.222520933956314,0.),(0.900968867902419,
-0.433883739117558,0.),(1.,0.,0.),(0.974927912181824,-0.222520933956314,
0.),(0.974927912181824,0.222520933956315,0.),(1.,0.,0.),(0.900968867902419,
0.433883739117558,0.),(0.974927912181824,0.222520933956315,0.),(0.781831482468029,
0.623489801858734,0.),(0.900968867902419,0.433883739117558,0.),(0.623489801858733,
0.78183148246803,0.),(0.781831482468029,0.623489801858734,0.),(0.433883739117558,
0.900968867902419,0.),(0.623489801858733,0.78183148246803,0.),(0.222520933956314,
0.974927912181824,0.),(0.433883739117558,0.900968867902419,0.),(0.,1.,0.),
(0.222520933956314,0.974927912181824,0.),(0.,1.,0.)),$,(23,29,30,21,24,
17,22,11,18,9,12,5,10,1,6,3,2,7,4,13,8,15,14,19,16,25,20,27,26,28),((1,
2,3),(4,1,5),(6,4,7),(8,6,9),(10,8,11),(12,10,13),(14,12,15),(16,14,17),
(18,16,19),(20,18,21),(22,20,23),(24,22,25),(26,24,27),(28,26,29),(29,30,
28),(27,29,26),(25,27,24),(23,25,22),(21,23,20),(19,21,18),(17,19,16),(15,
17,14),(13,15,12),(11,13,10),(9,11,8),(7,9,6),(5,7,4),(3,5,1)),());
#2421=COMPLEX_TRIANGULATED_FACE($,#4507,4,((-0.0836778433341441,-0.996492859249351,
0.),(-0.0836778433341441,-0.996492859249351,0.),(-0.0836778433341441,-0.996492859249351,
0.),(-0.0836778433341441,-0.996492859249351,0.)),$,(3,4,2,1),((1,2,3),(3,
4,1)),());
#2422=COMPLEX_TRIANGULATED_FACE($,#4508,4,((-0.913545457626561,0.406736643111826,
0.),(-0.913545457626561,0.406736643111826,0.),(-0.913545457626561,0.406736643111826,
0.),(-0.913545457626561,0.406736643111826,0.)),$,(4,3,1,2),((1,2,3),(3,
4,1)),());
#2423=COMPLEX_TRIANGULATED_FACE($,#4509,24,((0.23049524124103,-0.938021665976177,
-0.258819044748482),(0.23049524124103,-0.938021665976177,-0.258819044748482),
(0.461997739896405,-0.848275185541872,-0.258819044748482),(0.461997739896405,
-0.848275185541872,-0.258819044748482),(0.662974221496423,-0.702479810177271,
-0.258819044748482),(0.662974221496423,-0.702479810177271,-0.258819044748482),
(0.820145375396787,-0.510268816694443,-0.258819044748482),(0.820145375396787,
-0.510268816694443,-0.258819044748482),(0.923126282126572,-0.284342345285848,
-0.258819044748482),(0.923126282126572,-0.284342345285848,-0.258819044748482),
(0.965112586071583,-0.039628251055327,-0.258819044748482),(0.965112586071583,
-0.039628251055327,-0.258819044748482),(0.943330086148924,0.20770423838176,
-0.258819044748482),(0.943330086148924,0.20770423838176,-0.258819044748482),
(0.859218038239578,0.441312887687652,-0.258819044748482),(0.859218038239578,
0.441312887687652,-0.258819044748482),(0.718334057862655,0.645762249895467,
-0.258819044748482),(0.718334057862655,0.645762249895467,-0.258819044748482),
(0.529986906547545,0.807543547410075,-0.258819044748482),(0.,-0.965925826383933,
-0.258819044748482),(0.,-0.965925826383932,-0.258819044748482),(0.529986906547544,
0.807543547410075,-0.258819044748482),(0.337026261047095,0.905221520645692,
-0.258819044748482),(0.321975275435628,0.910683602621478,-0.258819044748482)),
$,(4,3,7,8,11,12,15,16,19,22,21,24,20,23,17,18,13,14,9,2,1,10,5,6),((1,
2,3),(4,3,5),(6,5,7),(8,7,9),(10,9,11),(12,11,13),(14,13,15),(16,15,17),
(18,17,19),(20,21,2),(22,19,23),(23,24,22),(2,1,20),(19,22,18),(17,18,16),
(15,16,14),(13,14,12),(11,12,10),(9,10,8),(7,8,6),(5,6,4),(3,4,1)),());
#2424=COMPLEX_TRIANGULATED_FACE($,#4512,5,((1.,0.,0.),(1.,0.,0.),(1.,0.,
0.),(1.,0.,0.),(1.,0.,0.)),$,(2,4,5,1,3),((1,2,3),(3,4,1),(3,5,4)),());
#2425=COMPLEX_TRIANGULATED_FACE($,#4513,4,((0.0209424198794748,-0.999780683474927,
0.),(0.0209424198794748,-0.999780683474927,0.),(0.0209424198794748,-0.999780683474927,
0.),(0.0209424198794748,-0.999780683474927,0.)),$,(2,1,3,4),((1,2,3),(3,
4,1)),());
#2426=COMPLEX_TRIANGULATED_FACE($,#4515,4,((-0.82114920911543,-0.570713567710724,
0.),(-0.82114920911543,-0.570713567710724,0.),(-0.82114920911543,-0.570713567710724,
0.),(-0.82114920911543,-0.570713567710724,0.)),$,(3,4,2,1),((1,2,3),(3,
4,1)),());
#2427=COMPLEX_TRIANGULATED_FACE($,#4516,26,((-0.971764121433139,0.235954428429049,
0.),(-0.87758256216978,0.479425538092751,0.),(-0.87758256216978,0.479425538092751,
0.),(-0.999721561810544,-0.0235965855810977,0.),(-0.971764121433139,0.235954428429049,
0.),(-0.959549629944247,-0.281539531280881,0.),(-0.999721561810544,-0.0235965855810977,
0.),(-0.853985976600639,-0.520296023211262,0.),(-0.959549629944247,-0.281539531280881,
0.),(-0.690224590294906,-0.723595201029021,0.),(-0.853985976600639,-0.520296023211262,
0.),(-0.479425538862902,-0.877582561749045,0.),(-0.690224590294906,-0.723595201029021,
0.),(-0.235954429281852,-0.97176412122607,0.),(-0.479425538862902,-0.877582561749045,
0.),(0.0235965847037585,-0.999721561831252,0.),(-0.235954429281852,-0.97176412122607,
0.),(0.281539530438795,-0.959549630191322,0.),(0.0235965847037585,-0.999721561831252,
0.),(0.520296022461818,-0.853985977057242,0.),(0.281539530438795,-0.959549630191322,
0.),(0.723595200423291,-0.690224590929921,0.),(0.520296022461818,-0.853985977057242,
0.),(0.877582561328309,-0.479425539633053,0.),(0.723595200423291,-0.690224590929921,
0.),(0.877582561328309,-0.479425539633053,0.)),$,(23,19,20,25,24,21,26,
17,22,15,18,13,16,11,14,9,12,7,10,5,8,3,6,1,4,2),((1,2,3),(4,1,5),(6,4,
7),(8,6,9),(10,8,11),(12,10,13),(14,12,15),(16,14,17),(18,16,19),(20,18,
21),(22,20,23),(24,22,25),(25,26,24),(23,25,22),(21,23,20),(19,21,18),(17,
19,16),(15,17,14),(13,15,12),(11,13,10),(9,11,8),(7,9,6),(5,7,4),(3,5,1)),
());
#2428=COMPLEX_TRIANGULATED_FACE($,#4522,4,((0.913545457626561,-0.406736643111826,
0.),(0.913545457626561,-0.406736643111826,0.),(0.913545457626561,-0.406736643111826,
0.),(0.913545457626561,-0.406736643111826,0.)),$,(2,1,3,4),((1,2,3),(3,
4,1)),());
#2429=COMPLEX_TRIANGULATED_FACE($,#4523,4,((0.146083028593849,-0.989272332958346,
0.),(0.146083028593849,-0.989272332958346,0.),(0.146083028593849,-0.989272332958346,
0.),(0.146083028593849,-0.989272332958346,0.)),$,(2,1,3,4),((1,2,3),(3,
4,1)),());
#2430=COMPLEX_TRIANGULATED_FACE($,#4524,106,((0.,0.,-1.),(0.,0.,-1.),(0.,
0.,-1.),(0.,0.,-1.),(0.,0.,-1.),(0.,0.,-1.),(0.,0.,-1.),(0.,0.,-1.),(0.,
0.,-1.),(0.,0.,-1.),(0.,0.,-1.),(0.,0.,-1.),(0.,0.,-1.),(0.,0.,-1.),(0.,
0.,-1.),(0.,0.,-1.),(0.,0.,-1.),(0.,0.,-1.),(0.,0.,-1.),(0.,0.,-1.),(0.,
0.,-1.),(0.,0.,-1.),(0.,0.,-1.),(0.,0.,-1.),(0.,0.,-1.),(0.,0.,-1.),(0.,
0.,-1.),(0.,0.,-1.),(0.,0.,-1.),(0.,0.,-1.),(0.,0.,-1.),(0.,0.,-1.),(0.,
0.,-1.),(0.,0.,-1.),(0.,0.,-1.),(0.,0.,-1.),(0.,0.,-1.),(0.,0.,-1.),(0.,
0.,-1.),(0.,0.,-1.),(0.,0.,-1.),(0.,0.,-1.),(0.,0.,-1.),(0.,0.,-1.),(0.,
0.,-1.),(0.,0.,-1.),(0.,0.,-1.),(0.,0.,-1.),(0.,0.,-1.),(0.,0.,-1.),(0.,
0.,-1.),(0.,0.,-1.),(0.,0.,-1.),(0.,0.,-1.),(0.,0.,-1.),(0.,0.,-1.),(0.,
0.,-1.),(0.,0.,-1.),(0.,0.,-1.),(0.,0.,-1.),(0.,0.,-1.),(0.,0.,-1.),(0.,
0.,-1.),(0.,0.,-1.),(0.,0.,-1.),(0.,0.,-1.),(0.,0.,-1.),(0.,0.,-1.),(0.,
0.,-1.),(0.,0.,-1.),(0.,0.,-1.),(0.,0.,-1.),(0.,0.,-1.),(0.,0.,-1.),(0.,
0.,-1.),(0.,0.,-1.),(0.,0.,-1.),(0.,0.,-1.),(0.,0.,-1.),(0.,0.,-1.),(0.,
0.,-1.),(0.,0.,-1.),(0.,0.,-1.),(0.,0.,-1.),(0.,0.,-1.),(0.,0.,-1.),(0.,
0.,-1.),(0.,0.,-1.),(0.,0.,-1.),(0.,0.,-1.),(0.,0.,-1.),(0.,0.,-1.),(0.,
0.,-1.),(0.,0.,-1.),(0.,0.,-1.),(0.,0.,-1.),(0.,0.,-1.),(0.,0.,-1.),(0.,
0.,-1.),(0.,0.,-1.),(0.,0.,-1.),(0.,0.,-1.),(0.,0.,-1.),(0.,0.,-1.),(0.,
0.,-1.),(0.,0.,-1.)),$,(42,46,45,65,61,62,38,41,37,80,84,79,88,83,69,66,
70,27,23,28,19,24,34,33,54,49,50,63,64,60,67,71,68,75,72,94,86,73,74,53,
58,57,44,43,47,40,36,39,32,35,13,21,25,30,26,29,55,56,59,76,100,90,102,
93,82,77,81,78,52,51,48,31,7,17,5,14,20,22,104,96,87,85,3,11,106,99,105,
97,9,18,15,16,103,95,98,89,92,91,6,12,101,1,8,2,10,4),((1,2,3),(4,5,6),
(7,8,9),(8,7,1),(10,11,12),(11,13,14),(15,16,17),(16,15,4),(18,19,20),(19,
21,22),(23,9,24),(3,8,1),(25,26,27),(28,29,30),(31,32,33),(32,34,35),(14,
12,11),(13,36,37),(38,17,39),(6,16,4),(40,41,42),(43,44,45),(46,47,48),
(47,49,50),(22,20,19),(21,51,52),(53,54,55),(56,24,54),(9,23,7),(2,27,26),
(57,58,25),(59,30,58),(30,59,28),(35,33,32),(34,10,60),(37,14,13),(36,61,
62),(61,63,64),(65,66,67),(68,39,66),(17,38,15),(5,42,41),(69,70,40),(71,
45,70),(45,71,43),(50,48,47),(49,18,72),(52,22,21),(51,73,74),(73,75,76),
(77,55,78),(54,53,56),(26,3,2),(58,57,59),(33,29,31),(12,60,10),(64,62,
61),(63,79,80),(81,67,82),(66,65,68),(41,6,5),(70,69,71),(48,44,46),(20,
72,18),(76,74,73),(75,83,84),(55,77,53),(27,57,25),(60,35,34),(80,64,63),
(79,85,86),(87,88,86),(67,81,65),(42,69,40),(72,50,49),(84,76,75),(89,90,
91),(92,78,90),(24,56,23),(62,37,36),(86,85,87),(93,94,88),(95,96,97),(98,
82,96),(39,68,38),(74,52,51),(99,91,100),(90,89,92),(28,31,29),(88,87,93),
(101,97,94),(96,95,98),(43,46,44),(83,102,103),(91,99,89),(86,80,79),(97,
101,95),(103,84,83),(104,105,103),(106,100,105),(78,92,77),(82,98,81),(105,
104,106),(94,93,101),(100,106,99),(103,102,104)),());
#2431=COMPLEX_TRIANGULATED_FACE($,#4530,4,((0.996492859249351,0.0836778433341441,
0.),(0.996492859249351,0.0836778433341441,0.),(0.996492859249351,0.0836778433341441,
0.),(0.996492859249351,0.0836778433341441,0.)),$,(4,3,1,2),((1,2,3),(3,
4,1)),());
#2432=COMPLEX_TRIANGULATED_FACE($,#4533,24,((0.491183775409058,0.83171581653154,
0.258819047417647),(0.491183775409058,0.83171581653154,0.258819047417647),
(0.689044163005911,0.676927501377589,0.258819047417647),(0.689044163005911,
0.676927501377589,0.258819047417647),(0.84029821164847,0.476352407566293,
0.258819047417647),(0.84029821164847,0.476352407566293,0.258819047417647),
(0.934715231001168,0.24355725739188,0.258819047417647),(0.934715231001168,
0.24355725739188,0.258819047417647),(0.965908937218555,-0.00571189068023731,
0.258819047417647),(0.965908937218555,-0.00571189068023731,0.258819047417647),
(0.931769415547321,-0.25459469150873,0.258819047417647),(0.931769415547321,
-0.25459469150873,0.258819047417647),(0.834605833097751,-0.486256932138793,
0.258819047417647),(0.834605833097751,-0.486256932138793,0.258819047417647),
(0.680990248818727,-0.685029183106552,0.258819047417647),(0.680990248818727,
-0.685029183106552,0.258819047417647),(0.481313085231699,-0.837466664816316,
0.258819047417647),(0.481313085231699,-0.837466664816316,0.258819047417647),
(0.249080329423142,-0.93325864056449,0.258819047417647),(0.249080329423142,
-0.93325864056449,0.258819047417647),(0.,-0.965925825668732,0.258819047417647),
(0.275978807277226,0.925661060338859,0.258819047417647),(0.286963320115314,
0.922314888528976,0.258819047417647),(0.,-0.965925825668732,0.258819047417647)),
$,(10,8,12,14,16,18,20,23,21,24,19,22,15,17,11,13,7,9,3,4,2,6,5,1),((1,
2,3),(4,3,5),(6,5,7),(8,7,9),(10,9,11),(12,11,13),(14,13,15),(16,15,17),
(18,17,19),(20,19,21),(1,22,23),(23,2,1),(21,24,20),(19,20,18),(17,18,16),
(15,16,14),(13,14,12),(11,12,10),(9,10,8),(7,8,6),(5,6,4),(3,4,1)),());
#2433=COMPLEX_TRIANGULATED_FACE($,#4534,4,((-0.999780683474927,-0.0209424198794748,
0.),(-0.999780683474927,-0.0209424198794748,0.),(-0.999780683474927,-0.0209424198794748,
0.),(-0.999780683474927,-0.0209424198794748,0.)),$,(2,1,3,4),((1,2,3),(3,
4,1)),());
#2434=COMPLEX_TRIANGULATED_FACE($,#4536,4,((-0.444635179212717,-0.895711760225618,
0.),(-0.444635179212717,-0.895711760225618,0.),(-0.444635179212717,-0.895711760225618,
0.),(-0.444635179212717,-0.895711760225618,0.)),$,(3,4,2,1),((1,2,3),(3,
4,1)),());
#2435=COMPLEX_TRIANGULATED_FACE($,#4537,4,((0.328866646715814,0.94437637024541,
0.),(0.328866646715814,0.94437637024541,0.),(0.328866646715814,0.94437637024541,
0.),(0.328866646715814,0.94437637024541,0.)),$,(1,2,4,3),((1,2,3),(3,4,
1)),());
#2436=COMPLEX_TRIANGULATED_FACE($,#4540,4,((0.406736643111826,0.913545457626561,
0.),(0.406736643111826,0.913545457626561,0.),(0.406736643111826,0.913545457626561,
0.),(0.406736643111826,0.913545457626561,0.)),$,(4,3,1,2),((1,2,3),(3,4,
1)),());
#2437=COMPLEX_TRIANGULATED_FACE($,#4542,4,((-0.921863151573117,-0.387515586488699,
0.),(-0.921863151573117,-0.387515586488699,0.),(-0.921863151573117,-0.387515586488699,
0.),(-0.921863151573117,-0.387515586488699,0.)),$,(2,1,3,4),((1,2,3),(3,
4,1)),());
#2438=COMPLEX_TRIANGULATED_FACE($,#4543,4,((-0.94437637024541,-0.328866646715814,
0.),(-0.94437637024541,-0.328866646715814,0.),(-0.94437637024541,-0.328866646715814,
0.),(-0.94437637024541,-0.328866646715814,0.)),$,(2,1,3,4),((1,2,3),(3,
4,1)),());
#2439=COMPLEX_TRIANGULATED_FACE($,#4547,4,((0.51802700937529,-0.855364260159199,
0.),(0.51802700937529,-0.855364260159199,0.),(0.51802700937529,-0.855364260159199,
0.),(0.51802700937529,-0.855364260159199,0.)),$,(3,4,2,1),((1,2,3),(3,4,
1)),());
#2440=COMPLEX_TRIANGULATED_FACE($,#4548,4,((-0.268919820600497,0.963162566801782,
0.),(-0.268919820600497,0.963162566801782,0.),(-0.268919820600497,0.963162566801782,
0.),(-0.268919820600497,0.963162566801782,0.)),$,(4,3,1,2),((1,2,3),(3,
4,1)),());
#2441=COMPLEX_TRIANGULATED_FACE($,#4549,26,((0.971764121433139,0.235954428429049,
0.),(0.877582562169781,0.479425538092751,0.),(0.877582562169781,0.479425538092751,
0.),(0.999721561810544,-0.0235965855810977,0.),(0.971764121433139,0.235954428429049,
0.),(0.959549629944247,-0.281539531280881,0.),(0.999721561810544,-0.0235965855810977,
0.),(0.853985976600638,-0.520296023211262,0.),(0.959549629944247,-0.281539531280881,
0.),(0.690224590294907,-0.72359520102902,0.),(0.853985976600638,-0.520296023211262,
0.),(0.479425538862902,-0.877582561749045,0.),(0.690224590294907,-0.72359520102902,
0.),(0.235954429281852,-0.971764121226069,0.),(0.479425538862902,-0.877582561749045,
0.),(-0.0235965847037585,-0.999721561831252,0.),(0.235954429281852,-0.971764121226069,
0.),(-0.281539530438796,-0.959549630191322,0.),(-0.0235965847037585,-0.999721561831252,
0.),(-0.520296022461817,-0.853985977057242,0.),(-0.281539530438796,-0.959549630191322,
0.),(-0.72359520042329,-0.690224590929922,0.),(-0.520296022461817,-0.853985977057242,
0.),(-0.877582561328308,-0.479425539633055,0.),(-0.72359520042329,-0.690224590929922,
0.),(-0.877582561328308,-0.479425539633055,0.)),$,(4,8,7,2,3,6,1,10,5,12,
9,14,11,16,13,18,15,20,17,22,19,24,21,26,23,25),((1,2,3),(4,1,5),(6,4,7),
(8,6,9),(10,8,11),(12,10,13),(14,12,15),(16,14,17),(18,16,19),(20,18,21),
(22,20,23),(24,22,25),(25,26,24),(23,25,22),(21,23,20),(19,21,18),(17,19,
16),(15,17,14),(13,15,12),(11,13,10),(9,11,8),(7,9,6),(5,7,4),(3,5,1)),
());
#2442=COMPLEX_TRIANGULATED_FACE($,#4552,4,((-0.387515586488699,0.921863151573117,
0.),(-0.387515586488699,0.921863151573117,0.),(-0.387515586488699,0.921863151573117,
0.),(-0.387515586488699,0.921863151573117,0.)),$,(4,3,1,2),((1,2,3),(3,
4,1)),());
#2443=COMPLEX_TRIANGULATED_FACE($,#4562,4,((-0.146083028593849,-0.989272332958346,
0.),(-0.146083028593849,-0.989272332958346,0.),(-0.146083028593849,-0.989272332958346,
0.),(-0.146083028593849,-0.989272332958346,0.)),$,(3,4,2,1),((1,2,3),(3,
4,1)),());
#2444=COMPLEX_TRIANGULATED_FACE($,#4565,4,((-0.994521895365257,-0.104528463296348,
0.),(-0.994521895365257,-0.104528463296348,0.),(-0.994521895365257,-0.104528463296348,
0.),(-0.994521895365257,-0.104528463296348,0.)),$,(3,4,2,1),((1,2,3),(3,
4,1)),());
#2445=COMPLEX_TRIANGULATED_FACE($,#4567,4,((0.832921240726985,-0.553391549217929,
0.),(0.832921240726985,-0.553391549217929,0.),(0.832921240726985,-0.553391549217929,
0.),(0.832921240726985,-0.553391549217929,0.)),$,(3,4,2,1),((1,2,3),(3,
4,1)),());
#2446=COMPLEX_TRIANGULATED_FACE($,#4568,4,((0.989272332958346,0.146083028593849,
0.),(0.989272332958346,0.146083028593849,0.),(0.989272332958346,0.146083028593849,
0.),(0.989272332958346,0.146083028593849,0.)),$,(4,3,1,2),((1,2,3),(3,4,
1)),());
#2447=COMPLEX_TRIANGULATED_FACE($,#4569,4,((0.886203579232669,0.463296035117079,
0.),(0.886203579232669,0.463296035117079,0.),(0.886203579232669,0.463296035117079,
0.),(0.886203579232669,0.463296035117079,0.)),$,(1,2,4,3),((1,2,3),(3,4,
1)),());
#2448=COMPLEX_TRIANGULATED_FACE($,#4574,4,((-0.75699505566746,-0.653420603971912,
0.),(-0.75699505566746,-0.653420603971912,0.),(-0.75699505566746,-0.653420603971912,
0.),(-0.75699505566746,-0.653420603971912,0.)),$,(2,1,3,4),((1,2,3),(3,
4,1)),());
#2449=COMPLEX_TRIANGULATED_FACE($,#4575,28,((-0.620544580915071,0.339005049507857,
0.707106780836611),(-0.683903116701827,0.179656693335963,0.707106780836611),
(-0.683903116701827,0.179656693335963,0.707106780836611),(-0.707039665213275,
0.00974229490338918,0.707106780836611),(-0.707039665213275,0.00974229490338918,
0.707106780836611),(-0.688593510381459,-0.160745071325451,0.707106780836611),
(-0.688593510381459,-0.160745071325451,0.707106780836611),(-0.629649514940302,
-0.321778633271894,0.707106780836611),(-0.629649514940302,-0.321778633271894,
0.707106780836611),(-0.533674317038819,-0.46388761982622,0.707106780836611),
(-0.533674317038819,-0.46388761982622,0.707106780836611),(-0.406312448913325,
-0.578714259676519,0.707106780836611),(-0.406312448913325,-0.578714259676519,
0.707106780836611),(-0.255054368369902,-0.659505321942375,0.707106780836611),
(-0.255054368369902,-0.659505321942375,0.707106780836611),(-0.0887959269441364,
-0.701509289926382,0.707106780836611),(-0.0887959269441364,-0.701509289926382,
0.707106780836611),(0.0826848165247462,-0.702255809239877,0.707106780836611),
(0.0826848165247462,-0.702255809239877,0.707106780836611),(0.24930266705324,
-0.661700975286441,0.707106780836611),(0.24930266705324,-0.661700975286441,
0.707106780836611),(0.401258428088306,-0.582229915396819,0.707106780836611),
(0.401258428088306,-0.582229915396819,0.707106780836611),(0.529615215826525,
-0.468516513753688,0.707106780836611),(0.529615215826525,-0.468516513753688,
0.707106780836611),(0.620544559042524,-0.339005089545281,0.707106780836611),
(0.62054458087366,-0.339005049583659,0.707106780836611),(-0.620544580915071,
0.339005049507857,0.707106780836611)),$,(24,26,21,28,23,27,22,25,19,20,
17,16,15,14,13,12,11,9,10,7,8,5,6,2,4,1,3,18),((1,2,3),(2,4,5),(4,6,7),
(6,8,9),(8,10,11),(10,12,13),(12,14,15),(14,16,17),(16,18,19),(18,20,21),
(20,22,23),(22,24,25),(26,27,25),(25,24,26),(25,23,22),(23,21,20),(21,19,
18),(19,17,16),(17,15,14),(15,13,12),(13,11,10),(11,9,8),(9,7,6),(7,5,4),
(5,3,2),(3,28,1)),());
#2450=COMPLEX_TRIANGULATED_FACE($,#4576,4,((0.166768746695598,0.985996037073973,
0.),(0.166768746695598,0.985996037073973,0.),(0.166768746695598,0.985996037073973,
0.),(0.166768746695598,0.985996037073973,0.)),$,(4,3,1,2),((1,2,3),(3,4,
1)),());
#2451=COMPLEX_TRIANGULATED_FACE($,#4577,4,((0.268919820600497,-0.963162566801782,
0.),(0.268919820600497,-0.963162566801782,0.),(0.268919820600497,-0.963162566801782,
0.),(0.268919820600497,-0.963162566801782,0.)),$,(2,1,3,4),((1,2,3),(3,
4,1)),());
#2452=COMPLEX_TRIANGULATED_FACE($,#4580,26,((0.620544579833045,-0.339005048552276,
0.707106782244308),(0.687140998972526,-0.166844976056041,0.707106782244308),
(0.687140998972526,-0.166844976056041,0.707106782244308),(0.706909894592924,
0.0166853058324271,0.707106782244308),(0.706909894592924,0.0166853058324271,
0.707106782244308),(0.678504049127548,0.199078511702349,0.707106782244308),
(0.678504049127548,0.199078511702349,0.707106782244308),(0.603859274001707,
0.367904845994494,0.707106782244308),(0.603859274001707,0.367904845994494,
0.707106782244308),(0.488062487283174,0.511659073027209,0.707106782244308),
(0.488062487283174,0.511659073027209,0.707106782244308),(0.339005048622451,
0.620544579794708,0.707106782244308),(0.339005048622451,0.620544579794708,
0.707106782244308),(0.166844976133746,0.687140998953658,0.707106782244308),
(0.166844976133746,0.687140998953658,0.707106782244308),(-0.0166853057524863,
0.706909894594811,0.707106782244308),(-0.0166853057524863,0.706909894594811,
0.707106782244308),(-0.199078511625621,0.678504049150061,0.707106782244308),
(-0.199078511625621,0.678504049150061,0.707106782244308),(-0.367904845926207,
0.603859274043312,0.707106782244308),(-0.367904845926207,0.603859274043312,
0.707106782244308),(-0.511659072972017,0.488062487341035,0.707106782244308),
(-0.511659072972017,0.488062487341035,0.707106782244308),(-0.620544579756372,
0.339005048692625,0.707106782244308),(-0.620544579756372,0.339005048692625,
0.707106782244308),(0.620544579833045,-0.339005048552276,0.707106782244308)),
$,(4,2,7,1,6,3,8,5,10,11,12,13,14,15,16,18,17,20,19,22,21,24,23,26,25,9),
((1,2,3),(2,4,5),(4,6,7),(6,8,9),(8,10,11),(10,12,13),(12,14,15),(14,16,
17),(16,18,19),(18,20,21),(20,22,23),(22,24,25),(25,23,22),(23,21,20),(21,
19,18),(19,17,16),(17,15,14),(15,13,12),(13,11,10),(11,9,8),(9,7,6),(7,
5,4),(5,3,2),(3,26,1)),());
#2453=COMPLEX_TRIANGULATED_FACE($,#4583,4,((-0.989272332958346,-0.146083028593849,
0.),(-0.989272332958346,-0.146083028593849,0.),(-0.989272332958346,-0.146083028593849,
0.),(-0.989272332958346,-0.146083028593849,0.)),$,(2,1,3,4),((1,2,3),(3,
4,1)),());
#2454=COMPLEX_TRIANGULATED_FACE($,#4584,4,((-0.921863151573117,0.387515586488699,
0.),(-0.921863151573117,0.387515586488699,0.),(-0.921863151573117,0.387515586488699,
0.),(-0.921863151573117,0.387515586488699,0.)),$,(1,2,4,3),((1,2,3),(3,
4,1)),());
#2455=COMPLEX_TRIANGULATED_FACE($,#4586,24,((-0.528752173378849,0.808352546752323,
-0.258819047417646),(-0.528752173378849,0.808352546752323,-0.258819047417646),
(-0.716356955153525,0.647954792788041,-0.258819047417646),(-0.716356955153525,
0.647954792788041,-0.258819047417646),(-0.857185728223187,0.445247490755767,
-0.258819047417646),(-0.857185728223187,0.445247490755767,-0.258819047417646),
(-0.942042786637565,0.21346683310986,-0.258819047417646),(-0.942042786637565,
0.21346683310986,-0.258819047417646),(-0.965387213295879,-0.0322525828212067,
-0.258819047417646),(-0.965387213295879,-0.0322525828212067,-0.258819047417646),
(-0.925694685586717,-0.27586599966348,-0.258819047417646),(-0.925694685586717,
-0.27586599966348,-0.258819047417646),(-0.825557009185016,-0.501466175608399,
-0.258819047417646),(-0.825557009185016,-0.501466175608399,-0.258819047417646),
(-0.671512880741054,-0.694322080660462,-0.258819047417646),(-0.671512880741054,
-0.694322080660462,-0.258819047417646),(-0.473620930161631,-0.841840789702336,
-0.258819047417646),(-0.473620930161631,-0.841840789702336,-0.258819047417646),
(-0.244802921570572,-0.934389763580667,-0.258819047417646),(-0.244802921570572,
-0.934389763580667,-0.258819047417646),(0.,-0.965925825668732,-0.258819047417646),
(-0.321975275197229,0.910683601947181,-0.258819047417646),(-0.337026260797551,
0.905221519975439,-0.258819047417646),(0.,-0.965925825668732,-0.258819047417646)),
$,(15,16,12,11,9,7,5,2,4,1,6,3,10,8,14,13,18,17,22,21,23,19,20,24),((1,
2,3),(4,3,5),(6,5,7),(8,7,9),(10,9,11),(12,11,13),(14,13,15),(16,15,17),
(18,17,19),(20,19,21),(1,22,23),(23,2,1),(21,24,20),(19,20,18),(17,18,16),
(15,16,14),(13,14,12),(11,12,10),(9,10,8),(7,8,6),(5,6,4),(3,4,1)),());
#2456=COMPLEX_TRIANGULATED_FACE($,#4587,4,((-0.653420603971912,-0.75699505566746,
0.),(-0.653420603971912,-0.75699505566746,0.),(-0.653420603971912,-0.75699505566746,
0.),(-0.653420603971912,-0.75699505566746,0.)),$,(3,4,2,1),((1,2,3),(3,
4,1)),());
#2457=COMPLEX_TRIANGULATED_FACE($,#4588,30,((0.,0.,-1.),(0.,0.,-1.),(0.,
0.,-1.),(0.,0.,-1.),(0.,0.,-1.),(0.,0.,-1.),(0.,0.,-1.),(0.,0.,-1.),(0.,
0.,-1.),(0.,0.,-1.),(0.,0.,-1.),(0.,0.,-1.),(0.,0.,-1.),(0.,0.,-1.),(0.,
0.,-1.),(0.,0.,-1.),(0.,0.,-1.),(0.,0.,-1.),(0.,0.,-1.),(0.,0.,-1.),(0.,
0.,-1.),(0.,0.,-1.),(0.,0.,-1.),(0.,0.,-1.),(0.,0.,-1.),(0.,0.,-1.),(0.,
0.,-1.),(0.,0.,-1.),(0.,0.,-1.),(0.,0.,-1.)),$,(20,14,16,10,12,11,17,15,
21,19,22,9,18,24,6,8,13,7,25,23,28,30,26,3,1,5,29,2,27,4),((1,2,3),(1,4,
5),(6,7,8),(6,9,10),(4,1,11),(5,2,1),(9,6,12),(10,7,6),(3,13,1),(14,15,
16),(8,17,6),(18,19,20),(15,21,22),(15,14,23),(16,4,14),(19,24,25),(19,
18,26),(20,9,18),(22,27,15),(11,14,4),(25,28,19),(12,18,9),(23,21,15),(26,
24,19),(27,29,15),(28,30,19),(30,15,19),(29,19,15)),());
#2458=COMPLEX_TRIANGULATED_FACE($,#4591,34,((-0.258819045102521,0.965925826289068,
0.),(0.,1.,0.),(0.,1.,0.),(-0.500000000000001,0.866025403784438,0.),(-0.258819045102521,
0.965925826289068,0.),(-0.707106781186548,0.707106781186547,0.),(-0.500000000000001,
0.866025403784438,0.),(-0.866025403784439,0.499999999999999,0.),(-0.707106781186548,
0.707106781186547,0.),(-0.965925826289069,0.25881904510252,0.),(-0.866025403784439,
0.499999999999999,0.),(-1.,0.,0.),(-0.965925826289069,0.25881904510252,
0.),(-0.965925826289068,-0.258819045102521,0.),(-1.,0.,0.),(-0.866025403784439,
-0.5,0.),(-0.965925826289068,-0.258819045102521,0.),(-0.707106781186547,
-0.707106781186548,0.),(-0.866025403784439,-0.5,0.),(-0.5,-0.866025403784439,
0.),(-0.707106781186547,-0.707106781186548,0.),(-0.258819045102521,-0.965925826289068,
0.),(-0.150856640794722,-0.988555650395127,0.),(-0.215759530091335,-0.976446529603524,
0.),(-0.0770053786475205,-0.997030677391299,0.),(0.,-1.,0.),(0.,-1.,0.),
(-0.5,-0.866025403784439,0.),(-0.333333333306744,-0.942809041591464,0.),
(-0.329161785957095,-0.944273540170186,0.),(-0.307701317863167,-0.951482999840391,
0.),(-0.25988515628444,-0.965639531887035,0.),(-0.269787652790754,-0.96291984214765,
0.),(-0.333333333306744,-0.942809041591464,0.)),$,(8,1,2,19,9,23,20,25,
24,31,26,33,32,29,34,27,30,21,28,17,22,10,6,7,5,4,3,18,16,14,13,11,12,15),
((1,2,3),(4,1,5),(6,4,7),(8,6,9),(10,8,11),(12,10,13),(14,12,15),(16,14,
17),(18,16,19),(20,18,21),(22,23,24),(22,25,23),(26,27,25),(25,22,26),(20,
28,29),(28,30,29),(28,31,30),(28,22,32),(32,33,28),(33,31,28),(29,34,20),
(24,32,22),(21,28,20),(19,21,18),(17,19,16),(15,17,14),(13,15,12),(11,13,
10),(9,11,8),(7,9,6),(5,7,4),(3,5,1)),());
#2459=COMPLEX_TRIANGULATED_FACE($,#4593,17,((0.,1.,0.),(0.,1.,0.),(0.,1.,
0.),(0.,1.,0.),(0.,1.,0.),(0.,1.,0.),(0.,1.,0.),(0.,1.,0.),(0.,1.,0.),(0.,
1.,0.),(0.,1.,0.),(0.,1.,0.),(0.,1.,0.),(0.,1.,0.),(0.,1.,0.),(0.,1.,0.),
(0.,1.,0.)),$,(11,10,9,3,17,15,6,5,8,14,4,7,13,12,16,2,1),((1,2,3),(4,5,
6),(1,7,8),(3,9,1),(6,10,4),(8,11,1),(9,12,1),(10,13,4),(12,7,1),(13,14,
4),(14,1,4),(15,5,16),(11,4,1),(4,16,5),(16,17,15)),());
#2460=COMPLEX_TRIANGULATED_FACE($,#4595,4,((-0.228350870094589,0.973578902876929,
0.),(-0.228350870094589,0.973578902876929,0.),(-0.228350870094589,0.973578902876929,
0.),(-0.228350870094589,0.973578902876929,0.)),$,(1,2,4,3),((1,2,3),(3,
4,1)),());
#2461=COMPLEX_TRIANGULATED_FACE($,#4596,4,((0.783693457305312,-0.62114778030421,
0.),(0.783693457305312,-0.62114778030421,0.),(0.783693457305312,-0.62114778030421,
0.),(0.783693457305312,-0.62114778030421,0.)),$,(2,1,3,4),((1,2,3),(3,4,
1)),());
#2462=COMPLEX_TRIANGULATED_FACE($,#4597,4,((0.348572047300001,0.937281989500004,
0.),(0.348572047300001,0.937281989500004,0.),(0.348572047300001,0.937281989500004,
0.),(0.348572047300001,0.937281989500004,0.)),$,(4,3,1,2),((1,2,3),(3,4,
1)),());
#2463=COMPLEX_TRIANGULATED_FACE($,#4598,4,((0.75699505566746,-0.653420603971912,
0.),(0.75699505566746,-0.653420603971912,0.),(0.75699505566746,-0.653420603971912,
0.),(0.75699505566746,-0.653420603971912,0.)),$,(3,4,2,1),((1,2,3),(3,4,
1)),());
#2464=COMPLEX_TRIANGULATED_FACE($,#4602,4,((-0.228350870094589,-0.973578902876929,
0.),(-0.228350870094589,-0.973578902876929,0.),(-0.228350870094589,-0.973578902876929,
0.),(-0.228350870094589,-0.973578902876929,0.)),$,(2,1,3,4),((1,2,3),(3,
4,1)),());
#2465=COMPLEX_TRIANGULATED_FACE($,#4604,4,((0.62114778030421,0.783693457305312,
0.),(0.62114778030421,0.783693457305312,0.),(0.62114778030421,0.783693457305312,
0.),(0.62114778030421,0.783693457305312,0.)),$,(4,3,1,2),((1,2,3),(3,4,
1)),());
#2466=COMPLEX_TRIANGULATED_FACE($,#4605,4,((0.963162566801782,0.268919820600497,
0.),(0.963162566801782,0.268919820600497,0.),(0.963162566801782,0.268919820600497,
0.),(0.963162566801782,0.268919820600497,0.)),$,(4,3,1,2),((1,2,3),(3,4,
1)),());
#2467=COMPLEX_TRIANGULATED_FACE($,#4606,4,((-0.957319497541693,-0.289031796912588,
0.),(-0.957319497541693,-0.289031796912588,0.),(-0.957319497541693,-0.289031796912588,
0.),(-0.957319497541693,-0.289031796912588,0.)),$,(3,4,2,1),((1,2,3),(3,
4,1)),());
#2468=COMPLEX_TRIANGULATED_FACE($,#4608,4,((-0.895711760225618,0.444635179212717,
0.),(-0.895711760225618,0.444635179212717,0.),(-0.895711760225618,0.444635179212717,
0.),(-0.895711760225618,0.444635179212717,0.)),$,(1,2,4,3),((1,2,3),(3,
4,1)),());
#2469=COMPLEX_TRIANGULATED_FACE($,#4609,4,((-0.0418756537299508,0.999122830098827,
0.),(-0.0418756537299508,0.999122830098827,0.),(-0.0418756537299508,0.999122830098827,
0.),(-0.0418756537299508,0.999122830098827,0.)),$,(1,2,4,3),((1,2,3),(3,
4,1)),());
#2470=COMPLEX_TRIANGULATED_FACE($,#4610,4,((0.463296035117079,0.886203579232669,
0.),(0.463296035117079,0.886203579232669,0.),(0.463296035117079,0.886203579232669,
0.),(0.463296035117079,0.886203579232669,0.)),$,(4,3,1,2),((1,2,3),(3,4,
1)),());
#2471=COMPLEX_TRIANGULATED_FACE($,#4612,4,((0.921863151573117,-0.387515586488699,
0.),(0.921863151573117,-0.387515586488699,0.),(0.921863151573117,-0.387515586488699,
0.),(0.921863151573117,-0.387515586488699,0.)),$,(3,4,2,1),((1,2,3),(3,
4,1)),());
#2472=COMPLEX_TRIANGULATED_FACE($,#4613,4,((0.978147600735956,-0.207911690807643,
0.),(0.978147600735956,-0.207911690807643,0.),(0.978147600735956,-0.207911690807643,
0.),(0.978147600735956,-0.207911690807643,0.)),$,(3,4,2,1),((1,2,3),(3,
4,1)),());
#2473=COMPLEX_TRIANGULATED_FACE($,#4622,4,((0.328866646715814,-0.94437637024541,
0.),(0.328866646715814,-0.94437637024541,0.),(0.328866646715814,-0.94437637024541,
0.),(0.328866646715814,-0.94437637024541,0.)),$,(2,1,3,4),((1,2,3),(3,4,
1)),());
#2474=COMPLEX_TRIANGULATED_FACE($,#4623,4,((-0.75699505566746,0.653420603971912,
0.),(-0.75699505566746,0.653420603971912,0.),(-0.75699505566746,0.653420603971912,
0.),(-0.75699505566746,0.653420603971912,0.)),$,(1,2,4,3),((1,2,3),(3,4,
1)),());
#2475=COMPLEX_TRIANGULATED_FACE($,#4624,4,((-0.406736643111826,0.913545457626561,
0.),(-0.406736643111826,0.913545457626561,0.),(-0.406736643111826,0.913545457626561,
0.),(-0.406736643111826,0.913545457626561,0.)),$,(1,2,4,3),((1,2,3),(3,
4,1)),());
#2476=COMPLEX_TRIANGULATED_FACE($,#4625,34,((-0.707106781186548,-0.707106781186547,
0.),(-0.5,-0.866025403784438,0.),(-0.5,-0.866025403784438,0.),(-0.866025403784439,
-0.499999999999999,0.),(-0.707106781186548,-0.707106781186547,0.),(-0.965925826289068,
-0.25881904510252,0.),(-0.866025403784439,-0.499999999999999,0.),(-1.,0.,
0.),(-0.965925826289068,-0.25881904510252,0.),(-0.965925826289068,0.258819045102522,
0.),(-1.,0.,0.),(-0.866025403784438,0.5,0.),(-0.965925826289068,0.258819045102522,
0.),(-0.707106781186547,0.707106781186548,0.),(-0.866025403784438,0.5,0.),
(-0.499999999999999,0.866025403784439,0.),(-0.707106781186547,0.707106781186548,
0.),(-0.25881904510252,0.965925826289068,0.),(-0.499999999999999,0.866025403784439,
0.),(0.,1.,0.),(-0.25881904510252,0.965925826289068,0.),(-0.277898550087015,
-0.960610428768882,0.),(-0.259903092884453,-0.96563470438313,0.),(-0.285714285655588,
-0.95831484751741,0.),(-0.285714285655588,-0.95831484751741,0.),(0.,-1.,
0.),(-0.258819045102522,-0.965925826289068,0.),(-0.0447546214606657,-0.998998009936913,
0.),(-0.109668772300399,-0.993968188817994,0.),(-0.166999270365725,-0.985957019193694,
0.),(-0.217183351964062,-0.976130827107542,0.),(-0.254506275947744,-0.967071122256895,
0.),(0.,-1.,0.),(0.,1.,0.)),$,(24,20,19,28,23,32,27,34,31,30,33,26,29,22,
25,18,21,11,17,2,10,14,13,16,15,3,12,5,6,7,8,9,4,1),((1,2,3),(4,1,5),(6,
4,7),(8,6,9),(10,8,11),(12,10,13),(14,12,15),(16,14,17),(18,16,19),(20,
18,21),(3,22,23),(2,24,25),(25,3,2),(25,22,3),(26,27,28),(27,29,28),(27,
30,29),(27,31,30),(27,23,32),(32,31,27),(28,33,26),(23,27,3),(21,34,20),
(19,21,18),(17,19,16),(15,17,14),(13,15,12),(11,13,10),(9,11,8),(7,9,6),
(5,7,4),(3,5,1)),());
#2477=COMPLEX_TRIANGULATED_FACE($,#4627,4,((-0.999780683474927,0.0209424198794748,
0.),(-0.999780683474927,0.0209424198794748,0.),(-0.999780683474927,0.0209424198794748,
0.),(-0.999780683474927,0.0209424198794748,0.)),$,(1,2,4,3),((1,2,3),(3,
4,1)),());
#2478=COMPLEX_TRIANGULATED_FACE($,#4628,4,((0.994521895365257,0.104528463296348,
0.),(0.994521895365257,0.104528463296348,0.),(0.994521895365257,0.104528463296348,
0.),(0.994521895365257,0.104528463296348,0.)),$,(1,2,4,3),((1,2,3),(3,4,
1)),());
#2479=COMPLEX_TRIANGULATED_FACE($,#4629,4,((-0.268919820600497,-0.963162566801782,
0.),(-0.268919820600497,-0.963162566801782,0.),(-0.268919820600497,-0.963162566801782,
0.),(-0.268919820600497,-0.963162566801782,0.)),$,(3,4,2,1),((1,2,3),(3,
4,1)),());
#2480=COMPLEX_TRIANGULATED_FACE($,#4630,4,((0.406736643111826,-0.913545457626561,
0.),(0.406736643111826,-0.913545457626561,0.),(0.406736643111826,-0.913545457626561,
0.),(0.406736643111826,-0.913545457626561,0.)),$,(3,4,2,1),((1,2,3),(3,
4,1)),());
#2481=COMPLEX_TRIANGULATED_FACE($,#4631,4,((0.937281989500004,0.348572047300001,
0.),(0.937281989500004,0.348572047300001,0.),(0.937281989500004,0.348572047300001,
0.),(0.937281989500004,0.348572047300001,0.)),$,(1,2,4,3),((1,2,3),(3,4,
1)),());
#2482=COMPLEX_TRIANGULATED_FACE($,#4633,4,((0.985996037073973,-0.166768746695598,
0.),(0.985996037073973,-0.166768746695598,0.),(0.985996037073973,-0.166768746695598,
0.),(0.985996037073973,-0.166768746695598,0.)),$,(2,1,3,4),((1,2,3),(3,
4,1)),());
#2483=COMPLEX_TRIANGULATED_FACE($,#4635,4,((-0.62114778030421,-0.783693457305312,
0.),(-0.62114778030421,-0.783693457305312,0.),(-0.62114778030421,-0.783693457305312,
0.),(-0.62114778030421,-0.783693457305312,0.)),$,(2,1,3,4),((1,2,3),(3,
4,1)),());
#2484=COMPLEX_TRIANGULATED_FACE($,#4636,4,((-0.996492859249351,0.0836778433341441,
0.),(-0.996492859249351,0.0836778433341441,0.),(-0.996492859249351,0.0836778433341441,
0.),(-0.996492859249351,0.0836778433341441,0.)),$,(1,2,4,3),((1,2,3),(3,
4,1)),());
#2485=COMPLEX_TRIANGULATED_FACE($,#4638,100,((0.,0.,1.),(0.,0.,1.),(0.,
0.,1.),(0.,0.,1.),(0.,0.,1.),(0.,0.,1.),(0.,0.,1.),(0.,0.,1.),(0.,0.,1.),
(0.,0.,1.),(0.,0.,1.),(0.,0.,1.),(0.,0.,1.),(0.,0.,1.),(0.,0.,1.),(0.,0.,
1.),(0.,0.,1.),(0.,0.,1.),(0.,0.,1.),(0.,0.,1.),(0.,0.,1.),(0.,0.,1.),(0.,
0.,1.),(0.,0.,1.),(0.,0.,1.),(0.,0.,1.),(0.,0.,1.),(0.,0.,1.),(0.,0.,1.),
(0.,0.,1.),(0.,0.,1.),(0.,0.,1.),(0.,0.,1.),(0.,0.,1.),(0.,0.,1.),(0.,0.,
1.),(0.,0.,1.),(0.,0.,1.),(0.,0.,1.),(0.,0.,1.),(0.,0.,1.),(0.,0.,1.),(0.,
0.,1.),(0.,0.,1.),(0.,0.,1.),(0.,0.,1.),(0.,0.,1.),(0.,0.,1.),(0.,0.,1.),
(0.,0.,1.),(0.,0.,1.),(0.,0.,1.),(0.,0.,1.),(0.,0.,1.),(0.,0.,1.),(0.,0.,
1.),(0.,0.,1.),(0.,0.,1.),(0.,0.,1.),(0.,0.,1.),(0.,0.,1.),(0.,0.,1.),(0.,
0.,1.),(0.,0.,1.),(0.,0.,1.),(0.,0.,1.),(0.,0.,1.),(0.,0.,1.),(0.,0.,1.),
(0.,0.,1.),(0.,0.,1.),(0.,0.,1.),(0.,0.,1.),(0.,0.,1.),(0.,0.,1.),(0.,0.,
1.),(0.,0.,1.),(0.,0.,1.),(0.,0.,1.),(0.,0.,1.),(0.,0.,1.),(0.,0.,1.),(0.,
0.,1.),(0.,0.,1.),(0.,0.,1.),(0.,0.,1.),(0.,0.,1.),(0.,0.,1.),(0.,0.,1.),
(0.,0.,1.),(0.,0.,1.),(0.,0.,1.),(0.,0.,1.),(0.,0.,1.),(0.,0.,1.),(0.,0.,
1.),(0.,0.,1.),(0.,0.,1.),(0.,0.,1.),(0.,0.,1.)),$,(88,90,92,43,49,47,41,
59,57,94,86,45,53,51,55,21,85,83,93,91,96,82,84,78,80,74,76,68,70,64,66,
60,62,44,46,40,42,61,65,63,69,67,87,89,72,56,58,52,54,48,50,36,38,32,34,
28,30,37,35,39,33,75,73,81,79,26,20,22,6,8,25,23,31,29,71,77,95,99,97,24,
16,18,10,12,4,11,9,27,98,100,14,7,15,13,19,1,2,5,3,17),((1,2,3),(4,5,6),
(7,8,9),(10,11,1),(6,12,4),(7,13,14),(9,15,7),(16,17,18),(16,19,20),(3,
10,1),(21,22,23),(21,24,25),(21,26,27),(21,28,29),(21,30,31),(21,32,33),
(21,34,35),(21,36,37),(14,5,7),(7,38,8),(7,39,40),(7,41,42),(16,43,17),
(20,44,16),(23,11,21),(27,24,21),(29,45,21),(33,30,21),(21,46,47),(21,48,
49),(21,50,51),(37,34,21),(21,52,53),(21,54,55),(21,56,57),(41,58,59),(41,
7,60),(15,13,7),(42,39,7),(61,62,63),(61,64,65),(44,43,16),(25,22,21),(31,
28,21),(49,46,21),(35,50,21),(55,52,21),(21,66,56),(21,67,68),(21,69,70),
(64,71,72),(64,73,74),(60,58,41),(40,38,7),(63,75,61),(65,76,61),(16,77,
19),(16,78,79),(45,26,21),(51,48,21),(57,54,21),(68,80,21),(21,81,82),(21,
83,84),(21,85,69),(21,86,87),(64,88,71),(64,61,73),(4,7,5),(76,62,61),(79,
77,16),(16,89,90),(47,32,21),(80,66,21),(21,91,81),(70,83,21),(87,92,21),
(21,93,94),(21,16,95),(74,88,64),(75,41,61),(90,78,16),(53,36,21),(84,91,
21),(21,96,97),(21,98,99),(94,86,21),(95,100,21),(59,61,41),(16,21,89),
(82,67,21),(99,96,21),(100,93,21),(18,64,16),(97,85,21),(72,16,64),(92,
98,21),(10,21,11)),());
#2486=COMPLEX_TRIANGULATED_FACE($,#4639,108,((0.,0.,-1.),(0.,0.,-1.),(0.,
0.,-1.),(0.,0.,-1.),(0.,0.,-1.),(0.,0.,-1.),(0.,0.,-1.),(0.,0.,-1.),(0.,
0.,-1.),(0.,0.,-1.),(0.,0.,-1.),(0.,0.,-1.),(0.,0.,-1.),(0.,0.,-1.),(0.,
0.,-1.),(0.,0.,-1.),(0.,0.,-1.),(0.,0.,-1.),(0.,0.,-1.),(0.,0.,-1.),(0.,
0.,-1.),(0.,0.,-1.),(0.,0.,-1.),(0.,0.,-1.),(0.,0.,-1.),(0.,0.,-1.),(0.,
0.,-1.),(0.,0.,-1.),(0.,0.,-1.),(0.,0.,-1.),(0.,0.,-1.),(0.,0.,-1.),(0.,
0.,-1.),(0.,0.,-1.),(0.,0.,-1.),(0.,0.,-1.),(0.,0.,-1.),(0.,0.,-1.),(0.,
0.,-1.),(0.,0.,-1.),(0.,0.,-1.),(0.,0.,-1.),(0.,0.,-1.),(0.,0.,-1.),(0.,
0.,-1.),(0.,0.,-1.),(0.,0.,-1.),(0.,0.,-1.),(0.,0.,-1.),(0.,0.,-1.),(0.,
0.,-1.),(0.,0.,-1.),(0.,0.,-1.),(0.,0.,-1.),(0.,0.,-1.),(0.,0.,-1.),(0.,
0.,-1.),(0.,0.,-1.),(0.,0.,-1.),(0.,0.,-1.),(0.,0.,-1.),(0.,0.,-1.),(0.,
0.,-1.),(0.,0.,-1.),(0.,0.,-1.),(0.,0.,-1.),(0.,0.,-1.),(0.,0.,-1.),(0.,
0.,-1.),(0.,0.,-1.),(0.,0.,-1.),(0.,0.,-1.),(0.,0.,-1.),(0.,0.,-1.),(0.,
0.,-1.),(0.,0.,-1.),(0.,0.,-1.),(0.,0.,-1.),(0.,0.,-1.),(0.,0.,-1.),(0.,
0.,-1.),(0.,0.,-1.),(0.,0.,-1.),(0.,0.,-1.),(0.,0.,-1.),(0.,0.,-1.),(0.,
0.,-1.),(0.,0.,-1.),(0.,0.,-1.),(0.,0.,-1.),(0.,0.,-1.),(0.,0.,-1.),(0.,
0.,-1.),(0.,0.,-1.),(0.,0.,-1.),(0.,0.,-1.),(0.,0.,-1.),(0.,0.,-1.),(0.,
0.,-1.),(0.,0.,-1.),(0.,0.,-1.),(0.,0.,-1.),(0.,0.,-1.),(0.,0.,-1.),(0.,
0.,-1.),(0.,0.,-1.),(0.,0.,-1.),(0.,0.,-1.)),$,(38,42,39,43,46,81,86,79,
91,83,34,35,47,51,50,55,60,61,57,68,73,69,77,72,99,87,71,67,70,66,63,28,
23,30,18,26,25,31,27,29,56,64,65,76,101,90,103,93,75,74,62,58,59,54,49,
48,52,41,36,40,32,37,10,22,13,20,105,95,107,98,84,78,82,80,53,45,44,33,
8,19,6,16,108,106,97,96,89,4,14,7,9,21,24,104,94,5,17,102,100,88,85,2,11,
1,3,12,15,92),((1,2,3),(4,5,2),(6,7,8),(9,10,8),(11,3,12),(2,1,4),(13,14,
15),(16,15,14),(17,18,19),(20,21,22),(21,23,24),(8,7,9),(25,26,10),(27,
28,29),(30,31,28),(32,33,34),(35,36,34),(37,38,39),(40,12,38),(3,11,1),
(5,4,13),(41,19,16),(19,41,17),(42,20,43),(24,22,21),(23,6,44),(10,9,25),
(45,46,26),(47,48,46),(49,29,50),(28,27,30),(51,52,53),(54,53,52),(55,56,
57),(58,59,60),(59,61,62),(34,33,35),(63,64,36),(65,66,39),(38,37,40),(15,
5,13),(17,42,18),(22,43,20),(8,44,6),(46,45,47),(67,68,48),(69,70,68),(71,
72,73),(74,50,72),(29,49,27),(31,30,51),(75,57,54),(57,75,55),(76,58,77),
(62,60,59),(61,32,78),(36,35,63),(79,80,64),(81,82,80),(39,66,37),(14,41,
16),(44,24,23),(48,47,67),(68,67,69),(83,84,85),(86,87,73),(72,71,74),(53,
31,51),(55,76,56),(60,77,58),(34,78,32),(80,79,81),(88,89,82),(90,91,92),
(91,65,93),(12,40,11),(26,25,45),(85,70,83),(84,94,95),(73,87,71),(52,75,
54),(78,62,61),(82,81,88),(96,90,97),(93,92,91),(43,18,42),(95,85,84),(98,
99,100),(99,86,101),(50,74,49),(64,63,79),(102,103,89),(104,105,106),(105,
96,107),(92,97,90),(69,83,70),(94,98,108),(101,100,99),(77,56,76),(89,88,
102),(107,106,105),(39,93,65),(100,108,98),(102,104,103),(97,107,96),(73,
101,86),(108,95,94),(106,103,104)),());
#2487=COMPLEX_TRIANGULATED_FACE($,#4640,4,((0.832921240726985,0.553391549217929,
0.),(0.832921240726985,0.553391549217929,0.),(0.832921240726985,0.553391549217929,
0.),(0.832921240726985,0.553391549217929,0.)),$,(4,3,1,2),((1,2,3),(3,4,
1)),());
#2488=COMPLEX_TRIANGULATED_FACE($,#4641,4,((-0.104528463296348,0.994521895365257,
0.),(-0.104528463296348,0.994521895365257,0.),(-0.104528463296348,0.994521895365257,
0.),(-0.104528463296348,0.994521895365257,0.)),$,(1,2,4,3),((1,2,3),(3,
4,1)),());
#2489=COMPLEX_TRIANGULATED_FACE($,#4643,4,((-0.604599114897899,-0.796529917997232,
0.),(-0.604599114897899,-0.796529917997232,0.),(-0.604599114897899,-0.796529917997232,
0.),(-0.604599114897899,-0.796529917997232,0.)),$,(3,4,2,1),((1,2,3),(3,
4,1)),());
#2490=COMPLEX_TRIANGULATED_FACE($,#4645,4,((0.855364260159199,-0.51802700937529,
0.),(0.855364260159199,-0.51802700937529,0.),(0.855364260159199,-0.51802700937529,
0.),(0.855364260159199,-0.51802700937529,0.)),$,(2,1,3,4),((1,2,3),(3,4,
1)),());
#2491=COMPLEX_TRIANGULATED_FACE($,#4646,4,((0.999780683474927,0.0209424198794748,
0.),(0.999780683474927,0.0209424198794748,0.),(0.999780683474927,0.0209424198794748,
0.),(0.999780683474927,0.0209424198794748,0.)),$,(4,3,1,2),((1,2,3),(3,
4,1)),());
#2492=COMPLEX_TRIANGULATED_FACE($,#4647,4,((-0.994521895365257,0.104528463296348,
0.),(-0.994521895365257,0.104528463296348,0.),(-0.994521895365257,0.104528463296348,
0.),(-0.994521895365257,0.104528463296348,0.)),$,(4,3,1,2),((1,2,3),(3,
4,1)),());
#2493=COMPLEX_TRIANGULATED_FACE($,#4650,4,((-0.444635179212717,0.895711760225618,
0.),(-0.444635179212717,0.895711760225618,0.),(-0.444635179212717,0.895711760225618,
0.),(-0.444635179212717,0.895711760225618,0.)),$,(4,3,1,2),((1,2,3),(3,
4,1)),());
#2494=COMPLEX_TRIANGULATED_FACE($,#4651,4,((-0.999122830098827,0.0418756537299508,
0.),(-0.999122830098827,0.0418756537299508,0.),(-0.999122830098827,0.0418756537299508,
0.),(-0.999122830098827,0.0418756537299508,0.)),$,(4,3,1,2),((1,2,3),(3,
4,1)),());
#2495=COMPLEX_TRIANGULATED_FACE($,#4653,4,((0.963162566801782,-0.268919820600497,
0.),(0.963162566801782,-0.268919820600497,0.),(0.963162566801782,-0.268919820600497,
0.),(0.963162566801782,-0.268919820600497,0.)),$,(3,4,2,1),((1,2,3),(3,
4,1)),());
#2496=COMPLEX_TRIANGULATED_FACE($,#4655,4,((-0.957319497541693,0.289031796912588,
0.),(-0.957319497541693,0.289031796912588,0.),(-0.957319497541693,0.289031796912588,
0.),(-0.957319497541693,0.289031796912588,0.)),$,(4,3,1,2),((1,2,3),(3,
4,1)),());
#2497=COMPLEX_TRIANGULATED_FACE($,#4656,4,((-0.0209424198794748,-0.999780683474927,
0.),(-0.0209424198794748,-0.999780683474927,0.),(-0.0209424198794748,-0.999780683474927,
0.),(-0.0209424198794748,-0.999780683474927,0.)),$,(3,4,2,1),((1,2,3),(3,
4,1)),());
#2498=COMPLEX_TRIANGULATED_FACE($,#4657,79,((0.,0.,1.),(0.,0.,1.),(0.,0.,
1.),(0.,0.,1.),(0.,0.,1.),(0.,0.,1.),(0.,0.,1.),(0.,0.,1.),(0.,0.,1.),(0.,
0.,1.),(0.,0.,1.),(0.,0.,1.),(0.,0.,1.),(0.,0.,1.),(0.,0.,1.),(0.,0.,1.),
(0.,0.,1.),(0.,0.,1.),(0.,0.,1.),(0.,0.,1.),(0.,0.,1.),(0.,0.,1.),(0.,0.,
1.),(0.,0.,1.),(0.,0.,1.),(0.,0.,1.),(0.,0.,1.),(0.,0.,1.),(0.,0.,1.),(0.,
0.,1.),(0.,0.,1.),(0.,0.,1.),(0.,0.,1.),(0.,0.,1.),(0.,0.,1.),(0.,0.,1.),
(0.,0.,1.),(0.,0.,1.),(0.,0.,1.),(0.,0.,1.),(0.,0.,1.),(0.,0.,1.),(0.,0.,
1.),(0.,0.,1.),(0.,0.,1.),(0.,0.,1.),(0.,0.,1.),(0.,0.,1.),(0.,0.,1.),(0.,
0.,1.),(0.,0.,1.),(0.,0.,1.),(0.,0.,1.),(0.,0.,1.),(0.,0.,1.),(0.,0.,1.),
(0.,0.,1.),(0.,0.,1.),(0.,0.,1.),(0.,0.,1.),(0.,0.,1.),(0.,0.,1.),(0.,0.,
1.),(0.,0.,1.),(0.,0.,1.),(0.,0.,1.),(0.,0.,1.),(0.,0.,1.),(0.,0.,1.),(0.,
0.,1.),(0.,0.,1.),(0.,0.,1.),(0.,0.,1.),(0.,0.,1.),(0.,0.,1.),(0.,0.,1.),
(0.,0.,1.),(0.,0.,1.),(0.,0.,1.)),$,(3,5,20,1,18,19,7,23,9,11,26,2,13,30,
15,17,33,25,35,32,37,38,40,44,41,55,46,43,67,53,49,48,63,65,69,76,60,62,
74,58,51,50,29,8,6,71,57,73,59,79,78,54,70,68,10,14,12,28,22,27,31,24,77,
61,45,47,72,16,75,39,42,34,66,64,21,36,4,56,52),((1,2,3),(4,5,6),(5,4,1),
(7,8,3),(9,10,11),(6,12,4),(3,2,7),(8,7,9),(13,14,11),(15,16,17),(3,5,1),
(11,10,13),(14,13,15),(18,19,17),(20,21,22),(23,24,25),(26,27,28),(29,30,
31),(11,8,9),(17,16,18),(19,18,20),(22,21,23),(24,32,28),(28,32,26),(33,
34,31),(31,34,29),(17,14,15),(25,22,23),(26,33,27),(29,35,30),(22,19,20),
(31,27,33),(36,37,38),(39,40,37),(39,41,42),(43,44,45),(28,25,24),(35,46,
47),(48,49,47),(50,51,38),(37,36,39),(42,52,39),(41,53,54),(43,55,44),(43,
56,57),(43,58,59),(43,60,61),(12,62,60),(47,30,35),(47,46,48),(63,64,49),
(64,63,50),(52,40,39),(41,65,66),(41,67,53),(57,55,43),(59,68,43),(60,43,
12),(48,69,49),(38,64,50),(66,42,41),(41,70,71),(41,61,72),(41,73,74),(41,
39,67),(68,56,43),(12,75,62),(49,69,63),(71,65,41),(72,76,41),(76,70,41),
(54,73,41),(45,77,43),(6,75,12),(74,78,41),(61,41,43),(78,79,41),(38,51,
36),(77,12,43)),());
#2499=COMPLEX_TRIANGULATED_FACE($,#4658,4,((0.895711760225618,-0.444635179212717,
0.),(0.895711760225618,-0.444635179212717,0.),(0.895711760225618,-0.444635179212717,
0.),(0.895711760225618,-0.444635179212717,0.)),$,(3,4,2,1),((1,2,3),(3,
4,1)),());
#2500=COMPLEX_TRIANGULATED_FACE($,#4659,4,((-0.895711760225618,-0.444635179212717,
0.),(-0.895711760225618,-0.444635179212717,0.),(-0.895711760225618,-0.444635179212717,
0.),(-0.895711760225618,-0.444635179212717,0.)),$,(2,1,3,4),((1,2,3),(3,
4,1)),());
#2501=COMPLEX_TRIANGULATED_FACE($,#4660,4,((-0.832921240726985,-0.553391549217929,
0.),(-0.832921240726985,-0.553391549217929,0.),(-0.832921240726985,-0.553391549217929,
0.),(-0.832921240726985,-0.553391549217929,0.)),$,(2,1,3,4),((1,2,3),(3,
4,1)),());
#2502=COMPLEX_TRIANGULATED_FACE($,#4664,34,((0.258819045102522,0.965925826289068,
0.),(0.,1.,0.),(0.,1.,0.),(0.5,0.866025403784438,0.),(0.258819045102522,
0.965925826289068,0.),(0.707106781186548,0.707106781186547,0.),(0.5,0.866025403784438,
0.),(0.866025403784439,0.499999999999999,0.),(0.707106781186548,0.707106781186547,
0.),(0.965925826289068,0.25881904510252,0.),(0.866025403784439,0.499999999999999,
0.),(1.,0.,0.),(0.965925826289068,0.25881904510252,0.),(0.965925826289068,
-0.258819045102521,0.),(1.,0.,0.),(0.866025403784439,-0.5,0.),(0.965925826289068,
-0.258819045102521,0.),(0.707106781186547,-0.707106781186548,0.),(0.866025403784439,
-0.5,0.),(0.5,-0.866025403784438,0.),(0.707106781186547,-0.707106781186548,
0.),(0.258819045102521,-0.965925826289068,0.),(0.185816122595294,-0.982584535082682,
0.),(0.231991942480674,-0.972717707571957,0.),(0.0664705615871735,-0.997788386604237,
0.),(0.129995809485413,-0.991514543270159,0.),(0.,-1.,0.),(0.,-1.,0.),(0.5,
-0.866025403784438,0.),(0.285714285655589,-0.95831484751741,0.),(0.282212135038529,
-0.959352026545519,0.),(0.259662760044116,-0.965699358520172,0.),(0.263804323097454,
-0.964576217369625,0.),(0.285714285655589,-0.95831484751741,0.)),$,(25,
32,31,16,24,12,15,8,11,4,7,2,3,6,1,10,5,14,9,18,13,26,28,27,30,29,33,34,
17,19,21,23,22,20),((1,2,3),(4,1,5),(6,4,7),(8,6,9),(10,8,11),(12,10,13),
(14,12,15),(16,14,17),(18,16,19),(20,18,21),(22,23,24),(22,25,26),(26,23,
22),(22,27,28),(28,25,22),(20,29,30),(29,31,30),(29,22,32),(32,33,29),(33,
31,29),(30,34,20),(24,32,22),(21,29,20),(19,21,18),(17,19,16),(15,17,14),
(13,15,12),(11,13,10),(9,11,8),(7,9,6),(5,7,4),(3,5,1)),());
#2503=COMPLEX_TRIANGULATED_FACE($,#4667,4,((-0.985996037073973,0.166768746695598,
0.),(-0.985996037073973,0.166768746695598,0.),(-0.985996037073973,0.166768746695598,
0.),(-0.985996037073973,0.166768746695598,0.)),$,(4,3,1,2),((1,2,3),(3,
4,1)),());
#2504=COMPLEX_TRIANGULATED_FACE($,#4668,4,((-0.0836778433341441,0.996492859249351,
0.),(-0.0836778433341441,0.996492859249351,0.),(-0.0836778433341441,0.996492859249351,
0.),(-0.0836778433341441,0.996492859249351,0.)),$,(4,3,1,2),((1,2,3),(3,
4,1)),());
#2505=COMPLEX_TRIANGULATED_FACE($,#4669,4,((-0.866025403788329,-0.499999999993262,
0.),(-0.866025403788329,-0.499999999993262,0.),(-0.866025403788329,-0.499999999993262,
0.),(-0.866025403788329,-0.499999999993262,0.)),$,(2,1,3,4),((1,2,3),(3,
4,1)),());
#2506=COMPLEX_TRIANGULATED_FACE($,#4670,4,((0.387515586488699,-0.921863151573117,
0.),(0.387515586488699,-0.921863151573117,0.),(0.387515586488699,-0.921863151573117,
0.),(0.387515586488699,-0.921863151573117,0.)),$,(2,1,3,4),((1,2,3),(3,
4,1)),());
#2507=COMPLEX_TRIANGULATED_FACE($,#4671,4,((-0.166768746695598,0.985996037073973,
0.),(-0.166768746695598,0.985996037073973,0.),(-0.166768746695598,0.985996037073973,
0.),(-0.166768746695598,0.985996037073973,0.)),$,(1,2,4,3),((1,2,3),(3,
4,1)),());
#2508=COMPLEX_TRIANGULATED_FACE($,#4672,4,((-0.796529917997232,-0.604599114897899,
0.),(-0.796529917997232,-0.604599114897899,0.),(-0.796529917997232,-0.604599114897899,
0.),(-0.796529917997232,-0.604599114897899,0.)),$,(2,1,3,4),((1,2,3),(3,
4,1)),());
#2509=COMPLEX_TRIANGULATED_FACE($,#4674,4,((-0.699663340522941,0.714472679623426,
0.),(-0.699663340522941,0.714472679623426,0.),(-0.699663340522941,0.714472679623426,
0.),(-0.699663340522941,0.714472679623426,0.)),$,(4,3,1,2),((1,2,3),(3,
4,1)),());
#2510=COMPLEX_TRIANGULATED_FACE($,#4675,100,((0.,0.,1.),(0.,0.,1.),(0.,
0.,1.),(0.,0.,1.),(0.,0.,1.),(0.,0.,1.),(0.,0.,1.),(0.,0.,1.),(0.,0.,1.),
(0.,0.,1.),(0.,0.,1.),(0.,0.,1.),(0.,0.,1.),(0.,0.,1.),(0.,0.,1.),(0.,0.,
1.),(0.,0.,1.),(0.,0.,1.),(0.,0.,1.),(0.,0.,1.),(0.,0.,1.),(0.,0.,1.),(0.,
0.,1.),(0.,0.,1.),(0.,0.,1.),(0.,0.,1.),(0.,0.,1.),(0.,0.,1.),(0.,0.,1.),
(0.,0.,1.),(0.,0.,1.),(0.,0.,1.),(0.,0.,1.),(0.,0.,1.),(0.,0.,1.),(0.,0.,
1.),(0.,0.,1.),(0.,0.,1.),(0.,0.,1.),(0.,0.,1.),(0.,0.,1.),(0.,0.,1.),(0.,
0.,1.),(0.,0.,1.),(0.,0.,1.),(0.,0.,1.),(0.,0.,1.),(0.,0.,1.),(0.,0.,1.),
(0.,0.,1.),(0.,0.,1.),(0.,0.,1.),(0.,0.,1.),(0.,0.,1.),(0.,0.,1.),(0.,0.,
1.),(0.,0.,1.),(0.,0.,1.),(0.,0.,1.),(0.,0.,1.),(0.,0.,1.),(0.,0.,1.),(0.,
0.,1.),(0.,0.,1.),(0.,0.,1.),(0.,0.,1.),(0.,0.,1.),(0.,0.,1.),(0.,0.,1.),
(0.,0.,1.),(0.,0.,1.),(0.,0.,1.),(0.,0.,1.),(0.,0.,1.),(0.,0.,1.),(0.,0.,
1.),(0.,0.,1.),(0.,0.,1.),(0.,0.,1.),(0.,0.,1.),(0.,0.,1.),(0.,0.,1.),(0.,
0.,1.),(0.,0.,1.),(0.,0.,1.),(0.,0.,1.),(0.,0.,1.),(0.,0.,1.),(0.,0.,1.),
(0.,0.,1.),(0.,0.,1.),(0.,0.,1.),(0.,0.,1.),(0.,0.,1.),(0.,0.,1.),(0.,0.,
1.),(0.,0.,1.),(0.,0.,1.),(0.,0.,1.),(0.,0.,1.)),$,(31,54,56,70,47,45,58,
46,48,36,38,10,4,6,5,3,21,15,13,43,55,53,65,63,97,95,93,91,96,98,80,86,
88,62,64,52,50,34,27,29,7,12,14,2,1,16,24,22,39,37,49,51,67,74,72,94,89,
87,99,100,85,77,79,66,40,30,17,11,20,35,61,71,84,90,81,60,44,32,25,18,26,
41,57,69,76,83,75,42,23,8,9,28,59,78,92,73,68,19,33,82),((1,2,3),(4,5,6),
(3,7,1),(1,8,9),(1,10,11),(12,13,14),(12,15,16),(17,18,19),(6,20,4),(4,
21,22),(4,23,24),(25,26,27),(28,29,30),(31,32,33),(1,34,35),(1,36,2),(9,
37,1),(1,38,10),(1,39,40),(41,42,43),(12,44,13),(16,45,12),(17,46,18),(17,
47,48),(4,49,50),(4,51,5),(22,52,4),(4,53,23),(4,54,55),(56,57,58),(28,
59,25),(30,60,28),(31,61,32),(31,62,63),(35,64,1),(37,36,1),(11,65,1),(40,
66,1),(43,67,41),(45,44,12),(19,68,17),(48,69,17),(50,70,4),(52,51,4),(24,
71,4),(55,72,4),(58,73,56),(60,59,28),(33,74,31),(63,75,31),(1,76,34),(1,
77,8),(1,78,38),(1,79,39),(41,12,42),(12,41,15),(17,80,46),(17,81,47),(4,
82,49),(4,83,21),(4,84,53),(4,85,54),(56,28,57),(28,56,29),(31,86,61),(31,
87,62),(7,76,1),(65,88,1),(1,89,79),(14,90,12),(68,91,17),(17,92,81),(20,
82,4),(71,93,4),(4,94,85),(27,28,25),(74,95,31),(31,96,87),(64,97,1),(66,
78,1),(67,98,41),(69,80,17),(70,99,4),(72,84,4),(73,100,56),(75,86,31),
(88,77,1),(91,41,17),(93,83,4),(95,56,31),(1,17,89),(17,1,92),(4,31,94),
(31,4,96),(98,17,41),(100,31,56),(99,1,4),(97,4,1)),());
#2511=COMPLEX_TRIANGULATED_FACE($,#4676,4,((-0.0418756537299508,-0.999122830098827,
0.),(-0.0418756537299508,-0.999122830098827,0.),(-0.0418756537299508,-0.999122830098827,
0.),(-0.0418756537299508,-0.999122830098827,0.)),$,(2,1,3,4),((1,2,3),(3,
4,1)),());
#2512=COMPLEX_TRIANGULATED_FACE($,#4678,4,((0.228350870094589,-0.973578902876929,
0.),(0.228350870094589,-0.973578902876929,0.),(0.228350870094589,-0.973578902876929,
0.),(0.228350870094589,-0.973578902876929,0.)),$,(3,4,2,1),((1,2,3),(3,
4,1)),());
#2513=COMPLEX_TRIANGULATED_FACE($,#4681,30,((-0.222520933956315,0.974927912181824,
0.),(0.,1.,0.),(0.,1.,0.),(-0.433883739117558,0.900968867902419,0.),(-0.222520933956315,
0.974927912181824,0.),(-0.623489801858734,0.78183148246803,0.),(-0.433883739117558,
0.900968867902419,0.),(-0.78183148246803,0.623489801858733,0.),(-0.623489801858734,
0.78183148246803,0.),(-0.900968867902419,0.433883739117558,0.),(-0.78183148246803,
0.623489801858733,0.),(-0.974927912181824,0.222520933956314,0.),(-0.900968867902419,
0.433883739117558,0.),(-1.,0.,0.),(-0.974927912181824,0.222520933956314,
0.),(-0.974927912181824,-0.222520933956314,0.),(-1.,0.,0.),(-0.900968867902419,
-0.433883739117558,0.),(-0.974927912181824,-0.222520933956314,0.),(-0.78183148246803,
-0.623489801858734,0.),(-0.900968867902419,-0.433883739117558,0.),(-0.623489801858733,
-0.78183148246803,0.),(-0.78183148246803,-0.623489801858734,0.),(-0.433883739117558,
-0.900968867902419,0.),(-0.623489801858733,-0.78183148246803,0.),(-0.222520933956314,
-0.974927912181824,0.),(-0.433883739117558,-0.900968867902419,0.),(0.,-1.,
0.),(-0.222520933956314,-0.974927912181824,0.),(0.,-1.,0.)),$,(5,1,2,9,
6,13,10,19,14,21,20,25,22,29,26,27,30,23,28,17,24,15,18,11,16,7,12,3,8,
4),((1,2,3),(4,1,5),(6,4,7),(8,6,9),(10,8,11),(12,10,13),(14,12,15),(16,
14,17),(18,16,19),(20,18,21),(22,20,23),(24,22,25),(26,24,27),(28,26,29),
(29,30,28),(27,29,26),(25,27,24),(23,25,22),(21,23,20),(19,21,18),(17,19,
16),(15,17,14),(13,15,12),(11,13,10),(9,11,8),(7,9,6),(5,7,4),(3,5,1)),
());
#2514=COMPLEX_TRIANGULATED_FACE($,#4684,4,((0.699663340522941,0.714472679623426,
0.),(0.699663340522941,0.714472679623426,0.),(0.699663340522941,0.714472679623426,
0.),(0.699663340522941,0.714472679623426,0.)),$,(1,2,4,3),((1,2,3),(3,4,
1)),());
#2515=COMPLEX_TRIANGULATED_FACE($,#4685,4,((-0.146083028593849,0.989272332958346,
0.),(-0.146083028593849,0.989272332958346,0.),(-0.146083028593849,0.989272332958346,
0.),(-0.146083028593849,0.989272332958346,0.)),$,(4,3,1,2),((1,2,3),(3,
4,1)),());
#2516=COMPLEX_TRIANGULATED_FACE($,#4686,4,((0.743144825467058,0.669130606370338,
0.),(0.743144825467058,0.669130606370338,0.),(0.743144825467058,0.669130606370338,
0.),(0.743144825467058,0.669130606370338,0.)),$,(1,2,4,3),((1,2,3),(3,4,
1)),());
#2517=COMPLEX_TRIANGULATED_FACE($,#4687,94,((0.,0.,-1.),(0.,0.,-1.),(0.,
0.,-1.),(0.,0.,-1.),(0.,0.,-1.),(0.,0.,-1.),(0.,0.,-1.),(0.,0.,-1.),(0.,
0.,-1.),(0.,0.,-1.),(0.,0.,-1.),(0.,0.,-1.),(0.,0.,-1.),(0.,0.,-1.),(0.,
0.,-1.),(0.,0.,-1.),(0.,0.,-1.),(0.,0.,-1.),(0.,0.,-1.),(0.,0.,-1.),(0.,
0.,-1.),(0.,0.,-1.),(0.,0.,-1.),(0.,0.,-1.),(0.,0.,-1.),(0.,0.,-1.),(0.,
0.,-1.),(0.,0.,-1.),(0.,0.,-1.),(0.,0.,-1.),(0.,0.,-1.),(0.,0.,-1.),(0.,
0.,-1.),(0.,0.,-1.),(0.,0.,-1.),(0.,0.,-1.),(0.,0.,-1.),(0.,0.,-1.),(0.,
0.,-1.),(0.,0.,-1.),(0.,0.,-1.),(0.,0.,-1.),(0.,0.,-1.),(0.,0.,-1.),(0.,
0.,-1.),(0.,0.,-1.),(0.,0.,-1.),(0.,0.,-1.),(0.,0.,-1.),(0.,0.,-1.),(0.,
0.,-1.),(0.,0.,-1.),(0.,0.,-1.),(0.,0.,-1.),(0.,0.,-1.),(0.,0.,-1.),(0.,
0.,-1.),(0.,0.,-1.),(0.,0.,-1.),(0.,0.,-1.),(0.,0.,-1.),(0.,0.,-1.),(0.,
0.,-1.),(0.,0.,-1.),(0.,0.,-1.),(0.,0.,-1.),(0.,0.,-1.),(0.,0.,-1.),(0.,
0.,-1.),(0.,0.,-1.),(0.,0.,-1.),(0.,0.,-1.),(0.,0.,-1.),(0.,0.,-1.),(0.,
0.,-1.),(0.,0.,-1.),(0.,0.,-1.),(0.,0.,-1.),(0.,0.,-1.),(0.,0.,-1.),(0.,
0.,-1.),(0.,0.,-1.),(0.,0.,-1.),(0.,0.,-1.),(0.,0.,-1.),(0.,0.,-1.),(0.,
0.,-1.),(0.,0.,-1.),(0.,0.,-1.),(0.,0.,-1.),(0.,0.,-1.),(0.,0.,-1.),(0.,
0.,-1.),(0.,0.,-1.)),$,(43,41,45,57,61,59,65,63,33,35,31,37,39,48,49,53,
51,69,67,73,71,77,75,81,86,83,91,85,55,79,52,54,50,38,34,36,30,32,93,94,
90,92,87,62,60,64,58,56,47,46,42,44,26,28,22,24,18,20,14,9,12,4,10,21,23,
19,25,27,89,40,16,13,15,11,17,29,82,80,84,78,76,3,7,88,74,72,70,68,2,6,
1,5,8,66),((1,2,3),(4,5,6),(5,7,8),(9,10,11),(12,13,10),(3,14,1),(15,16,
17),(8,6,5),(7,18,19),(18,20,21),(20,22,23),(24,25,26),(25,27,28),(10,9,
12),(2,1,13),(17,14,15),(16,4,29),(19,8,7),(23,21,20),(22,24,30),(28,26,
25),(31,32,33),(34,35,36),(35,37,38),(13,12,2),(29,17,16),(21,19,18),(26,
30,24),(39,40,41),(40,42,43),(44,45,46),(47,48,45),(33,49,31),(50,51,52),
(38,36,35),(37,53,54),(53,55,56),(55,57,58),(59,60,61),(60,62,63),(64,65,
66),(67,68,65),(3,15,14),(30,23,22),(27,39,69),(43,41,40),(45,44,47),(32,
31,48),(52,49,50),(51,34,70),(54,38,37),(58,56,55),(57,59,71),(63,61,60),
(72,73,74),(75,66,73),(65,64,67),(76,11,68),(6,29,4),(41,69,39),(77,78,
79),(80,81,78),(48,47,32),(70,52,51),(56,54,53),(61,71,59),(82,83,74),(73,
72,75),(68,67,76),(69,28,27),(42,84,79),(78,77,80),(85,86,81),(87,88,86),
(33,50,49),(71,58,57),(62,89,90),(89,91,92),(91,82,93),(74,83,72),(11,76,
9),(79,84,77),(86,85,87),(94,46,88),(36,70,34),(92,90,89),(74,93,82),(79,
43,42),(88,87,94),(90,63,62),(66,75,64),(46,94,44),(81,80,85),(93,92,91)),
());
#2518=COMPLEX_TRIANGULATED_FACE($,#4688,102,((0.,0.,1.),(0.,0.,1.),(0.,
0.,1.),(0.,0.,1.),(0.,0.,1.),(0.,0.,1.),(0.,0.,1.),(0.,0.,1.),(0.,0.,1.),
(0.,0.,1.),(0.,0.,1.),(0.,0.,1.),(0.,0.,1.),(0.,0.,1.),(0.,0.,1.),(0.,0.,
1.),(0.,0.,1.),(0.,0.,1.),(0.,0.,1.),(0.,0.,1.),(0.,0.,1.),(0.,0.,1.),(0.,
0.,1.),(0.,0.,1.),(0.,0.,1.),(0.,0.,1.),(0.,0.,1.),(0.,0.,1.),(0.,0.,1.),
(0.,0.,1.),(0.,0.,1.),(0.,0.,1.),(0.,0.,1.),(0.,0.,1.),(0.,0.,1.),(0.,0.,
1.),(0.,0.,1.),(0.,0.,1.),(0.,0.,1.),(0.,0.,1.),(0.,0.,1.),(0.,0.,1.),(0.,
0.,1.),(0.,0.,1.),(0.,0.,1.),(0.,0.,1.),(0.,0.,1.),(0.,0.,1.),(0.,0.,1.),
(0.,0.,1.),(0.,0.,1.),(0.,0.,1.),(0.,0.,1.),(0.,0.,1.),(0.,0.,1.),(0.,0.,
1.),(0.,0.,1.),(0.,0.,1.),(0.,0.,1.),(0.,0.,1.),(0.,0.,1.),(0.,0.,1.),(0.,
0.,1.),(0.,0.,1.),(0.,0.,1.),(0.,0.,1.),(0.,0.,1.),(0.,0.,1.),(0.,0.,1.),
(0.,0.,1.),(0.,0.,1.),(0.,0.,1.),(0.,0.,1.),(0.,0.,1.),(0.,0.,1.),(0.,0.,
1.),(0.,0.,1.),(0.,0.,1.),(0.,0.,1.),(0.,0.,1.),(0.,0.,1.),(0.,0.,1.),(0.,
0.,1.),(0.,0.,1.),(0.,0.,1.),(0.,0.,1.),(0.,0.,1.),(0.,0.,1.),(0.,0.,1.),
(0.,0.,1.),(0.,0.,1.),(0.,0.,1.),(0.,0.,1.),(0.,0.,1.),(0.,0.,1.),(0.,0.,
1.),(0.,0.,1.),(0.,0.,1.),(0.,0.,1.),(0.,0.,1.),(0.,0.,1.),(0.,0.,1.)),
$,(37,39,35,41,43,24,27,23,28,31,32,49,51,47,20,19,45,50,57,55,10,16,13,
15,61,59,66,64,68,62,60,2,1,7,3,9,5,79,76,80,75,72,71,54,52,56,12,6,14,
4,11,8,91,97,89,99,92,83,84,58,53,46,48,26,22,25,17,21,18,77,81,78,86,82,
85,101,95,102,96,93,87,90,88,42,44,38,34,36,30,33,29,65,69,67,73,70,74,
98,94,40,63,100),((1,2,3),(4,5,2),(6,7,8),(9,10,7),(11,3,10),(2,1,4),(12,
13,14),(15,8,16),(7,6,9),(3,11,1),(17,14,5),(14,17,12),(18,19,20),(21,22,
23),(24,16,22),(8,15,6),(5,4,17),(20,13,18),(19,25,26),(27,28,29),(30,31,
28),(32,33,34),(33,35,36),(37,23,36),(22,21,24),(10,9,11),(26,20,19),(38,
39,40),(41,42,39),(43,29,42),(28,27,30),(44,45,46),(47,48,49),(48,50,51),
(50,32,52),(36,34,33),(23,37,21),(12,18,13),(53,54,55),(54,56,57),(58,40,
59),(39,38,41),(29,43,27),(60,46,31),(46,60,44),(61,62,63),(64,65,66),(65,
67,68),(67,47,69),(51,49,48),(34,52,32),(16,24,15),(70,71,72),(71,73,74),
(73,53,75),(57,55,54),(56,76,77),(76,78,79),(80,81,82),(83,59,81),(40,58,
38),(31,30,60),(63,45,61),(62,84,85),(86,87,88),(87,89,90),(89,64,91),(68,
66,65),(49,69,47),(36,35,37),(92,93,94),(93,95,96),(95,70,97),(74,72,71),
(55,75,53),(79,77,76),(98,82,99),(81,80,83),(42,41,43),(85,63,62),(84,86,
100),(90,88,87),(66,91,64),(52,51,50),(25,92,101),(96,94,93),(72,97,70),
(77,57,56),(82,98,80),(44,61,45),(88,100,86),(69,68,67),(94,101,92),(75,
74,73),(78,102,99),(59,83,58),(91,90,89),(97,96,95),(99,102,98),(101,26,
25),(100,85,84),(99,79,78)),());
#2519=COMPLEX_TRIANGULATED_FACE($,#4689,4,((0.207911690807643,-0.978147600735956,
0.),(0.207911690807643,-0.978147600735956,0.),(0.207911690807643,-0.978147600735956,
0.),(0.207911690807643,-0.978147600735956,0.)),$,(2,1,3,4),((1,2,3),(3,
4,1)),());
#2520=COMPLEX_TRIANGULATED_FACE($,#4692,4,((0.146083028593849,0.989272332958346,
0.),(0.146083028593849,0.989272332958346,0.),(0.146083028593849,0.989272332958346,
0.),(0.146083028593849,0.989272332958346,0.)),$,(1,2,4,3),((1,2,3),(3,4,
1)),());
#2521=COMPLEX_TRIANGULATED_FACE($,#4693,4,((-0.328866646715814,0.94437637024541,
0.),(-0.328866646715814,0.94437637024541,0.),(-0.328866646715814,0.94437637024541,
0.),(-0.328866646715814,0.94437637024541,0.)),$,(4,3,1,2),((1,2,3),(3,4,
1)),());
#2522=COMPLEX_TRIANGULATED_FACE($,#4694,4,((-0.963162566801782,0.268919820600497,
0.),(-0.963162566801782,0.268919820600497,0.),(-0.963162566801782,0.268919820600497,
0.),(-0.963162566801782,0.268919820600497,0.)),$,(1,2,4,3),((1,2,3),(3,
4,1)),());
#2523=COMPLEX_TRIANGULATED_FACE($,#4695,4,((-0.570713567710724,0.82114920911543,
0.),(-0.570713567710724,0.82114920911543,0.),(-0.570713567710724,0.82114920911543,
0.),(-0.570713567710724,0.82114920911543,0.)),$,(1,2,4,3),((1,2,3),(3,4,
1)),());
#2524=COMPLEX_TRIANGULATED_FACE($,#4697,100,((0.,0.,-1.),(0.,0.,-1.),(0.,
0.,-1.),(0.,0.,-1.),(0.,0.,-1.),(0.,0.,-1.),(0.,0.,-1.),(0.,0.,-1.),(0.,
0.,-1.),(0.,0.,-1.),(0.,0.,-1.),(0.,0.,-1.),(0.,0.,-1.),(0.,0.,-1.),(0.,
0.,-1.),(0.,0.,-1.),(0.,0.,-1.),(0.,0.,-1.),(0.,0.,-1.),(0.,0.,-1.),(0.,
0.,-1.),(0.,0.,-1.),(0.,0.,-1.),(0.,0.,-1.),(0.,0.,-1.),(0.,0.,-1.),(0.,
0.,-1.),(0.,0.,-1.),(0.,0.,-1.),(0.,0.,-1.),(0.,0.,-1.),(0.,0.,-1.),(0.,
0.,-1.),(0.,0.,-1.),(0.,0.,-1.),(0.,0.,-1.),(0.,0.,-1.),(0.,0.,-1.),(0.,
0.,-1.),(0.,0.,-1.),(0.,0.,-1.),(0.,0.,-1.),(0.,0.,-1.),(0.,0.,-1.),(0.,
0.,-1.),(0.,0.,-1.),(0.,0.,-1.),(0.,0.,-1.),(0.,0.,-1.),(0.,0.,-1.),(0.,
0.,-1.),(0.,0.,-1.),(0.,0.,-1.),(0.,0.,-1.),(0.,0.,-1.),(0.,0.,-1.),(0.,
0.,-1.),(0.,0.,-1.),(0.,0.,-1.),(0.,0.,-1.),(0.,0.,-1.),(0.,0.,-1.),(0.,
0.,-1.),(0.,0.,-1.),(0.,0.,-1.),(0.,0.,-1.),(0.,0.,-1.),(0.,0.,-1.),(0.,
0.,-1.),(0.,0.,-1.),(0.,0.,-1.),(0.,0.,-1.),(0.,0.,-1.),(0.,0.,-1.),(0.,
0.,-1.),(0.,0.,-1.),(0.,0.,-1.),(0.,0.,-1.),(0.,0.,-1.),(0.,0.,-1.),(0.,
0.,-1.),(0.,0.,-1.),(0.,0.,-1.),(0.,0.,-1.),(0.,0.,-1.),(0.,0.,-1.),(0.,
0.,-1.),(0.,0.,-1.),(0.,0.,-1.),(0.,0.,-1.),(0.,0.,-1.),(0.,0.,-1.),(0.,
0.,-1.),(0.,0.,-1.),(0.,0.,-1.),(0.,0.,-1.),(0.,0.,-1.),(0.,0.,-1.),(0.,
0.,-1.),(0.,0.,-1.)),$,(47,51,46,56,57,53,54,50,55,45,44,48,43,52,69,73,
68,58,49,32,28,33,35,38,34,39,42,61,60,65,64,66,63,67,62,59,40,41,36,37,
5,17,14,15,21,27,26,30,96,84,87,86,80,74,75,71,3,7,9,20,31,98,94,92,81,
70,23,77,83,76,91,79,78,24,18,25,10,22,72,99,90,88,100,89,29,1,12,11,95,
85,82,97,6,16,19,4,13,93,8,2),((1,2,3),(4,5,6),(7,8,9),(10,11,12),(3,13,
1),(6,14,4),(15,16,17),(9,18,7),(12,19,10),(20,21,22),(23,24,25),(26,27,
24),(6,2,14),(28,29,5),(30,31,29),(31,30,15),(32,33,34),(35,36,33),(12,
8,19),(37,38,11),(39,40,38),(40,39,20),(41,42,43),(44,45,46),(45,47,48),
(24,23,26),(13,3,27),(5,4,28),(17,31,15),(49,50,51),(52,53,54),(53,55,56),
(33,32,35),(18,9,36),(11,10,37),(22,40,20),(43,57,41),(58,59,60),(48,46,
45),(47,61,25),(27,26,13),(29,28,30),(51,62,49),(63,64,65),(56,54,53),(55,
66,34),(36,35,18),(38,37,39),(60,42,58),(59,44,67),(25,48,47),(1,14,2),
(68,69,70),(69,71,72),(65,50,63),(64,52,73),(34,56,55),(7,19,8),(74,75,
76),(75,77,78),(67,60,59),(25,61,23),(16,68,79),(72,70,69),(80,81,82),(83,
84,81),(73,65,64),(34,66,32),(21,74,85),(78,76,75),(86,87,88),(57,43,87),
(46,67,44),(70,79,68),(89,90,91),(92,82,90),(81,80,83),(62,51,84),(54,73,
52),(76,85,74),(93,94,95),(96,97,94),(87,86,57),(79,17,16),(71,98,91),(90,
89,92),(84,83,62),(85,22,21),(77,99,95),(94,93,96),(41,58,42),(91,98,89),
(49,63,50),(95,99,93),(91,72,71),(95,78,77),(82,92,80),(100,88,97),(97,
96,100),(88,100,86)),());
#2525=COMPLEX_TRIANGULATED_FACE($,#4698,4,((-0.855364260159199,0.51802700937529,
0.),(-0.855364260159199,0.51802700937529,0.),(-0.855364260159199,0.51802700937529,
0.),(-0.855364260159199,0.51802700937529,0.)),$,(4,3,1,2),((1,2,3),(3,4,
1)),());
#2526=COMPLEX_TRIANGULATED_FACE($,#4699,38,((-0.965925826289068,0.,0.25881904510252),
(-1.,0.,0.),(-1.,0.,0.),(-0.969941796758226,0.,0.243337031504504),(-0.866025403784438,
0.,0.500000000000002),(-0.965917831976505,0.,0.258848878440313),(-0.883357447410611,
0.,0.468699925436531),(-0.707106781186548,0.,0.707106781186547),(-0.865999560686821,
0.,0.500044758886876),(-0.744527680300856,0.,0.667591591668009),(-0.500000000000001,
0.,0.866025403784438),(-0.707132261953781,0.,0.707081299501075),(-0.567620707272209,
0.,0.823290187404051),(-0.258819045102521,0.,0.965925826289068),(-0.50007829666396,
0.,0.865980194465019),(-0.361506028676702,0.,0.932369771727076),(-0.258900478232957,
0.,0.965904002668353),(-0.16181804512579,0.,0.986820612001831),(0.,0.,1.),
(0.,0.,1.),(0.243123031968024,0.,0.969995459436112),(0.25881904510252,0.,
0.965925826289068),(0.467798950386287,0.,0.883834906539388),(0.5000480206852,
0.,0.865997677253706),(0.258849031881773,0.,0.965917790856897),(0.499999999999999,
0.,0.866025403784439),(0.666420793427286,0.,0.745575835235924),(0.707084391326952,
0.,0.707129170337212),(0.707106781186547,0.,0.707106781186548),(0.822840310664592,
0.,0.5682726661959),(0.865981410130683,0.,0.500076191502928),(0.866025403784437,
0.,0.500000000000002),(0.932120862933866,0.,0.362147341400465),(0.965903885237463,
0.,0.258900916342863),(1.,0.,0.),(0.965925826289068,0.,0.258819045102521),
(0.986330916265154,0.,0.164776586988387),(1.,0.,0.)),$,(35,37,38,36,32,
34,33,28,31,30,25,29,27,22,26,24,23,21,19,20,18,17,15,13,16,14,12,11,10,
9,8,7,6,5,1,4,3,2),((1,2,3),(3,4,1),(5,1,6),(6,7,5),(8,5,9),(9,10,8),(11,
8,12),(12,13,11),(14,11,15),(15,16,14),(14,17,18),(18,19,14),(19,20,21),
(21,22,19),(22,23,24),(22,25,23),(26,27,28),(26,24,27),(29,30,31),(29,28,
30),(32,33,34),(32,31,33),(35,36,37),(36,34,37),(37,38,35),(34,36,32),(31,
32,29),(28,29,26),(24,26,22),(21,25,22),(18,20,19),(16,17,14),(13,15,11),
(10,12,8),(7,9,5),(4,6,1)),());
#2527=COMPLEX_TRIANGULATED_FACE($,#4703,4,((-0.913545457626561,-0.406736643111826,
0.),(-0.913545457626561,-0.406736643111826,0.),(-0.913545457626561,-0.406736643111826,
0.),(-0.913545457626561,-0.406736643111826,0.)),$,(3,4,2,1),((1,2,3),(3,
4,1)),());
#2528=COMPLEX_TRIANGULATED_FACE($,#4705,4,((0.669130606370338,-0.743144825467058,
0.),(0.669130606370338,-0.743144825467058,0.),(0.669130606370338,-0.743144825467058,
0.),(0.669130606370338,-0.743144825467058,0.)),$,(3,4,2,1),((1,2,3),(3,
4,1)),());
#2529=COMPLEX_TRIANGULATED_FACE($,#4706,4,((0.94437637024541,0.328866646715814,
0.),(0.94437637024541,0.328866646715814,0.),(0.94437637024541,0.328866646715814,
0.),(0.94437637024541,0.328866646715814,0.)),$,(4,3,1,2),((1,2,3),(3,4,
1)),());
#2530=COMPLEX_TRIANGULATED_FACE($,#4710,4,((-0.999122830098827,-0.0418756537299508,
0.),(-0.999122830098827,-0.0418756537299508,0.),(-0.999122830098827,-0.0418756537299508,
0.),(-0.999122830098827,-0.0418756537299508,0.)),$,(3,4,2,1),((1,2,3),(3,
4,1)),());
#2531=COMPLEX_TRIANGULATED_FACE($,#4711,4,((0.957319497541693,0.289031796912588,
0.),(0.957319497541693,0.289031796912588,0.),(0.957319497541693,0.289031796912588,
0.),(0.957319497541693,0.289031796912588,0.)),$,(1,2,4,3),((1,2,3),(3,4,
1)),());
#2532=COMPLEX_TRIANGULATED_FACE($,#4713,4,((0.973578902876929,-0.228350870094589,
0.),(0.973578902876929,-0.228350870094589,0.),(0.973578902876929,-0.228350870094589,
0.),(0.973578902876929,-0.228350870094589,0.)),$,(2,1,3,4),((1,2,3),(3,
4,1)),());
#2533=COMPLEX_TRIANGULATED_FACE($,#4714,4,((0.463296035117079,-0.886203579232669,
0.),(0.463296035117079,-0.886203579232669,0.),(0.463296035117079,-0.886203579232669,
0.),(0.463296035117079,-0.886203579232669,0.)),$,(3,4,2,1),((1,2,3),(3,
4,1)),());
#2534=COMPLEX_TRIANGULATED_FACE($,#4715,28,((0.239315664287559,-0.970941817426052,
0.),(0.,-1.,0.),(0.,-1.,0.),(0.464723172043769,-0.88545602565321,0.),(0.239315664287559,
-0.970941817426052,0.),(0.663122658240796,-0.748510748171101,0.),(0.464723172043769,
-0.88545602565321,0.),(0.822983865893657,-0.568064746731155,0.),(0.663122658240796,
-0.748510748171101,0.),(0.935016242685415,-0.354604887042535,0.),(0.822983865893657,
-0.568064746731155,0.),(0.992708874098054,-0.120536680255322,0.),(0.935016242685415,
-0.354604887042535,0.),(0.992708874098054,0.120536680255324,0.),(0.992708874098054,
-0.120536680255322,0.),(0.935016242685415,0.354604887042536,0.),(0.992708874098054,
0.120536680255324,0.),(0.822983865893656,0.568064746731156,0.),(0.935016242685415,
0.354604887042536,0.),(0.663122658240795,0.748510748171102,0.),(0.822983865893656,
0.568064746731156,0.),(0.464723172043768,0.88545602565321,0.),(0.663122658240795,
0.748510748171102,0.),(0.239315664287557,0.970941817426052,0.),(0.464723172043768,
0.88545602565321,0.),(0.,1.,0.),(0.239315664287557,0.970941817426052,0.),
(0.,1.,0.)),$,(21,27,28,19,22,13,20,11,14,5,12,3,6,1,4,7,2,9,8,15,10,17,
16,23,18,25,24,26),((1,2,3),(4,1,5),(6,4,7),(8,6,9),(10,8,11),(12,10,13),
(14,12,15),(16,14,17),(18,16,19),(20,18,21),(22,20,23),(24,22,25),(26,24,
27),(27,28,26),(25,27,24),(23,25,22),(21,23,20),(19,21,18),(17,19,16),(15,
17,14),(13,15,12),(11,13,10),(9,11,8),(7,9,6),(5,7,4),(3,5,1)),());
#2535=COMPLEX_TRIANGULATED_FACE($,#4716,4,((0.999122830098827,-0.0418756537299508,
0.),(0.999122830098827,-0.0418756537299508,0.),(0.999122830098827,-0.0418756537299508,
0.),(0.999122830098827,-0.0418756537299508,0.)),$,(2,1,3,4),((1,2,3),(3,
4,1)),());
#2536=COMPLEX_TRIANGULATED_FACE($,#4718,4,((0.444635179212717,-0.895711760225618,
0.),(0.444635179212717,-0.895711760225618,0.),(0.444635179212717,-0.895711760225618,
0.),(0.444635179212717,-0.895711760225618,0.)),$,(2,1,3,4),((1,2,3),(3,
4,1)),());
#2537=COMPLEX_TRIANGULATED_FACE($,#4719,4,((-0.348572047300001,-0.937281989500004,
0.),(-0.348572047300001,-0.937281989500004,0.),(-0.348572047300001,-0.937281989500004,
0.),(-0.348572047300001,-0.937281989500004,0.)),$,(2,1,3,4),((1,2,3),(3,
4,1)),());
#2538=COMPLEX_TRIANGULATED_FACE($,#4720,30,((0.,0.,1.),(0.,0.,1.),(0.,0.,
1.),(0.,0.,1.),(0.,0.,1.),(0.,0.,1.),(0.,0.,1.),(0.,0.,1.),(0.,0.,1.),(0.,
0.,1.),(0.,0.,1.),(0.,0.,1.),(0.,0.,1.),(0.,0.,1.),(0.,0.,1.),(0.,0.,1.),
(0.,0.,1.),(0.,0.,1.),(0.,0.,1.),(0.,0.,1.),(0.,0.,1.),(0.,0.,1.),(0.,0.,
1.),(0.,0.,1.),(0.,0.,1.),(0.,0.,1.),(0.,0.,1.),(0.,0.,1.),(0.,0.,1.),(0.,
0.,1.)),$,(20,14,16,10,12,11,17,15,21,19,22,9,18,24,6,8,13,7,25,23,28,30,
26,3,1,5,29,2,27,4),((1,2,3),(1,4,5),(6,7,8),(6,9,10),(4,1,11),(5,2,1),
(9,6,12),(10,7,6),(3,13,1),(14,15,16),(8,17,6),(18,19,20),(15,21,22),(15,
14,23),(16,4,14),(19,24,25),(19,18,26),(20,9,18),(22,27,15),(11,14,4),(25,
28,19),(12,18,9),(23,21,15),(26,24,19),(27,29,15),(28,30,19),(30,15,19),
(29,19,15)),());
#2539=COMPLEX_TRIANGULATED_FACE($,#4721,4,((0.387515586488699,0.921863151573117,
0.),(0.387515586488699,0.921863151573117,0.),(0.387515586488699,0.921863151573117,
0.),(0.387515586488699,0.921863151573117,0.)),$,(1,2,4,3),((1,2,3),(3,4,
1)),());
#2540=COMPLEX_TRIANGULATED_FACE($,#4722,26,((-0.258819045102522,0.965925826289068,
0.),(0.,1.,0.),(0.,1.,0.),(-0.500000000000001,0.866025403784438,0.),(-0.258819045102522,
0.965925826289068,0.),(-0.707106781186548,0.707106781186547,0.),(-0.500000000000001,
0.866025403784438,0.),(-0.866025403784439,0.499999999999999,0.),(-0.707106781186548,
0.707106781186547,0.),(-0.965925826289069,0.25881904510252,0.),(-0.866025403784439,
0.499999999999999,0.),(-1.,0.,0.),(-0.965925826289069,0.25881904510252,
0.),(-0.965925826289068,-0.258819045102521,0.),(-1.,0.,0.),(-0.866025403784438,
-0.5,0.),(-0.965925826289068,-0.258819045102521,0.),(-0.707106781186547,
-0.707106781186548,0.),(-0.866025403784438,-0.5,0.),(-0.5,-0.866025403784439,
0.),(-0.707106781186547,-0.707106781186548,0.),(-0.258819045102521,-0.965925826289068,
0.),(-0.5,-0.866025403784439,0.),(0.,-1.,0.),(-0.258819045102521,-0.965925826289068,
0.),(0.,-1.,0.)),$,(5,1,2,11,6,13,12,19,14,23,20,25,24,21,26,17,22,15,18,
9,16,7,10,3,8,4),((1,2,3),(4,1,5),(6,4,7),(8,6,9),(10,8,11),(12,10,13),
(14,12,15),(16,14,17),(18,16,19),(20,18,21),(22,20,23),(24,22,25),(25,26,
24),(23,25,22),(21,23,20),(19,21,18),(17,19,16),(15,17,14),(13,15,12),(11,
13,10),(9,11,8),(7,9,6),(5,7,4),(3,5,1)),());
#2541=COMPLEX_TRIANGULATED_FACE($,#4723,4,((0.104528463296348,0.994521895365257,
0.),(0.104528463296348,0.994521895365257,0.),(0.104528463296348,0.994521895365257,
0.),(0.104528463296348,0.994521895365257,0.)),$,(4,3,1,2),((1,2,3),(3,4,
1)),());
#2542=COMPLEX_TRIANGULATED_FACE($,#4725,4,((-0.783693457305312,0.62114778030421,
0.),(-0.783693457305312,0.62114778030421,0.),(-0.783693457305312,0.62114778030421,
0.),(-0.783693457305312,0.62114778030421,0.)),$,(4,3,1,2),((1,2,3),(3,4,
1)),());
#2543=COMPLEX_TRIANGULATED_FACE($,#4729,4,((0.62114778030421,-0.783693457305312,
0.),(0.62114778030421,-0.783693457305312,0.),(0.62114778030421,-0.783693457305312,
0.),(0.62114778030421,-0.783693457305312,0.)),$,(3,4,2,1),((1,2,3),(3,4,
1)),());
#2544=COMPLEX_TRIANGULATED_FACE($,#4733,4,((-0.570713567710724,-0.82114920911543,
0.),(-0.570713567710724,-0.82114920911543,0.),(-0.570713567710724,-0.82114920911543,
0.),(-0.570713567710724,-0.82114920911543,0.)),$,(2,1,3,4),((1,2,3),(3,
4,1)),());
#2545=COMPLEX_TRIANGULATED_FACE($,#4734,4,((-0.51802700937529,0.855364260159199,
0.),(-0.51802700937529,0.855364260159199,0.),(-0.51802700937529,0.855364260159199,
0.),(-0.51802700937529,0.855364260159199,0.)),$,(1,2,4,3),((1,2,3),(3,4,
1)),());
#2546=COMPLEX_TRIANGULATED_FACE($,#4736,4,((-0.669130606370338,-0.743144825467058,
0.),(-0.669130606370338,-0.743144825467058,0.),(-0.669130606370338,-0.743144825467058,
0.),(-0.669130606370338,-0.743144825467058,0.)),$,(2,1,3,4),((1,2,3),(3,
4,1)),());
#2547=COMPLEX_TRIANGULATED_FACE($,#4739,4,((-0.94437637024541,0.328866646715814,
0.),(-0.94437637024541,0.328866646715814,0.),(-0.94437637024541,0.328866646715814,
0.),(-0.94437637024541,0.328866646715814,0.)),$,(1,2,4,3),((1,2,3),(3,4,
1)),());
#2548=COMPLEX_TRIANGULATED_FACE($,#4740,4,((0.999122830098827,0.0418756537299508,
0.),(0.999122830098827,0.0418756537299508,0.),(0.999122830098827,0.0418756537299508,
0.),(0.999122830098827,0.0418756537299508,0.)),$,(1,2,4,3),((1,2,3),(3,
4,1)),());
#2549=COMPLEX_TRIANGULATED_FACE($,#4741,26,((0.971764121088023,-0.235954429850387,
0.),(0.87758256132831,-0.479425539633053,0.),(0.87758256132831,-0.479425539633053,
0.),(0.999721561838155,0.0235965844113139,0.),(0.971764121088023,-0.235954429850387,
0.),(0.959549630191321,0.281539530438798,0.),(0.999721561838155,0.0235965844113139,
0.),(0.85398597690504,0.520296022711634,0.),(0.959549630191321,0.281539530438798,
0.),(0.690224590506578,0.723595200827111,0.),(0.85398597690504,0.520296022711634,
0.),(0.479425538862901,0.877582561749046,0.),(0.690224590506578,0.723595200827111,
0.),(0.235954428997584,0.971764121295093,0.),(0.479425538862901,0.877582561749046,
0.),(-0.023596585288651,0.999721561817447,0.),(0.235954428997584,0.971764121295093,
0.),(-0.281539531280881,0.959549629944247,0.),(-0.023596585288651,0.999721561817447,
0.),(-0.520296023461075,0.853985976448438,0.),(-0.281539531280881,0.959549629944247,
0.),(-0.72359520143284,0.690224589871564,0.),(-0.520296023461075,0.853985976448438,
0.),(-0.87758256216978,0.479425538092752,0.),(-0.72359520143284,0.690224589871564,
0.),(-0.87758256216978,0.479425538092752,0.)),$,(3,7,8,1,4,5,2,9,6,11,10,
13,12,15,14,17,16,19,18,21,20,23,22,25,24,26),((1,2,3),(4,1,5),(6,4,7),
(8,6,9),(10,8,11),(12,10,13),(14,12,15),(16,14,17),(18,16,19),(20,18,21),
(22,20,23),(24,22,25),(25,26,24),(23,25,22),(21,23,20),(19,21,18),(17,19,
16),(15,17,14),(13,15,12),(11,13,10),(9,11,8),(7,9,6),(5,7,4),(3,5,1)),
());
#2550=COMPLEX_TRIANGULATED_FACE($,#4746,4,((-0.463296035117079,0.886203579232669,
0.),(-0.463296035117079,0.886203579232669,0.),(-0.463296035117079,0.886203579232669,
0.),(-0.463296035117079,0.886203579232669,0.)),$,(1,2,4,3),((1,2,3),(3,
4,1)),());
#2551=COMPLEX_TRIANGULATED_FACE($,#4748,4,((-0.387515586488699,-0.921863151573117,
0.),(-0.387515586488699,-0.921863151573117,0.),(-0.387515586488699,-0.921863151573117,
0.),(-0.387515586488699,-0.921863151573117,0.)),$,(3,4,2,1),((1,2,3),(3,
4,1)),());
#2552=COMPLEX_TRIANGULATED_FACE($,#4750,4,((-0.973578902876929,-0.228350870094589,
0.),(-0.973578902876929,-0.228350870094589,0.),(-0.973578902876929,-0.228350870094589,
0.),(-0.973578902876929,-0.228350870094589,0.)),$,(3,4,2,1),((1,2,3),(3,
4,1)),());
#2553=COMPLEX_TRIANGULATED_FACE($,#4752,4,((0.669130606370338,0.743144825467058,
0.),(0.669130606370338,0.743144825467058,0.),(0.669130606370338,0.743144825467058,
0.),(0.669130606370338,0.743144825467058,0.)),$,(4,3,1,2),((1,2,3),(3,4,
1)),());
#2554=COMPLEX_TRIANGULATED_FACE($,#4753,4,((-0.328866646715814,-0.94437637024541,
0.),(-0.328866646715814,-0.94437637024541,0.),(-0.328866646715814,-0.94437637024541,
0.),(-0.328866646715814,-0.94437637024541,0.)),$,(3,4,2,1),((1,2,3),(3,
4,1)),());
#2555=COMPLEX_TRIANGULATED_FACE($,#4756,4,((-0.82114920911543,0.570713567710724,
0.),(-0.82114920911543,0.570713567710724,0.),(-0.82114920911543,0.570713567710724,
0.),(-0.82114920911543,0.570713567710724,0.)),$,(4,3,1,2),((1,2,3),(3,4,
1)),());
#2556=COMPLEX_TRIANGULATED_FACE($,#4757,26,((-0.971764121088023,-0.235954429850389,
0.),(-0.877582561328308,-0.479425539633055,0.),(-0.877582561328308,-0.479425539633055,
0.),(-0.999721561838155,0.023596584411313,0.),(-0.971764121088023,-0.235954429850389,
0.),(-0.959549630191321,0.281539530438797,0.),(-0.999721561838155,0.023596584411313,
0.),(-0.853985976905041,0.520296022711632,0.),(-0.959549630191321,0.281539530438797,
0.),(-0.690224590506579,0.72359520082711,0.),(-0.853985976905041,0.520296022711632,
0.),(-0.479425538862902,0.877582561749045,0.),(-0.690224590506579,0.72359520082711,
0.),(-0.235954428997586,0.971764121295092,0.),(-0.479425538862902,0.877582561749045,
0.),(0.023596585288651,0.999721561817447,0.),(-0.235954428997586,0.971764121295092,
0.),(0.281539531280881,0.959549629944247,0.),(0.023596585288651,0.999721561817447,
0.),(0.520296023461076,0.853985976448437,0.),(0.281539531280881,0.959549629944247,
0.),(0.723595201432841,0.690224589871563,0.),(0.520296023461076,0.853985976448437,
0.),(0.87758256216978,0.479425538092751,0.),(0.723595201432841,0.690224589871563,
0.),(0.87758256216978,0.479425538092751,0.)),$,(24,20,19,26,23,22,25,18,
21,16,17,14,15,12,13,10,11,8,9,6,7,4,5,2,3,1),((1,2,3),(4,1,5),(6,4,7),
(8,6,9),(10,8,11),(12,10,13),(14,12,15),(16,14,17),(18,16,19),(20,18,21),
(22,20,23),(24,22,25),(25,26,24),(23,25,22),(21,23,20),(19,21,18),(17,19,
16),(15,17,14),(13,15,12),(11,13,10),(9,11,8),(7,9,6),(5,7,4),(3,5,1)),
());
#2557=COMPLEX_TRIANGULATED_FACE($,#4758,4,((-0.996492859249351,-0.0836778433341441,
0.),(-0.996492859249351,-0.0836778433341441,0.),(-0.996492859249351,-0.0836778433341441,
0.),(-0.996492859249351,-0.0836778433341441,0.)),$,(2,1,3,4),((1,2,3),(3,
4,1)),());
#2558=COMPLEX_TRIANGULATED_FACE($,#4761,4,((-0.463296035117079,-0.886203579232669,
0.),(-0.463296035117079,-0.886203579232669,0.),(-0.463296035117079,-0.886203579232669,
0.),(-0.463296035117079,-0.886203579232669,0.)),$,(2,1,3,4),((1,2,3),(3,
4,1)),());
#2559=COMPLEX_TRIANGULATED_FACE($,#4763,26,((0.258819045102521,-0.965925826289068,
0.),(0.,-1.,0.),(0.,-1.,0.),(0.5,-0.866025403784438,0.),(0.258819045102521,
-0.965925826289068,0.),(0.707106781186548,-0.707106781186547,0.),(0.5,-0.866025403784438,
0.),(0.866025403784439,-0.499999999999999,0.),(0.707106781186548,-0.707106781186547,
0.),(0.965925826289068,-0.25881904510252,0.),(0.866025403784439,-0.499999999999999,
0.),(1.,0.,0.),(0.965925826289068,-0.25881904510252,0.),(0.965925826289068,
0.258819045102522,0.),(1.,0.,0.),(0.866025403784438,0.5,0.),(0.965925826289068,
0.258819045102522,0.),(0.707106781186547,0.707106781186548,0.),(0.866025403784438,
0.5,0.),(0.499999999999999,0.866025403784439,0.),(0.707106781186547,0.707106781186548,
0.),(0.25881904510252,0.965925826289068,0.),(0.499999999999999,0.866025403784439,
0.),(0.,1.,0.),(0.25881904510252,0.965925826289068,0.),(0.,1.,0.)),$,(21,
25,26,15,22,13,16,9,14,5,10,1,6,3,2,7,4,11,8,17,12,19,18,23,20,24),((1,
2,3),(4,1,5),(6,4,7),(8,6,9),(10,8,11),(12,10,13),(14,12,15),(16,14,17),
(18,16,19),(20,18,21),(22,20,23),(24,22,25),(25,26,24),(23,25,22),(21,23,
20),(19,21,18),(17,19,16),(15,17,14),(13,15,12),(11,13,10),(9,11,8),(7,
9,6),(5,7,4),(3,5,1)),());
#2560=COMPLEX_TRIANGULATED_FACE($,#4764,4,((0.921863151573117,0.387515586488699,
0.),(0.921863151573117,0.387515586488699,0.),(0.921863151573117,0.387515586488699,
0.),(0.921863151573117,0.387515586488699,0.)),$,(4,3,1,2),((1,2,3),(3,4,
1)),());
#2561=COMPLEX_TRIANGULATED_FACE($,#4769,4,((0.444635179212717,0.895711760225618,
0.),(0.444635179212717,0.895711760225618,0.),(0.444635179212717,0.895711760225618,
0.),(0.444635179212717,0.895711760225618,0.)),$,(1,2,4,3),((1,2,3),(3,4,
1)),());
#2562=COMPLEX_TRIANGULATED_FACE($,#4770,4,((0.996492859249351,-0.0836778433341441,
0.),(0.996492859249351,-0.0836778433341441,0.),(0.996492859249351,-0.0836778433341441,
0.),(0.996492859249351,-0.0836778433341441,0.)),$,(3,4,2,1),((1,2,3),(3,
4,1)),());
#2563=COMPLEX_TRIANGULATED_FACE($,#4771,4,((-0.499999999993262,-0.866025403788329,
0.),(-0.499999999993262,-0.866025403788329,0.),(-0.499999999993262,-0.866025403788329,
0.),(-0.499999999993262,-0.866025403788329,0.)),$,(3,4,2,1),((1,2,3),(3,
4,1)),());
#2564=COMPLEX_TRIANGULATED_FACE($,#4772,4,((-0.553391549217929,0.832921240726985,
0.),(-0.553391549217929,0.832921240726985,0.),(-0.553391549217929,0.832921240726985,
0.),(-0.553391549217929,0.832921240726985,0.)),$,(4,3,1,2),((1,2,3),(3,
4,1)),());
#2565=COMPLEX_TRIANGULATED_FACE($,#4773,4,((-0.743144825467058,-0.669130606370338,
0.),(-0.743144825467058,-0.669130606370338,0.),(-0.743144825467058,-0.669130606370338,
0.),(-0.743144825467058,-0.669130606370338,0.)),$,(3,4,2,1),((1,2,3),(3,
4,1)),());
#2566=COMPLEX_TRIANGULATED_FACE($,#4776,4,((0.796529917997232,-0.604599114897899,
0.),(0.796529917997232,-0.604599114897899,0.),(0.796529917997232,-0.604599114897899,
0.),(0.796529917997232,-0.604599114897899,0.)),$,(3,4,2,1),((1,2,3),(3,
4,1)),());
#2567=COMPLEX_TRIANGULATED_FACE($,#4777,29,((0.239315664287559,-0.970941817426052,
0.),(0.,-1.,0.),(0.,-1.,0.),(0.464723172043769,-0.885456025653209,0.),(0.239315664287559,
-0.970941817426052,0.),(0.663122658240796,-0.748510748171101,0.),(0.479425538554841,
-0.877582561917339,0.),(0.464723172043769,-0.885456025653209,0.),(0.822983865893657,
-0.568064746731155,0.),(0.663122658240796,-0.748510748171101,0.),(0.935016242685415,
-0.354604887042536,0.),(0.822983865893657,-0.568064746731155,0.),(0.992708874098054,
-0.120536680255322,0.),(0.935016242685415,-0.354604887042536,0.),(0.992708874098054,
0.120536680255324,0.),(0.992708874098054,-0.120536680255322,0.),(0.935016242685415,
0.354604887042536,0.),(0.992708874098054,0.120536680255324,0.),(0.822983865893656,
0.568064746731157,0.),(0.935016242685415,0.354604887042536,0.),(0.663122658240795,
0.748510748171101,0.),(0.822983865893656,0.568064746731157,0.),(0.464723172043768,
0.88545602565321,0.),(0.663122658240795,0.748510748171101,0.),(0.239315664287557,
0.970941817426052,0.),(0.464723172043768,0.88545602565321,0.),(0.,1.,0.),
(0.239315664287557,0.970941817426052,0.),(0.,1.,0.)),$,(22,28,29,18,23,
15,17,19,9,16,7,10,3,8,1,4,5,2,11,6,13,12,20,14,24,21,26,25,27),((1,2,3),
(4,1,5),(6,4,7),(4,8,7),(9,6,10),(11,9,12),(13,11,14),(15,13,16),(17,15,
18),(19,17,20),(21,19,22),(23,21,24),(25,23,26),(27,25,28),(28,29,27),(26,
28,25),(24,26,23),(22,24,21),(20,22,19),(18,20,17),(16,18,15),(14,16,13),
(12,14,11),(10,12,9),(7,10,6),(5,8,4),(3,5,1)),());
#2568=COMPLEX_TRIANGULATED_FACE($,#4778,4,((0.82114920911543,-0.570713567710724,
0.),(0.82114920911543,-0.570713567710724,0.),(0.82114920911543,-0.570713567710724,
0.),(0.82114920911543,-0.570713567710724,0.)),$,(2,1,3,4),((1,2,3),(3,4,
1)),());
#2569=COMPLEX_TRIANGULATED_FACE($,#4779,4,((-0.783693457305312,-0.62114778030421,
0.),(-0.783693457305312,-0.62114778030421,0.),(-0.783693457305312,-0.62114778030421,
0.),(-0.783693457305312,-0.62114778030421,0.)),$,(3,4,2,1),((1,2,3),(3,
4,1)),());
#2570=COMPLEX_TRIANGULATED_FACE($,#4780,4,((-0.604599114897899,0.796529917997232,
0.),(-0.604599114897899,0.796529917997232,0.),(-0.604599114897899,0.796529917997232,
0.),(-0.604599114897899,0.796529917997232,0.)),$,(4,3,1,2),((1,2,3),(3,
4,1)),());
#2571=COMPLEX_TRIANGULATED_FACE($,#4781,4,((0.0209424198794748,0.999780683474927,
0.),(0.0209424198794748,0.999780683474927,0.),(0.0209424198794748,0.999780683474927,
0.),(0.0209424198794748,0.999780683474927,0.)),$,(1,2,4,3),((1,2,3),(3,
4,1)),());
#2572=COMPLEX_TRIANGULATED_FACE($,#4784,4,((0.978147600735956,0.207911690807643,
0.),(0.978147600735956,0.207911690807643,0.),(0.978147600735956,0.207911690807643,
0.),(0.978147600735956,0.207911690807643,0.)),$,(4,3,1,2),((1,2,3),(3,4,
1)),());
#2573=COMPLEX_TRIANGULATED_FACE($,#4786,4,((0.604599114897899,0.796529917997232,
0.),(0.604599114897899,0.796529917997232,0.),(0.604599114897899,0.796529917997232,
0.),(0.604599114897899,0.796529917997232,0.)),$,(1,2,4,3),((1,2,3),(3,4,
1)),());
#2574=COMPLEX_TRIANGULATED_FACE($,#4787,5,((-1.,0.,0.),(-1.,0.,0.),(-1.,
0.,0.),(-1.,0.,0.),(-1.,0.,0.)),$,(2,5,4,1,3),((1,2,3),(3,4,1),(3,5,4)),
());
#2575=COMPLEX_TRIANGULATED_FACE($,#4788,24,((0.,-0.965925826431473,0.258819044571059),
(0.,-0.965925826431473,0.258819044571059),(-0.249080329619828,-0.933258641301436,
0.258819044571059),(-0.249080329619828,-0.933258641301436,0.258819044571059),
(-0.481313085611767,-0.83746666547762,0.258819044571059),(-0.481313085611767,
-0.83746666547762,0.258819044571059),(-0.680990249356469,-0.685029183647484,
0.258819044571059),(-0.680990249356469,-0.685029183647484,0.258819044571059),
(-0.834605833756795,-0.486256932522765,0.258819044571059),(-0.834605833756795,
-0.486256932522765,0.258819044571059),(-0.931769416283091,-0.25459469170977,
0.258819044571059),(-0.931769416283091,-0.25459469170977,0.258819044571059),
(-0.965908937981283,-0.00571189068474805,0.258819044571059),(-0.965908937981283,
-0.00571189068474805,0.258819044571059),(-0.934715231739264,0.243557257584204,
0.258819044571059),(-0.934715231739264,0.243557257584204,0.258819044571059),
(-0.84029821231201,0.476352407942444,0.258819044571059),(-0.84029821231201,
0.476352407942444,0.258819044571059),(-0.689044163550013,0.676927501912123,
0.258819044571059),(-0.689044163550013,0.676927501912123,0.258819044571059),
(-0.49118377579692,0.831715817188302,0.258819044571059),(-0.49118377579692,
0.831715817188302,0.258819044571059),(-0.286963320341914,0.92231488925728,
0.258819044571059),(-0.275978807495153,0.925661061069805,0.258819044571059)),
$,(23,24,22,21,18,16,14,12,10,8,6,3,4,1,5,2,9,7,13,11,17,15,19,20),((1,
2,3),(4,3,5),(6,5,7),(8,7,9),(10,9,11),(12,11,13),(14,13,15),(16,15,17),
(18,17,19),(20,19,21),(22,21,23),(23,24,22),(21,22,20),(19,20,18),(17,18,
16),(15,16,14),(13,14,12),(11,12,10),(9,10,8),(7,8,6),(5,6,4),(3,4,1)),
());
#2576=COMPLEX_TRIANGULATED_FACE($,#4789,4,((-0.553391549217929,-0.832921240726985,
0.),(-0.553391549217929,-0.832921240726985,0.),(-0.553391549217929,-0.832921240726985,
0.),(-0.553391549217929,-0.832921240726985,0.)),$,(3,4,2,1),((1,2,3),(3,
4,1)),());
#2577=COMPLEX_TRIANGULATED_FACE($,#4791,28,((-0.239315664287559,0.970941817426052,
0.),(0.,1.,0.),(0.,1.,0.),(-0.464723172043769,0.88545602565321,0.),(-0.239315664287559,
0.970941817426052,0.),(-0.663122658240795,0.748510748171101,0.),(-0.464723172043769,
0.88545602565321,0.),(-0.822983865893657,0.568064746731155,0.),(-0.663122658240795,
0.748510748171101,0.),(-0.935016242685415,0.354604887042535,0.),(-0.822983865893657,
0.568064746731155,0.),(-0.992708874098054,0.120536680255323,0.),(-0.935016242685415,
0.354604887042535,0.),(-0.992708874098054,-0.120536680255324,0.),(-0.992708874098054,
0.120536680255323,0.),(-0.935016242685415,-0.354604887042536,0.),(-0.992708874098054,
-0.120536680255324,0.),(-0.822983865893656,-0.568064746731156,0.),(-0.935016242685415,
-0.354604887042536,0.),(-0.663122658240795,-0.748510748171101,0.),(-0.822983865893656,
-0.568064746731156,0.),(-0.464723172043769,-0.88545602565321,0.),(-0.663122658240795,
-0.748510748171101,0.),(-0.239315664287558,-0.970941817426052,0.),(-0.464723172043769,
-0.88545602565321,0.),(0.,-1.,0.),(-0.239315664287558,-0.970941817426052,
0.),(0.,-1.,0.)),$,(5,1,2,9,6,13,10,17,14,21,18,25,22,27,26,23,28,19,24,
15,20,11,16,7,12,3,8,4),((1,2,3),(4,1,5),(6,4,7),(8,6,9),(10,8,11),(12,
10,13),(14,12,15),(16,14,17),(18,16,19),(20,18,21),(22,20,23),(24,22,25),
(26,24,27),(27,28,26),(25,27,24),(23,25,22),(21,23,20),(19,21,18),(17,19,
16),(15,17,14),(13,15,12),(11,13,10),(9,11,8),(7,9,6),(5,7,4),(3,5,1)),
());
#2578=COMPLEX_TRIANGULATED_FACE($,#4792,4,((-0.166768746695598,-0.985996037073973,
0.),(-0.166768746695598,-0.985996037073973,0.),(-0.166768746695598,-0.985996037073973,
0.),(-0.166768746695598,-0.985996037073973,0.)),$,(2,1,3,4),((1,2,3),(3,
4,1)),());
#2579=COMPLEX_TRIANGULATED_FACE($,#4794,4,((0.866025403788329,-0.499999999993262,
0.),(0.866025403788329,-0.499999999993262,0.),(0.866025403788329,-0.499999999993262,
0.),(0.866025403788329,-0.499999999993262,0.)),$,(3,4,2,1),((1,2,3),(3,
4,1)),());
#2580=COMPLEX_TRIANGULATED_FACE($,#4796,4,((-0.348572047300001,0.937281989500004,
0.),(-0.348572047300001,0.937281989500004,0.),(-0.348572047300001,0.937281989500004,
0.),(-0.348572047300001,0.937281989500004,0.)),$,(1,2,4,3),((1,2,3),(3,
4,1)),());
#2581=COMPLEX_TRIANGULATED_FACE($,#4798,4,((0.994521895365257,-0.104528463296348,
0.),(0.994521895365257,-0.104528463296348,0.),(0.994521895365257,-0.104528463296348,
0.),(0.994521895365257,-0.104528463296348,0.)),$,(2,1,3,4),((1,2,3),(3,
4,1)),());
#2582=COMPLEX_TRIANGULATED_FACE($,#4799,4,((-0.289031796912588,0.957319497541693,
0.),(-0.289031796912588,0.957319497541693,0.),(-0.289031796912588,0.957319497541693,
0.),(-0.289031796912588,0.957319497541693,0.)),$,(1,2,4,3),((1,2,3),(3,
4,1)),());
#2583=COMPLEX_TRIANGULATED_FACE($,#4800,4,((0.796529917997232,0.604599114897899,
0.),(0.796529917997232,0.604599114897899,0.),(0.796529917997232,0.604599114897899,
0.),(0.796529917997232,0.604599114897899,0.)),$,(4,3,1,2),((1,2,3),(3,4,
1)),());
#2584=COMPLEX_TRIANGULATED_FACE($,#4801,4,((0.207911690807643,0.978147600735956,
0.),(0.207911690807643,0.978147600735956,0.),(0.207911690807643,0.978147600735956,
0.),(0.207911690807643,0.978147600735956,0.)),$,(1,2,4,3),((1,2,3),(3,4,
1)),());
#2585=COMPLEX_TRIANGULATED_FACE($,#4802,4,((0.570713567710724,0.82114920911543,
0.),(0.570713567710724,0.82114920911543,0.),(0.570713567710724,0.82114920911543,
0.),(0.570713567710724,0.82114920911543,0.)),$,(4,3,1,2),((1,2,3),(3,4,
1)),());
#2586=COMPLEX_TRIANGULATED_FACE($,#4803,4,((-0.207911690807643,0.978147600735956,
0.),(-0.207911690807643,0.978147600735956,0.),(-0.207911690807643,0.978147600735956,
0.),(-0.207911690807643,0.978147600735956,0.)),$,(4,3,1,2),((1,2,3),(3,
4,1)),());
#2587=COMPLEX_TRIANGULATED_FACE($,#4804,4,((0.166768746695598,-0.985996037073973,
0.),(0.166768746695598,-0.985996037073973,0.),(0.166768746695598,-0.985996037073973,
0.),(0.166768746695598,-0.985996037073973,0.)),$,(3,4,2,1),((1,2,3),(3,
4,1)),());
#2588=COMPLEX_TRIANGULATED_FACE($,#4805,5,((1.,0.,0.),(1.,0.,0.),(1.,0.,
0.),(1.,0.,0.),(1.,0.,0.)),$,(2,1,4,3,5),((1,2,3),(2,4,3),(3,5,1)),());
#2589=COMPLEX_TRIANGULATED_FACE($,#4809,4,((0.895711760225618,0.444635179212717,
0.),(0.895711760225618,0.444635179212717,0.),(0.895711760225618,0.444635179212717,
0.),(0.895711760225618,0.444635179212717,0.)),$,(4,3,1,2),((1,2,3),(3,4,
1)),());
#2590=COMPLEX_TRIANGULATED_FACE($,#4812,28,((-0.239315664287559,0.970941817426052,
0.),(0.,1.,0.),(0.,1.,0.),(-0.464723172043769,0.885456025653209,0.),(-0.239315664287559,
0.970941817426052,0.),(-0.663122658240796,0.748510748171101,0.),(-0.464723172043769,
0.885456025653209,0.),(-0.822983865893657,0.568064746731155,0.),(-0.663122658240796,
0.748510748171101,0.),(-0.935016242685415,0.354604887042535,0.),(-0.822983865893657,
0.568064746731155,0.),(-0.992708874098054,0.120536680255322,0.),(-0.935016242685415,
0.354604887042535,0.),(-0.992708874098054,-0.120536680255323,0.),(-0.992708874098054,
0.120536680255322,0.),(-0.935016242685415,-0.354604887042536,0.),(-0.992708874098054,
-0.120536680255323,0.),(-0.822983865893656,-0.568064746731156,0.),(-0.935016242685415,
-0.354604887042536,0.),(-0.663122658240795,-0.748510748171101,0.),(-0.822983865893656,
-0.568064746731156,0.),(-0.464723172043769,-0.88545602565321,0.),(-0.663122658240795,
-0.748510748171101,0.),(-0.239315664287558,-0.970941817426052,0.),(-0.464723172043769,
-0.88545602565321,0.),(0.,-1.,0.),(-0.239315664287558,-0.970941817426052,
0.),(0.,-1.,0.)),$,(7,1,2,9,8,13,10,19,14,23,20,25,24,27,26,21,28,17,22,
15,18,11,16,5,12,3,6,4),((1,2,3),(4,1,5),(6,4,7),(8,6,9),(10,8,11),(12,
10,13),(14,12,15),(16,14,17),(18,16,19),(20,18,21),(22,20,23),(24,22,25),
(26,24,27),(27,28,26),(25,27,24),(23,25,22),(21,23,20),(19,21,18),(17,19,
16),(15,17,14),(13,15,12),(11,13,10),(9,11,8),(7,9,6),(5,7,4),(3,5,1)),
());
#2591=COMPLEX_TRIANGULATED_FACE($,#4813,4,((-0.499999999993262,0.866025403788329,
0.),(-0.499999999993262,0.866025403788329,0.),(-0.499999999993262,0.866025403788329,
0.),(-0.499999999993262,0.866025403788329,0.)),$,(4,3,1,2),((1,2,3),(3,
4,1)),());
#2592=COMPLEX_TRIANGULATED_FACE($,#4816,4,((0.94437637024541,-0.328866646715814,
0.),(0.94437637024541,-0.328866646715814,0.),(0.94437637024541,-0.328866646715814,
0.),(0.94437637024541,-0.328866646715814,0.)),$,(3,4,2,1),((1,2,3),(3,4,
1)),());
#2593=COMPLEX_TRIANGULATED_FACE($,#4817,4,((0.51802700937529,0.855364260159199,
0.),(0.51802700937529,0.855364260159199,0.),(0.51802700937529,0.855364260159199,
0.),(0.51802700937529,0.855364260159199,0.)),$,(4,3,1,2),((1,2,3),(3,4,
1)),());
#2594=COMPLEX_TRIANGULATED_FACE($,#4818,4,((-0.104528463296348,-0.994521895365257,
0.),(-0.104528463296348,-0.994521895365257,0.),(-0.104528463296348,-0.994521895365257,
0.),(-0.104528463296348,-0.994521895365257,0.)),$,(2,1,3,4),((1,2,3),(3,
4,1)),());
#2595=COMPLEX_TRIANGULATED_FACE($,#4820,4,((0.228350870094589,0.973578902876929,
0.),(0.228350870094589,0.973578902876929,0.),(0.228350870094589,0.973578902876929,
0.),(0.228350870094589,0.973578902876929,0.)),$,(4,3,1,2),((1,2,3),(3,4,
1)),());
#2596=COMPLEX_TRIANGULATED_FACE($,#4821,4,((-0.855364260159199,-0.51802700937529,
0.),(-0.855364260159199,-0.51802700937529,0.),(-0.855364260159199,-0.51802700937529,
0.),(-0.855364260159199,-0.51802700937529,0.)),$,(3,4,2,1),((1,2,3),(3,
4,1)),());
#2597=COMPLEX_TRIANGULATED_FACE($,#4822,4,((0.743144825467058,-0.669130606370338,
0.),(0.743144825467058,-0.669130606370338,0.),(0.743144825467058,-0.669130606370338,
0.),(0.743144825467058,-0.669130606370338,0.)),$,(2,1,3,4),((1,2,3),(3,
4,1)),());
#2598=COMPLEX_TRIANGULATED_FACE($,#4823,38,((0.965925826289069,0.,-0.258819045102519),
(1.,0.,0.),(1.,0.,0.),(0.972101530752071,0.,-0.234560469622398),(0.866025403784438,
0.,-0.5),(0.965907136218303,0.,-0.258888787324899),(0.90136954287333,0.,
-0.433050744347962),(0.70710678118655,0.,-0.707106781186545),(0.865967146710411,
0.,-0.500100890639309),(0.765134964807916,0.,-0.643869929122637),(0.499999999999999,
0.,-0.866025403784439),(0.707132395126131,0.,-0.707081166319101),(0.617372079460144,
0.,-0.786671288088651),(0.258819045102522,0.,-0.965925826289068),(0.500094164853816,
0.,-0.865971030854476),(0.433377964990037,0.,-0.901212261046805),(0.,0.,
-1.),(0.241384861071909,0.,-0.970429466187675),(0.258856579465277,0.,-0.965915768205249),
(0.,0.,-1.),(-0.238232839324702,0.,-0.971208069502767),(-0.258819045102519,
0.,-0.965925826289069),(-0.429504714372832,0.,-0.90306461581191),(-0.500099547484045,
0.,-0.86596792238873),(-0.258862220468947,0.,-0.965914256450274),(-0.499999999999998,
0.,-0.866025403784439),(-0.617372391802235,0.,-0.786671042965475),(-0.707131863915209,
0.,-0.707081697568112),(-0.707106781186549,0.,-0.707106781186546),(-0.779881061435398,
0.,-0.625927735457055),(-0.865971800857649,0.,-0.500092831501672),(-0.866025403784438,
0.,-0.5),(-0.902318664302338,0.,-0.431069632486035),(-0.965882542763522,
0.,-0.258980527423728),(-0.965925826289069,0.,-0.25881904510252),(-0.979950882936376,
0.,-0.199239220617368),(-1.,0.,0.),(-1.,0.,0.)),$,(4,1,2,3,7,5,6,11,8,9,
14,10,12,17,13,15,19,18,16,20,21,22,24,26,23,25,27,29,28,30,31,32,33,34,
35,36,38,37),((1,2,3),(3,4,1),(5,1,6),(6,7,5),(8,5,9),(9,10,8),(11,8,12),
(12,13,11),(14,11,15),(15,16,14),(17,14,18),(14,19,18),(17,20,21),(21,22,
17),(22,23,24),(22,25,23),(26,27,28),(26,24,27),(29,30,31),(29,28,30),(32,
33,34),(32,31,33),(35,36,37),(35,34,36),(37,38,35),(34,35,32),(31,32,29),
(28,29,26),(24,26,22),(21,25,22),(18,20,17),(16,19,14),(13,15,11),(10,12,
8),(7,9,5),(4,6,1)),());
#2599=COMPLEX_TRIANGULATED_FACE($,#4824,4,((0.886203579232669,-0.463296035117079,
0.),(0.886203579232669,-0.463296035117079,0.),(0.886203579232669,-0.463296035117079,
0.),(0.886203579232669,-0.463296035117079,0.)),$,(2,1,3,4),((1,2,3),(3,
4,1)),());
#2600=COMPLEX_TRIANGULATED_FACE($,#4825,4,((0.289031796912588,-0.957319497541693,
0.),(0.289031796912588,-0.957319497541693,0.),(0.289031796912588,-0.957319497541693,
0.),(0.289031796912588,-0.957319497541693,0.)),$,(3,4,2,1),((1,2,3),(3,
4,1)),());
#2601=COMPLEX_TRIANGULATED_FACE($,#4826,4,((0.0418756537299508,0.999122830098827,
0.),(0.0418756537299508,0.999122830098827,0.),(0.0418756537299508,0.999122830098827,
0.),(0.0418756537299508,0.999122830098827,0.)),$,(4,3,1,2),((1,2,3),(3,
4,1)),());
#2602=COMPLEX_TRIANGULATED_FACE($,#4828,4,((0.999780683474927,-0.0209424198794748,
0.),(0.999780683474927,-0.0209424198794748,0.),(0.999780683474927,-0.0209424198794748,
0.),(0.999780683474927,-0.0209424198794748,0.)),$,(3,4,2,1),((1,2,3),(3,
4,1)),());
#2603=COMPLEX_TRIANGULATED_FACE($,#4829,4,((0.553391549217929,-0.832921240726985,
0.),(0.553391549217929,-0.832921240726985,0.),(0.553391549217929,-0.832921240726985,
0.),(0.553391549217929,-0.832921240726985,0.)),$,(2,1,3,4),((1,2,3),(3,
4,1)),());
#2604=COMPLEX_TRIANGULATED_FACE($,#4831,4,((-0.743144825467058,0.669130606370338,
0.),(-0.743144825467058,0.669130606370338,0.),(-0.743144825467058,0.669130606370338,
0.),(-0.743144825467058,0.669130606370338,0.)),$,(4,3,1,2),((1,2,3),(3,
4,1)),());
#2605=COMPLEX_TRIANGULATED_FACE($,#4833,4,((-0.669130606370338,0.743144825467058,
0.),(-0.669130606370338,0.743144825467058,0.),(-0.669130606370338,0.743144825467058,
0.),(-0.669130606370338,0.743144825467058,0.)),$,(1,2,4,3),((1,2,3),(3,
4,1)),());
#2606=COMPLEX_TRIANGULATED_FACE($,#4834,4,((0.604599114897899,-0.796529917997232,
0.),(0.604599114897899,-0.796529917997232,0.),(0.604599114897899,-0.796529917997232,
0.),(0.604599114897899,-0.796529917997232,0.)),$,(2,1,3,4),((1,2,3),(3,
4,1)),());
#2607=COMPLEX_TRIANGULATED_FACE($,#4837,4,((-0.866025403788329,0.499999999993262,
0.),(-0.866025403788329,0.499999999993262,0.),(-0.866025403788329,0.499999999993262,
0.),(-0.866025403788329,0.499999999993262,0.)),$,(1,2,4,3),((1,2,3),(3,
4,1)),());
#2608=COMPLEX_TRIANGULATED_FACE($,#4838,4,((-0.62114778030421,0.783693457305312,
0.),(-0.62114778030421,0.783693457305312,0.),(-0.62114778030421,0.783693457305312,
0.),(-0.62114778030421,0.783693457305312,0.)),$,(1,2,4,3),((1,2,3),(3,4,
1)),());
#2609=COMPLEX_TRIANGULATED_FACE($,#4840,4,((-0.832921240726985,0.553391549217929,
0.),(-0.832921240726985,0.553391549217929,0.),(-0.832921240726985,0.553391549217929,
0.),(-0.832921240726985,0.553391549217929,0.)),$,(1,2,4,3),((1,2,3),(3,
4,1)),());
#2610=COMPLEX_TRIANGULATED_FACE($,#4842,4,((-0.985996037073973,-0.166768746695598,
0.),(-0.985996037073973,-0.166768746695598,0.),(-0.985996037073973,-0.166768746695598,
0.),(-0.985996037073973,-0.166768746695598,0.)),$,(3,4,2,1),((1,2,3),(3,
4,1)),());
#2611=COMPLEX_TRIANGULATED_FACE($,#4843,5,((-1.,0.,0.),(-1.,0.,0.),(-1.,
0.,0.),(-1.,0.,0.),(-1.,0.,0.)),$,(1,2,5,3,4),((1,2,3),(2,4,3),(3,5,1)),
());
#2612=COMPLEX_TRIANGULATED_FACE($,#4845,4,((-0.406736643111826,-0.913545457626561,
0.),(-0.406736643111826,-0.913545457626561,0.),(-0.406736643111826,-0.913545457626561,
0.),(-0.406736643111826,-0.913545457626561,0.)),$,(2,1,3,4),((1,2,3),(3,
4,1)),());
#2613=COMPLEX_TRIANGULATED_FACE($,#4846,4,((0.0836778433341441,-0.996492859249351,
0.),(0.0836778433341441,-0.996492859249351,0.),(0.0836778433341441,-0.996492859249351,
0.),(0.0836778433341441,-0.996492859249351,0.)),$,(2,1,3,4),((1,2,3),(3,
4,1)),());
#2614=COMPLEX_TRIANGULATED_FACE($,#4849,4,((0.957319497541693,-0.289031796912588,
0.),(0.957319497541693,-0.289031796912588,0.),(0.957319497541693,-0.289031796912588,
0.),(0.957319497541693,-0.289031796912588,0.)),$,(2,1,3,4),((1,2,3),(3,
4,1)),());
#2615=COMPLEX_TRIANGULATED_FACE($,#4850,4,((0.570713567710724,-0.82114920911543,
0.),(0.570713567710724,-0.82114920911543,0.),(0.570713567710724,-0.82114920911543,
0.),(0.570713567710724,-0.82114920911543,0.)),$,(3,4,2,1),((1,2,3),(3,4,
1)),());
#2616=COMPLEX_TRIANGULATED_FACE($,#4851,4,((0.653420603971912,0.75699505566746,
0.),(0.653420603971912,0.75699505566746,0.),(0.653420603971912,0.75699505566746,
0.),(0.653420603971912,0.75699505566746,0.)),$,(1,2,4,3),((1,2,3),(3,4,
1)),());
#2617=COMPLEX_TRIANGULATED_FACE($,#4852,4,((0.553391549217929,0.832921240726985,
0.),(0.553391549217929,0.832921240726985,0.),(0.553391549217929,0.832921240726985,
0.),(0.553391549217929,0.832921240726985,0.)),$,(1,2,4,3),((1,2,3),(3,4,
1)),());
#2618=COMPLEX_TRIANGULATED_FACE($,#4853,4,((-0.289031796912588,-0.957319497541693,
0.),(-0.289031796912588,-0.957319497541693,0.),(-0.289031796912588,-0.957319497541693,
0.),(-0.289031796912588,-0.957319497541693,0.)),$,(2,1,3,4),((1,2,3),(3,
4,1)),());
#2619=COMPLEX_TRIANGULATED_FACE($,#4858,4,((0.783693457305312,0.62114778030421,
0.),(0.783693457305312,0.62114778030421,0.),(0.783693457305312,0.62114778030421,
0.),(0.783693457305312,0.62114778030421,0.)),$,(1,2,4,3),((1,2,3),(3,4,
1)),());
#2620=COMPLEX_TRIANGULATED_FACE($,#4859,28,((0.239315664287559,-0.970941817426052,
0.),(0.,-1.,0.),(0.,-1.,0.),(0.464723172043769,-0.885456025653209,0.),(0.239315664287559,
-0.970941817426052,0.),(0.663122658240796,-0.748510748171101,0.),(0.464723172043769,
-0.885456025653209,0.),(0.822983865893657,-0.568064746731155,0.),(0.663122658240796,
-0.748510748171101,0.),(0.935016242685415,-0.354604887042536,0.),(0.822983865893657,
-0.568064746731155,0.),(0.992708874098054,-0.120536680255322,0.),(0.935016242685415,
-0.354604887042536,0.),(0.992708874098054,0.120536680255324,0.),(0.992708874098054,
-0.120536680255322,0.),(0.935016242685415,0.354604887042536,0.),(0.992708874098054,
0.120536680255324,0.),(0.822983865893656,0.568064746731157,0.),(0.935016242685415,
0.354604887042536,0.),(0.663122658240795,0.748510748171101,0.),(0.822983865893656,
0.568064746731157,0.),(0.464723172043768,0.88545602565321,0.),(0.663122658240795,
0.748510748171101,0.),(0.239315664287557,0.970941817426052,0.),(0.464723172043768,
0.88545602565321,0.),(0.,1.,0.),(0.239315664287557,0.970941817426052,0.),
(0.,1.,0.)),$,(21,27,28,17,22,15,18,9,16,7,10,3,8,1,4,5,2,11,6,13,12,19,
14,23,20,25,24,26),((1,2,3),(4,1,5),(6,4,7),(8,6,9),(10,8,11),(12,10,13),
(14,12,15),(16,14,17),(18,16,19),(20,18,21),(22,20,23),(24,22,25),(26,24,
27),(27,28,26),(25,27,24),(23,25,22),(21,23,20),(19,21,18),(17,19,16),(15,
17,14),(13,15,12),(11,13,10),(9,11,8),(7,9,6),(5,7,4),(3,5,1)),());
#2621=COMPLEX_TRIANGULATED_FACE($,#4860,29,((-0.239315664287559,0.970941817426052,
0.),(0.,1.,0.),(0.,1.,0.),(-0.464723172043769,0.88545602565321,0.),(-0.239315664287559,
0.970941817426052,0.),(-0.663122658240795,0.748510748171101,0.),(-0.479425538554843,
0.877582561917338,0.),(-0.464723172043769,0.88545602565321,0.),(-0.822983865893657,
0.568064746731155,0.),(-0.663122658240795,0.748510748171101,0.),(-0.935016242685415,
0.354604887042535,0.),(-0.822983865893657,0.568064746731155,0.),(-0.992708874098054,
0.120536680255323,0.),(-0.935016242685415,0.354604887042535,0.),(-0.992708874098054,
-0.120536680255324,0.),(-0.992708874098054,0.120536680255323,0.),(-0.935016242685415,
-0.354604887042536,0.),(-0.992708874098054,-0.120536680255324,0.),(-0.822983865893656,
-0.568064746731156,0.),(-0.935016242685415,-0.354604887042536,0.),(-0.663122658240795,
-0.748510748171101,0.),(-0.822983865893656,-0.568064746731156,0.),(-0.464723172043769,
-0.88545602565321,0.),(-0.663122658240795,-0.748510748171101,0.),(-0.239315664287558,
-0.970941817426052,0.),(-0.464723172043769,-0.88545602565321,0.),(0.,-1.,
0.),(-0.239315664287558,-0.970941817426052,0.),(0.,-1.,0.)),$,(5,1,2,9,
6,14,13,10,18,15,22,19,26,23,28,27,24,29,20,25,16,21,11,17,7,12,3,8,4),
((1,2,3),(4,1,5),(6,4,7),(4,8,7),(9,6,10),(11,9,12),(13,11,14),(15,13,16),
(17,15,18),(19,17,20),(21,19,22),(23,21,24),(25,23,26),(27,25,28),(28,29,
27),(26,28,25),(24,26,23),(22,24,21),(20,22,19),(18,20,17),(16,18,15),(14,
16,13),(12,14,11),(10,12,9),(7,10,6),(5,8,4),(3,5,1)),());
#2622=COMPLEX_TRIANGULATED_FACE($,#4862,17,((0.,1.,0.),(0.,1.,0.),(0.,1.,
0.),(0.,1.,0.),(0.,1.,0.),(0.,1.,0.),(0.,1.,0.),(0.,1.,0.),(0.,1.,0.),(0.,
1.,0.),(0.,1.,0.),(0.,1.,0.),(0.,1.,0.),(0.,1.,0.),(0.,1.,0.),(0.,1.,0.),
(0.,1.,0.)),$,(7,8,9,15,2,3,12,13,10,4,14,11,5,6,17,16,1),((1,2,3),(4,5,
6),(1,7,8),(3,9,1),(6,10,4),(8,11,1),(9,12,1),(10,13,4),(12,7,1),(13,14,
4),(14,1,4),(5,15,16),(11,4,1),(4,15,5),(16,17,5)),());
#2623=COMPLEX_TRIANGULATED_FACE($,#4864,4,((-0.963162566801782,-0.268919820600497,
0.),(-0.963162566801782,-0.268919820600497,0.),(-0.963162566801782,-0.268919820600497,
0.),(-0.963162566801782,-0.268919820600497,0.)),$,(2,1,3,4),((1,2,3),(3,
4,1)),());
#2624=COMPLEX_TRIANGULATED_FACE($,#4867,4,((0.989272332958346,-0.146083028593849,
0.),(0.989272332958346,-0.146083028593849,0.),(0.989272332958346,-0.146083028593849,
0.),(0.989272332958346,-0.146083028593849,0.)),$,(3,4,2,1),((1,2,3),(3,
4,1)),());
#2625=TESSELLATED_SHELL('BRY__A1 ',(#2376),$);
#2626=TESSELLATED_SHELL('BRY__A1 ',(#2377),$);
#2627=TESSELLATED_SHELL('BRY__A1 ',(#2378),$);
#2628=TESSELLATED_SHELL('BRY__A1 ',(#2379),$);
#2629=TESSELLATED_SHELL('BRY__A1 ',(#2380),$);
#2630=TESSELLATED_SHELL('BRY__A1 ',(#2381),$);
#2631=TESSELLATED_SHELL('BRY__A1 ',(#2382),$);
#2632=TESSELLATED_SHELL('BRY__A1 ',(#2383),$);
#2633=TESSELLATED_SHELL('BRY__A1 ',(#2384),$);
#2634=TESSELLATED_SHELL('BRY__A1 ',(#2385),$);
#2635=TESSELLATED_SHELL('BRY__A1 ',(#2386),$);
#2636=TESSELLATED_SHELL('BRY__A1 ',(#2387),$);
#2637=TESSELLATED_SHELL('BRY__A1 ',(#2388),$);
#2638=TESSELLATED_SHELL('PARTBODY',(#2389),$);
#2639=TESSELLATED_SHELL('BRY__A1 ',(#2390),$);
#2640=TESSELLATED_SHELL('BRY__A1 ',(#2391),$);
#2641=TESSELLATED_SHELL('BRY__A1 ',(#2392),$);
#2642=TESSELLATED_SHELL('BRY__A1 ',(#2393),$);
#2643=TESSELLATED_SHELL('BRY__A1 ',(#2394),$);
#2644=TESSELLATED_SHELL('BRY__A1 ',(#2395),$);
#2645=TESSELLATED_SHELL('BRY__A1 ',(#2396),$);
#2646=TESSELLATED_SHELL('BRY__A1 ',(#2397),$);
#2647=TESSELLATED_SHELL('PARTBODY',(#2398),$);
#2648=TESSELLATED_SHELL('BRY__A1 ',(#2399),$);
#2649=TESSELLATED_SHELL('BRY__A1 ',(#2400),$);
#2650=TESSELLATED_SHELL('BRY__A1 ',(#2401),$);
#2651=TESSELLATED_SHELL('BRY__A1 ',(#2402),$);
#2652=TESSELLATED_SHELL('BRY__A1 ',(#2403),$);
#2653=TESSELLATED_SHELL('BRY__A1 ',(#2404),$);
#2654=TESSELLATED_SHELL('PARTBODY',(#2405),$);
#2655=TESSELLATED_SHELL('PARTBODY',(#2406),$);
#2656=TESSELLATED_SHELL('BRY__A1 ',(#2407),$);
#2657=TESSELLATED_SHELL('BRY__A1 ',(#2408),$);
#2658=TESSELLATED_SHELL('BRY__A1 ',(#2409),$);
#2659=TESSELLATED_SHELL('PARTBODY',(#2410),$);
#2660=TESSELLATED_SHELL('BRY__A1 ',(#2411),$);
#2661=TESSELLATED_SHELL('BRY__A1 ',(#2412),$);
#2662=TESSELLATED_SHELL('PARTBODY',(#2413),$);
#2663=TESSELLATED_SHELL('PARTBODY',(#2414),$);
#2664=TESSELLATED_SHELL('PARTBODY',(#2415),$);
#2665=TESSELLATED_SHELL('BRY__A1 ',(#2416),$);
#2666=TESSELLATED_SHELL('BRY__A1 ',(#2417),$);
#2667=TESSELLATED_SHELL('BRY__A1 ',(#2418),$);
#2668=TESSELLATED_SHELL('BRY__A1 ',(#2419),$);
#2669=TESSELLATED_SHELL('PARTBODY',(#2420),$);
#2670=TESSELLATED_SHELL('BRY__A1 ',(#2421),$);
#2671=TESSELLATED_SHELL('BRY__A1 ',(#2422),$);
#2672=TESSELLATED_SHELL('PARTBODY',(#2423),$);
#2673=TESSELLATED_SHELL('PARTBODY',(#2424),$);
#2674=TESSELLATED_SHELL('BRY__A1 ',(#2425),$);
#2675=TESSELLATED_SHELL('BRY__A1 ',(#2426),$);
#2676=TESSELLATED_SHELL('PARTBODY',(#2427),$);
#2677=TESSELLATED_SHELL('BRY__A1 ',(#2428),$);
#2678=TESSELLATED_SHELL('BRY__A1 ',(#2429),$);
#2679=TESSELLATED_SHELL('PARTBODY',(#2430),$);
#2680=TESSELLATED_SHELL('BRY__A1 ',(#2431),$);
#2681=TESSELLATED_SHELL('PARTBODY',(#2432),$);
#2682=TESSELLATED_SHELL('BRY__A1 ',(#2433),$);
#2683=TESSELLATED_SHELL('BRY__A1 ',(#2434),$);
#2684=TESSELLATED_SHELL('BRY__A1 ',(#2435),$);
#2685=TESSELLATED_SHELL('BRY__A1 ',(#2436),$);
#2686=TESSELLATED_SHELL('BRY__A1 ',(#2437),$);
#2687=TESSELLATED_SHELL('BRY__A1 ',(#2438),$);
#2688=TESSELLATED_SHELL('BRY__A1 ',(#2439),$);
#2689=TESSELLATED_SHELL('BRY__A1 ',(#2440),$);
#2690=TESSELLATED_SHELL('PARTBODY',(#2441),$);
#2691=TESSELLATED_SHELL('BRY__A1 ',(#2442),$);
#2692=TESSELLATED_SHELL('BRY__A1 ',(#2443),$);
#2693=TESSELLATED_SHELL('BRY__A1 ',(#2444),$);
#2694=TESSELLATED_SHELL('BRY__A1 ',(#2445),$);
#2695=TESSELLATED_SHELL('BRY__A1 ',(#2446),$);
#2696=TESSELLATED_SHELL('BRY__A1 ',(#2447),$);
#2697=TESSELLATED_SHELL('BRY__A1 ',(#2448),$);
#2698=TESSELLATED_SHELL('PARTBODY',(#2449),$);
#2699=TESSELLATED_SHELL('BRY__A1 ',(#2450),$);
#2700=TESSELLATED_SHELL('BRY__A1 ',(#2451),$);
#2701=TESSELLATED_SHELL('PARTBODY',(#2452),$);
#2702=TESSELLATED_SHELL('BRY__A1 ',(#2453),$);
#2703=TESSELLATED_SHELL('BRY__A1 ',(#2454),$);
#2704=TESSELLATED_SHELL('PARTBODY',(#2455),$);
#2705=TESSELLATED_SHELL('BRY__A1 ',(#2456),$);
#2706=TESSELLATED_SHELL('PARTBODY',(#2457),$);
#2707=TESSELLATED_SHELL('PARTBODY',(#2458),$);
#2708=TESSELLATED_SHELL('PARTBODY',(#2459),$);
#2709=TESSELLATED_SHELL('BRY__A1 ',(#2460),$);
#2710=TESSELLATED_SHELL('BRY__A1 ',(#2461),$);
#2711=TESSELLATED_SHELL('BRY__A1 ',(#2462),$);
#2712=TESSELLATED_SHELL('BRY__A1 ',(#2463),$);
#2713=TESSELLATED_SHELL('BRY__A1 ',(#2464),$);
#2714=TESSELLATED_SHELL('BRY__A1 ',(#2465),$);
#2715=TESSELLATED_SHELL('BRY__A1 ',(#2466),$);
#2716=TESSELLATED_SHELL('BRY__A1 ',(#2467),$);
#2717=TESSELLATED_SHELL('BRY__A1 ',(#2468),$);
#2718=TESSELLATED_SHELL('BRY__A1 ',(#2469),$);
#2719=TESSELLATED_SHELL('BRY__A1 ',(#2470),$);
#2720=TESSELLATED_SHELL('BRY__A1 ',(#2471),$);
#2721=TESSELLATED_SHELL('BRY__A1 ',(#2472),$);
#2722=TESSELLATED_SHELL('BRY__A1 ',(#2473),$);
#2723=TESSELLATED_SHELL('BRY__A1 ',(#2474),$);
#2724=TESSELLATED_SHELL('BRY__A1 ',(#2475),$);
#2725=TESSELLATED_SHELL('PARTBODY',(#2476),$);
#2726=TESSELLATED_SHELL('BRY__A1 ',(#2477),$);
#2727=TESSELLATED_SHELL('BRY__A1 ',(#2478),$);
#2728=TESSELLATED_SHELL('BRY__A1 ',(#2479),$);
#2729=TESSELLATED_SHELL('BRY__A1 ',(#2480),$);
#2730=TESSELLATED_SHELL('BRY__A1 ',(#2481),$);
#2731=TESSELLATED_SHELL('BRY__A1 ',(#2482),$);
#2732=TESSELLATED_SHELL('BRY__A1 ',(#2483),$);
#2733=TESSELLATED_SHELL('BRY__A1 ',(#2484),$);
#2734=TESSELLATED_SHELL('BRY__A1 ',(#2485),$);
#2735=TESSELLATED_SHELL('PARTBODY',(#2486),$);
#2736=TESSELLATED_SHELL('BRY__A1 ',(#2487),$);
#2737=TESSELLATED_SHELL('BRY__A1 ',(#2488),$);
#2738=TESSELLATED_SHELL('BRY__A1 ',(#2489),$);
#2739=TESSELLATED_SHELL('BRY__A1 ',(#2490),$);
#2740=TESSELLATED_SHELL('BRY__A1 ',(#2491),$);
#2741=TESSELLATED_SHELL('BRY__A1 ',(#2492),$);
#2742=TESSELLATED_SHELL('BRY__A1 ',(#2493),$);
#2743=TESSELLATED_SHELL('BRY__A1 ',(#2494),$);
#2744=TESSELLATED_SHELL('BRY__A1 ',(#2495),$);
#2745=TESSELLATED_SHELL('BRY__A1 ',(#2496),$);
#2746=TESSELLATED_SHELL('BRY__A1 ',(#2497),$);
#2747=TESSELLATED_SHELL('PARTBODY',(#2498),$);
#2748=TESSELLATED_SHELL('BRY__A1 ',(#2499),$);
#2749=TESSELLATED_SHELL('BRY__A1 ',(#2500),$);
#2750=TESSELLATED_SHELL('BRY__A1 ',(#2501),$);
#2751=TESSELLATED_SHELL('PARTBODY',(#2502),$);
#2752=TESSELLATED_SHELL('BRY__A1 ',(#2503),$);
#2753=TESSELLATED_SHELL('BRY__A1 ',(#2504),$);
#2754=TESSELLATED_SHELL('BRY__A1 ',(#2505),$);
#2755=TESSELLATED_SHELL('BRY__A1 ',(#2506),$);
#2756=TESSELLATED_SHELL('BRY__A1 ',(#2507),$);
#2757=TESSELLATED_SHELL('BRY__A1 ',(#2508),$);
#2758=TESSELLATED_SHELL('BRY__A1 ',(#2509),$);
#2759=TESSELLATED_SHELL('BRY__A1 ',(#2510),$);
#2760=TESSELLATED_SHELL('BRY__A1 ',(#2511),$);
#2761=TESSELLATED_SHELL('BRY__A1 ',(#2512),$);
#2762=TESSELLATED_SHELL('PARTBODY',(#2513),$);
#2763=TESSELLATED_SHELL('BRY__A1 ',(#2514),$);
#2764=TESSELLATED_SHELL('BRY__A1 ',(#2515),$);
#2765=TESSELLATED_SHELL('BRY__A1 ',(#2516),$);
#2766=TESSELLATED_SHELL('PARTBODY',(#2517),$);
#2767=TESSELLATED_SHELL('PARTBODY',(#2518),$);
#2768=TESSELLATED_SHELL('BRY__A1 ',(#2519),$);
#2769=TESSELLATED_SHELL('BRY__A1 ',(#2520),$);
#2770=TESSELLATED_SHELL('BRY__A1 ',(#2521),$);
#2771=TESSELLATED_SHELL('BRY__A1 ',(#2522),$);
#2772=TESSELLATED_SHELL('BRY__A1 ',(#2523),$);
#2773=TESSELLATED_SHELL('PARTBODY',(#2524),$);
#2774=TESSELLATED_SHELL('BRY__A1 ',(#2525),$);
#2775=TESSELLATED_SHELL('PARTBODY',(#2526),$);
#2776=TESSELLATED_SHELL('BRY__A1 ',(#2527),$);
#2777=TESSELLATED_SHELL('BRY__A1 ',(#2528),$);
#2778=TESSELLATED_SHELL('BRY__A1 ',(#2529),$);
#2779=TESSELLATED_SHELL('BRY__A1 ',(#2530),$);
#2780=TESSELLATED_SHELL('BRY__A1 ',(#2531),$);
#2781=TESSELLATED_SHELL('BRY__A1 ',(#2532),$);
#2782=TESSELLATED_SHELL('BRY__A1 ',(#2533),$);
#2783=TESSELLATED_SHELL('PARTBODY',(#2534),$);
#2784=TESSELLATED_SHELL('BRY__A1 ',(#2535),$);
#2785=TESSELLATED_SHELL('BRY__A1 ',(#2536),$);
#2786=TESSELLATED_SHELL('BRY__A1 ',(#2537),$);
#2787=TESSELLATED_SHELL('PARTBODY',(#2538),$);
#2788=TESSELLATED_SHELL('BRY__A1 ',(#2539),$);
#2789=TESSELLATED_SHELL('PARTBODY',(#2540),$);
#2790=TESSELLATED_SHELL('BRY__A1 ',(#2541),$);
#2791=TESSELLATED_SHELL('BRY__A1 ',(#2542),$);
#2792=TESSELLATED_SHELL('BRY__A1 ',(#2543),$);
#2793=TESSELLATED_SHELL('BRY__A1 ',(#2544),$);
#2794=TESSELLATED_SHELL('BRY__A1 ',(#2545),$);
#2795=TESSELLATED_SHELL('BRY__A1 ',(#2546),$);
#2796=TESSELLATED_SHELL('BRY__A1 ',(#2547),$);
#2797=TESSELLATED_SHELL('BRY__A1 ',(#2548),$);
#2798=TESSELLATED_SHELL('PARTBODY',(#2549),$);
#2799=TESSELLATED_SHELL('BRY__A1 ',(#2550),$);
#2800=TESSELLATED_SHELL('BRY__A1 ',(#2551),$);
#2801=TESSELLATED_SHELL('BRY__A1 ',(#2552),$);
#2802=TESSELLATED_SHELL('BRY__A1 ',(#2553),$);
#2803=TESSELLATED_SHELL('BRY__A1 ',(#2554),$);
#2804=TESSELLATED_SHELL('BRY__A1 ',(#2555),$);
#2805=TESSELLATED_SHELL('PARTBODY',(#2556),$);
#2806=TESSELLATED_SHELL('BRY__A1 ',(#2557),$);
#2807=TESSELLATED_SHELL('BRY__A1 ',(#2558),$);
#2808=TESSELLATED_SHELL('PARTBODY',(#2559),$);
#2809=TESSELLATED_SHELL('BRY__A1 ',(#2560),$);
#2810=TESSELLATED_SHELL('BRY__A1 ',(#2561),$);
#2811=TESSELLATED_SHELL('BRY__A1 ',(#2562),$);
#2812=TESSELLATED_SHELL('BRY__A1 ',(#2563),$);
#2813=TESSELLATED_SHELL('BRY__A1 ',(#2564),$);
#2814=TESSELLATED_SHELL('BRY__A1 ',(#2565),$);
#2815=TESSELLATED_SHELL('BRY__A1 ',(#2566),$);
#2816=TESSELLATED_SHELL('PARTBODY',(#2567),$);
#2817=TESSELLATED_SHELL('BRY__A1 ',(#2568),$);
#2818=TESSELLATED_SHELL('BRY__A1 ',(#2569),$);
#2819=TESSELLATED_SHELL('BRY__A1 ',(#2570),$);
#2820=TESSELLATED_SHELL('BRY__A1 ',(#2571),$);
#2821=TESSELLATED_SHELL('BRY__A1 ',(#2572),$);
#2822=TESSELLATED_SHELL('BRY__A1 ',(#2573),$);
#2823=TESSELLATED_SHELL('PARTBODY',(#2574),$);
#2824=TESSELLATED_SHELL('PARTBODY',(#2575),$);
#2825=TESSELLATED_SHELL('BRY__A1 ',(#2576),$);
#2826=TESSELLATED_SHELL('PARTBODY',(#2577),$);
#2827=TESSELLATED_SHELL('BRY__A1 ',(#2578),$);
#2828=TESSELLATED_SHELL('BRY__A1 ',(#2579),$);
#2829=TESSELLATED_SHELL('BRY__A1 ',(#2580),$);
#2830=TESSELLATED_SHELL('BRY__A1 ',(#2581),$);
#2831=TESSELLATED_SHELL('BRY__A1 ',(#2582),$);
#2832=TESSELLATED_SHELL('BRY__A1 ',(#2583),$);
#2833=TESSELLATED_SHELL('BRY__A1 ',(#2584),$);
#2834=TESSELLATED_SHELL('BRY__A1 ',(#2585),$);
#2835=TESSELLATED_SHELL('BRY__A1 ',(#2586),$);
#2836=TESSELLATED_SHELL('BRY__A1 ',(#2587),$);
#2837=TESSELLATED_SHELL('PARTBODY',(#2588),$);
#2838=TESSELLATED_SHELL('BRY__A1 ',(#2589),$);
#2839=TESSELLATED_SHELL('PARTBODY',(#2590),$);
#2840=TESSELLATED_SHELL('BRY__A1 ',(#2591),$);
#2841=TESSELLATED_SHELL('BRY__A1 ',(#2592),$);
#2842=TESSELLATED_SHELL('BRY__A1 ',(#2593),$);
#2843=TESSELLATED_SHELL('BRY__A1 ',(#2594),$);
#2844=TESSELLATED_SHELL('BRY__A1 ',(#2595),$);
#2845=TESSELLATED_SHELL('BRY__A1 ',(#2596),$);
#2846=TESSELLATED_SHELL('BRY__A1 ',(#2597),$);
#2847=TESSELLATED_SHELL('PARTBODY',(#2598),$);
#2848=TESSELLATED_SHELL('BRY__A1 ',(#2599),$);
#2849=TESSELLATED_SHELL('BRY__A1 ',(#2600),$);
#2850=TESSELLATED_SHELL('BRY__A1 ',(#2601),$);
#2851=TESSELLATED_SHELL('BRY__A1 ',(#2602),$);
#2852=TESSELLATED_SHELL('BRY__A1 ',(#2603),$);
#2853=TESSELLATED_SHELL('BRY__A1 ',(#2604),$);
#2854=TESSELLATED_SHELL('BRY__A1 ',(#2605),$);
#2855=TESSELLATED_SHELL('BRY__A1 ',(#2606),$);
#2856=TESSELLATED_SHELL('BRY__A1 ',(#2607),$);
#2857=TESSELLATED_SHELL('BRY__A1 ',(#2608),$);
#2858=TESSELLATED_SHELL('BRY__A1 ',(#2609),$);
#2859=TESSELLATED_SHELL('BRY__A1 ',(#2610),$);
#2860=TESSELLATED_SHELL('PARTBODY',(#2611),$);
#2861=TESSELLATED_SHELL('BRY__A1 ',(#2612),$);
#2862=TESSELLATED_SHELL('BRY__A1 ',(#2613),$);
#2863=TESSELLATED_SHELL('BRY__A1 ',(#2614),$);
#2864=TESSELLATED_SHELL('BRY__A1 ',(#2615),$);
#2865=TESSELLATED_SHELL('BRY__A1 ',(#2616),$);
#2866=TESSELLATED_SHELL('BRY__A1 ',(#2617),$);
#2867=TESSELLATED_SHELL('BRY__A1 ',(#2618),$);
#2868=TESSELLATED_SHELL('BRY__A1 ',(#2619),$);
#2869=TESSELLATED_SHELL('PARTBODY',(#2620),$);
#2870=TESSELLATED_SHELL('PARTBODY',(#2621),$);
#2871=TESSELLATED_SHELL('PARTBODY',(#2622),$);
#2872=TESSELLATED_SHELL('BRY__A1 ',(#2623),$);
#2873=TESSELLATED_SHELL('BRY__A1 ',(#2624),$);
#2874=SHAPE_ASPECT('','Solid',#7318,.F.);
#2875=SHAPE_ASPECT('','Solid',#7318,.F.);
#2876=SHAPE_ASPECT('','Solid',#7318,.F.);
#2877=SHAPE_ASPECT('','Solid',#7318,.F.);
#2878=SHAPE_ASPECT('','Solid',#7318,.F.);
#2879=SHAPE_ASPECT('','Solid',#7318,.F.);
#2880=SHAPE_ASPECT('','Solid',#7318,.F.);
#2881=SHAPE_ASPECT('','Solid',#7318,.F.);
#2882=SHAPE_ASPECT('','Solid',#7318,.F.);
#2883=SHAPE_ASPECT('','Solid',#7318,.F.);
#2884=SHAPE_ASPECT('','Solid',#7318,.F.);
#2885=SHAPE_ASPECT('','Solid',#7318,.F.);
#2886=SHAPE_ASPECT('','Solid',#7318,.F.);
#2887=SHAPE_ASPECT('','Solid',#7318,.F.);
#2888=SHAPE_ASPECT('','Solid',#7318,.F.);
#2889=SHAPE_ASPECT('','Solid',#7318,.F.);
#2890=SHAPE_ASPECT('','Solid',#7318,.F.);
#2891=SHAPE_ASPECT('','Solid',#7318,.F.);
#2892=SHAPE_ASPECT('','Solid',#7318,.F.);
#2893=SHAPE_ASPECT('','Solid',#7318,.F.);
#2894=SHAPE_ASPECT('','Solid',#7318,.F.);
#2895=SHAPE_ASPECT('','Solid',#7318,.F.);
#2896=SHAPE_ASPECT('','Solid',#7318,.F.);
#2897=SHAPE_ASPECT('','Solid',#7318,.F.);
#2898=SHAPE_ASPECT('','Solid',#7318,.F.);
#2899=SHAPE_ASPECT('','Solid',#7318,.F.);
#2900=SHAPE_ASPECT('','Solid',#7318,.F.);
#2901=SHAPE_ASPECT('','Solid',#7318,.F.);
#2902=SHAPE_ASPECT('','Solid',#7318,.F.);
#2903=SHAPE_ASPECT('','Solid',#7318,.F.);
#2904=SHAPE_ASPECT('','Solid',#7318,.F.);
#2905=SHAPE_ASPECT('','Solid',#7318,.F.);
#2906=SHAPE_ASPECT('','Solid',#7318,.F.);
#2907=SHAPE_ASPECT('','Solid',#7318,.F.);
#2908=SHAPE_ASPECT('','Solid',#7318,.F.);
#2909=SHAPE_ASPECT('','Solid',#7318,.F.);
#2910=SHAPE_ASPECT('','Solid',#7318,.F.);
#2911=SHAPE_ASPECT('','Solid',#7318,.F.);
#2912=SHAPE_ASPECT('','Solid',#7318,.F.);
#2913=SHAPE_ASPECT('','Solid',#7318,.F.);
#2914=SHAPE_ASPECT('','Solid',#7318,.F.);
#2915=SHAPE_ASPECT('','Solid',#7318,.F.);
#2916=SHAPE_ASPECT('','Solid',#7318,.F.);
#2917=SHAPE_ASPECT('','Solid',#7318,.F.);
#2918=SHAPE_ASPECT('','Solid',#7318,.F.);
#2919=SHAPE_ASPECT('','Solid',#7318,.F.);
#2920=SHAPE_ASPECT('','Solid',#7318,.F.);
#2921=SHAPE_ASPECT('','Solid',#7318,.F.);
#2922=SHAPE_ASPECT('','Solid',#7318,.F.);
#2923=SHAPE_ASPECT('','Solid',#7318,.F.);
#2924=SHAPE_ASPECT('','Solid',#7318,.F.);
#2925=SHAPE_ASPECT('','Solid',#7318,.F.);
#2926=SHAPE_ASPECT('','Solid',#7318,.F.);
#2927=SHAPE_ASPECT('','Solid',#7318,.F.);
#2928=SHAPE_ASPECT('','Solid',#7318,.F.);
#2929=SHAPE_ASPECT('','Solid',#7318,.F.);
#2930=SHAPE_ASPECT('','Solid',#7318,.F.);
#2931=SHAPE_ASPECT('','Solid',#7318,.F.);
#2932=SHAPE_ASPECT('','Solid',#7318,.F.);
#2933=SHAPE_ASPECT('','Solid',#7318,.F.);
#2934=SHAPE_ASPECT('','Solid',#7318,.F.);
#2935=SHAPE_ASPECT('','Solid',#7318,.F.);
#2936=SHAPE_ASPECT('','Solid',#7318,.F.);
#2937=SHAPE_ASPECT('','Solid',#7318,.F.);
#2938=SHAPE_ASPECT('','Solid',#7318,.F.);
#2939=SHAPE_ASPECT('','Solid',#7318,.F.);
#2940=SHAPE_ASPECT('','Solid',#7318,.F.);
#2941=SHAPE_ASPECT('','Solid',#7318,.F.);
#2942=SHAPE_ASPECT('','Solid',#7318,.F.);
#2943=SHAPE_ASPECT('','Solid',#7318,.F.);
#2944=SHAPE_ASPECT('','Solid',#7318,.F.);
#2945=SHAPE_ASPECT('','Solid',#7318,.F.);
#2946=SHAPE_ASPECT('','Solid',#7318,.F.);
#2947=SHAPE_ASPECT('','Solid',#7318,.F.);
#2948=SHAPE_ASPECT('','Solid',#7318,.F.);
#2949=SHAPE_ASPECT('','Solid',#7318,.F.);
#2950=SHAPE_ASPECT('','Solid',#7318,.F.);
#2951=SHAPE_ASPECT('','Solid',#7318,.F.);
#2952=SHAPE_ASPECT('','Solid',#7318,.F.);
#2953=SHAPE_ASPECT('','Solid',#7318,.F.);
#2954=SHAPE_ASPECT('','Solid',#7318,.F.);
#2955=SHAPE_ASPECT('','Solid',#7318,.F.);
#2956=SHAPE_ASPECT('','Solid',#7318,.F.);
#2957=SHAPE_ASPECT('','Solid',#7318,.F.);
#2958=SHAPE_ASPECT('','Solid',#7318,.F.);
#2959=SHAPE_ASPECT('','Solid',#7318,.F.);
#2960=SHAPE_ASPECT('','Solid',#7318,.F.);
#2961=SHAPE_ASPECT('','Solid',#7318,.F.);
#2962=SHAPE_ASPECT('','Solid',#7318,.F.);
#2963=SHAPE_ASPECT('','Solid',#7318,.F.);
#2964=SHAPE_ASPECT('','Solid',#7318,.F.);
#2965=SHAPE_ASPECT('','Solid',#7318,.F.);
#2966=SHAPE_ASPECT('','Solid',#7318,.F.);
#2967=SHAPE_ASPECT('','Solid',#7318,.F.);
#2968=SHAPE_ASPECT('','Solid',#7318,.F.);
#2969=SHAPE_ASPECT('','Solid',#7318,.F.);
#2970=SHAPE_ASPECT('','Solid',#7318,.F.);
#2971=SHAPE_ASPECT('','Solid',#7318,.F.);
#2972=SHAPE_ASPECT('','Solid',#7318,.F.);
#2973=SHAPE_ASPECT('','Solid',#7318,.F.);
#2974=SHAPE_ASPECT('','Solid',#7318,.F.);
#2975=SHAPE_ASPECT('','Solid',#7318,.F.);
#2976=SHAPE_ASPECT('','Solid',#7318,.F.);
#2977=SHAPE_ASPECT('','Solid',#7318,.F.);
#2978=SHAPE_ASPECT('','Solid',#7318,.F.);
#2979=SHAPE_ASPECT('','Solid',#7318,.F.);
#2980=SHAPE_ASPECT('','Solid',#7318,.F.);
#2981=SHAPE_ASPECT('','Solid',#7318,.F.);
#2982=SHAPE_ASPECT('','Solid',#7318,.F.);
#2983=SHAPE_ASPECT('','Solid',#7318,.F.);
#2984=SHAPE_ASPECT('','Solid',#7318,.F.);
#2985=SHAPE_ASPECT('','Solid',#7318,.F.);
#2986=SHAPE_ASPECT('','Solid',#7318,.F.);
#2987=SHAPE_ASPECT('','Solid',#7318,.F.);
#2988=SHAPE_ASPECT('','Solid',#7318,.F.);
#2989=SHAPE_ASPECT('','Solid',#7318,.F.);
#2990=SHAPE_ASPECT('','Solid',#7318,.F.);
#2991=SHAPE_ASPECT('','Solid',#7318,.F.);
#2992=SHAPE_ASPECT('','Solid',#7318,.F.);
#2993=SHAPE_ASPECT('','Solid',#7318,.F.);
#2994=SHAPE_ASPECT('','Solid',#7318,.F.);
#2995=SHAPE_ASPECT('','Solid',#7318,.F.);
#2996=SHAPE_ASPECT('','Solid',#7318,.F.);
#2997=SHAPE_ASPECT('','Solid',#7318,.F.);
#2998=SHAPE_ASPECT('','Solid',#7318,.F.);
#2999=SHAPE_ASPECT('','Solid',#7318,.F.);
#3000=SHAPE_ASPECT('','Solid',#7318,.F.);
#3001=SHAPE_ASPECT('','Solid',#7318,.F.);
#3002=SHAPE_ASPECT('','Solid',#7318,.F.);
#3003=SHAPE_ASPECT('','Solid',#7318,.F.);
#3004=SHAPE_ASPECT('','Solid',#7318,.F.);
#3005=SHAPE_ASPECT('','Solid',#7318,.F.);
#3006=SHAPE_ASPECT('','Solid',#7318,.F.);
#3007=SHAPE_ASPECT('','Solid',#7318,.F.);
#3008=SHAPE_ASPECT('','Solid',#7318,.F.);
#3009=SHAPE_ASPECT('','Solid',#7318,.F.);
#3010=SHAPE_ASPECT('','Solid',#7318,.F.);
#3011=SHAPE_ASPECT('','Solid',#7318,.F.);
#3012=SHAPE_ASPECT('','Solid',#7318,.F.);
#3013=SHAPE_ASPECT('','Solid',#7318,.F.);
#3014=SHAPE_ASPECT('','Solid',#7318,.F.);
#3015=SHAPE_ASPECT('','Solid',#7318,.F.);
#3016=SHAPE_ASPECT('','Solid',#7318,.F.);
#3017=SHAPE_ASPECT('','Solid',#7318,.F.);
#3018=SHAPE_ASPECT('','Solid',#7318,.F.);
#3019=SHAPE_ASPECT('','Solid',#7318,.F.);
#3020=SHAPE_ASPECT('','Solid',#7318,.F.);
#3021=SHAPE_ASPECT('','Solid',#7318,.F.);
#3022=SHAPE_ASPECT('','Solid',#7318,.F.);
#3023=SHAPE_ASPECT('','Solid',#7318,.F.);
#3024=SHAPE_ASPECT('','Solid',#7318,.F.);
#3025=SHAPE_ASPECT('','Solid',#7318,.F.);
#3026=SHAPE_ASPECT('','Solid',#7318,.F.);
#3027=SHAPE_ASPECT('','Solid',#7318,.F.);
#3028=SHAPE_ASPECT('','Solid',#7318,.F.);
#3029=SHAPE_ASPECT('','Solid',#7318,.F.);
#3030=SHAPE_ASPECT('','Solid',#7318,.F.);
#3031=SHAPE_ASPECT('','Solid',#7318,.F.);
#3032=SHAPE_ASPECT('','Solid',#7318,.F.);
#3033=SHAPE_ASPECT('','Solid',#7318,.F.);
#3034=SHAPE_ASPECT('','Solid',#7318,.F.);
#3035=SHAPE_ASPECT('','Solid',#7318,.F.);
#3036=SHAPE_ASPECT('','Solid',#7318,.F.);
#3037=SHAPE_ASPECT('','Solid',#7318,.F.);
#3038=SHAPE_ASPECT('','Solid',#7318,.F.);
#3039=SHAPE_ASPECT('','Solid',#7318,.F.);
#3040=SHAPE_ASPECT('','Solid',#7318,.F.);
#3041=SHAPE_ASPECT('','Solid',#7318,.F.);
#3042=SHAPE_ASPECT('','Solid',#7318,.F.);
#3043=SHAPE_ASPECT('','Solid',#7318,.F.);
#3044=SHAPE_ASPECT('','Solid',#7318,.F.);
#3045=SHAPE_ASPECT('','Solid',#7318,.F.);
#3046=SHAPE_ASPECT('','Solid',#7318,.F.);
#3047=SHAPE_ASPECT('','Solid',#7318,.F.);
#3048=SHAPE_ASPECT('','Solid',#7318,.F.);
#3049=SHAPE_ASPECT('','Solid',#7318,.F.);
#3050=SHAPE_ASPECT('','Solid',#7318,.F.);
#3051=SHAPE_ASPECT('','Solid',#7318,.F.);
#3052=SHAPE_ASPECT('','Solid',#7318,.F.);
#3053=SHAPE_ASPECT('','Solid',#7318,.F.);
#3054=SHAPE_ASPECT('','Solid',#7318,.F.);
#3055=SHAPE_ASPECT('','Solid',#7318,.F.);
#3056=SHAPE_ASPECT('','Solid',#7318,.F.);
#3057=SHAPE_ASPECT('','Solid',#7318,.F.);
#3058=SHAPE_ASPECT('','Solid',#7318,.F.);
#3059=SHAPE_ASPECT('','Solid',#7318,.F.);
#3060=SHAPE_ASPECT('','Solid',#7318,.F.);
#3061=SHAPE_ASPECT('','Solid',#7318,.F.);
#3062=SHAPE_ASPECT('','Solid',#7318,.F.);
#3063=SHAPE_ASPECT('','Solid',#7318,.F.);
#3064=SHAPE_ASPECT('','Solid',#7318,.F.);
#3065=SHAPE_ASPECT('','Solid',#7318,.F.);
#3066=SHAPE_ASPECT('','Solid',#7318,.F.);
#3067=SHAPE_ASPECT('','Solid',#7318,.F.);
#3068=SHAPE_ASPECT('','Solid',#7318,.F.);
#3069=SHAPE_ASPECT('','Solid',#7318,.F.);
#3070=SHAPE_ASPECT('','Solid',#7318,.F.);
#3071=SHAPE_ASPECT('','Solid',#7318,.F.);
#3072=SHAPE_ASPECT('','Solid',#7318,.F.);
#3073=SHAPE_ASPECT('','Solid',#7318,.F.);
#3074=SHAPE_ASPECT('','Solid',#7318,.F.);
#3075=SHAPE_ASPECT('','Solid',#7318,.F.);
#3076=SHAPE_ASPECT('','Solid',#7318,.F.);
#3077=SHAPE_ASPECT('','Solid',#7318,.F.);
#3078=SHAPE_ASPECT('','Solid',#7318,.F.);
#3079=SHAPE_ASPECT('','Solid',#7318,.F.);
#3080=SHAPE_ASPECT('','Solid',#7318,.F.);
#3081=SHAPE_ASPECT('','Solid',#7318,.F.);
#3082=SHAPE_ASPECT('','Solid',#7318,.F.);
#3083=SHAPE_ASPECT('','Solid',#7318,.F.);
#3084=SHAPE_ASPECT('','Solid',#7318,.F.);
#3085=SHAPE_ASPECT('','Solid',#7318,.F.);
#3086=SHAPE_ASPECT('','Solid',#7318,.F.);
#3087=SHAPE_ASPECT('','Solid',#7318,.F.);
#3088=SHAPE_ASPECT('','Solid',#7318,.F.);
#3089=SHAPE_ASPECT('','Solid',#7318,.F.);
#3090=SHAPE_ASPECT('','Solid',#7318,.F.);
#3091=SHAPE_ASPECT('','Solid',#7318,.F.);
#3092=SHAPE_ASPECT('','Solid',#7318,.F.);
#3093=SHAPE_ASPECT('','Solid',#7318,.F.);
#3094=SHAPE_ASPECT('','Solid',#7318,.F.);
#3095=SHAPE_ASPECT('','Solid',#7318,.F.);
#3096=SHAPE_ASPECT('','Solid',#7318,.F.);
#3097=SHAPE_ASPECT('','Solid',#7318,.F.);
#3098=SHAPE_ASPECT('','Solid',#7318,.F.);
#3099=SHAPE_ASPECT('','Solid',#7318,.F.);
#3100=SHAPE_ASPECT('','Solid',#7318,.F.);
#3101=SHAPE_ASPECT('','Solid',#7318,.F.);
#3102=SHAPE_ASPECT('','Solid',#7318,.F.);
#3103=SHAPE_ASPECT('','Solid',#7318,.F.);
#3104=SHAPE_ASPECT('','Solid',#7318,.F.);
#3105=SHAPE_ASPECT('','Solid',#7318,.F.);
#3106=SHAPE_ASPECT('','Solid',#7318,.F.);
#3107=SHAPE_ASPECT('','Solid',#7318,.F.);
#3108=SHAPE_ASPECT('','Solid',#7318,.F.);
#3109=SHAPE_ASPECT('','Solid',#7318,.F.);
#3110=SHAPE_ASPECT('','Solid',#7318,.F.);
#3111=SHAPE_ASPECT('','Solid',#7318,.F.);
#3112=SHAPE_ASPECT('','Solid',#7318,.F.);
#3113=SHAPE_ASPECT('','Solid',#7318,.F.);
#3114=SHAPE_ASPECT('','Solid',#7318,.F.);
#3115=SHAPE_ASPECT('','Solid',#7318,.F.);
#3116=SHAPE_ASPECT('','Solid',#7318,.F.);
#3117=SHAPE_ASPECT('','Solid',#7318,.F.);
#3118=SHAPE_ASPECT('','Solid',#7318,.F.);
#3119=SHAPE_ASPECT('','Solid',#7318,.F.);
#3120=SHAPE_ASPECT('','Solid',#7318,.F.);
#3121=SHAPE_ASPECT('','Solid',#7318,.F.);
#3122=SHAPE_ASPECT('','Solid',#7318,.F.);
#3123=SHAPE_ASPECT('','Solid',#7318,.F.);
#3124=SHAPE_ASPECT('','Solid',#7318,.F.);
#3125=SHAPE_ASPECT('','Solid',#7318,.F.);
#3126=SHAPE_ASPECT('','Solid',#7318,.F.);
#3127=SHAPE_ASPECT('','Solid',#7318,.F.);
#3128=SHAPE_ASPECT('','Solid',#7318,.F.);
#3129=SHAPE_ASPECT('','Solid',#7318,.F.);
#3130=SHAPE_ASPECT('','Solid',#7318,.F.);
#3131=SHAPE_ASPECT('','Solid',#7318,.F.);
#3132=SHAPE_ASPECT('','Solid',#7318,.F.);
#3133=SHAPE_ASPECT('','Solid',#7318,.F.);
#3134=SHAPE_ASPECT('','Solid',#7318,.F.);
#3135=SHAPE_ASPECT('','Solid',#7318,.F.);
#3136=SHAPE_ASPECT('','Solid',#7318,.F.);
#3137=SHAPE_ASPECT('','Solid',#7318,.F.);
#3138=SHAPE_ASPECT('','Solid',#7318,.F.);
#3139=SHAPE_ASPECT('','Solid',#7318,.F.);
#3140=SHAPE_ASPECT('','Solid',#7318,.F.);
#3141=SHAPE_ASPECT('','Solid',#7318,.F.);
#3142=SHAPE_ASPECT('','Solid',#7318,.F.);
#3143=SHAPE_ASPECT('','Solid',#7318,.F.);
#3144=SHAPE_ASPECT('','Solid',#7318,.F.);
#3145=SHAPE_ASPECT('','Solid',#7318,.F.);
#3146=SHAPE_ASPECT('','Solid',#7318,.F.);
#3147=SHAPE_ASPECT('','Solid',#7318,.F.);
#3148=SHAPE_ASPECT('','Solid',#7318,.F.);
#3149=SHAPE_ASPECT('','Solid',#7318,.F.);
#3150=SHAPE_ASPECT('','Solid',#7318,.F.);
#3151=SHAPE_ASPECT('','Solid',#7318,.F.);
#3152=SHAPE_ASPECT('','Solid',#7318,.F.);
#3153=SHAPE_ASPECT('','Solid',#7318,.F.);
#3154=SHAPE_ASPECT('','Solid',#7318,.F.);
#3155=SHAPE_ASPECT('','Solid',#7318,.F.);
#3156=SHAPE_ASPECT('','Solid',#7318,.F.);
#3157=SHAPE_ASPECT('','Solid',#7318,.F.);
#3158=SHAPE_ASPECT('','Solid',#7318,.F.);
#3159=SHAPE_ASPECT('','Solid',#7318,.F.);
#3160=SHAPE_ASPECT('','Solid',#7318,.F.);
#3161=SHAPE_ASPECT('','Solid',#7318,.F.);
#3162=SHAPE_ASPECT('','Solid',#7318,.F.);
#3163=SHAPE_ASPECT('','Solid',#7318,.F.);
#3164=SHAPE_ASPECT('','Solid',#7318,.F.);
#3165=SHAPE_ASPECT('','Solid',#7318,.F.);
#3166=SHAPE_ASPECT('','Solid',#7318,.F.);
#3167=SHAPE_ASPECT('','Solid',#7318,.F.);
#3168=SHAPE_ASPECT('','Solid',#7318,.F.);
#3169=SHAPE_ASPECT('','Solid',#7318,.F.);
#3170=SHAPE_ASPECT('','Solid',#7318,.F.);
#3171=SHAPE_ASPECT('','Solid',#7318,.F.);
#3172=SHAPE_ASPECT('','Solid',#7318,.F.);
#3173=SHAPE_ASPECT('','Solid',#7318,.F.);
#3174=SHAPE_ASPECT('','Solid',#7318,.F.);
#3175=SHAPE_ASPECT('','Solid',#7318,.F.);
#3176=SHAPE_ASPECT('','Solid',#7318,.F.);
#3177=SHAPE_ASPECT('','Solid',#7318,.F.);
#3178=SHAPE_ASPECT('','Solid',#7318,.F.);
#3179=SHAPE_ASPECT('','Solid',#7318,.F.);
#3180=SHAPE_ASPECT('','Solid',#7318,.F.);
#3181=SHAPE_ASPECT('','Solid',#7318,.F.);
#3182=SHAPE_ASPECT('','Solid',#7318,.F.);
#3183=SHAPE_ASPECT('','Solid',#7318,.F.);
#3184=SHAPE_ASPECT('','Solid',#7318,.F.);
#3185=SHAPE_ASPECT('','Solid',#7318,.F.);
#3186=SHAPE_ASPECT('','Solid',#7318,.F.);
#3187=SHAPE_ASPECT('','Solid',#7318,.F.);
#3188=SHAPE_ASPECT('','Solid',#7318,.F.);
#3189=SHAPE_ASPECT('','Solid',#7318,.F.);
#3190=SHAPE_ASPECT('','Solid',#7318,.F.);
#3191=SHAPE_ASPECT('','Solid',#7318,.F.);
#3192=SHAPE_ASPECT('','Solid',#7318,.F.);
#3193=SHAPE_ASPECT('','Solid',#7318,.F.);
#3194=SHAPE_ASPECT('','Solid',#7318,.F.);
#3195=SHAPE_ASPECT('','Solid',#7318,.F.);
#3196=SHAPE_ASPECT('','Solid',#7318,.F.);
#3197=SHAPE_ASPECT('','Solid',#7318,.F.);
#3198=SHAPE_ASPECT('','Solid',#7318,.F.);
#3199=SHAPE_ASPECT('','Solid',#7318,.F.);
#3200=SHAPE_ASPECT('','Solid',#7318,.F.);
#3201=SHAPE_ASPECT('','Solid',#7318,.F.);
#3202=SHAPE_ASPECT('','Solid',#7318,.F.);
#3203=SHAPE_ASPECT('','Solid',#7318,.F.);
#3204=SHAPE_ASPECT('','Solid',#7318,.F.);
#3205=SHAPE_ASPECT('','Solid',#7318,.F.);
#3206=SHAPE_ASPECT('','Solid',#7318,.F.);
#3207=SHAPE_ASPECT('','Solid',#7318,.F.);
#3208=SHAPE_ASPECT('','Solid',#7318,.F.);
#3209=SHAPE_ASPECT('','Solid',#7318,.F.);
#3210=SHAPE_ASPECT('','Solid',#7318,.F.);
#3211=SHAPE_ASPECT('','Solid',#7318,.F.);
#3212=SHAPE_ASPECT('','Solid',#7318,.F.);
#3213=SHAPE_ASPECT('','Solid',#7318,.F.);
#3214=SHAPE_ASPECT('','Solid',#7318,.F.);
#3215=SHAPE_ASPECT('','Solid',#7318,.F.);
#3216=SHAPE_ASPECT('','Solid',#7318,.F.);
#3217=SHAPE_ASPECT('','Solid',#7318,.F.);
#3218=SHAPE_ASPECT('','Solid',#7318,.F.);
#3219=SHAPE_ASPECT('','Solid',#7318,.F.);
#3220=SHAPE_ASPECT('','Solid',#7318,.F.);
#3221=SHAPE_ASPECT('','Solid',#7318,.F.);
#3222=SHAPE_ASPECT('','Solid',#7318,.F.);
#3223=SHAPE_ASPECT('','Solid',#7318,.F.);
#3224=SHAPE_ASPECT('','Solid',#7318,.F.);
#3225=SHAPE_ASPECT('','Solid',#7318,.F.);
#3226=SHAPE_ASPECT('','Solid',#7318,.F.);
#3227=SHAPE_ASPECT('','Solid',#7318,.F.);
#3228=SHAPE_ASPECT('','Solid',#7318,.F.);
#3229=SHAPE_ASPECT('','Solid',#7318,.F.);
#3230=SHAPE_ASPECT('','Solid',#7318,.F.);
#3231=SHAPE_ASPECT('','Solid',#7318,.F.);
#3232=SHAPE_ASPECT('','Solid',#7318,.F.);
#3233=SHAPE_ASPECT('','Solid',#7318,.F.);
#3234=SHAPE_ASPECT('','Solid',#7318,.F.);
#3235=SHAPE_ASPECT('','Solid',#7318,.F.);
#3236=SHAPE_ASPECT('','Solid',#7318,.F.);
#3237=SHAPE_ASPECT('','Solid',#7318,.F.);
#3238=SHAPE_ASPECT('','Solid',#7318,.F.);
#3239=SHAPE_ASPECT('','Solid',#7318,.F.);
#3240=SHAPE_ASPECT('','Solid',#7318,.F.);
#3241=SHAPE_ASPECT('','Solid',#7318,.F.);
#3242=SHAPE_ASPECT('','Solid',#7318,.F.);
#3243=SHAPE_ASPECT('','Solid',#7318,.F.);
#3244=SHAPE_ASPECT('','Solid',#7318,.F.);
#3245=SHAPE_ASPECT('','Solid',#7318,.F.);
#3246=SHAPE_ASPECT('','Solid',#7318,.F.);
#3247=SHAPE_ASPECT('','Solid',#7318,.F.);
#3248=SHAPE_ASPECT('','Solid',#7318,.F.);
#3249=SHAPE_ASPECT('','Solid',#7318,.F.);
#3250=SHAPE_ASPECT('','Solid',#7318,.F.);
#3251=SHAPE_ASPECT('','Solid',#7318,.F.);
#3252=SHAPE_ASPECT('','Solid',#7318,.F.);
#3253=SHAPE_ASPECT('','Solid',#7318,.F.);
#3254=SHAPE_ASPECT('','Solid',#7318,.F.);
#3255=SHAPE_ASPECT('','Solid',#7318,.F.);
#3256=SHAPE_ASPECT('','Solid',#7318,.F.);
#3257=SHAPE_ASPECT('','Solid',#7318,.F.);
#3258=SHAPE_ASPECT('','Solid',#7318,.F.);
#3259=SHAPE_ASPECT('','Solid',#7318,.F.);
#3260=SHAPE_ASPECT('','Solid',#7318,.F.);
#3261=SHAPE_ASPECT('','Solid',#7318,.F.);
#3262=SHAPE_ASPECT('','Solid',#7318,.F.);
#3263=SHAPE_ASPECT('','Solid',#7318,.F.);
#3264=SHAPE_ASPECT('','Solid',#7318,.F.);
#3265=SHAPE_ASPECT('','Solid',#7318,.F.);
#3266=SHAPE_ASPECT('','Solid',#7318,.F.);
#3267=SHAPE_ASPECT('','Solid',#7318,.F.);
#3268=SHAPE_ASPECT('','Solid',#7318,.F.);
#3269=SHAPE_ASPECT('','Solid',#7318,.F.);
#3270=SHAPE_ASPECT('','Solid',#7318,.F.);
#3271=SHAPE_ASPECT('','Solid',#7318,.F.);
#3272=SHAPE_ASPECT('','Solid',#7318,.F.);
#3273=SHAPE_ASPECT('','Solid',#7318,.F.);
#3274=SHAPE_ASPECT('','Solid',#7318,.F.);
#3275=SHAPE_ASPECT('','Solid',#7318,.F.);
#3276=SHAPE_ASPECT('','Solid',#7318,.F.);
#3277=SHAPE_ASPECT('','Solid',#7318,.F.);
#3278=SHAPE_ASPECT('','Solid',#7318,.F.);
#3279=SHAPE_ASPECT('','Solid',#7318,.F.);
#3280=SHAPE_ASPECT('','Solid',#7318,.F.);
#3281=SHAPE_ASPECT('','Solid',#7318,.F.);
#3282=SHAPE_ASPECT('','Solid',#7318,.F.);
#3283=SHAPE_ASPECT('','Solid',#7318,.F.);
#3284=SHAPE_ASPECT('','Solid',#7318,.F.);
#3285=SHAPE_ASPECT('','Solid',#7318,.F.);
#3286=SHAPE_ASPECT('','Solid',#7318,.F.);
#3287=SHAPE_ASPECT('','Solid',#7318,.F.);
#3288=SHAPE_ASPECT('','Solid',#7318,.F.);
#3289=SHAPE_ASPECT('','Solid',#7318,.F.);
#3290=SHAPE_ASPECT('','Solid',#7318,.F.);
#3291=SHAPE_ASPECT('','Solid',#7318,.F.);
#3292=SHAPE_ASPECT('','Solid',#7318,.F.);
#3293=SHAPE_ASPECT('','Solid',#7318,.F.);
#3294=SHAPE_ASPECT('','Solid',#7318,.F.);
#3295=SHAPE_ASPECT('','Solid',#7318,.F.);
#3296=SHAPE_ASPECT('','Solid',#7318,.F.);
#3297=SHAPE_ASPECT('','Solid',#7318,.F.);
#3298=SHAPE_ASPECT('','Solid',#7318,.F.);
#3299=SHAPE_ASPECT('','Solid',#7318,.F.);
#3300=SHAPE_ASPECT('','Solid',#7318,.F.);
#3301=SHAPE_ASPECT('','Solid',#7318,.F.);
#3302=SHAPE_ASPECT('','Solid',#7318,.F.);
#3303=SHAPE_ASPECT('','Solid',#7318,.F.);
#3304=SHAPE_ASPECT('','Solid',#7318,.F.);
#3305=SHAPE_ASPECT('','Solid',#7318,.F.);
#3306=SHAPE_ASPECT('','Solid',#7318,.F.);
#3307=SHAPE_ASPECT('','Solid',#7318,.F.);
#3308=SHAPE_ASPECT('','Solid',#7318,.F.);
#3309=SHAPE_ASPECT('','Solid',#7318,.F.);
#3310=SHAPE_ASPECT('','Solid',#7318,.F.);
#3311=SHAPE_ASPECT('','Solid',#7318,.F.);
#3312=SHAPE_ASPECT('','Solid',#7318,.F.);
#3313=SHAPE_ASPECT('','Solid',#7318,.F.);
#3314=SHAPE_ASPECT('','Solid',#7318,.F.);
#3315=SHAPE_ASPECT('','Solid',#7318,.F.);
#3316=SHAPE_ASPECT('','Solid',#7318,.F.);
#3317=SHAPE_ASPECT('','Solid',#7318,.F.);
#3318=SHAPE_ASPECT('','Solid',#7318,.F.);
#3319=SHAPE_ASPECT('','Solid',#7318,.F.);
#3320=SHAPE_ASPECT('','Solid',#7318,.F.);
#3321=SHAPE_ASPECT('','Solid',#7318,.F.);
#3322=SHAPE_ASPECT('','Solid',#7318,.F.);
#3323=SHAPE_REPRESENTATION_RELATIONSHIP('','',#4933,#3772);
#3324=SHAPE_REPRESENTATION_RELATIONSHIP('','',#4933,#3773);
#3325=SHAPE_REPRESENTATION_RELATIONSHIP('','',#4933,#3774);
#3326=SHAPE_REPRESENTATION_RELATIONSHIP('','',#4933,#3775);
#3327=SHAPE_REPRESENTATION_RELATIONSHIP('','',#4933,#3776);
#3328=SHAPE_REPRESENTATION_RELATIONSHIP('','',#4933,#3777);
#3329=SHAPE_REPRESENTATION_RELATIONSHIP('','',#4933,#3778);
#3330=SHAPE_REPRESENTATION_RELATIONSHIP('','',#4933,#3779);
#3331=SHAPE_REPRESENTATION_RELATIONSHIP('','',#4933,#3780);
#3332=SHAPE_REPRESENTATION_RELATIONSHIP('','',#4933,#3781);
#3333=SHAPE_REPRESENTATION_RELATIONSHIP('','',#4933,#3782);
#3334=SHAPE_REPRESENTATION_RELATIONSHIP('','',#4933,#3783);
#3335=SHAPE_REPRESENTATION_RELATIONSHIP('','',#4933,#3784);
#3336=SHAPE_REPRESENTATION_RELATIONSHIP('','',#4933,#3785);
#3337=SHAPE_REPRESENTATION_RELATIONSHIP('','',#4933,#3786);
#3338=SHAPE_REPRESENTATION_RELATIONSHIP('','',#4933,#3787);
#3339=SHAPE_REPRESENTATION_RELATIONSHIP('','',#4933,#3788);
#3340=SHAPE_REPRESENTATION_RELATIONSHIP('','',#4933,#3789);
#3341=SHAPE_REPRESENTATION_RELATIONSHIP('','',#4933,#3790);
#3342=SHAPE_REPRESENTATION_RELATIONSHIP('','',#4933,#3791);
#3343=SHAPE_REPRESENTATION_RELATIONSHIP('','',#4933,#3792);
#3344=SHAPE_REPRESENTATION_RELATIONSHIP('','',#4933,#3793);
#3345=SHAPE_REPRESENTATION_RELATIONSHIP('','',#4933,#3794);
#3346=SHAPE_REPRESENTATION_RELATIONSHIP('','',#4933,#3795);
#3347=SHAPE_REPRESENTATION_RELATIONSHIP('','',#4933,#3796);
#3348=SHAPE_REPRESENTATION_RELATIONSHIP('','',#4933,#3797);
#3349=SHAPE_REPRESENTATION_RELATIONSHIP('','',#4933,#3798);
#3350=SHAPE_REPRESENTATION_RELATIONSHIP('','',#4933,#3799);
#3351=SHAPE_REPRESENTATION_RELATIONSHIP('','',#4933,#3800);
#3352=SHAPE_REPRESENTATION_RELATIONSHIP('','',#4933,#3801);
#3353=SHAPE_REPRESENTATION_RELATIONSHIP('','',#4933,#3802);
#3354=SHAPE_REPRESENTATION_RELATIONSHIP('','',#4933,#3803);
#3355=SHAPE_REPRESENTATION_RELATIONSHIP('','',#4933,#3804);
#3356=SHAPE_REPRESENTATION_RELATIONSHIP('','',#4933,#3805);
#3357=SHAPE_REPRESENTATION_RELATIONSHIP('','',#4933,#3806);
#3358=SHAPE_REPRESENTATION_RELATIONSHIP('','',#4933,#3807);
#3359=SHAPE_REPRESENTATION_RELATIONSHIP('','',#4933,#3808);
#3360=SHAPE_REPRESENTATION_RELATIONSHIP('','',#4933,#3809);
#3361=SHAPE_REPRESENTATION_RELATIONSHIP('','',#4933,#3810);
#3362=SHAPE_REPRESENTATION_RELATIONSHIP('','',#4933,#3811);
#3363=SHAPE_REPRESENTATION_RELATIONSHIP('','',#4933,#3812);
#3364=SHAPE_REPRESENTATION_RELATIONSHIP('','',#4933,#3813);
#3365=SHAPE_REPRESENTATION_RELATIONSHIP('','',#4933,#3814);
#3366=SHAPE_REPRESENTATION_RELATIONSHIP('','',#4933,#3815);
#3367=SHAPE_REPRESENTATION_RELATIONSHIP('','',#4933,#3816);
#3368=SHAPE_REPRESENTATION_RELATIONSHIP('','',#4933,#3817);
#3369=SHAPE_REPRESENTATION_RELATIONSHIP('','',#4933,#3818);
#3370=SHAPE_REPRESENTATION_RELATIONSHIP('','',#4933,#3819);
#3371=SHAPE_REPRESENTATION_RELATIONSHIP('','',#4933,#3820);
#3372=SHAPE_REPRESENTATION_RELATIONSHIP('','',#4933,#3821);
#3373=SHAPE_REPRESENTATION_RELATIONSHIP('','',#4933,#3822);
#3374=SHAPE_REPRESENTATION_RELATIONSHIP('','',#4933,#3823);
#3375=SHAPE_REPRESENTATION_RELATIONSHIP('','',#4933,#3824);
#3376=SHAPE_REPRESENTATION_RELATIONSHIP('','',#4933,#3825);
#3377=SHAPE_REPRESENTATION_RELATIONSHIP('','',#4933,#3826);
#3378=SHAPE_REPRESENTATION_RELATIONSHIP('','',#4933,#3827);
#3379=SHAPE_REPRESENTATION_RELATIONSHIP('','',#4933,#3828);
#3380=SHAPE_REPRESENTATION_RELATIONSHIP('','',#4933,#3829);
#3381=SHAPE_REPRESENTATION_RELATIONSHIP('','',#4933,#3830);
#3382=SHAPE_REPRESENTATION_RELATIONSHIP('','',#4933,#3831);
#3383=SHAPE_REPRESENTATION_RELATIONSHIP('','',#4933,#3832);
#3384=SHAPE_REPRESENTATION_RELATIONSHIP('','',#4933,#3833);
#3385=SHAPE_REPRESENTATION_RELATIONSHIP('','',#4933,#3834);
#3386=SHAPE_REPRESENTATION_RELATIONSHIP('','',#4933,#3835);
#3387=SHAPE_REPRESENTATION_RELATIONSHIP('','',#4933,#3836);
#3388=SHAPE_REPRESENTATION_RELATIONSHIP('','',#4933,#3837);
#3389=SHAPE_REPRESENTATION_RELATIONSHIP('','',#4933,#3838);
#3390=SHAPE_REPRESENTATION_RELATIONSHIP('','',#4933,#3839);
#3391=SHAPE_REPRESENTATION_RELATIONSHIP('','',#4933,#3840);
#3392=SHAPE_REPRESENTATION_RELATIONSHIP('','',#4933,#3841);
#3393=SHAPE_REPRESENTATION_RELATIONSHIP('','',#4933,#3842);
#3394=SHAPE_REPRESENTATION_RELATIONSHIP('','',#4933,#3843);
#3395=SHAPE_REPRESENTATION_RELATIONSHIP('','',#4933,#3844);
#3396=SHAPE_REPRESENTATION_RELATIONSHIP('','',#4933,#3845);
#3397=SHAPE_REPRESENTATION_RELATIONSHIP('','',#4933,#3846);
#3398=SHAPE_REPRESENTATION_RELATIONSHIP('','',#4933,#3847);
#3399=SHAPE_REPRESENTATION_RELATIONSHIP('','',#4933,#3848);
#3400=SHAPE_REPRESENTATION_RELATIONSHIP('','',#4933,#3849);
#3401=SHAPE_REPRESENTATION_RELATIONSHIP('','',#4933,#3850);
#3402=SHAPE_REPRESENTATION_RELATIONSHIP('','',#4933,#3851);
#3403=SHAPE_REPRESENTATION_RELATIONSHIP('','',#4933,#3852);
#3404=SHAPE_REPRESENTATION_RELATIONSHIP('','',#4933,#3853);
#3405=SHAPE_REPRESENTATION_RELATIONSHIP('','',#4933,#3854);
#3406=SHAPE_REPRESENTATION_RELATIONSHIP('','',#4933,#3855);
#3407=SHAPE_REPRESENTATION_RELATIONSHIP('','',#4933,#3856);
#3408=SHAPE_REPRESENTATION_RELATIONSHIP('','',#4933,#3857);
#3409=SHAPE_REPRESENTATION_RELATIONSHIP('','',#4933,#3858);
#3410=SHAPE_REPRESENTATION_RELATIONSHIP('','',#4933,#3859);
#3411=SHAPE_REPRESENTATION_RELATIONSHIP('','',#4933,#3860);
#3412=SHAPE_REPRESENTATION_RELATIONSHIP('','',#4933,#3861);
#3413=SHAPE_REPRESENTATION_RELATIONSHIP('','',#4933,#3862);
#3414=SHAPE_REPRESENTATION_RELATIONSHIP('','',#4933,#3863);
#3415=SHAPE_REPRESENTATION_RELATIONSHIP('','',#4933,#3864);
#3416=SHAPE_REPRESENTATION_RELATIONSHIP('','',#4933,#3865);
#3417=SHAPE_REPRESENTATION_RELATIONSHIP('','',#4933,#3866);
#3418=SHAPE_REPRESENTATION_RELATIONSHIP('','',#4933,#3867);
#3419=SHAPE_REPRESENTATION_RELATIONSHIP('','',#4933,#3868);
#3420=SHAPE_REPRESENTATION_RELATIONSHIP('','',#4933,#3869);
#3421=SHAPE_REPRESENTATION_RELATIONSHIP('','',#4933,#3870);
#3422=SHAPE_REPRESENTATION_RELATIONSHIP('','',#4933,#3871);
#3423=SHAPE_REPRESENTATION_RELATIONSHIP('','',#4933,#3872);
#3424=SHAPE_REPRESENTATION_RELATIONSHIP('','',#4933,#3873);
#3425=SHAPE_REPRESENTATION_RELATIONSHIP('','',#4933,#3874);
#3426=SHAPE_REPRESENTATION_RELATIONSHIP('','',#4933,#3875);
#3427=SHAPE_REPRESENTATION_RELATIONSHIP('','',#4933,#3876);
#3428=SHAPE_REPRESENTATION_RELATIONSHIP('','',#4933,#3877);
#3429=SHAPE_REPRESENTATION_RELATIONSHIP('','',#4933,#3878);
#3430=SHAPE_REPRESENTATION_RELATIONSHIP('','',#4933,#3879);
#3431=SHAPE_REPRESENTATION_RELATIONSHIP('','',#4933,#3880);
#3432=SHAPE_REPRESENTATION_RELATIONSHIP('','',#4933,#3881);
#3433=SHAPE_REPRESENTATION_RELATIONSHIP('','',#4933,#3882);
#3434=SHAPE_REPRESENTATION_RELATIONSHIP('','',#4933,#3883);
#3435=SHAPE_REPRESENTATION_RELATIONSHIP('','',#4933,#3884);
#3436=SHAPE_REPRESENTATION_RELATIONSHIP('','',#4933,#3885);
#3437=SHAPE_REPRESENTATION_RELATIONSHIP('','',#4933,#3886);
#3438=SHAPE_REPRESENTATION_RELATIONSHIP('','',#4933,#3887);
#3439=SHAPE_REPRESENTATION_RELATIONSHIP('','',#4933,#3888);
#3440=SHAPE_REPRESENTATION_RELATIONSHIP('','',#4933,#3889);
#3441=SHAPE_REPRESENTATION_RELATIONSHIP('','',#4933,#3890);
#3442=SHAPE_REPRESENTATION_RELATIONSHIP('','',#4933,#3891);
#3443=SHAPE_REPRESENTATION_RELATIONSHIP('','',#4933,#3892);
#3444=SHAPE_REPRESENTATION_RELATIONSHIP('','',#4933,#3893);
#3445=SHAPE_REPRESENTATION_RELATIONSHIP('','',#4933,#3894);
#3446=SHAPE_REPRESENTATION_RELATIONSHIP('','',#4933,#3895);
#3447=SHAPE_REPRESENTATION_RELATIONSHIP('','',#4933,#3896);
#3448=SHAPE_REPRESENTATION_RELATIONSHIP('','',#4933,#3897);
#3449=SHAPE_REPRESENTATION_RELATIONSHIP('','',#4933,#3898);
#3450=SHAPE_REPRESENTATION_RELATIONSHIP('','',#4933,#3899);
#3451=SHAPE_REPRESENTATION_RELATIONSHIP('','',#4933,#3900);
#3452=SHAPE_REPRESENTATION_RELATIONSHIP('','',#4933,#3901);
#3453=SHAPE_REPRESENTATION_RELATIONSHIP('','',#4933,#3902);
#3454=SHAPE_REPRESENTATION_RELATIONSHIP('','',#4933,#3903);
#3455=SHAPE_REPRESENTATION_RELATIONSHIP('','',#4933,#3904);
#3456=SHAPE_REPRESENTATION_RELATIONSHIP('','',#4933,#3905);
#3457=SHAPE_REPRESENTATION_RELATIONSHIP('','',#4933,#3906);
#3458=SHAPE_REPRESENTATION_RELATIONSHIP('','',#4933,#3907);
#3459=SHAPE_REPRESENTATION_RELATIONSHIP('','',#4933,#3908);
#3460=SHAPE_REPRESENTATION_RELATIONSHIP('','',#4933,#3909);
#3461=SHAPE_REPRESENTATION_RELATIONSHIP('','',#4933,#3910);
#3462=SHAPE_REPRESENTATION_RELATIONSHIP('','',#4933,#3911);
#3463=SHAPE_REPRESENTATION_RELATIONSHIP('','',#4933,#3912);
#3464=SHAPE_REPRESENTATION_RELATIONSHIP('','',#4933,#3913);
#3465=SHAPE_REPRESENTATION_RELATIONSHIP('','',#4933,#3914);
#3466=SHAPE_REPRESENTATION_RELATIONSHIP('','',#4933,#3915);
#3467=SHAPE_REPRESENTATION_RELATIONSHIP('','',#4933,#3916);
#3468=SHAPE_REPRESENTATION_RELATIONSHIP('','',#4933,#3917);
#3469=SHAPE_REPRESENTATION_RELATIONSHIP('','',#4933,#3918);
#3470=SHAPE_REPRESENTATION_RELATIONSHIP('','',#4933,#3919);
#3471=SHAPE_REPRESENTATION_RELATIONSHIP('','',#4933,#3920);
#3472=SHAPE_REPRESENTATION_RELATIONSHIP('','',#4933,#3921);
#3473=SHAPE_REPRESENTATION_RELATIONSHIP('','',#4933,#3922);
#3474=SHAPE_REPRESENTATION_RELATIONSHIP('','',#4933,#3923);
#3475=SHAPE_REPRESENTATION_RELATIONSHIP('','',#4933,#3924);
#3476=SHAPE_REPRESENTATION_RELATIONSHIP('','',#4933,#3925);
#3477=SHAPE_REPRESENTATION_RELATIONSHIP('','',#4933,#3926);
#3478=SHAPE_REPRESENTATION_RELATIONSHIP('','',#4933,#3927);
#3479=SHAPE_REPRESENTATION_RELATIONSHIP('','',#4933,#3928);
#3480=SHAPE_REPRESENTATION_RELATIONSHIP('','',#4933,#3929);
#3481=SHAPE_REPRESENTATION_RELATIONSHIP('','',#4933,#3930);
#3482=SHAPE_REPRESENTATION_RELATIONSHIP('','',#4933,#3931);
#3483=SHAPE_REPRESENTATION_RELATIONSHIP('','',#4933,#3932);
#3484=SHAPE_REPRESENTATION_RELATIONSHIP('','',#4933,#3933);
#3485=SHAPE_REPRESENTATION_RELATIONSHIP('','',#4933,#3934);
#3486=SHAPE_REPRESENTATION_RELATIONSHIP('','',#4933,#3935);
#3487=SHAPE_REPRESENTATION_RELATIONSHIP('','',#4933,#3936);
#3488=SHAPE_REPRESENTATION_RELATIONSHIP('','',#4933,#3937);
#3489=SHAPE_REPRESENTATION_RELATIONSHIP('','',#4933,#3938);
#3490=SHAPE_REPRESENTATION_RELATIONSHIP('','',#4933,#3939);
#3491=SHAPE_REPRESENTATION_RELATIONSHIP('','',#4933,#3940);
#3492=SHAPE_REPRESENTATION_RELATIONSHIP('','',#4933,#3941);
#3493=SHAPE_REPRESENTATION_RELATIONSHIP('','',#4933,#3942);
#3494=SHAPE_REPRESENTATION_RELATIONSHIP('','',#4933,#3943);
#3495=SHAPE_REPRESENTATION_RELATIONSHIP('','',#4933,#3944);
#3496=SHAPE_REPRESENTATION_RELATIONSHIP('','',#4933,#3945);
#3497=SHAPE_REPRESENTATION_RELATIONSHIP('','',#4933,#3946);
#3498=SHAPE_REPRESENTATION_RELATIONSHIP('','',#4933,#3947);
#3499=SHAPE_REPRESENTATION_RELATIONSHIP('','',#4933,#3948);
#3500=SHAPE_REPRESENTATION_RELATIONSHIP('','',#4933,#3949);
#3501=SHAPE_REPRESENTATION_RELATIONSHIP('','',#4933,#3950);
#3502=SHAPE_REPRESENTATION_RELATIONSHIP('','',#4933,#3951);
#3503=SHAPE_REPRESENTATION_RELATIONSHIP('','',#4933,#3952);
#3504=SHAPE_REPRESENTATION_RELATIONSHIP('','',#4933,#3953);
#3505=SHAPE_REPRESENTATION_RELATIONSHIP('','',#4933,#3954);
#3506=SHAPE_REPRESENTATION_RELATIONSHIP('','',#4933,#3955);
#3507=SHAPE_REPRESENTATION_RELATIONSHIP('','',#4933,#3956);
#3508=SHAPE_REPRESENTATION_RELATIONSHIP('','',#4933,#3957);
#3509=SHAPE_REPRESENTATION_RELATIONSHIP('','',#4933,#3958);
#3510=SHAPE_REPRESENTATION_RELATIONSHIP('','',#4933,#3959);
#3511=SHAPE_REPRESENTATION_RELATIONSHIP('','',#4933,#3960);
#3512=SHAPE_REPRESENTATION_RELATIONSHIP('','',#4933,#3961);
#3513=SHAPE_REPRESENTATION_RELATIONSHIP('','',#4933,#3962);
#3514=SHAPE_REPRESENTATION_RELATIONSHIP('','',#4933,#3963);
#3515=SHAPE_REPRESENTATION_RELATIONSHIP('','',#4933,#3964);
#3516=SHAPE_REPRESENTATION_RELATIONSHIP('','',#4933,#3965);
#3517=SHAPE_REPRESENTATION_RELATIONSHIP('','',#4933,#3966);
#3518=SHAPE_REPRESENTATION_RELATIONSHIP('','',#4933,#3967);
#3519=SHAPE_REPRESENTATION_RELATIONSHIP('','',#4933,#3968);
#3520=SHAPE_REPRESENTATION_RELATIONSHIP('','',#4933,#3969);
#3521=SHAPE_REPRESENTATION_RELATIONSHIP('','',#4933,#3970);
#3522=SHAPE_REPRESENTATION_RELATIONSHIP('','',#4933,#3971);
#3523=SHAPE_REPRESENTATION_RELATIONSHIP('','',#4933,#3972);
#3524=SHAPE_REPRESENTATION_RELATIONSHIP('','',#4933,#3973);
#3525=SHAPE_REPRESENTATION_RELATIONSHIP('','',#4933,#3974);
#3526=SHAPE_REPRESENTATION_RELATIONSHIP('','',#4933,#3975);
#3527=SHAPE_REPRESENTATION_RELATIONSHIP('','',#4933,#3976);
#3528=SHAPE_REPRESENTATION_RELATIONSHIP('','',#4933,#3977);
#3529=SHAPE_REPRESENTATION_RELATIONSHIP('','',#4933,#3978);
#3530=SHAPE_REPRESENTATION_RELATIONSHIP('','',#4933,#3979);
#3531=SHAPE_REPRESENTATION_RELATIONSHIP('','',#4933,#3980);
#3532=SHAPE_REPRESENTATION_RELATIONSHIP('','',#4933,#3981);
#3533=SHAPE_REPRESENTATION_RELATIONSHIP('','',#4933,#3982);
#3534=SHAPE_REPRESENTATION_RELATIONSHIP('','',#4933,#3983);
#3535=SHAPE_REPRESENTATION_RELATIONSHIP('','',#4933,#3984);
#3536=SHAPE_REPRESENTATION_RELATIONSHIP('','',#4933,#3985);
#3537=SHAPE_REPRESENTATION_RELATIONSHIP('','',#4933,#3986);
#3538=SHAPE_REPRESENTATION_RELATIONSHIP('','',#4933,#3987);
#3539=SHAPE_REPRESENTATION_RELATIONSHIP('','',#4933,#3988);
#3540=SHAPE_REPRESENTATION_RELATIONSHIP('','',#4933,#3989);
#3541=SHAPE_REPRESENTATION_RELATIONSHIP('','',#4933,#3990);
#3542=SHAPE_REPRESENTATION_RELATIONSHIP('','',#4933,#3991);
#3543=SHAPE_REPRESENTATION_RELATIONSHIP('','',#4933,#3992);
#3544=SHAPE_REPRESENTATION_RELATIONSHIP('','',#4933,#3993);
#3545=SHAPE_REPRESENTATION_RELATIONSHIP('','',#4933,#3994);
#3546=SHAPE_REPRESENTATION_RELATIONSHIP('','',#4933,#3995);
#3547=SHAPE_REPRESENTATION_RELATIONSHIP('','',#4933,#3996);
#3548=SHAPE_REPRESENTATION_RELATIONSHIP('','',#4933,#3997);
#3549=SHAPE_REPRESENTATION_RELATIONSHIP('','',#4933,#3998);
#3550=SHAPE_REPRESENTATION_RELATIONSHIP('','',#4933,#3999);
#3551=SHAPE_REPRESENTATION_RELATIONSHIP('','',#4933,#4000);
#3552=SHAPE_REPRESENTATION_RELATIONSHIP('','',#4933,#4001);
#3553=SHAPE_REPRESENTATION_RELATIONSHIP('','',#4933,#4002);
#3554=SHAPE_REPRESENTATION_RELATIONSHIP('','',#4933,#4003);
#3555=SHAPE_REPRESENTATION_RELATIONSHIP('','',#4933,#4004);
#3556=SHAPE_REPRESENTATION_RELATIONSHIP('','',#4933,#4005);
#3557=SHAPE_REPRESENTATION_RELATIONSHIP('','',#4933,#4006);
#3558=SHAPE_REPRESENTATION_RELATIONSHIP('','',#4933,#4007);
#3559=SHAPE_REPRESENTATION_RELATIONSHIP('','',#4933,#4008);
#3560=SHAPE_REPRESENTATION_RELATIONSHIP('','',#4933,#4009);
#3561=SHAPE_REPRESENTATION_RELATIONSHIP('','',#4933,#4010);
#3562=SHAPE_REPRESENTATION_RELATIONSHIP('','',#4933,#4011);
#3563=SHAPE_REPRESENTATION_RELATIONSHIP('','',#4933,#4012);
#3564=SHAPE_REPRESENTATION_RELATIONSHIP('','',#4933,#4013);
#3565=SHAPE_REPRESENTATION_RELATIONSHIP('','',#4933,#4014);
#3566=SHAPE_REPRESENTATION_RELATIONSHIP('','',#4933,#4015);
#3567=SHAPE_REPRESENTATION_RELATIONSHIP('','',#4933,#4016);
#3568=SHAPE_REPRESENTATION_RELATIONSHIP('','',#4933,#4017);
#3569=SHAPE_REPRESENTATION_RELATIONSHIP('','',#4933,#4018);
#3570=SHAPE_REPRESENTATION_RELATIONSHIP('','',#4933,#4019);
#3571=SHAPE_REPRESENTATION_RELATIONSHIP('','',#4933,#4020);
#3572=SHAPE_REPRESENTATION_RELATIONSHIP('','',#4933,#4021);
#3573=SHAPE_REPRESENTATION_RELATIONSHIP('','',#4933,#4022);
#3574=SHAPE_REPRESENTATION_RELATIONSHIP('','',#4933,#4023);
#3575=SHAPE_REPRESENTATION_RELATIONSHIP('','',#4933,#4024);
#3576=SHAPE_REPRESENTATION_RELATIONSHIP('','',#4933,#4025);
#3577=SHAPE_REPRESENTATION_RELATIONSHIP('','',#4933,#4026);
#3578=SHAPE_REPRESENTATION_RELATIONSHIP('','',#4933,#4027);
#3579=SHAPE_REPRESENTATION_RELATIONSHIP('','',#4933,#4028);
#3580=SHAPE_REPRESENTATION_RELATIONSHIP('','',#4933,#4029);
#3581=SHAPE_REPRESENTATION_RELATIONSHIP('','',#4933,#4030);
#3582=SHAPE_REPRESENTATION_RELATIONSHIP('','',#4933,#4031);
#3583=SHAPE_REPRESENTATION_RELATIONSHIP('','',#4933,#4032);
#3584=SHAPE_REPRESENTATION_RELATIONSHIP('','',#4933,#4033);
#3585=SHAPE_REPRESENTATION_RELATIONSHIP('','',#4933,#4034);
#3586=SHAPE_REPRESENTATION_RELATIONSHIP('','',#4933,#4035);
#3587=SHAPE_REPRESENTATION_RELATIONSHIP('','',#4933,#4036);
#3588=SHAPE_REPRESENTATION_RELATIONSHIP('','',#4933,#4037);
#3589=SHAPE_REPRESENTATION_RELATIONSHIP('','',#4933,#4038);
#3590=SHAPE_REPRESENTATION_RELATIONSHIP('','',#4933,#4039);
#3591=SHAPE_REPRESENTATION_RELATIONSHIP('','',#4933,#4040);
#3592=SHAPE_REPRESENTATION_RELATIONSHIP('','',#4933,#4041);
#3593=SHAPE_REPRESENTATION_RELATIONSHIP('','',#4933,#4042);
#3594=SHAPE_REPRESENTATION_RELATIONSHIP('','',#4933,#4043);
#3595=SHAPE_REPRESENTATION_RELATIONSHIP('','',#4933,#4044);
#3596=SHAPE_REPRESENTATION_RELATIONSHIP('','',#4933,#4045);
#3597=SHAPE_REPRESENTATION_RELATIONSHIP('','',#4933,#4046);
#3598=SHAPE_REPRESENTATION_RELATIONSHIP('','',#4933,#4047);
#3599=SHAPE_REPRESENTATION_RELATIONSHIP('','',#4933,#4048);
#3600=SHAPE_REPRESENTATION_RELATIONSHIP('','',#4933,#4049);
#3601=SHAPE_REPRESENTATION_RELATIONSHIP('','',#4933,#4050);
#3602=SHAPE_REPRESENTATION_RELATIONSHIP('','',#4933,#4051);
#3603=SHAPE_REPRESENTATION_RELATIONSHIP('','',#4933,#4052);
#3604=SHAPE_REPRESENTATION_RELATIONSHIP('','',#4933,#4053);
#3605=SHAPE_REPRESENTATION_RELATIONSHIP('','',#4933,#4054);
#3606=SHAPE_REPRESENTATION_RELATIONSHIP('','',#4933,#4055);
#3607=SHAPE_REPRESENTATION_RELATIONSHIP('','',#4933,#4056);
#3608=SHAPE_REPRESENTATION_RELATIONSHIP('','',#4933,#4057);
#3609=SHAPE_REPRESENTATION_RELATIONSHIP('','',#4933,#4058);
#3610=SHAPE_REPRESENTATION_RELATIONSHIP('','',#4933,#4059);
#3611=SHAPE_REPRESENTATION_RELATIONSHIP('','',#4933,#4060);
#3612=SHAPE_REPRESENTATION_RELATIONSHIP('','',#4933,#4061);
#3613=SHAPE_REPRESENTATION_RELATIONSHIP('','',#4933,#4062);
#3614=SHAPE_REPRESENTATION_RELATIONSHIP('','',#4933,#4063);
#3615=SHAPE_REPRESENTATION_RELATIONSHIP('','',#4933,#4064);
#3616=SHAPE_REPRESENTATION_RELATIONSHIP('','',#4933,#4065);
#3617=SHAPE_REPRESENTATION_RELATIONSHIP('','',#4933,#4066);
#3618=SHAPE_REPRESENTATION_RELATIONSHIP('','',#4933,#4067);
#3619=SHAPE_REPRESENTATION_RELATIONSHIP('','',#4933,#4068);
#3620=SHAPE_REPRESENTATION_RELATIONSHIP('','',#4933,#4069);
#3621=SHAPE_REPRESENTATION_RELATIONSHIP('','',#4933,#4070);
#3622=SHAPE_REPRESENTATION_RELATIONSHIP('','',#4933,#4071);
#3623=SHAPE_REPRESENTATION_RELATIONSHIP('','',#4933,#4072);
#3624=SHAPE_REPRESENTATION_RELATIONSHIP('','',#4933,#4073);
#3625=SHAPE_REPRESENTATION_RELATIONSHIP('','',#4933,#4074);
#3626=SHAPE_REPRESENTATION_RELATIONSHIP('','',#4933,#4075);
#3627=SHAPE_REPRESENTATION_RELATIONSHIP('','',#4933,#4076);
#3628=SHAPE_REPRESENTATION_RELATIONSHIP('','',#4933,#4077);
#3629=SHAPE_REPRESENTATION_RELATIONSHIP('','',#4933,#4078);
#3630=SHAPE_REPRESENTATION_RELATIONSHIP('','',#4933,#4079);
#3631=SHAPE_REPRESENTATION_RELATIONSHIP('','',#4933,#4080);
#3632=SHAPE_REPRESENTATION_RELATIONSHIP('','',#4933,#4081);
#3633=SHAPE_REPRESENTATION_RELATIONSHIP('','',#4933,#4082);
#3634=SHAPE_REPRESENTATION_RELATIONSHIP('','',#4933,#4083);
#3635=SHAPE_REPRESENTATION_RELATIONSHIP('','',#4933,#4084);
#3636=SHAPE_REPRESENTATION_RELATIONSHIP('','',#4933,#4085);
#3637=SHAPE_REPRESENTATION_RELATIONSHIP('','',#4933,#4086);
#3638=SHAPE_REPRESENTATION_RELATIONSHIP('','',#4933,#4087);
#3639=SHAPE_REPRESENTATION_RELATIONSHIP('','',#4933,#4088);
#3640=SHAPE_REPRESENTATION_RELATIONSHIP('','',#4933,#4089);
#3641=SHAPE_REPRESENTATION_RELATIONSHIP('','',#4933,#4090);
#3642=SHAPE_REPRESENTATION_RELATIONSHIP('','',#4933,#4091);
#3643=SHAPE_REPRESENTATION_RELATIONSHIP('','',#4933,#4092);
#3644=SHAPE_REPRESENTATION_RELATIONSHIP('','',#4933,#4093);
#3645=SHAPE_REPRESENTATION_RELATIONSHIP('','',#4933,#4094);
#3646=SHAPE_REPRESENTATION_RELATIONSHIP('','',#4933,#4095);
#3647=SHAPE_REPRESENTATION_RELATIONSHIP('','',#4933,#4096);
#3648=SHAPE_REPRESENTATION_RELATIONSHIP('','',#4933,#4097);
#3649=SHAPE_REPRESENTATION_RELATIONSHIP('','',#4933,#4098);
#3650=SHAPE_REPRESENTATION_RELATIONSHIP('','',#4933,#4099);
#3651=SHAPE_REPRESENTATION_RELATIONSHIP('','',#4933,#4100);
#3652=SHAPE_REPRESENTATION_RELATIONSHIP('','',#4933,#4101);
#3653=SHAPE_REPRESENTATION_RELATIONSHIP('','',#4933,#4102);
#3654=SHAPE_REPRESENTATION_RELATIONSHIP('','',#4933,#4103);
#3655=SHAPE_REPRESENTATION_RELATIONSHIP('','',#4933,#4104);
#3656=SHAPE_REPRESENTATION_RELATIONSHIP('','',#4933,#4105);
#3657=SHAPE_REPRESENTATION_RELATIONSHIP('','',#4933,#4106);
#3658=SHAPE_REPRESENTATION_RELATIONSHIP('','',#4933,#4107);
#3659=SHAPE_REPRESENTATION_RELATIONSHIP('','',#4933,#4108);
#3660=SHAPE_REPRESENTATION_RELATIONSHIP('','',#4933,#4109);
#3661=SHAPE_REPRESENTATION_RELATIONSHIP('','',#4933,#4110);
#3662=SHAPE_REPRESENTATION_RELATIONSHIP('','',#4933,#4111);
#3663=SHAPE_REPRESENTATION_RELATIONSHIP('','',#4933,#4112);
#3664=SHAPE_REPRESENTATION_RELATIONSHIP('','',#4933,#4113);
#3665=SHAPE_REPRESENTATION_RELATIONSHIP('','',#4933,#4114);
#3666=SHAPE_REPRESENTATION_RELATIONSHIP('','',#4933,#4115);
#3667=SHAPE_REPRESENTATION_RELATIONSHIP('','',#4933,#4116);
#3668=SHAPE_REPRESENTATION_RELATIONSHIP('','',#4933,#4117);
#3669=SHAPE_REPRESENTATION_RELATIONSHIP('','',#4933,#4118);
#3670=SHAPE_REPRESENTATION_RELATIONSHIP('','',#4933,#4119);
#3671=SHAPE_REPRESENTATION_RELATIONSHIP('','',#4933,#4120);
#3672=SHAPE_REPRESENTATION_RELATIONSHIP('','',#4933,#4121);
#3673=SHAPE_REPRESENTATION_RELATIONSHIP('','',#4933,#4122);
#3674=SHAPE_REPRESENTATION_RELATIONSHIP('','',#4933,#4123);
#3675=SHAPE_REPRESENTATION_RELATIONSHIP('','',#4933,#4124);
#3676=SHAPE_REPRESENTATION_RELATIONSHIP('','',#4933,#4125);
#3677=SHAPE_REPRESENTATION_RELATIONSHIP('','',#4933,#4126);
#3678=SHAPE_REPRESENTATION_RELATIONSHIP('','',#4933,#4127);
#3679=SHAPE_REPRESENTATION_RELATIONSHIP('','',#4933,#4128);
#3680=SHAPE_REPRESENTATION_RELATIONSHIP('','',#4933,#4129);
#3681=SHAPE_REPRESENTATION_RELATIONSHIP('','',#4933,#4130);
#3682=SHAPE_REPRESENTATION_RELATIONSHIP('','',#4933,#4131);
#3683=SHAPE_REPRESENTATION_RELATIONSHIP('','',#4933,#4132);
#3684=SHAPE_REPRESENTATION_RELATIONSHIP('','',#4933,#4133);
#3685=SHAPE_REPRESENTATION_RELATIONSHIP('','',#4933,#4134);
#3686=SHAPE_REPRESENTATION_RELATIONSHIP('','',#4933,#4135);
#3687=SHAPE_REPRESENTATION_RELATIONSHIP('','',#4933,#4136);
#3688=SHAPE_REPRESENTATION_RELATIONSHIP('','',#4933,#4137);
#3689=SHAPE_REPRESENTATION_RELATIONSHIP('','',#4933,#4138);
#3690=SHAPE_REPRESENTATION_RELATIONSHIP('','',#4933,#4139);
#3691=SHAPE_REPRESENTATION_RELATIONSHIP('','',#4933,#4140);
#3692=SHAPE_REPRESENTATION_RELATIONSHIP('','',#4933,#4141);
#3693=SHAPE_REPRESENTATION_RELATIONSHIP('','',#4933,#4142);
#3694=SHAPE_REPRESENTATION_RELATIONSHIP('','',#4933,#4143);
#3695=SHAPE_REPRESENTATION_RELATIONSHIP('','',#4933,#4144);
#3696=SHAPE_REPRESENTATION_RELATIONSHIP('','',#4933,#4145);
#3697=SHAPE_REPRESENTATION_RELATIONSHIP('','',#4933,#4146);
#3698=SHAPE_REPRESENTATION_RELATIONSHIP('','',#4933,#4147);
#3699=SHAPE_REPRESENTATION_RELATIONSHIP('','',#4933,#4148);
#3700=SHAPE_REPRESENTATION_RELATIONSHIP('','',#4933,#4149);
#3701=SHAPE_REPRESENTATION_RELATIONSHIP('','',#4933,#4150);
#3702=SHAPE_REPRESENTATION_RELATIONSHIP('','',#4933,#4151);
#3703=SHAPE_REPRESENTATION_RELATIONSHIP('','',#4933,#4152);
#3704=SHAPE_REPRESENTATION_RELATIONSHIP('','',#4933,#4153);
#3705=SHAPE_REPRESENTATION_RELATIONSHIP('','',#4933,#4154);
#3706=SHAPE_REPRESENTATION_RELATIONSHIP('','',#4933,#4155);
#3707=SHAPE_REPRESENTATION_RELATIONSHIP('','',#4933,#4156);
#3708=SHAPE_REPRESENTATION_RELATIONSHIP('','',#4933,#4157);
#3709=SHAPE_REPRESENTATION_RELATIONSHIP('','',#4933,#4158);
#3710=SHAPE_REPRESENTATION_RELATIONSHIP('','',#4933,#4159);
#3711=SHAPE_REPRESENTATION_RELATIONSHIP('','',#4933,#4160);
#3712=SHAPE_REPRESENTATION_RELATIONSHIP('','',#4933,#4161);
#3713=SHAPE_REPRESENTATION_RELATIONSHIP('','',#4933,#4162);
#3714=SHAPE_REPRESENTATION_RELATIONSHIP('','',#4933,#4163);
#3715=SHAPE_REPRESENTATION_RELATIONSHIP('','',#4933,#4164);
#3716=SHAPE_REPRESENTATION_RELATIONSHIP('','',#4933,#4165);
#3717=SHAPE_REPRESENTATION_RELATIONSHIP('','',#4933,#4166);
#3718=SHAPE_REPRESENTATION_RELATIONSHIP('','',#4933,#4167);
#3719=SHAPE_REPRESENTATION_RELATIONSHIP('','',#4933,#4168);
#3720=SHAPE_REPRESENTATION_RELATIONSHIP('','',#4933,#4169);
#3721=SHAPE_REPRESENTATION_RELATIONSHIP('','',#4933,#4170);
#3722=SHAPE_REPRESENTATION_RELATIONSHIP('','',#4933,#4171);
#3723=SHAPE_REPRESENTATION_RELATIONSHIP('','',#4933,#4172);
#3724=SHAPE_REPRESENTATION_RELATIONSHIP('','',#4933,#4173);
#3725=SHAPE_REPRESENTATION_RELATIONSHIP('','',#4933,#4174);
#3726=SHAPE_REPRESENTATION_RELATIONSHIP('','',#4933,#4175);
#3727=SHAPE_REPRESENTATION_RELATIONSHIP('','',#4933,#4176);
#3728=SHAPE_REPRESENTATION_RELATIONSHIP('','',#4933,#4177);
#3729=SHAPE_REPRESENTATION_RELATIONSHIP('','',#4933,#4178);
#3730=SHAPE_REPRESENTATION_RELATIONSHIP('','',#4933,#4179);
#3731=SHAPE_REPRESENTATION_RELATIONSHIP('','',#4933,#4180);
#3732=SHAPE_REPRESENTATION_RELATIONSHIP('','',#4933,#4181);
#3733=SHAPE_REPRESENTATION_RELATIONSHIP('','',#4933,#4182);
#3734=SHAPE_REPRESENTATION_RELATIONSHIP('','',#4933,#4183);
#3735=SHAPE_REPRESENTATION_RELATIONSHIP('','',#4933,#4184);
#3736=SHAPE_REPRESENTATION_RELATIONSHIP('','',#4933,#4185);
#3737=SHAPE_REPRESENTATION_RELATIONSHIP('','',#4933,#4186);
#3738=SHAPE_REPRESENTATION_RELATIONSHIP('','',#4933,#4187);
#3739=SHAPE_REPRESENTATION_RELATIONSHIP('','',#4933,#4188);
#3740=SHAPE_REPRESENTATION_RELATIONSHIP('','',#4933,#4189);
#3741=SHAPE_REPRESENTATION_RELATIONSHIP('','',#4933,#4190);
#3742=SHAPE_REPRESENTATION_RELATIONSHIP('','',#4933,#4191);
#3743=SHAPE_REPRESENTATION_RELATIONSHIP('','',#4933,#4192);
#3744=SHAPE_REPRESENTATION_RELATIONSHIP('','',#4933,#4193);
#3745=SHAPE_REPRESENTATION_RELATIONSHIP('','',#4933,#4194);
#3746=SHAPE_REPRESENTATION_RELATIONSHIP('','',#4933,#4195);
#3747=SHAPE_REPRESENTATION_RELATIONSHIP('','',#4933,#4196);
#3748=SHAPE_REPRESENTATION_RELATIONSHIP('','',#4933,#4197);
#3749=SHAPE_REPRESENTATION_RELATIONSHIP('','',#4933,#4198);
#3750=SHAPE_REPRESENTATION_RELATIONSHIP('','',#4933,#4199);
#3751=SHAPE_REPRESENTATION_RELATIONSHIP('','',#4933,#4200);
#3752=SHAPE_REPRESENTATION_RELATIONSHIP('','',#4933,#4201);
#3753=SHAPE_REPRESENTATION_RELATIONSHIP('','',#4933,#4202);
#3754=SHAPE_REPRESENTATION_RELATIONSHIP('','',#4933,#4203);
#3755=SHAPE_REPRESENTATION_RELATIONSHIP('','',#4933,#4204);
#3756=SHAPE_REPRESENTATION_RELATIONSHIP('','',#4933,#4205);
#3757=SHAPE_REPRESENTATION_RELATIONSHIP('','',#4933,#4206);
#3758=SHAPE_REPRESENTATION_RELATIONSHIP('','',#4933,#4207);
#3759=SHAPE_REPRESENTATION_RELATIONSHIP('','',#4933,#4208);
#3760=SHAPE_REPRESENTATION_RELATIONSHIP('','',#4933,#4209);
#3761=SHAPE_REPRESENTATION_RELATIONSHIP('','',#4933,#4210);
#3762=SHAPE_REPRESENTATION_RELATIONSHIP('','',#4933,#4211);
#3763=SHAPE_REPRESENTATION_RELATIONSHIP('','',#4933,#4212);
#3764=SHAPE_REPRESENTATION_RELATIONSHIP('','',#4933,#4213);
#3765=SHAPE_REPRESENTATION_RELATIONSHIP('','',#4933,#4214);
#3766=SHAPE_REPRESENTATION_RELATIONSHIP('','',#4933,#4215);
#3767=SHAPE_REPRESENTATION_RELATIONSHIP('','',#4933,#4216);
#3768=SHAPE_REPRESENTATION_RELATIONSHIP('','',#4933,#4217);
#3769=SHAPE_REPRESENTATION_RELATIONSHIP('','',#4933,#4218);
#3770=SHAPE_REPRESENTATION_RELATIONSHIP('','',#4933,#4219);
#3771=SHAPE_REPRESENTATION_RELATIONSHIP('','',#4933,#4220);
#3772=TESSELLATED_SHAPE_REPRESENTATION('',(#4221),#7266);
#3773=TESSELLATED_SHAPE_REPRESENTATION('',(#4222),#7266);
#3774=TESSELLATED_SHAPE_REPRESENTATION('',(#2625),#7266);
#3775=TESSELLATED_SHAPE_REPRESENTATION('',(#2626),#7266);
#3776=TESSELLATED_SHAPE_REPRESENTATION('',(#4223),#7266);
#3777=TESSELLATED_SHAPE_REPRESENTATION('',(#2627),#7266);
#3778=TESSELLATED_SHAPE_REPRESENTATION('',(#4224),#7266);
#3779=TESSELLATED_SHAPE_REPRESENTATION('',(#4225),#7266);
#3780=TESSELLATED_SHAPE_REPRESENTATION('',(#4226),#7266);
#3781=TESSELLATED_SHAPE_REPRESENTATION('',(#2628),#7266);
#3782=TESSELLATED_SHAPE_REPRESENTATION('',(#2629),#7266);
#3783=TESSELLATED_SHAPE_REPRESENTATION('',(#2630),#7266);
#3784=TESSELLATED_SHAPE_REPRESENTATION('',(#2631),#7266);
#3785=TESSELLATED_SHAPE_REPRESENTATION('',(#4227),#7266);
#3786=TESSELLATED_SHAPE_REPRESENTATION('',(#2632),#7266);
#3787=TESSELLATED_SHAPE_REPRESENTATION('',(#2633),#7266);
#3788=TESSELLATED_SHAPE_REPRESENTATION('',(#2634),#7266);
#3789=TESSELLATED_SHAPE_REPRESENTATION('',(#4228),#7266);
#3790=TESSELLATED_SHAPE_REPRESENTATION('',(#2635),#7266);
#3791=TESSELLATED_SHAPE_REPRESENTATION('',(#4229),#7266);
#3792=TESSELLATED_SHAPE_REPRESENTATION('',(#2636),#7266);
#3793=TESSELLATED_SHAPE_REPRESENTATION('',(#2637),#7266);
#3794=TESSELLATED_SHAPE_REPRESENTATION('',(#4230),#7266);
#3795=TESSELLATED_SHAPE_REPRESENTATION('',(#4231),#7266);
#3796=TESSELLATED_SHAPE_REPRESENTATION('',(#4232),#7266);
#3797=TESSELLATED_SHAPE_REPRESENTATION('',(#2638),#7266);
#3798=TESSELLATED_SHAPE_REPRESENTATION('',(#4233),#7266);
#3799=TESSELLATED_SHAPE_REPRESENTATION('',(#2639),#7266);
#3800=TESSELLATED_SHAPE_REPRESENTATION('',(#2640),#7266);
#3801=TESSELLATED_SHAPE_REPRESENTATION('',(#4234),#7266);
#3802=TESSELLATED_SHAPE_REPRESENTATION('',(#4235),#7266);
#3803=TESSELLATED_SHAPE_REPRESENTATION('',(#4236),#7266);
#3804=TESSELLATED_SHAPE_REPRESENTATION('',(#4237),#7266);
#3805=TESSELLATED_SHAPE_REPRESENTATION('',(#4238),#7266);
#3806=TESSELLATED_SHAPE_REPRESENTATION('',(#2641),#7266);
#3807=TESSELLATED_SHAPE_REPRESENTATION('',(#4239),#7266);
#3808=TESSELLATED_SHAPE_REPRESENTATION('',(#4240),#7266);
#3809=TESSELLATED_SHAPE_REPRESENTATION('',(#2642),#7266);
#3810=TESSELLATED_SHAPE_REPRESENTATION('',(#2643),#7266);
#3811=TESSELLATED_SHAPE_REPRESENTATION('',(#4241),#7266);
#3812=TESSELLATED_SHAPE_REPRESENTATION('',(#2644),#7266);
#3813=TESSELLATED_SHAPE_REPRESENTATION('',(#4242),#7266);
#3814=TESSELLATED_SHAPE_REPRESENTATION('',(#4243),#7266);
#3815=TESSELLATED_SHAPE_REPRESENTATION('',(#2645),#7266);
#3816=TESSELLATED_SHAPE_REPRESENTATION('',(#4244),#7266);
#3817=TESSELLATED_SHAPE_REPRESENTATION('',(#4245),#7266);
#3818=TESSELLATED_SHAPE_REPRESENTATION('',(#2646),#7266);
#3819=TESSELLATED_SHAPE_REPRESENTATION('',(#2647),#7266);
#3820=TESSELLATED_SHAPE_REPRESENTATION('',(#2648),#7266);
#3821=TESSELLATED_SHAPE_REPRESENTATION('',(#2649),#7266);
#3822=TESSELLATED_SHAPE_REPRESENTATION('',(#2650),#7266);
#3823=TESSELLATED_SHAPE_REPRESENTATION('',(#2651),#7266);
#3824=TESSELLATED_SHAPE_REPRESENTATION('',(#2652),#7266);
#3825=TESSELLATED_SHAPE_REPRESENTATION('',(#4246),#7266);
#3826=TESSELLATED_SHAPE_REPRESENTATION('',(#2653),#7266);
#3827=TESSELLATED_SHAPE_REPRESENTATION('',(#2654),#7266);
#3828=TESSELLATED_SHAPE_REPRESENTATION('',(#2655),#7266);
#3829=TESSELLATED_SHAPE_REPRESENTATION('',(#4247),#7266);
#3830=TESSELLATED_SHAPE_REPRESENTATION('',(#4248),#7266);
#3831=TESSELLATED_SHAPE_REPRESENTATION('',(#2656),#7266);
#3832=TESSELLATED_SHAPE_REPRESENTATION('',(#4249),#7266);
#3833=TESSELLATED_SHAPE_REPRESENTATION('',(#4250),#7266);
#3834=TESSELLATED_SHAPE_REPRESENTATION('',(#4251),#7266);
#3835=TESSELLATED_SHAPE_REPRESENTATION('',(#2657),#7266);
#3836=TESSELLATED_SHAPE_REPRESENTATION('',(#4252),#7266);
#3837=TESSELLATED_SHAPE_REPRESENTATION('',(#2658),#7266);
#3838=TESSELLATED_SHAPE_REPRESENTATION('',(#4253),#7266);
#3839=TESSELLATED_SHAPE_REPRESENTATION('',(#4254),#7266);
#3840=TESSELLATED_SHAPE_REPRESENTATION('',(#4255),#7266);
#3841=TESSELLATED_SHAPE_REPRESENTATION('',(#4256),#7266);
#3842=TESSELLATED_SHAPE_REPRESENTATION('',(#4257),#7266);
#3843=TESSELLATED_SHAPE_REPRESENTATION('',(#2659),#7266);
#3844=TESSELLATED_SHAPE_REPRESENTATION('',(#2660),#7266);
#3845=TESSELLATED_SHAPE_REPRESENTATION('',(#2661),#7266);
#3846=TESSELLATED_SHAPE_REPRESENTATION('',(#2662),#7266);
#3847=TESSELLATED_SHAPE_REPRESENTATION('',(#2663),#7266);
#3848=TESSELLATED_SHAPE_REPRESENTATION('',(#4258),#7266);
#3849=TESSELLATED_SHAPE_REPRESENTATION('',(#2664),#7266);
#3850=TESSELLATED_SHAPE_REPRESENTATION('',(#2665),#7266);
#3851=TESSELLATED_SHAPE_REPRESENTATION('',(#2666),#7266);
#3852=TESSELLATED_SHAPE_REPRESENTATION('',(#4259),#7266);
#3853=TESSELLATED_SHAPE_REPRESENTATION('',(#2667),#7266);
#3854=TESSELLATED_SHAPE_REPRESENTATION('',(#2668),#7266);
#3855=TESSELLATED_SHAPE_REPRESENTATION('',(#4260),#7266);
#3856=TESSELLATED_SHAPE_REPRESENTATION('',(#4261),#7266);
#3857=TESSELLATED_SHAPE_REPRESENTATION('',(#2669),#7266);
#3858=TESSELLATED_SHAPE_REPRESENTATION('',(#2670),#7266);
#3859=TESSELLATED_SHAPE_REPRESENTATION('',(#2671),#7266);
#3860=TESSELLATED_SHAPE_REPRESENTATION('',(#2672),#7266);
#3861=TESSELLATED_SHAPE_REPRESENTATION('',(#4262),#7266);
#3862=TESSELLATED_SHAPE_REPRESENTATION('',(#4263),#7266);
#3863=TESSELLATED_SHAPE_REPRESENTATION('',(#2673),#7266);
#3864=TESSELLATED_SHAPE_REPRESENTATION('',(#2674),#7266);
#3865=TESSELLATED_SHAPE_REPRESENTATION('',(#4264),#7266);
#3866=TESSELLATED_SHAPE_REPRESENTATION('',(#2675),#7266);
#3867=TESSELLATED_SHAPE_REPRESENTATION('',(#2676),#7266);
#3868=TESSELLATED_SHAPE_REPRESENTATION('',(#4265),#7266);
#3869=TESSELLATED_SHAPE_REPRESENTATION('',(#4266),#7266);
#3870=TESSELLATED_SHAPE_REPRESENTATION('',(#4267),#7266);
#3871=TESSELLATED_SHAPE_REPRESENTATION('',(#4268),#7266);
#3872=TESSELLATED_SHAPE_REPRESENTATION('',(#4269),#7266);
#3873=TESSELLATED_SHAPE_REPRESENTATION('',(#2677),#7266);
#3874=TESSELLATED_SHAPE_REPRESENTATION('',(#2678),#7266);
#3875=TESSELLATED_SHAPE_REPRESENTATION('',(#2679),#7266);
#3876=TESSELLATED_SHAPE_REPRESENTATION('',(#4270),#7266);
#3877=TESSELLATED_SHAPE_REPRESENTATION('',(#4271),#7266);
#3878=TESSELLATED_SHAPE_REPRESENTATION('',(#4272),#7266);
#3879=TESSELLATED_SHAPE_REPRESENTATION('',(#4273),#7266);
#3880=TESSELLATED_SHAPE_REPRESENTATION('',(#4274),#7266);
#3881=TESSELLATED_SHAPE_REPRESENTATION('',(#2680),#7266);
#3882=TESSELLATED_SHAPE_REPRESENTATION('',(#4275),#7266);
#3883=TESSELLATED_SHAPE_REPRESENTATION('',(#4276),#7266);
#3884=TESSELLATED_SHAPE_REPRESENTATION('',(#2681),#7266);
#3885=TESSELLATED_SHAPE_REPRESENTATION('',(#2682),#7266);
#3886=TESSELLATED_SHAPE_REPRESENTATION('',(#4277),#7266);
#3887=TESSELLATED_SHAPE_REPRESENTATION('',(#2683),#7266);
#3888=TESSELLATED_SHAPE_REPRESENTATION('',(#2684),#7266);
#3889=TESSELLATED_SHAPE_REPRESENTATION('',(#4278),#7266);
#3890=TESSELLATED_SHAPE_REPRESENTATION('',(#4279),#7266);
#3891=TESSELLATED_SHAPE_REPRESENTATION('',(#2685),#7266);
#3892=TESSELLATED_SHAPE_REPRESENTATION('',(#4280),#7266);
#3893=TESSELLATED_SHAPE_REPRESENTATION('',(#2686),#7266);
#3894=TESSELLATED_SHAPE_REPRESENTATION('',(#2687),#7266);
#3895=TESSELLATED_SHAPE_REPRESENTATION('',(#4281),#7266);
#3896=TESSELLATED_SHAPE_REPRESENTATION('',(#4282),#7266);
#3897=TESSELLATED_SHAPE_REPRESENTATION('',(#4283),#7266);
#3898=TESSELLATED_SHAPE_REPRESENTATION('',(#2688),#7266);
#3899=TESSELLATED_SHAPE_REPRESENTATION('',(#2689),#7266);
#3900=TESSELLATED_SHAPE_REPRESENTATION('',(#2690),#7266);
#3901=TESSELLATED_SHAPE_REPRESENTATION('',(#4284),#7266);
#3902=TESSELLATED_SHAPE_REPRESENTATION('',(#4285),#7266);
#3903=TESSELLATED_SHAPE_REPRESENTATION('',(#2691),#7266);
#3904=TESSELLATED_SHAPE_REPRESENTATION('',(#4286),#7266);
#3905=TESSELLATED_SHAPE_REPRESENTATION('',(#4287),#7266);
#3906=TESSELLATED_SHAPE_REPRESENTATION('',(#4288),#7266);
#3907=TESSELLATED_SHAPE_REPRESENTATION('',(#4289),#7266);
#3908=TESSELLATED_SHAPE_REPRESENTATION('',(#4290),#7266);
#3909=TESSELLATED_SHAPE_REPRESENTATION('',(#4291),#7266);
#3910=TESSELLATED_SHAPE_REPRESENTATION('',(#4292),#7266);
#3911=TESSELLATED_SHAPE_REPRESENTATION('',(#4293),#7266);
#3912=TESSELLATED_SHAPE_REPRESENTATION('',(#4294),#7266);
#3913=TESSELLATED_SHAPE_REPRESENTATION('',(#2692),#7266);
#3914=TESSELLATED_SHAPE_REPRESENTATION('',(#4295),#7266);
#3915=TESSELLATED_SHAPE_REPRESENTATION('',(#4296),#7266);
#3916=TESSELLATED_SHAPE_REPRESENTATION('',(#2693),#7266);
#3917=TESSELLATED_SHAPE_REPRESENTATION('',(#4297),#7266);
#3918=TESSELLATED_SHAPE_REPRESENTATION('',(#2694),#7266);
#3919=TESSELLATED_SHAPE_REPRESENTATION('',(#2695),#7266);
#3920=TESSELLATED_SHAPE_REPRESENTATION('',(#2696),#7266);
#3921=TESSELLATED_SHAPE_REPRESENTATION('',(#4298),#7266);
#3922=TESSELLATED_SHAPE_REPRESENTATION('',(#4299),#7266);
#3923=TESSELLATED_SHAPE_REPRESENTATION('',(#4300),#7266);
#3924=TESSELLATED_SHAPE_REPRESENTATION('',(#4301),#7266);
#3925=TESSELLATED_SHAPE_REPRESENTATION('',(#2697),#7266);
#3926=TESSELLATED_SHAPE_REPRESENTATION('',(#2698),#7266);
#3927=TESSELLATED_SHAPE_REPRESENTATION('',(#2699),#7266);
#3928=TESSELLATED_SHAPE_REPRESENTATION('',(#2700),#7266);
#3929=TESSELLATED_SHAPE_REPRESENTATION('',(#4302),#7266);
#3930=TESSELLATED_SHAPE_REPRESENTATION('',(#4303),#7266);
#3931=TESSELLATED_SHAPE_REPRESENTATION('',(#2701),#7266);
#3932=TESSELLATED_SHAPE_REPRESENTATION('',(#4304),#7266);
#3933=TESSELLATED_SHAPE_REPRESENTATION('',(#4305),#7266);
#3934=TESSELLATED_SHAPE_REPRESENTATION('',(#2702),#7266);
#3935=TESSELLATED_SHAPE_REPRESENTATION('',(#2703),#7266);
#3936=TESSELLATED_SHAPE_REPRESENTATION('',(#4306),#7266);
#3937=TESSELLATED_SHAPE_REPRESENTATION('',(#2704),#7266);
#3938=TESSELLATED_SHAPE_REPRESENTATION('',(#2705),#7266);
#3939=TESSELLATED_SHAPE_REPRESENTATION('',(#2706),#7266);
#3940=TESSELLATED_SHAPE_REPRESENTATION('',(#4307),#7266);
#3941=TESSELLATED_SHAPE_REPRESENTATION('',(#4308),#7266);
#3942=TESSELLATED_SHAPE_REPRESENTATION('',(#2707),#7266);
#3943=TESSELLATED_SHAPE_REPRESENTATION('',(#4309),#7266);
#3944=TESSELLATED_SHAPE_REPRESENTATION('',(#2708),#7266);
#3945=TESSELLATED_SHAPE_REPRESENTATION('',(#4310),#7266);
#3946=TESSELLATED_SHAPE_REPRESENTATION('',(#2709),#7266);
#3947=TESSELLATED_SHAPE_REPRESENTATION('',(#2710),#7266);
#3948=TESSELLATED_SHAPE_REPRESENTATION('',(#2711),#7266);
#3949=TESSELLATED_SHAPE_REPRESENTATION('',(#2712),#7266);
#3950=TESSELLATED_SHAPE_REPRESENTATION('',(#4311),#7266);
#3951=TESSELLATED_SHAPE_REPRESENTATION('',(#4312),#7266);
#3952=TESSELLATED_SHAPE_REPRESENTATION('',(#4313),#7266);
#3953=TESSELLATED_SHAPE_REPRESENTATION('',(#2713),#7266);
#3954=TESSELLATED_SHAPE_REPRESENTATION('',(#4314),#7266);
#3955=TESSELLATED_SHAPE_REPRESENTATION('',(#2714),#7266);
#3956=TESSELLATED_SHAPE_REPRESENTATION('',(#2715),#7266);
#3957=TESSELLATED_SHAPE_REPRESENTATION('',(#2716),#7266);
#3958=TESSELLATED_SHAPE_REPRESENTATION('',(#4315),#7266);
#3959=TESSELLATED_SHAPE_REPRESENTATION('',(#2717),#7266);
#3960=TESSELLATED_SHAPE_REPRESENTATION('',(#2718),#7266);
#3961=TESSELLATED_SHAPE_REPRESENTATION('',(#2719),#7266);
#3962=TESSELLATED_SHAPE_REPRESENTATION('',(#4316),#7266);
#3963=TESSELLATED_SHAPE_REPRESENTATION('',(#2720),#7266);
#3964=TESSELLATED_SHAPE_REPRESENTATION('',(#2721),#7266);
#3965=TESSELLATED_SHAPE_REPRESENTATION('',(#4317),#7266);
#3966=TESSELLATED_SHAPE_REPRESENTATION('',(#4318),#7266);
#3967=TESSELLATED_SHAPE_REPRESENTATION('',(#4319),#7266);
#3968=TESSELLATED_SHAPE_REPRESENTATION('',(#4320),#7266);
#3969=TESSELLATED_SHAPE_REPRESENTATION('',(#4321),#7266);
#3970=TESSELLATED_SHAPE_REPRESENTATION('',(#4322),#7266);
#3971=TESSELLATED_SHAPE_REPRESENTATION('',(#4323),#7266);
#3972=TESSELLATED_SHAPE_REPRESENTATION('',(#4324),#7266);
#3973=TESSELLATED_SHAPE_REPRESENTATION('',(#2722),#7266);
#3974=TESSELLATED_SHAPE_REPRESENTATION('',(#2723),#7266);
#3975=TESSELLATED_SHAPE_REPRESENTATION('',(#2724),#7266);
#3976=TESSELLATED_SHAPE_REPRESENTATION('',(#2725),#7266);
#3977=TESSELLATED_SHAPE_REPRESENTATION('',(#4325),#7266);
#3978=TESSELLATED_SHAPE_REPRESENTATION('',(#2726),#7266);
#3979=TESSELLATED_SHAPE_REPRESENTATION('',(#2727),#7266);
#3980=TESSELLATED_SHAPE_REPRESENTATION('',(#2728),#7266);
#3981=TESSELLATED_SHAPE_REPRESENTATION('',(#2729),#7266);
#3982=TESSELLATED_SHAPE_REPRESENTATION('',(#2730),#7266);
#3983=TESSELLATED_SHAPE_REPRESENTATION('',(#4326),#7266);
#3984=TESSELLATED_SHAPE_REPRESENTATION('',(#2731),#7266);
#3985=TESSELLATED_SHAPE_REPRESENTATION('',(#4327),#7266);
#3986=TESSELLATED_SHAPE_REPRESENTATION('',(#2732),#7266);
#3987=TESSELLATED_SHAPE_REPRESENTATION('',(#2733),#7266);
#3988=TESSELLATED_SHAPE_REPRESENTATION('',(#4328),#7266);
#3989=TESSELLATED_SHAPE_REPRESENTATION('',(#2734),#7266);
#3990=TESSELLATED_SHAPE_REPRESENTATION('',(#2735),#7266);
#3991=TESSELLATED_SHAPE_REPRESENTATION('',(#2736),#7266);
#3992=TESSELLATED_SHAPE_REPRESENTATION('',(#2737),#7266);
#3993=TESSELLATED_SHAPE_REPRESENTATION('',(#4329),#7266);
#3994=TESSELLATED_SHAPE_REPRESENTATION('',(#2738),#7266);
#3995=TESSELLATED_SHAPE_REPRESENTATION('',(#4330),#7266);
#3996=TESSELLATED_SHAPE_REPRESENTATION('',(#2739),#7266);
#3997=TESSELLATED_SHAPE_REPRESENTATION('',(#2740),#7266);
#3998=TESSELLATED_SHAPE_REPRESENTATION('',(#2741),#7266);
#3999=TESSELLATED_SHAPE_REPRESENTATION('',(#4331),#7266);
#4000=TESSELLATED_SHAPE_REPRESENTATION('',(#4332),#7266);
#4001=TESSELLATED_SHAPE_REPRESENTATION('',(#2742),#7266);
#4002=TESSELLATED_SHAPE_REPRESENTATION('',(#2743),#7266);
#4003=TESSELLATED_SHAPE_REPRESENTATION('',(#4333),#7266);
#4004=TESSELLATED_SHAPE_REPRESENTATION('',(#2744),#7266);
#4005=TESSELLATED_SHAPE_REPRESENTATION('',(#4334),#7266);
#4006=TESSELLATED_SHAPE_REPRESENTATION('',(#2745),#7266);
#4007=TESSELLATED_SHAPE_REPRESENTATION('',(#2746),#7266);
#4008=TESSELLATED_SHAPE_REPRESENTATION('',(#2747),#7266);
#4009=TESSELLATED_SHAPE_REPRESENTATION('',(#2748),#7266);
#4010=TESSELLATED_SHAPE_REPRESENTATION('',(#2749),#7266);
#4011=TESSELLATED_SHAPE_REPRESENTATION('',(#2750),#7266);
#4012=TESSELLATED_SHAPE_REPRESENTATION('',(#4335),#7266);
#4013=TESSELLATED_SHAPE_REPRESENTATION('',(#4336),#7266);
#4014=TESSELLATED_SHAPE_REPRESENTATION('',(#4337),#7266);
#4015=TESSELLATED_SHAPE_REPRESENTATION('',(#2751),#7266);
#4016=TESSELLATED_SHAPE_REPRESENTATION('',(#4338),#7266);
#4017=TESSELLATED_SHAPE_REPRESENTATION('',(#4339),#7266);
#4018=TESSELLATED_SHAPE_REPRESENTATION('',(#2752),#7266);
#4019=TESSELLATED_SHAPE_REPRESENTATION('',(#2753),#7266);
#4020=TESSELLATED_SHAPE_REPRESENTATION('',(#2754),#7266);
#4021=TESSELLATED_SHAPE_REPRESENTATION('',(#2755),#7266);
#4022=TESSELLATED_SHAPE_REPRESENTATION('',(#2756),#7266);
#4023=TESSELLATED_SHAPE_REPRESENTATION('',(#2757),#7266);
#4024=TESSELLATED_SHAPE_REPRESENTATION('',(#4340),#7266);
#4025=TESSELLATED_SHAPE_REPRESENTATION('',(#2758),#7266);
#4026=TESSELLATED_SHAPE_REPRESENTATION('',(#2759),#7266);
#4027=TESSELLATED_SHAPE_REPRESENTATION('',(#2760),#7266);
#4028=TESSELLATED_SHAPE_REPRESENTATION('',(#4341),#7266);
#4029=TESSELLATED_SHAPE_REPRESENTATION('',(#2761),#7266);
#4030=TESSELLATED_SHAPE_REPRESENTATION('',(#4342),#7266);
#4031=TESSELLATED_SHAPE_REPRESENTATION('',(#4343),#7266);
#4032=TESSELLATED_SHAPE_REPRESENTATION('',(#2762),#7266);
#4033=TESSELLATED_SHAPE_REPRESENTATION('',(#4344),#7266);
#4034=TESSELLATED_SHAPE_REPRESENTATION('',(#4345),#7266);
#4035=TESSELLATED_SHAPE_REPRESENTATION('',(#2763),#7266);
#4036=TESSELLATED_SHAPE_REPRESENTATION('',(#2764),#7266);
#4037=TESSELLATED_SHAPE_REPRESENTATION('',(#2765),#7266);
#4038=TESSELLATED_SHAPE_REPRESENTATION('',(#2766),#7266);
#4039=TESSELLATED_SHAPE_REPRESENTATION('',(#2767),#7266);
#4040=TESSELLATED_SHAPE_REPRESENTATION('',(#2768),#7266);
#4041=TESSELLATED_SHAPE_REPRESENTATION('',(#4346),#7266);
#4042=TESSELLATED_SHAPE_REPRESENTATION('',(#4347),#7266);
#4043=TESSELLATED_SHAPE_REPRESENTATION('',(#2769),#7266);
#4044=TESSELLATED_SHAPE_REPRESENTATION('',(#2770),#7266);
#4045=TESSELLATED_SHAPE_REPRESENTATION('',(#2771),#7266);
#4046=TESSELLATED_SHAPE_REPRESENTATION('',(#2772),#7266);
#4047=TESSELLATED_SHAPE_REPRESENTATION('',(#4348),#7266);
#4048=TESSELLATED_SHAPE_REPRESENTATION('',(#2773),#7266);
#4049=TESSELLATED_SHAPE_REPRESENTATION('',(#2774),#7266);
#4050=TESSELLATED_SHAPE_REPRESENTATION('',(#2775),#7266);
#4051=TESSELLATED_SHAPE_REPRESENTATION('',(#4349),#7266);
#4052=TESSELLATED_SHAPE_REPRESENTATION('',(#4350),#7266);
#4053=TESSELLATED_SHAPE_REPRESENTATION('',(#4351),#7266);
#4054=TESSELLATED_SHAPE_REPRESENTATION('',(#2776),#7266);
#4055=TESSELLATED_SHAPE_REPRESENTATION('',(#4352),#7266);
#4056=TESSELLATED_SHAPE_REPRESENTATION('',(#2777),#7266);
#4057=TESSELLATED_SHAPE_REPRESENTATION('',(#2778),#7266);
#4058=TESSELLATED_SHAPE_REPRESENTATION('',(#4353),#7266);
#4059=TESSELLATED_SHAPE_REPRESENTATION('',(#4354),#7266);
#4060=TESSELLATED_SHAPE_REPRESENTATION('',(#4355),#7266);
#4061=TESSELLATED_SHAPE_REPRESENTATION('',(#2779),#7266);
#4062=TESSELLATED_SHAPE_REPRESENTATION('',(#2780),#7266);
#4063=TESSELLATED_SHAPE_REPRESENTATION('',(#4356),#7266);
#4064=TESSELLATED_SHAPE_REPRESENTATION('',(#2781),#7266);
#4065=TESSELLATED_SHAPE_REPRESENTATION('',(#2782),#7266);
#4066=TESSELLATED_SHAPE_REPRESENTATION('',(#2783),#7266);
#4067=TESSELLATED_SHAPE_REPRESENTATION('',(#2784),#7266);
#4068=TESSELLATED_SHAPE_REPRESENTATION('',(#4357),#7266);
#4069=TESSELLATED_SHAPE_REPRESENTATION('',(#2785),#7266);
#4070=TESSELLATED_SHAPE_REPRESENTATION('',(#2786),#7266);
#4071=TESSELLATED_SHAPE_REPRESENTATION('',(#2787),#7266);
#4072=TESSELLATED_SHAPE_REPRESENTATION('',(#2788),#7266);
#4073=TESSELLATED_SHAPE_REPRESENTATION('',(#2789),#7266);
#4074=TESSELLATED_SHAPE_REPRESENTATION('',(#2790),#7266);
#4075=TESSELLATED_SHAPE_REPRESENTATION('',(#4358),#7266);
#4076=TESSELLATED_SHAPE_REPRESENTATION('',(#2791),#7266);
#4077=TESSELLATED_SHAPE_REPRESENTATION('',(#4359),#7266);
#4078=TESSELLATED_SHAPE_REPRESENTATION('',(#4360),#7266);
#4079=TESSELLATED_SHAPE_REPRESENTATION('',(#4361),#7266);
#4080=TESSELLATED_SHAPE_REPRESENTATION('',(#2792),#7266);
#4081=TESSELLATED_SHAPE_REPRESENTATION('',(#4362),#7266);
#4082=TESSELLATED_SHAPE_REPRESENTATION('',(#4363),#7266);
#4083=TESSELLATED_SHAPE_REPRESENTATION('',(#4364),#7266);
#4084=TESSELLATED_SHAPE_REPRESENTATION('',(#2793),#7266);
#4085=TESSELLATED_SHAPE_REPRESENTATION('',(#2794),#7266);
#4086=TESSELLATED_SHAPE_REPRESENTATION('',(#4365),#7266);
#4087=TESSELLATED_SHAPE_REPRESENTATION('',(#2795),#7266);
#4088=TESSELLATED_SHAPE_REPRESENTATION('',(#4366),#7266);
#4089=TESSELLATED_SHAPE_REPRESENTATION('',(#4367),#7266);
#4090=TESSELLATED_SHAPE_REPRESENTATION('',(#2796),#7266);
#4091=TESSELLATED_SHAPE_REPRESENTATION('',(#2797),#7266);
#4092=TESSELLATED_SHAPE_REPRESENTATION('',(#2798),#7266);
#4093=TESSELLATED_SHAPE_REPRESENTATION('',(#4368),#7266);
#4094=TESSELLATED_SHAPE_REPRESENTATION('',(#4369),#7266);
#4095=TESSELLATED_SHAPE_REPRESENTATION('',(#4370),#7266);
#4096=TESSELLATED_SHAPE_REPRESENTATION('',(#4371),#7266);
#4097=TESSELLATED_SHAPE_REPRESENTATION('',(#2799),#7266);
#4098=TESSELLATED_SHAPE_REPRESENTATION('',(#4372),#7266);
#4099=TESSELLATED_SHAPE_REPRESENTATION('',(#2800),#7266);
#4100=TESSELLATED_SHAPE_REPRESENTATION('',(#4373),#7266);
#4101=TESSELLATED_SHAPE_REPRESENTATION('',(#2801),#7266);
#4102=TESSELLATED_SHAPE_REPRESENTATION('',(#4374),#7266);
#4103=TESSELLATED_SHAPE_REPRESENTATION('',(#2802),#7266);
#4104=TESSELLATED_SHAPE_REPRESENTATION('',(#2803),#7266);
#4105=TESSELLATED_SHAPE_REPRESENTATION('',(#4375),#7266);
#4106=TESSELLATED_SHAPE_REPRESENTATION('',(#4376),#7266);
#4107=TESSELLATED_SHAPE_REPRESENTATION('',(#2804),#7266);
#4108=TESSELLATED_SHAPE_REPRESENTATION('',(#2805),#7266);
#4109=TESSELLATED_SHAPE_REPRESENTATION('',(#2806),#7266);
#4110=TESSELLATED_SHAPE_REPRESENTATION('',(#4377),#7266);
#4111=TESSELLATED_SHAPE_REPRESENTATION('',(#4378),#7266);
#4112=TESSELLATED_SHAPE_REPRESENTATION('',(#2807),#7266);
#4113=TESSELLATED_SHAPE_REPRESENTATION('',(#4379),#7266);
#4114=TESSELLATED_SHAPE_REPRESENTATION('',(#2808),#7266);
#4115=TESSELLATED_SHAPE_REPRESENTATION('',(#2809),#7266);
#4116=TESSELLATED_SHAPE_REPRESENTATION('',(#4380),#7266);
#4117=TESSELLATED_SHAPE_REPRESENTATION('',(#4381),#7266);
#4118=TESSELLATED_SHAPE_REPRESENTATION('',(#4382),#7266);
#4119=TESSELLATED_SHAPE_REPRESENTATION('',(#4383),#7266);
#4120=TESSELLATED_SHAPE_REPRESENTATION('',(#2810),#7266);
#4121=TESSELLATED_SHAPE_REPRESENTATION('',(#2811),#7266);
#4122=TESSELLATED_SHAPE_REPRESENTATION('',(#2812),#7266);
#4123=TESSELLATED_SHAPE_REPRESENTATION('',(#2813),#7266);
#4124=TESSELLATED_SHAPE_REPRESENTATION('',(#2814),#7266);
#4125=TESSELLATED_SHAPE_REPRESENTATION('',(#4384),#7266);
#4126=TESSELLATED_SHAPE_REPRESENTATION('',(#4385),#7266);
#4127=TESSELLATED_SHAPE_REPRESENTATION('',(#2815),#7266);
#4128=TESSELLATED_SHAPE_REPRESENTATION('',(#2816),#7266);
#4129=TESSELLATED_SHAPE_REPRESENTATION('',(#2817),#7266);
#4130=TESSELLATED_SHAPE_REPRESENTATION('',(#2818),#7266);
#4131=TESSELLATED_SHAPE_REPRESENTATION('',(#2819),#7266);
#4132=TESSELLATED_SHAPE_REPRESENTATION('',(#2820),#7266);
#4133=TESSELLATED_SHAPE_REPRESENTATION('',(#4386),#7266);
#4134=TESSELLATED_SHAPE_REPRESENTATION('',(#4387),#7266);
#4135=TESSELLATED_SHAPE_REPRESENTATION('',(#2821),#7266);
#4136=TESSELLATED_SHAPE_REPRESENTATION('',(#4388),#7266);
#4137=TESSELLATED_SHAPE_REPRESENTATION('',(#2822),#7266);
#4138=TESSELLATED_SHAPE_REPRESENTATION('',(#2823),#7266);
#4139=TESSELLATED_SHAPE_REPRESENTATION('',(#2824),#7266);
#4140=TESSELLATED_SHAPE_REPRESENTATION('',(#2825),#7266);
#4141=TESSELLATED_SHAPE_REPRESENTATION('',(#4389),#7266);
#4142=TESSELLATED_SHAPE_REPRESENTATION('',(#2826),#7266);
#4143=TESSELLATED_SHAPE_REPRESENTATION('',(#2827),#7266);
#4144=TESSELLATED_SHAPE_REPRESENTATION('',(#4390),#7266);
#4145=TESSELLATED_SHAPE_REPRESENTATION('',(#2828),#7266);
#4146=TESSELLATED_SHAPE_REPRESENTATION('',(#4391),#7266);
#4147=TESSELLATED_SHAPE_REPRESENTATION('',(#2829),#7266);
#4148=TESSELLATED_SHAPE_REPRESENTATION('',(#4392),#7266);
#4149=TESSELLATED_SHAPE_REPRESENTATION('',(#2830),#7266);
#4150=TESSELLATED_SHAPE_REPRESENTATION('',(#2831),#7266);
#4151=TESSELLATED_SHAPE_REPRESENTATION('',(#2832),#7266);
#4152=TESSELLATED_SHAPE_REPRESENTATION('',(#2833),#7266);
#4153=TESSELLATED_SHAPE_REPRESENTATION('',(#2834),#7266);
#4154=TESSELLATED_SHAPE_REPRESENTATION('',(#2835),#7266);
#4155=TESSELLATED_SHAPE_REPRESENTATION('',(#2836),#7266);
#4156=TESSELLATED_SHAPE_REPRESENTATION('',(#2837),#7266);
#4157=TESSELLATED_SHAPE_REPRESENTATION('',(#4393),#7266);
#4158=TESSELLATED_SHAPE_REPRESENTATION('',(#4394),#7266);
#4159=TESSELLATED_SHAPE_REPRESENTATION('',(#4395),#7266);
#4160=TESSELLATED_SHAPE_REPRESENTATION('',(#2838),#7266);
#4161=TESSELLATED_SHAPE_REPRESENTATION('',(#4396),#7266);
#4162=TESSELLATED_SHAPE_REPRESENTATION('',(#4397),#7266);
#4163=TESSELLATED_SHAPE_REPRESENTATION('',(#2839),#7266);
#4164=TESSELLATED_SHAPE_REPRESENTATION('',(#2840),#7266);
#4165=TESSELLATED_SHAPE_REPRESENTATION('',(#4398),#7266);
#4166=TESSELLATED_SHAPE_REPRESENTATION('',(#4399),#7266);
#4167=TESSELLATED_SHAPE_REPRESENTATION('',(#2841),#7266);
#4168=TESSELLATED_SHAPE_REPRESENTATION('',(#2842),#7266);
#4169=TESSELLATED_SHAPE_REPRESENTATION('',(#2843),#7266);
#4170=TESSELLATED_SHAPE_REPRESENTATION('',(#4400),#7266);
#4171=TESSELLATED_SHAPE_REPRESENTATION('',(#2844),#7266);
#4172=TESSELLATED_SHAPE_REPRESENTATION('',(#2845),#7266);
#4173=TESSELLATED_SHAPE_REPRESENTATION('',(#2846),#7266);
#4174=TESSELLATED_SHAPE_REPRESENTATION('',(#2847),#7266);
#4175=TESSELLATED_SHAPE_REPRESENTATION('',(#2848),#7266);
#4176=TESSELLATED_SHAPE_REPRESENTATION('',(#2849),#7266);
#4177=TESSELLATED_SHAPE_REPRESENTATION('',(#2850),#7266);
#4178=TESSELLATED_SHAPE_REPRESENTATION('',(#4401),#7266);
#4179=TESSELLATED_SHAPE_REPRESENTATION('',(#2851),#7266);
#4180=TESSELLATED_SHAPE_REPRESENTATION('',(#2852),#7266);
#4181=TESSELLATED_SHAPE_REPRESENTATION('',(#4402),#7266);
#4182=TESSELLATED_SHAPE_REPRESENTATION('',(#2853),#7266);
#4183=TESSELLATED_SHAPE_REPRESENTATION('',(#4403),#7266);
#4184=TESSELLATED_SHAPE_REPRESENTATION('',(#2854),#7266);
#4185=TESSELLATED_SHAPE_REPRESENTATION('',(#2855),#7266);
#4186=TESSELLATED_SHAPE_REPRESENTATION('',(#4404),#7266);
#4187=TESSELLATED_SHAPE_REPRESENTATION('',(#4405),#7266);
#4188=TESSELLATED_SHAPE_REPRESENTATION('',(#2856),#7266);
#4189=TESSELLATED_SHAPE_REPRESENTATION('',(#2857),#7266);
#4190=TESSELLATED_SHAPE_REPRESENTATION('',(#4406),#7266);
#4191=TESSELLATED_SHAPE_REPRESENTATION('',(#2858),#7266);
#4192=TESSELLATED_SHAPE_REPRESENTATION('',(#4407),#7266);
#4193=TESSELLATED_SHAPE_REPRESENTATION('',(#2859),#7266);
#4194=TESSELLATED_SHAPE_REPRESENTATION('',(#2860),#7266);
#4195=TESSELLATED_SHAPE_REPRESENTATION('',(#4408),#7266);
#4196=TESSELLATED_SHAPE_REPRESENTATION('',(#2861),#7266);
#4197=TESSELLATED_SHAPE_REPRESENTATION('',(#2862),#7266);
#4198=TESSELLATED_SHAPE_REPRESENTATION('',(#4409),#7266);
#4199=TESSELLATED_SHAPE_REPRESENTATION('',(#4410),#7266);
#4200=TESSELLATED_SHAPE_REPRESENTATION('',(#2863),#7266);
#4201=TESSELLATED_SHAPE_REPRESENTATION('',(#2864),#7266);
#4202=TESSELLATED_SHAPE_REPRESENTATION('',(#2865),#7266);
#4203=TESSELLATED_SHAPE_REPRESENTATION('',(#2866),#7266);
#4204=TESSELLATED_SHAPE_REPRESENTATION('',(#2867),#7266);
#4205=TESSELLATED_SHAPE_REPRESENTATION('',(#4411),#7266);
#4206=TESSELLATED_SHAPE_REPRESENTATION('',(#4412),#7266);
#4207=TESSELLATED_SHAPE_REPRESENTATION('',(#4413),#7266);
#4208=TESSELLATED_SHAPE_REPRESENTATION('',(#4414),#7266);
#4209=TESSELLATED_SHAPE_REPRESENTATION('',(#2868),#7266);
#4210=TESSELLATED_SHAPE_REPRESENTATION('',(#2869),#7266);
#4211=TESSELLATED_SHAPE_REPRESENTATION('',(#2870),#7266);
#4212=TESSELLATED_SHAPE_REPRESENTATION('',(#4415),#7266);
#4213=TESSELLATED_SHAPE_REPRESENTATION('',(#2871),#7266);
#4214=TESSELLATED_SHAPE_REPRESENTATION('',(#4416),#7266);
#4215=TESSELLATED_SHAPE_REPRESENTATION('',(#2872),#7266);
#4216=TESSELLATED_SHAPE_REPRESENTATION('',(#4417),#7266);
#4217=TESSELLATED_SHAPE_REPRESENTATION('',(#4418),#7266);
#4218=TESSELLATED_SHAPE_REPRESENTATION('',(#2873),#7266);
#4219=TESSELLATED_SHAPE_REPRESENTATION('',(#4419),#7266);
#4220=TESSELLATED_SHAPE_REPRESENTATION('',(#4420),#7266);
#4221=TESSELLATED_SOLID('BRY__A1 ',(),$);
#4222=TESSELLATED_SOLID('BRY__A1 ',(),$);
#4223=TESSELLATED_SOLID('BRY__A1 ',(),$);
#4224=TESSELLATED_SOLID('BRY__A1 ',(),$);
#4225=TESSELLATED_SOLID('BRY__A1 ',(),$);
#4226=TESSELLATED_SOLID('BRY__A1 ',(),$);
#4227=TESSELLATED_SOLID('BRY__A1 ',(),$);
#4228=TESSELLATED_SOLID('BRY__A1 ',(),$);
#4229=TESSELLATED_SOLID('BRY__A1 ',(),$);
#4230=TESSELLATED_SOLID('BRY__A1 ',(),$);
#4231=TESSELLATED_SOLID('BRY__A1 ',(),$);
#4232=TESSELLATED_SOLID('BRY__A1 ',(),$);
#4233=TESSELLATED_SOLID('BRY__A1 ',(),$);
#4234=TESSELLATED_SOLID('BRY__A1 ',(),$);
#4235=TESSELLATED_SOLID('BRY__A1 ',(),$);
#4236=TESSELLATED_SOLID('BRY__A1 ',(),$);
#4237=TESSELLATED_SOLID('BRY__A1 ',(),$);
#4238=TESSELLATED_SOLID('BRY__A1 ',(),$);
#4239=TESSELLATED_SOLID('BRY__A1 ',(),$);
#4240=TESSELLATED_SOLID('BRY__A1 ',(),$);
#4241=TESSELLATED_SOLID('BRY__A1 ',(),$);
#4242=TESSELLATED_SOLID('BRY__A1 ',(),$);
#4243=TESSELLATED_SOLID('BRY__A1 ',(),$);
#4244=TESSELLATED_SOLID('BRY__A1 ',(),$);
#4245=TESSELLATED_SOLID('BRY__A1 ',(),$);
#4246=TESSELLATED_SOLID('BRY__A1 ',(),$);
#4247=TESSELLATED_SOLID('BRY__A1 ',(),$);
#4248=TESSELLATED_SOLID('BRY__A1 ',(),$);
#4249=TESSELLATED_SOLID('BRY__A1 ',(),$);
#4250=TESSELLATED_SOLID('BRY__A1 ',(),$);
#4251=TESSELLATED_SOLID('BRY__A1 ',(),$);
#4252=TESSELLATED_SOLID('BRY__A1 ',(),$);
#4253=TESSELLATED_SOLID('BRY__A1 ',(),$);
#4254=TESSELLATED_SOLID('BRY__A1 ',(),$);
#4255=TESSELLATED_SOLID('BRY__A1 ',(),$);
#4256=TESSELLATED_SOLID('BRY__A1 ',(),$);
#4257=TESSELLATED_SOLID('BRY__A1 ',(),$);
#4258=TESSELLATED_SOLID('BRY__A1 ',(),$);
#4259=TESSELLATED_SOLID('BRY__A1 ',(),$);
#4260=TESSELLATED_SOLID('BRY__A1 ',(),$);
#4261=TESSELLATED_SOLID('BRY__A1 ',(),$);
#4262=TESSELLATED_SOLID('BRY__A1 ',(),$);
#4263=TESSELLATED_SOLID('BRY__A1 ',(),$);
#4264=TESSELLATED_SOLID('BRY__A1 ',(),$);
#4265=TESSELLATED_SOLID('BRY__A1 ',(),$);
#4266=TESSELLATED_SOLID('BRY__A1 ',(),$);
#4267=TESSELLATED_SOLID('BRY__A1 ',(),$);
#4268=TESSELLATED_SOLID('BRY__A1 ',(),$);
#4269=TESSELLATED_SOLID('BRY__A1 ',(),$);
#4270=TESSELLATED_SOLID('BRY__A1 ',(),$);
#4271=TESSELLATED_SOLID('BRY__A1 ',(),$);
#4272=TESSELLATED_SOLID('BRY__A1 ',(),$);
#4273=TESSELLATED_SOLID('BRY__A1 ',(),$);
#4274=TESSELLATED_SOLID('BRY__A1 ',(),$);
#4275=TESSELLATED_SOLID('BRY__A1 ',(),$);
#4276=TESSELLATED_SOLID('BRY__A1 ',(),$);
#4277=TESSELLATED_SOLID('BRY__A1 ',(),$);
#4278=TESSELLATED_SOLID('BRY__A1 ',(),$);
#4279=TESSELLATED_SOLID('BRY__A1 ',(),$);
#4280=TESSELLATED_SOLID('BRY__A1 ',(),$);
#4281=TESSELLATED_SOLID('BRY__A1 ',(),$);
#4282=TESSELLATED_SOLID('BRY__A1 ',(),$);
#4283=TESSELLATED_SOLID('BRY__A1 ',(),$);
#4284=TESSELLATED_SOLID('BRY__A1 ',(),$);
#4285=TESSELLATED_SOLID('BRY__A1 ',(),$);
#4286=TESSELLATED_SOLID('BRY__A1 ',(),$);
#4287=TESSELLATED_SOLID('BRY__A1 ',(),$);
#4288=TESSELLATED_SOLID('BRY__A1 ',(),$);
#4289=TESSELLATED_SOLID('BRY__A1 ',(),$);
#4290=TESSELLATED_SOLID('BRY__A1 ',(),$);
#4291=TESSELLATED_SOLID('BRY__A1 ',(),$);
#4292=TESSELLATED_SOLID('BRY__A1 ',(),$);
#4293=TESSELLATED_SOLID('BRY__A1 ',(),$);
#4294=TESSELLATED_SOLID('BRY__A1 ',(),$);
#4295=TESSELLATED_SOLID('BRY__A1 ',(),$);
#4296=TESSELLATED_SOLID('BRY__A1 ',(),$);
#4297=TESSELLATED_SOLID('BRY__A1 ',(),$);
#4298=TESSELLATED_SOLID('BRY__A1 ',(),$);
#4299=TESSELLATED_SOLID('BRY__A1 ',(),$);
#4300=TESSELLATED_SOLID('BRY__A1 ',(),$);
#4301=TESSELLATED_SOLID('BRY__A1 ',(),$);
#4302=TESSELLATED_SOLID('BRY__A1 ',(),$);
#4303=TESSELLATED_SOLID('BRY__A1 ',(),$);
#4304=TESSELLATED_SOLID('BRY__A1 ',(),$);
#4305=TESSELLATED_SOLID('BRY__A1 ',(),$);
#4306=TESSELLATED_SOLID('BRY__A1 ',(),$);
#4307=TESSELLATED_SOLID('BRY__A1 ',(),$);
#4308=TESSELLATED_SOLID('BRY__A1 ',(),$);
#4309=TESSELLATED_SOLID('BRY__A1 ',(),$);
#4310=TESSELLATED_SOLID('BRY__A1 ',(),$);
#4311=TESSELLATED_SOLID('BRY__A1 ',(),$);
#4312=TESSELLATED_SOLID('BRY__A1 ',(),$);
#4313=TESSELLATED_SOLID('BRY__A1 ',(),$);
#4314=TESSELLATED_SOLID('BRY__A1 ',(),$);
#4315=TESSELLATED_SOLID('BRY__A1 ',(),$);
#4316=TESSELLATED_SOLID('BRY__A1 ',(),$);
#4317=TESSELLATED_SOLID('BRY__A1 ',(),$);
#4318=TESSELLATED_SOLID('BRY__A1 ',(),$);
#4319=TESSELLATED_SOLID('BRY__A1 ',(),$);
#4320=TESSELLATED_SOLID('BRY__A1 ',(),$);
#4321=TESSELLATED_SOLID('BRY__A1 ',(),$);
#4322=TESSELLATED_SOLID('BRY__A1 ',(),$);
#4323=TESSELLATED_SOLID('BRY__A1 ',(),$);
#4324=TESSELLATED_SOLID('BRY__A1 ',(),$);
#4325=TESSELLATED_SOLID('BRY__A1 ',(),$);
#4326=TESSELLATED_SOLID('BRY__A1 ',(),$);
#4327=TESSELLATED_SOLID('BRY__A1 ',(),$);
#4328=TESSELLATED_SOLID('BRY__A1 ',(),$);
#4329=TESSELLATED_SOLID('BRY__A1 ',(),$);
#4330=TESSELLATED_SOLID('BRY__A1 ',(),$);
#4331=TESSELLATED_SOLID('BRY__A1 ',(),$);
#4332=TESSELLATED_SOLID('BRY__A1 ',(),$);
#4333=TESSELLATED_SOLID('BRY__A1 ',(),$);
#4334=TESSELLATED_SOLID('BRY__A1 ',(),$);
#4335=TESSELLATED_SOLID('BRY__A1 ',(),$);
#4336=TESSELLATED_SOLID('BRY__A1 ',(),$);
#4337=TESSELLATED_SOLID('BRY__A1 ',(),$);
#4338=TESSELLATED_SOLID('BRY__A1 ',(),$);
#4339=TESSELLATED_SOLID('BRY__A1 ',(),$);
#4340=TESSELLATED_SOLID('BRY__A1 ',(),$);
#4341=TESSELLATED_SOLID('BRY__A1 ',(),$);
#4342=TESSELLATED_SOLID('BRY__A1 ',(),$);
#4343=TESSELLATED_SOLID('BRY__A1 ',(),$);
#4344=TESSELLATED_SOLID('BRY__A1 ',(),$);
#4345=TESSELLATED_SOLID('BRY__A1 ',(),$);
#4346=TESSELLATED_SOLID('BRY__A1 ',(),$);
#4347=TESSELLATED_SOLID('BRY__A1 ',(),$);
#4348=TESSELLATED_SOLID('BRY__A1 ',(),$);
#4349=TESSELLATED_SOLID('BRY__A1 ',(),$);
#4350=TESSELLATED_SOLID('BRY__A1 ',(),$);
#4351=TESSELLATED_SOLID('BRY__A1 ',(),$);
#4352=TESSELLATED_SOLID('BRY__A1 ',(),$);
#4353=TESSELLATED_SOLID('BRY__A1 ',(),$);
#4354=TESSELLATED_SOLID('BRY__A1 ',(),$);
#4355=TESSELLATED_SOLID('BRY__A1 ',(),$);
#4356=TESSELLATED_SOLID('BRY__A1 ',(),$);
#4357=TESSELLATED_SOLID('BRY__A1 ',(),$);
#4358=TESSELLATED_SOLID('BRY__A1 ',(),$);
#4359=TESSELLATED_SOLID('BRY__A1 ',(),$);
#4360=TESSELLATED_SOLID('BRY__A1 ',(),$);
#4361=TESSELLATED_SOLID('BRY__A1 ',(),$);
#4362=TESSELLATED_SOLID('BRY__A1 ',(),$);
#4363=TESSELLATED_SOLID('BRY__A1 ',(),$);
#4364=TESSELLATED_SOLID('BRY__A1 ',(),$);
#4365=TESSELLATED_SOLID('BRY__A1 ',(),$);
#4366=TESSELLATED_SOLID('BRY__A1 ',(),$);
#4367=TESSELLATED_SOLID('BRY__A1 ',(),$);
#4368=TESSELLATED_SOLID('BRY__A1 ',(),$);
#4369=TESSELLATED_SOLID('BRY__A1 ',(),$);
#4370=TESSELLATED_SOLID('BRY__A1 ',(),$);
#4371=TESSELLATED_SOLID('BRY__A1 ',(),$);
#4372=TESSELLATED_SOLID('BRY__A1 ',(),$);
#4373=TESSELLATED_SOLID('BRY__A1 ',(),$);
#4374=TESSELLATED_SOLID('BRY__A1 ',(),$);
#4375=TESSELLATED_SOLID('BRY__A1 ',(),$);
#4376=TESSELLATED_SOLID('BRY__A1 ',(),$);
#4377=TESSELLATED_SOLID('BRY__A1 ',(),$);
#4378=TESSELLATED_SOLID('BRY__A1 ',(),$);
#4379=TESSELLATED_SOLID('BRY__A1 ',(),$);
#4380=TESSELLATED_SOLID('BRY__A1 ',(),$);
#4381=TESSELLATED_SOLID('BRY__A1 ',(),$);
#4382=TESSELLATED_SOLID('BRY__A1 ',(),$);
#4383=TESSELLATED_SOLID('BRY__A1 ',(),$);
#4384=TESSELLATED_SOLID('BRY__A1 ',(),$);
#4385=TESSELLATED_SOLID('BRY__A1 ',(),$);
#4386=TESSELLATED_SOLID('BRY__A1 ',(),$);
#4387=TESSELLATED_SOLID('BRY__A1 ',(),$);
#4388=TESSELLATED_SOLID('BRY__A1 ',(),$);
#4389=TESSELLATED_SOLID('BRY__A1 ',(),$);
#4390=TESSELLATED_SOLID('BRY__A1 ',(),$);
#4391=TESSELLATED_SOLID('BRY__A1 ',(),$);
#4392=TESSELLATED_SOLID('BRY__A1 ',(),$);
#4393=TESSELLATED_SOLID('BRY__A1 ',(),$);
#4394=TESSELLATED_SOLID('BRY__A1 ',(),$);
#4395=TESSELLATED_SOLID('BRY__A1 ',(),$);
#4396=TESSELLATED_SOLID('BRY__A1 ',(),$);
#4397=TESSELLATED_SOLID('BRY__A1 ',(),$);
#4398=TESSELLATED_SOLID('BRY__A1 ',(),$);
#4399=TESSELLATED_SOLID('BRY__A1 ',(),$);
#4400=TESSELLATED_SOLID('BRY__A1 ',(),$);
#4401=TESSELLATED_SOLID('BRY__A1 ',(),$);
#4402=TESSELLATED_SOLID('BRY__A1 ',(),$);
#4403=TESSELLATED_SOLID('BRY__A1 ',(),$);
#4404=TESSELLATED_SOLID('BRY__A1 ',(),$);
#4405=TESSELLATED_SOLID('BRY__A1 ',(),$);
#4406=TESSELLATED_SOLID('BRY__A1 ',(),$);
#4407=TESSELLATED_SOLID('BRY__A1 ',(),$);
#4408=TESSELLATED_SOLID('BRY__A1 ',(),$);
#4409=TESSELLATED_SOLID('BRY__A1 ',(),$);
#4410=TESSELLATED_SOLID('BRY__A1 ',(),$);
#4411=TESSELLATED_SOLID('BRY__A1 ',(),$);
#4412=TESSELLATED_SOLID('BRY__A1 ',(),$);
#4413=TESSELLATED_SOLID('BRY__A1 ',(),$);
#4414=TESSELLATED_SOLID('BRY__A1 ',(),$);
#4415=TESSELLATED_SOLID('BRY__A1 ',(),$);
#4416=TESSELLATED_SOLID('BRY__A1 ',(),$);
#4417=TESSELLATED_SOLID('BRY__A1 ',(),$);
#4418=TESSELLATED_SOLID('BRY__A1 ',(),$);
#4419=TESSELLATED_SOLID('BRY__A1 ',(),$);
#4420=TESSELLATED_SOLID('BRY__A1 ',(),$);
#4421=COORDINATES_LIST('',3,((-75.9095428899332,-35.0171073800807,-60.),
(-75.10844992,-34.31084892,-60.),(-74.8504131745962,-35.410994196091,-52.100116530335)));
#4422=COORDINATES_LIST('',3,((-74.3532840499094,-33.5556830600851,-60.),
(-73.64702559,-32.75459008,-60.),(-73.2531387786853,-33.8137198008969,-52.1001165299558)));
#4423=COORDINATES_LIST('',4,((-78.555938254905,-36.8155958115872,-60.),
(-78.555938254905,-36.8155958115872,60.),(-77.5893756656551,-37.4009669228258,
-52.10011653),(-77.5893756656551,-37.4009669228258,52.10011653)));
#4424=COORDINATES_LIST('',4,((-93.0038681144397,-6.11218199782107,-60.),
(-93.0038681144397,-6.11218199782107,60.0000000000001),(-92.8387941251378,
-4.99430313071799,-52.10011653),(-92.8387941251378,-4.99430313071799,52.1001165300001)));
#4425=COORDINATES_LIST('',3,((-99.4648236493597,-9.19930932809099,-52.1001165302582),
(-99.13821739,-10.28108146,-60.),(-98.3830515200454,-9.52591559095167,-60.0000000000083)));
#4426=COORDINATES_LIST('',4,((-75.9095428915437,-35.0171073802611,-60.),
(-75.9095428915437,-35.0171073802611,60.0000000000001),(-75.7210940170999,
-36.1312840295095,-52.10011653),(-75.7210940170999,-36.1312840295095,52.1001165300001)));
#4427=COORDINATES_LIST('',3,((-100.958652500122,-32.9430389447017,52.1001165270031),
(-100.4990396,-31.91073155,60.),(-99.8444758504925,-32.7545900804074,60.)));
#4428=COORDINATES_LIST('',3,((-104.300039228792,-25.8422306303187,-52.1001165289679),
(-103.444633999902,-25.1038645999814,-59.9999999999876),(-103.2116645,-26.14611034,
-60.)));
#4429=COORDINATES_LIST('',3,((-101.622850523721,-32.0288488383538,-52.1001165316286),
(-101.099325498809,-31.0274377692442,-59.9999999998237),(-100.4990396,-31.91073155,
-60.)));
#4430=COORDINATES_LIST('',4,((-91.7640991829834,-39.1916509370785,-52.10011653),
(-91.7640991829834,-39.1916509370785,52.10011653),(-90.9734788080957,-38.3842959920721,
-60.),(-90.9734788080957,-38.3842959920721,60.)));
#4431=COORDINATES_LIST('',4,((-98.6410882679627,-35.4109942004778,-52.10011653),
(-98.6410882679627,-35.4109942004778,52.10011653),(-98.3830515219042,-34.3108489195534,
-60.),(-98.3830515219042,-34.3108489195534,60.)));
#4432=COORDINATES_LIST('',4,((-100.238362662113,-10.0230446959098,-52.10011653),
(-100.238362662113,-10.0230446959098,52.10011653),(-99.8444758454322,-11.0821744283012,
-60.),(-99.8444758454322,-11.0821744283012,60.)));
#4433=COORDINATES_LIST('',4,((-98.6410882716644,-35.4109941955244,-52.10011653),
(-98.6410882716644,-35.4109941955244,52.10011653),(-97.5819585490743,-35.0171073824891,
-60.),(-97.5819585490743,-35.0171073824891,60.)));
#4434=COORDINATES_LIST('',3,((-95.9021257735769,-6.43579758129156,-52.1001165303281),
(-95.85480623,-7.564807523,-60.),(-94.935563180146,-7.02116869573446,-60.0000000000379)));
#4435=COORDINATES_LIST('',4,((-99.4648236520106,-9.19930933665932,-52.10011653),
(-99.4648236520106,-9.19930933665932,52.10011653),(-98.3830515222734,-9.52591559852988,
-60.),(-98.3830515222734,-9.52591559852988,60.)));
#4436=COORDINATES_LIST('',4,((-104.019019404649,-16.9000338047478,-52.10011653),
(-104.019019404649,-16.9000338047478,52.10011653),(-103.211664480062,-17.6906541596398,
-60.),(-103.211664480062,-17.6906541596398,60.)));
#4437=COORDINATES_LIST('',4,((-82.5180226445588,-5.45246851353566,-60.),
(-82.5180226445588,-5.45246851353566,60.),(-81.7274022671717,-4.64511356597694,
-52.10011653),(-81.7274022671717,-4.64511356597694,52.10011653)));
#4438=COORDINATES_LIST('',3,((-72.3921759898603,-12.8093267399114,60.0000000000207),
(-71.84853716,-13.7285698,60.),(-71.2631660450294,-12.7620072067054,52.1001165301502)));
#4439=COORDINATES_LIST('',4,((-101.622850508995,-32.0288488252977,-52.10011653),
(-101.622850508995,-32.0288488252977,52.1001165300001),(-101.099325469291,
-31.0274377860545,-60.),(-101.099325469291,-31.0274377860545,60.0000000000001)));
#4440=COORDINATES_LIST('',3,((-103.669829863657,-15.8253388522378,-52.10011653),
(-102.9137115,-16.66509335,-60.),(-102.551951,-15.66026486,-60.)));
#4441=COORDINATES_LIST('',4,((-70.0468674578906,-18.7328999124437,-60.),
(-70.0468674578906,-18.7328999124437,60.),(-69.1914621783582,-17.994533881902,
-52.10011653),(-69.1914621783582,-17.994533881902,52.10011653)));
#4442=COORDINATES_LIST('',4,((-101.622850509796,-11.8079156851214,-52.10011653),
(-101.622850509796,-11.8079156851214,52.1001165300001),(-101.099325470092,
-12.8093267243646,-60.),(-101.099325470092,-12.8093267243646,60.0000000000001)));
#4443=COORDINATES_LIST('',3,((-97.7704074189233,-7.70548048153939,-52.1001165299284),
(-97.58195855,-8.81965713,-60.),(-96.7381000100766,-8.1650933518946,-60.0000000000163)));
#4444=COORDINATES_LIST('',3,((-94.93556318,-7.021168696,-60.),(-94.9118982229711,
-5.89141538087434,-52.1001165300327),(-93.983998679886,-6.53632236524235,
-59.9999999999665)));
#4445=COORDINATES_LIST('',3,((-75.90954289,-35.01710738,60.),(-75.1084499200706,
-34.3108489199248,59.9999999999871),(-74.8504131752654,-35.4109941961091,
52.1001165302814)));
#4446=COORDINATES_LIST('',29,((-86.74575072,-36.918382263,110.2),(-86.74575072,
-36.918382263,125.),(-86.74575072,-6.918382257,110.2),(-86.74575072,-6.918382257,
125.),(-83.1560157549687,-36.4825095243036,110.2),(-83.1560157549687,-36.4825095243036,
125.),(-83.1560157549687,-7.35425499569639,110.2),(-83.1560157549687,-7.35425499569639,
125.),(-79.7749031379493,-35.2002226474545,110.2),(-79.7749031379493,-35.2002226474545,
125.),(-79.7749031379493,-8.63654187254549,110.2),(-79.7749031379493,-8.63654187254549,
125.),(-79.5543676402391,-35.0821206913928,110.2),(-76.7989108443987,-33.146043484812,
110.2),(-76.7989108443987,-33.146043484812,125.),(-76.7989108443987,-10.690721035188,
110.2),(-76.7989108443987,-10.690721035188,125.),(-74.4009927291262,-30.4393534626715,
110.2),(-74.4009927291262,-30.4393534626715,125.),(-74.4009927291262,-13.3974110573285,
110.2),(-74.4009927291262,-13.3974110573285,125.),(-72.7205070769137,-27.2374555667018,
110.2),(-72.7205070769137,-27.2374555667018,125.),(-72.7205070769137,-16.5993089532981,
110.2),(-72.7205070769137,-16.5993089532981,125.),(-71.8551176055511,-23.7264324641915,
110.2),(-71.8551176055511,-23.7264324641915,125.),(-71.8551176055511,-20.1103320558085,
110.2),(-71.8551176055511,-20.1103320558085,125.)));
#4447=COORDINATES_LIST('',3,((-83.56026837,-38.61726552,-60.),(-82.8219023407319,
-39.4726707994292,-52.10011653),(-82.51802264,-38.384296,-60.)));
#4448=COORDINATES_LIST('',4,((-100.238362664229,-33.8137198133029,-52.10011653),
(-100.238362664229,-33.8137198133029,52.10011653),(-99.8444758475491,-32.7545900809115,
-60.),(-99.8444758475491,-32.7545900809115,60.)));
#4449=COORDINATES_LIST('',4,((-71.3636908297682,-14.6801342972394,-60.),
(-71.3636908297682,-14.6801342972394,60.),(-70.2376527596528,-14.7746903558653,
-52.10011653),(-70.2376527596528,-14.7746903558653,52.10011653)));
#4450=COORDINATES_LIST('',3,((-78.555938259854,-7.02116869573446,60.0000000000379),
(-77.63669521,-7.564807523,60.),(-77.5893756659807,-6.43579758155321,52.1001165303281)));
#4451=COORDINATES_LIST('',3,((-89.9312330699969,-38.617265519984,-59.999999999998),
(-89.5596133823419,-39.6844118977289,-52.1001165298974),(-88.87641569,-38.78433218,
-60.)));
#4452=COORDINATES_LIST('',3,((-89.93123307,-38.61726552,60.),(-89.5596133818672,
-39.6844118927601,52.1001165292746),(-88.8764156900021,-38.7843321800165,
60.)));
#4453=COORDINATES_LIST('',3,((-91.99903962,-38.08634303,60.),(-91.7640991785398,
-39.1916509464449,52.1001165310223),(-90.9734788000741,-38.3842960002885,
60.)));
#4454=COORDINATES_LIST('',3,((-81.4924618200178,-5.75042148005464,59.9999999999928),
(-80.6527073144909,-4.9943031315289,52.1001165298415),(-80.48763332,-6.112181997,
60.)));
#4455=COORDINATES_LIST('',4,((-91.9990396314563,-5.7504214775649,-60.),
(-91.9990396314563,-5.7504214775649,60.0000000000001),(-91.7640991835278,
-4.64511357225014,-52.10011653),(-91.7640991835278,-4.64511357225014,52.1001165300001)));
#4456=COORDINATES_LIST('',3,((-104.724360460184,-21.3533816839572,52.10011653),
(-103.7457507,-21.91838226,60.),(-103.7122051,-20.85094342,60.)));
#4457=COORDINATES_LIST('',3,((-69.8798008,-24.04904723,60.),(-69.7792963400331,
-22.9858210899979,59.9999999999959),(-68.8380943795478,-23.6111541739713,
52.1001165302048)));
#4458=COORDINATES_LIST('',4,((-102.77271760008,-13.7522347561834,-52.10011653),
(-102.77271760008,-13.7522347561834,52.10011653),(-101.64296430004,-13.7285697980974,
-60.),(-101.64296430004,-13.7285697980974,60.)));
#4459=COORDINATES_LIST('',4,((-104.300039279443,-25.8422306538156,-52.10011653),
(-104.300039279443,-25.8422306538156,52.10011653),(-103.44463398845,-25.1038646133812,
-60.),(-103.44463398845,-25.1038646133812,60.)));
#4460=COORDINATES_LIST('',3,((-80.48763332,-37.72458252,-60.),(-79.6020588220934,
-38.426480216565,-52.10011653),(-79.50750276,-37.30044215,-60.)));
#4461=COORDINATES_LIST('',4,((-87.3107512878318,-3.9397725597482,-52.10011653),
(-87.3107512878318,-3.9397725597482,52.10011653),(-86.7457507167766,-4.91838225513894,
-60.),(-86.7457507167766,-4.91838225513894,60.)));
#4462=COORDINATES_LIST('',3,((-104.511780386067,-19.1045195952321,52.10011653),
(-103.6117006,-19.78771729,60.),(-103.444634,-18.73289991,60.)));
#4463=COORDINATES_LIST('',3,((-86.74575072,-4.91838225710805,59.9999999999865),
(-86.1807501489917,-3.9397725600754,52.1001165301236),(-85.67831189,-4.951927874,
60.)));
#4464=COORDINATES_LIST('',4,((-71.3636908359368,-29.1566302141262,-60.),
(-71.3636908359368,-29.1566302141262,60.0000000000001),(-70.718783847689,
-30.084529765344,-52.10011653),(-70.718783847689,-30.084529765344,52.1001165300001)));
#4465=COORDINATES_LIST('',3,((-81.49246182,-5.75042148,-60.),(-80.6527073147009,
-4.99430313029152,-52.1001165299782),(-80.4876333199785,-6.11218199694575,
-60.)));
#4466=COORDINATES_LIST('',3,((-84.615085750004,-5.05243233403179,59.999999999996),
(-83.9318880580381,-4.15235261688426,52.1001165299994),(-83.56026837,-5.219498994,
60.)));
#4467=COORDINATES_LIST('',4,((-91.7640991787841,-4.64511357180929,-52.10011653),
(-91.7640991787841,-4.64511357180929,52.10011653),(-90.973478801397,-5.45246851936801,
-60.),(-90.973478801397,-5.45246851936801,60.)));
#4468=COORDINATES_LIST('',34,((-98.74575072,-21.91838226,-198.),(-98.74575072,
-21.91838226,-174.),(-98.3368606354688,-25.0242108012303,-198.),(-98.3368606354688,
-25.0242108012303,-174.),(-98.3368606354688,-18.8125537187698,-198.),(-98.3368606354688,
-18.8125537187698,-174.),(-97.1380555654133,-15.91838226,-198.),(-97.1380555654133,
-15.91838226,-174.),(-97.1380555654133,-27.91838226,-198.),(-97.1380555654133,
-27.91838226,-174.),(-95.2310320942386,-30.4036636342386,-198.),(-95.2310320942386,
-30.4036636342386,-174.),(-95.2310320942386,-13.4331008857614,-198.),(-95.2310320942386,
-13.4331008857614,-174.),(-92.74575072,-11.5260774145867,-198.),(-92.74575072,
-11.5260774145867,-174.),(-92.74575072,-32.3106871054133,-198.),(-92.74575072,
-32.3106871054133,-174.),(-90.7457507196809,-10.6046737609024,-198.),(-90.7457507196809,
-10.6046737609024,-186.),(-90.6378304135407,-10.5670952995216,-185.076896545392),
(-90.3141606374683,-10.4612250794026,-184.19274286853),(-89.859800195275,
-10.3294782624021,-183.487880266236),(-89.8515792612303,-10.3272723445312,
-174.),(-89.8515792612302,-33.5094921754688,-198.),(-89.8515792612302,-33.5094921754688,
-174.),(-89.7979665913015,-10.3130395991832,-183.413237201446),(-89.0991930483113,
-10.1514238931444,-182.764303613713),(-88.2828985703399,-10.0172404456111,
-182.30783967627),(-87.3778784977879,-9.93504322313098,-182.049962075049),
(-86.74575072,-33.91838226,-198.),(-86.74575072,-33.91838226,-174.),(-86.74575072,
-9.91838226,-182.),(-86.74575072,-9.91838226,-174.)));
#4469=COORDINATES_LIST('',4,((-91.9990396329474,-38.0863430327521,-60.),
(-91.9990396329474,-38.0863430327521,60.0000000000001),(-91.7640991844089,
-39.1916509409371,-52.10011653),(-91.7640991844089,-39.1916509409371,52.1001165300001)));
#4470=COORDINATES_LIST('',4,((-70.2798369797744,-17.6906541791921,-60.),
(-70.2798369797744,-17.6906541791921,60.),(-69.19146218088,-17.9945338831518,
-52.10011653),(-69.19146218088,-17.9945338831518,52.10011653)));
#4471=COORDINATES_LIST('',4,((-101.622850499682,-32.0288488330223,-52.10011653),
(-101.622850499682,-32.0288488330223,52.10011653),(-100.499039600229,-31.9107315478193,
-60.),(-100.499039600229,-31.9107315478193,60.)));
#4472=COORDINATES_LIST('',4,((-102.228335400152,-31.07475730637,-52.10011653),
(-102.228335400152,-31.07475730637,52.1001165300001),(-101.099325499939,
-31.0274377714592,-60.),(-101.099325499939,-31.0274377714592,60.0000000000001)));
#4473=COORDINATES_LIST('',4,((-71.8485371569634,-30.108194718161,-60.),
(-71.8485371569634,-30.108194718161,60.),(-71.2631660457248,-31.0747573074109,
-52.10011653),(-71.2631660457248,-31.0747573074109,52.10011653)));
#4474=COORDINATES_LIST('',3,((-87.8131895500069,-4.95192787389049,60.),
(-87.3107512913811,-3.93977256130417,52.1001165299716),(-86.74575072,-4.918382257,
60.)));
#4475=COORDINATES_LIST('',4,((-70.279836983246,-17.6906541766853,-60.),
(-70.279836983246,-17.6906541766853,60.),(-69.4724820382396,-16.9000338017977,
-52.10011653),(-69.4724820382396,-16.9000338017977,52.10011653)));
#4476=COORDINATES_LIST('',302,((-93.9371338,-8.75464382800001,108.2),(-93.9371337992298,
-8.75464382957927,110.2),(-93.8941584260264,-8.83330972240624,108.204025705852),
(-93.8941584251883,-8.83330972394035,110.195974293991),(-93.778789582718,
-9.04449097358135,108.256116669174),(-93.7787895819238,-9.04449097503521,
110.143883330246),(-93.6730197177121,-9.23810141283024,108.365426745491),
(-93.6730197170098,-9.23810141411575,110.034573253542),(-93.6084678629107,
-8.58034966620383,110.2),(-93.6084678623681,-8.5803496672583,108.2),(-93.5832607016918,
-9.40240418959248,108.525329453115),(-93.5832607011241,-9.40240419063168,
109.87467054559),(-93.5674565822334,-8.66005713293972,108.204025705852),
(-93.5674565814336,-8.66005713449413,110.195974293991),(-93.5149538123154,
-9.52743911192275,108.726131336511),(-93.5149538119166,-9.52743911265265,
109.673868661943),(-93.4722398787445,-9.60562644288165,108.955659592877),
(-93.4722398785389,-9.60562644325801,109.444340405421),(-93.4577082606084,
-9.63222639146025,109.199999999122),(-93.4573604115782,-8.87403452441192,
108.256116669174),(-93.4573604108202,-8.87403452588504,110.143883330246),
(-93.3564245195822,-9.07020845804354,108.365426745491),(-93.356424518912,
-9.07020845934607,110.034573253542),(-93.2707677368475,-9.23668668178544,
108.525329453115),(-93.2707677363057,-9.2366866828384,109.87467054559),
(-93.2055826597152,-9.36337712600947,108.726131336511),(-93.2055826593347,
-9.36337712674904,109.673868661943),(-93.1648208700941,-9.44259969445087,
108.955659592877),(-93.1648208698979,-9.44259969483222,109.444340405421),
(-93.1509533867743,-9.46955183901139,109.199999999122),(-91.0826773949702,
-7.55902757141106,110.2),(-91.0826773946273,-7.55902757254627,108.2),(-91.0567601214704,
-7.64483841181357,108.204025705852),(-91.056760120965,-7.64483841348701,
110.195974293991),(-90.9871843238113,-7.87520051641043,108.256116669174),
(-90.9871843233324,-7.87520051799634,110.143883330246),(-90.9233974077338,
-8.08639591377228,108.365426745491),(-90.9233974073102,-8.08639591517454,
110.034573253542),(-90.8692661972819,-8.26562173630836,108.525329453115),
(-90.8692661969396,-8.26562173744195,109.87467054559),(-90.8280721783623,
-8.40201314272267,108.726131336511),(-90.8280721781219,-8.40201314351887,
109.673868661943),(-90.8023125719199,-8.4873019551162,108.955659592877),
(-90.8023125717959,-8.48730195552675,109.444340405421),(-90.7935489500086,
-8.5163178838629,109.199999999122),(-88.4138123654554,-7.01141843755347,
110.2),(-88.4138123653236,-7.01141843873198,108.2),(-88.403844106105,-7.10050176484746,
108.204025705852),(-88.4038441059106,-7.10050176658472,110.195974293991),
(-88.3770839765882,-7.3396489712339,108.256116669174),(-88.377083976404,
-7.33964897288029,110.143883330246),(-88.3525503572386,-7.55889852779247,
108.365426745491),(-88.3525503570757,-7.55889852924821,110.034573253542),
(-88.3317304995966,-7.74495931607543,108.525329453115),(-88.3317304994649,
-7.74495931725226,109.87467054559),(-88.3158865234052,-7.88655215260635,
108.726131336511),(-88.3158865233127,-7.88655215343291,109.673868661943),
(-88.3059789057006,-7.97509354380272,108.955659592877),(-88.3059789056529,
-7.97509354422892,109.444340405421),(-88.3026082557724,-8.00521602559122,
109.199999999122),(-86.7457507207191,-6.91838225929356,108.2),(-86.7457507207191,
-6.9183822581077,110.2),(-85.7603070645627,-7.95310743796581,109.199999999122),
(-85.7581735453015,-7.9228721397268,109.444340405421),(-85.7581735452713,
-7.92287213929901,108.955659592877),(-85.7519023234723,-7.83399913736639,
109.673868661943),(-85.7519023234137,-7.83399913653674,108.726131336511),
(-85.7418735665582,-7.69187599754479,109.87467054559),(-85.7418735664749,
-7.69187599636356,108.525329453115),(-85.7286952274243,-7.50511836133868,
110.034573253542),(-85.7286952273211,-7.5051183598775,108.365426745491),
(-85.7131661896308,-7.28504765581411,110.143883330246),(-85.7131661895142,
-7.28504765416155,108.256116669174),(-85.6962278383462,-7.0450047782569,
110.195974293991),(-85.6962278382232,-7.04500477651313,108.204025705852),
(-85.6899182321245,-6.95558780913823,108.2),(-85.689918232041,-6.95558780795531,
110.2),(-83.2505155119806,-8.36171117548941,109.199999999122),(-83.2429482080588,
-8.33236051833503,109.444340405421),(-83.2429482079517,-8.33236051791976,
108.955659592877),(-83.2207050334094,-8.24608781144981,109.673868661943),
(-83.2207050332018,-8.24608781064443,108.726131336511),(-83.185134390618,
-8.10812298908774,109.87467054559),(-83.1851343903224,-8.10812298794107,
108.525329453115),(-83.1383926061739,-7.926829611132,110.034573253542),
(-83.1383926058082,-7.92682960971356,108.365426745491),(-83.0833132118902,
-7.71319785607154,110.143883330246),(-83.0833132114766,-7.71319785446733,
108.256116669174),(-83.0232351734868,-7.48017828583807,110.195974293991),
(-83.0232351730504,-7.48017828414533,108.204025705852),(-83.0008558545948,
-7.39337752787497,108.2),(-83.0008558542987,-7.39337752672666,110.2),(-80.8560312455171,
-9.21754746204751,109.199999999122),(-80.8432798011578,-9.19004971976216,
109.444340405421),(-80.8432798009774,-9.1900497193731,108.955659592877),
(-80.8057984726893,-9.10922343203335,109.673868661943),(-80.8057984723394,
-9.10922343127881,108.726131336511),(-80.7458594141997,-8.97996836596101,
109.87467054559),(-80.7458594137015,-8.97996836488672,108.525329453115),
(-80.6670961889149,-8.81012008764661,110.034573253542),(-80.6670961882987,
-8.81012008631772,108.365426745491),(-80.5742834991105,-8.60997496265942,
110.143883330246),(-80.5742834984135,-8.60997496115649,108.256116669174),
(-80.4730477390788,-8.39166598047821,110.195974293991),(-80.4730477383434,
-8.39166597889232,108.204025705852),(-80.4353369978955,-8.31034497767788,
108.2),(-80.4353369973966,-8.31034497660206,110.2),(-80.0337931786062,-34.2045381281107,
109.199999999122),(-80.019261560674,-34.231138076312,109.444340405421),
(-80.0192615604684,-34.2311380766884,108.955659592877),(-79.9765476272913,
-34.3093254069146,109.673868661943),(-79.9765476268926,-34.3093254076445,
108.726131336511),(-79.9082407380759,-34.4343603289312,109.87467054559),
(-79.9082407375081,-34.4343603299705,108.525329453115),(-79.8184817221796,
-34.5986631054414,110.034573253542),(-79.8184817214773,-34.5986631067269,
108.365426745491),(-79.7311668964284,-34.0343062377687,109.199999999122),
(-79.7159800822317,-34.0605376280978,109.444340405421),(-79.7159800820168,
-34.0605376284689,108.955659592877),(-79.7127118572533,-34.7922735445152,
110.143883330246),(-79.7127118564591,-34.7922735459691,108.256116669174),
(-79.6713402786722,-34.1376416274101,109.673868661943),(-79.6713402782555,
-34.1376416281299,108.726131336511),(-79.5999535934653,-34.2609441173005,
109.87467054559),(-79.599953592872,-34.2609441183253,108.525329453115),
(-79.5973430139752,-35.0034547956027,110.195974293991),(-79.5973430131372,
-35.0034547971368,108.204025705852),(-79.55436764,-35.08212069,108.2),(-79.55436764,
-35.08212069,110.2),(-79.5061475559505,-34.422970382546,110.034573253542),
(-79.5061475552166,-34.4229703838137,108.365426745491),(-79.3956087781115,
-34.6138982355133,110.143883330246),(-79.3956087772814,-34.613898236947,
108.256116669174),(-79.2750382267021,-34.8221534465958,110.195974293991),
(-79.2750382258262,-34.8221534481087,108.204025705852),(-79.2301251954066,
-34.8997293778947,108.2),(-79.2301251948124,-34.899729378921,110.2),(-78.6558479425609,
-10.4923823867037,109.199999999122),(-78.6383330260041,-10.4676447056877,
109.444340405421),(-78.6383330257563,-10.4676447053377,108.955659592877),
(-78.5868500471299,-10.3949312842442,109.673868661943),(-78.5868500466493,
-10.3949312835654,108.726131336511),(-78.504519953506,-10.278650079736,
109.87467054559),(-78.5045199528218,-10.2786500787696,108.525329453115),
(-78.3963336743884,-10.1258501703306,110.034573253542),(-78.3963336735419,
-10.1258501691351,108.365426745491),(-78.2688495658016,-9.94579443311931,
110.143883330246),(-78.2688495648443,-9.94579443176724,108.256116669174),
(-78.1297958367056,-9.74939801962182,110.195974293991),(-78.1297958356954,
-9.74939801819512,108.204025705852),(-78.0779977449357,-9.67623953968925,
108.2),(-78.0779977442505,-9.67623953872141,110.2),(-77.6553371283801,-32.5656533087841,
109.199999999122),(-77.6356560716475,-32.5887050152269,109.444340405421),
(-77.635656071369,-32.5887050155531,108.955659592877),(-77.5778059857107,
-32.6564627183233,109.673868661943),(-77.5778059851707,-32.6564627189559,
108.726131336511),(-77.4852937982757,-32.7648188811105,109.87467054559),
(-77.4852937975068,-32.7648188820111,108.525329453115),(-77.3637276868929,
-32.9072048490529,110.034573253542),(-77.3637276859417,-32.9072048501669,
108.365426745491),(-77.2204771058544,-33.0749890481809,110.143883330246),
(-77.2204771047787,-33.0749890494408,108.256116669174),(-77.0642260428052,
-33.2580002393856,110.195974293991),(-77.0642260416701,-33.2580002407151,
108.204025705852),(-77.0060218726935,-33.3261726684069,108.2),(-77.0060218719235,
-33.3261726693087,110.2),(-76.72254932081,-12.1441593361938,109.199999999122),
(-76.7008487465301,-12.1229978088396,109.444340405421),(-76.7008487462231,
-12.1229978085402,108.955659592877),(-76.637062533014,-12.0607960585662,
109.673868661943),(-76.6370625324186,-12.0607960579856,108.726131336511),
(-76.5350574617161,-11.9613248151464,109.87467054559),(-76.5350574608683,
-11.9613248143197,108.525329453115),(-76.4010171779132,-11.8306141207803,
110.034573253542),(-76.4010171768645,-11.8306141197576,108.365426745491),
(-76.2430673321963,-11.676587783153,110.143883330246),(-76.2430673310102,
-11.6765877819964,108.256116669174),(-76.0707829957362,-11.5085830266111,
110.195974293991),(-76.0707829944846,-11.5085830253907,108.204025705852),
(-76.0066063646707,-11.4460005568442,108.2),(-76.0066063638217,-11.4460005560163,
110.2),(-75.8793987434754,-30.7457485022755,109.199999999122),(-75.8558727193215,
-30.7648600524885,109.444340405421),(-75.8558727189886,-30.7648600527589,
108.955659592877),(-75.7867208166797,-30.8210361428901,109.673868661943),
(-75.7867208160341,-30.8210361434146,108.726131336511),(-75.6761350902267,
-30.9108713249897,109.87467054559),(-75.6761350893076,-30.9108713257363,
108.525329453115),(-75.5308193527865,-31.0289197038681,110.034573253542),
(-75.5308193516495,-31.0289197047917,108.365426745491),(-75.3595827837661,
-31.1680250735524,110.143883330246),(-75.3595827824802,-31.1680250745969,
108.256116669174),(-75.1728059082492,-31.3197547330865,110.195974293991),
(-75.1728059068924,-31.3197547341887,108.204025705852),(-75.1199146122942,
-14.1183864362994,109.199999999122),(-75.1032307461776,-31.3762746616051,
108.2),(-75.1032307452572,-31.3762746623528,110.2),(-75.0947442789872,-14.1014991782255,
109.444340405421),(-75.0947442786311,-14.1014991779865,108.955659592877),
(-75.0207591284614,-14.0518611255495,109.673868661943),(-75.0207591277708,
-14.0518611250861,108.726131336511),(-74.9024442115168,-13.9724813846431,
109.87467054559),(-74.9024442105334,-13.9724813839833,108.525329453115),
(-74.7469718919195,-13.8681720315501,110.034573253542),(-74.7469718907031,
-13.868172030734,108.365426745491),(-74.5637670508304,-13.7452563993205,
110.143883330246),(-74.5637670494547,-13.7452563983975,108.256116669174),
(-74.4619396830946,-28.6346302052881,109.199999999122),(-74.4353448115332,
-28.6491711120916,109.444340405421),(-74.4353448111569,-28.6491711122973,
108.955659592877),(-74.3639357414674,-13.6111857514947,110.195974293991),
(-74.3639357400157,-13.6111857505208,108.204025705852),(-74.3571724030994,
-28.6919123489882,109.673868661943),(-74.3571724023697,-28.6919123493872,
108.726131336511),(-74.289497748555,-13.5612438781996,108.2),(-74.2894977475703,
-13.5612438775389,110.2),(-74.2321613441845,-28.7602629011949,109.87467054559),
(-74.2321613431455,-28.760262901763,108.525329453115),(-74.0678899251047,
-28.8500792926674,110.034573253542),(-74.0678899238195,-28.8500792933701,
108.365426745491),(-73.9008144960609,-16.3499342306185,109.199999999122),
(-73.8743164368725,-28.9559167675924,110.143883330246),(-73.874316435419,
-28.9559167683871,108.256116669174),(-73.8730047692535,-16.33787834994,
109.444340405421),(-73.87300476886,-16.3378783497695,108.955659592877),
(-73.791261440755,-16.3024415467861,109.673868661943),(-73.7912614399919,
-16.3024415464553,108.726131336511),(-73.6631754900424,-29.0713593567085,
110.195974293991),(-73.6631754885086,-29.0713593575472,108.204025705852),
(-73.6605398695565,-16.245772034159,109.87467054559),(-73.6605398684701,
-16.2457720336879,108.525329453115),(-73.584524610189,-29.1143622007463,
108.2),(-73.5845246091485,-29.1143622013152,110.2),(-73.4887645227072,-16.1713051722779,
110.034573253542),(-73.4887645213633,-16.1713051716952,108.365426745491),
(-73.4497217093822,-26.3019438943101,109.199999999122),(-73.4209353512437,
-26.3114344553661,109.444340405421),(-73.4209353508364,-26.3114344555003,
108.955659592877),(-73.3363213330662,-26.3393308117527,109.673868661943),
(-73.3363213322763,-26.3393308120131,108.726131336511),(-73.2863485865195,
-16.0835552137472,110.143883330246),(-73.2863485849995,-16.0835552130883,
108.256116669174),(-73.2010090378032,-26.3839418595845,109.87467054559),
(-73.2010090366786,-26.3839418599553,108.525329453115),(-73.1054669023907,
-18.7651842915798,109.199999999122),(-73.0759352208058,-18.758357509995,
109.444340405421),(-73.0759352203879,-18.7583575098985,108.955659592877),
(-73.0655627092256,-15.9878416452328,110.195974293991),(-73.0655627076217,
-15.9878416445375,108.204025705852),(-73.0232012266005,-26.4425632343458,
110.034573253542),(-73.0232012252093,-26.4425632348045,108.365426745491),
(-72.989130414501,-18.7382910111927,109.673868661943),(-72.9891304136907,
-18.7382910110054,108.726131336511),(-72.9833190527059,-15.952187943331,
108.2),(-72.9833190516179,-15.9521879428593,110.2),(-72.8761377417164,-23.8246445414325,
109.199999999122),(-72.8503146741077,-18.7062012455804,109.87467054559),
(-72.850314672954,-18.7062012453137,108.525329453115),(-72.8461095546452,
-23.8287716645529,109.444340405421),(-72.8461095542203,-23.8287716646113,
108.955659592877),(-72.8136767795466,-26.5116412520624,110.143883330246),
(-72.8136767779733,-26.5116412525811,108.256116669174),(-72.7601102292992,
-21.2844578813437,109.199999999122),(-72.7578453305132,-23.8409028438098,
109.673868661943),(-72.7578453296892,-23.840902843923,108.726131336511),
(-72.7298308386901,-21.2830854133548,109.444340405421),(-72.7298308382617,
-21.2830854133354,108.955659592877),(-72.6679031429764,-18.6640335255336,
110.034573253542),(-72.6679031415492,-18.6640335252037,108.365426745491),
(-72.6408282321406,-21.2790512096948,109.673868661943),(-72.6408282313097,
-21.2790512096571,108.726131336511),(-72.6166957312604,-23.8603026754789,
109.87467054559),(-72.6166957300873,-23.8603026756402,108.525329453115),
(-72.5851372696218,-26.5869883370327,110.195974293991),(-72.5851372679616,
-26.58698833758,108.204025705852),(-72.5000053527356,-26.6150554392043,
108.2),(-72.5000053516093,-26.6150554395756,110.2),(-72.498497833041,-21.2725998276595,
109.87467054559),(-72.4984978318581,-21.2725998276059,108.525329453115),
(-72.4529537831142,-18.6143440986937,110.143883330246),(-72.4529537815,
-18.6143440983206,108.256116669174),(-72.4312173810005,-23.885795123154,
110.034573253542),(-72.4312173795493,-23.8857951233535,108.365426745491),
(-72.3114678467245,-21.264122356217,110.034573253542),(-72.3114678452612,
-21.2641223561507,108.365426745491),(-72.2184970309198,-18.5601451857834,
110.195974293991),(-72.2184970292166,-18.5601451853897,108.204025705852),
(-72.2126541552581,-23.9158348102018,110.143883330246),(-72.2126541536168,
-23.9158348104274,108.256116669174),(-72.1311609167056,-18.5399558655616,
108.2),(-72.1311609155502,-18.5399558652945,110.2),(-72.091076210382,-21.2541327078185,
110.143883330246),(-72.091076208727,-21.2541327077435,108.256116669174),
(-71.9742555664484,-23.9486007019758,110.195974293991),(-71.9742555647166,
-23.9486007022139,108.204025705852),(-71.8854511017192,-23.9608061327835,
108.2),(-71.8854511005444,-23.960806132945,110.2),(-71.8506832764333,-21.2432364645333,
110.195974293991),(-71.850683274687,-21.2432364644541,108.204025705852),
(-71.7611359098545,-21.2391775686424,108.2),(-71.7611359086699,-21.2391775685887,
110.2)));
#4477=COORDINATES_LIST('',73,((-98.2101002744533,-22.075027679471,-200.),
(-98.1171307979215,-20.4612305147939,-200.),(-98.0719936488151,-23.6913436277531,
-200.),(-97.7971509272059,-18.8668321962538,-200.),(-97.709180749187,-25.2730472705233,
-200.),(-97.2577507489849,-17.3416973925036,-200.),(-97.1273487863344,-26.7830417740499,
-200.),(-96.5049719918407,-15.9028476481033,-200.),(-96.3342846590103,-28.2028356868525,
-200.),(-95.5596909643496,-14.5855404913102,-200.),(-95.3559343563215,-29.4893671297195,
-200.),(-94.4396008473022,-13.4193334185647,-200.),(-94.1996653115025,-30.6284410061437,
-200.),(-93.160512554015,-12.4158259225735,-200.),(-92.896930789604,-31.5938967029797,
-200.),(-91.7594894652895,-11.6078448207802,-200.),(-91.7340735651488,-21.5634942614548,
-200.),(-91.6941682479593,-22.6353390014376,-200.),(-91.5434988699123,-20.5106846042467,
-200.),(-91.4726895913872,-32.3632618403492,-200.),(-91.4295708511335,-23.6704170487856,
-200.),(-91.1433336782347,-19.5370961923231,-200.),(-91.1336635294718,-24.3155099529846,
-200.),(-90.74575072,-14.91838226,-200.),(-90.74575072,-11.17475038,-200.),
(-90.5345156165199,-18.6555167961579,-200.),(-90.5234200967503,-25.195394863983,
-200.),(-89.9473422220441,-32.9268908532835,-200.),(-89.7546276840963,-17.9240506676719,
-200.),(-89.7371637832626,-25.9249192719377,-200.),(-88.8334940597825,-17.37473703316,
-200.),(-88.8180597703011,-26.4696131676899,-200.),(-88.3676014598468,-33.2684550643812,
-200.),(-87.8209202237864,-17.034753265303,-200.),(-87.7991795458596,-26.8064767580552,
-200.),(-86.7542391478042,-16.9177874006912,-200.),(-86.7457510091604,-33.3824838759802,
-200.),(-86.7372622921958,-26.9189771193088,-200.),(-85.6923218941404,-17.0302877619448,
-200.),(-85.6705812162136,-26.802011254697,-200.),(-85.6446075763998,-33.3303164637588,
-200.),(-84.6734416696989,-17.3671513523101,-200.),(-84.6580073802175,-26.46202748684,
-200.),(-84.0497158640475,-33.061951812384,-200.),(-83.7543376567374,-17.9118452480623,
-200.),(-83.7368737559037,-25.9127138523281,-200.),(-82.9680813432497,-18.641369656017,
-200.),(-82.9569858234801,-25.1812477238421,-200.),(-82.74575072,-14.91838226,
-200.),(-82.7457507187818,-11.1747503861642,-200.),(-82.500873728944,-32.5678038554965,
-200.),(-82.3578379105282,-19.5212545670154,-200.),(-82.3481677617653,-24.2996683276769,
-200.),(-82.0619305888665,-20.1663474712144,-200.),(-81.9480025700877,-23.3260799157533,
-200.),(-81.7973331920407,-21.2014255185624,-200.),(-81.7574278748512,-22.2732702585452,
-200.),(-81.2656130055865,-11.847501310023,-200.),(-81.0442690596798,-31.8657044073662,
-200.),(-79.9043291360181,-12.7187952966905,-200.),(-79.698766351614,-30.9610073098975,
-200.),(-78.6715020602759,-13.7792195812926,-200.),(-78.4912599146911,-29.8752390847296,
-200.),(-77.6052115345559,-14.997172873152,-200.),(-77.4536159536624,-28.6341574049515,
-200.),(-76.7212104967196,-16.3564977413866,-200.),(-76.5974355781198,-27.2516060376407,
-200.),(-76.0350482352863,-17.8274255965631,-200.),(-75.9472304154457,-25.7716675746298,
-200.),(-75.5670734781242,-19.3744653805405,-200.),(-75.5127003694006,-24.2087426465564,
-200.),(-75.3192377611371,-20.9817434906849,-200.),(-75.300831532389,-22.5998513508382,
-200.)));
#4478=COORDINATES_LIST('',3,((-73.6470255899883,-11.0821744299903,60.0000000000019),
(-72.99246182,-11.92603297,60.),(-72.5328489389765,-10.8937255541919,52.1001165307397)));
#4479=COORDINATES_LIST('',3,((-71.3636908302395,-29.1566302098873,-60.),
(-70.93955046,-28.17649965,-60.),(-70.2376527543844,-29.0620741596029,-52.1001165305488)));
#4480=COORDINATES_LIST('',4,((-84.6150857525633,-5.05243233205436,-60.),
(-84.6150857525633,-5.05243233205436,60.),(-83.9318880623688,-4.15235261520197,
-52.10011653),(-83.9318880623688,-4.15235261520197,52.10011653)));
#4481=COORDINATES_LIST('',3,((-80.48763332,-6.112181997,-60.),(-79.602058822703,
-5.41028429541961,-52.1001165299714),(-79.5075027598999,-6.53632236478719,
-60.)));
#4482=COORDINATES_LIST('',3,((-101.622850512945,-11.8079156864689,52.10011653),
(-101.0993255,-12.80932674,60.),(-100.4990396,-11.92603297,60.)));
#4483=COORDINATES_LIST('',3,((-96.856217288629,-7.04128247767711,-52.1001165294565),
(-96.73810001,-8.165093352,-60.),(-95.8548062299734,-7.56480752304198,-59.9999999999938)));
#4484=COORDINATES_LIST('',4,((-73.6470255936068,-11.0821744286586,-60.),
(-73.6470255936068,-11.0821744286586,60.),(-73.2531387817866,-10.0230447093356,
-52.10011653),(-73.2531387817866,-10.0230447093356,52.10011653)));
#4485=COORDINATES_LIST('',3,((-72.99246182,-31.91073155,60.),(-72.392175990116,
-31.0274377699264,59.9999999999828),(-71.8686509406089,-32.0288488279921,
52.1001165294189)));
#4486=COORDINATES_LIST('',4,((-104.019019401351,-26.9367307163575,-52.10011653),
(-104.019019401351,-26.9367307163575,52.1001165300001),(-102.9137115007,
-27.1716711632946,-60.),(-102.9137115007,-27.1716711632946,60.0000000000001)));
#4487=COORDINATES_LIST('',3,((-78.5559382597991,-36.8155958203655,-60.),
(-77.63669521,-36.27195699,-60.),(-77.5893756651065,-37.4009669326753,-52.1001165305428)));
#4488=COORDINATES_LIST('',3,((-88.8764156899969,-38.7843321799751,-59.9999999999969),
(-88.4385226366129,-39.8260385953062,-52.1001165301881),(-87.81318955,-38.88483664,
-60.)));
#4489=COORDINATES_LIST('',3,((-104.01901939611,-16.9000338012906,52.10011653),
(-103.2116645,-17.69065418,60.),(-102.9137115,-16.66509335,60.)));
#4490=COORDINATES_LIST('',3,((-97.7704074190166,-7.70548048217381,52.1001165298729),
(-97.5819585499157,-8.81965713010195,60.),(-96.73810001,-8.165093352,60.)));
#4491=COORDINATES_LIST('',3,((-104.511780386067,-24.7322449147679,-52.10011653),
(-103.6117006,-24.04904723,-60.),(-103.444634,-25.1038646,-60.)));
#4492=COORDINATES_LIST('',56,((-104.542605831489,-22.2594813123139,60.),
(-104.467551477367,-20.2330096412509,60.),(-104.390747807612,-24.2827768188475,
60.),(-104.166839777621,-18.2490120322825,60.),(-104.012113091091,-26.2561747379252,
60.),(-103.636865156366,-16.2993928559892,60.),(-103.409181419588,-28.1778413543896,
60.),(-102.884730232431,-14.4090302625385,60.),(-102.587114656938,-30.0388961544163,
60.),(-101.936395407216,-12.6343581603846,60.),(-101.567522133901,-31.7811594192142,
60.),(-100.79214324708,-10.9809143968714,60.),(-100.36176636,-33.3856443591248,
60.),(-99.4535171605103,-9.45427566592458,60.),(-98.9668722839401,-34.8603011276016,
60.),(-97.9565451549382,-8.08981315360137,60.),(-97.4175363096582,-36.1681346420702,
60.),(-96.3298818163456,-6.91500566773927,60.),(-95.7446493926323,-37.2792935166462,
60.),(-94.5656551399351,-5.92703003723349,60.),(-93.9489209167928,-38.1959744770451,
60.),(-92.6901753037089,-5.13958840547328,60.),(-92.0451475217344,-38.9130029581825,
60.),(-90.76081598934,-4.57389495888991,60.),(-90.0890992783855,-39.4050073499429,
60.),(-88.7773821944093,-4.23243096537983,60.),(-88.0988593044041,-39.6681845604994,
60.),(-86.74575072,-39.71838226,60.),(-86.74575072,-4.11838226,60.),(-85.3926421355967,
-4.16857995950053,60.),(-84.7141192455993,-39.6043335546201,60.),(-83.4024021616154,
-4.43175717005691,60.),(-82.7306854506685,-39.2628695611094,60.),(-81.4463539182663,
-4.92376156181729,60.),(-80.8013261362882,-38.6971761145238,60.),(-79.5425805232079,
-5.64079004295469,60.),(-78.925846300055,-37.9097344827637,60.),(-77.7468520473705,
-6.55747100335404,60.),(-77.161619623652,-36.9217588522613,60.),(-76.0739651303359,
-7.66862987793808,60.),(-75.5349562850639,-35.7469513664003,60.),(-74.5246291560517,
-8.97646339240789,60.),(-74.0379842794847,-34.3824888540705,60.),(-73.1297350800003,
-10.4511201608705,60.),(-72.699358192916,-32.8558501231248,60.),(-71.923979306104,
-12.055605100775,60.),(-71.555106032783,-31.202406359615,60.),(-70.904386783064,
-13.7978683655797,60.),(-70.6067712075687,-29.4277342574609,60.),(-70.0823200204111,
-15.6589231656115,60.),(-69.8546362836341,-27.5373716640098,60.),(-69.4793883489087,
-17.5805897820704,60.),(-69.3246616623792,-25.5877524877166,60.),(-69.1007536323877,
-19.5539877011473,60.),(-69.0239499626329,-23.6037548787482,60.),(-68.948895608511,
-21.5772832076842,60.)));
#4493=COORDINATES_LIST('',4,((-69.7457507163204,-21.9183822536267,-60.),
(-69.7457507163204,-21.9183822536267,60.),(-68.7671410179296,-22.483382826414,
-52.10011653),(-68.7671410179296,-22.483382826414,52.10011653)));
#4494=COORDINATES_LIST('',4,((-72.9924618161497,-31.9107315482857,-60.),
(-72.9924618161497,-31.9107315482857,60.),(-72.5328489436296,-32.943038961616,
-52.10011653),(-72.5328489436296,-32.943038961616,52.10011653)));
#4495=COORDINATES_LIST('',302,((-101.730365533109,-22.5975869509294,110.2),
(-101.730365530171,-22.5975869507962,108.2),(-101.640818165395,-22.5935280549905,
108.204025706005),(-101.640818165395,-22.5935280549905,110.195974293995),
(-101.606050341109,-19.8759583861952,110.2),(-101.606050338196,-19.8759583865957,
108.2),(-101.517245875255,-19.8881638171613,108.204025706005),(-101.517245875255,
-19.8881638171613,110.195974293995),(-101.400425231574,-22.58263181172,
108.256116669692),(-101.400425231574,-22.58263181172,110.143883330308),
(-101.360340526272,-25.2968086546163,110.2),(-101.360340523406,-25.2968086539539,
108.2),(-101.278847286573,-19.920929708928,108.256116669692),(-101.278847286573,
-19.920929708928,110.143883330308),(-101.27300441095,-25.2766193341416,
108.204025706005),(-101.27300441095,-25.2766193341416,110.195974293995),
(-101.180033595325,-22.5726421633341,108.365426746279),(-101.180033595325,
-22.5726421633341,110.034573253721),(-101.060284060926,-19.950969395972,
110.034573253721),(-101.060284060926,-19.950969395972,108.365426746279),
(-101.038547658878,-25.2224204212678,110.143883330308),(-101.038547658878,
-25.2224204212678,108.256116669692),(-100.993003609049,-22.5641646919004,
109.874670545932),(-100.993003609049,-22.5641646919004,108.525329454068),
(-100.991496089841,-17.2217090792183,110.2),(-100.991496087048,-17.2217090801392,
108.2),(-100.906364171877,-17.2497761817495,108.204025706005),(-100.906364171877,
-17.2497761817495,110.195974293995),(-100.874805710707,-19.9764618436493,
109.874670545932),(-100.874805710707,-19.9764618436493,108.525329454068),
(-100.850673209922,-22.5577133098692,108.726131337527),(-100.850673209922,
-22.5577133098692,109.673868662473),(-100.823598299107,-25.1727309944563,
108.365426746279),(-100.823598299107,-25.1727309944563,110.034573253721),
(-100.761670603268,-22.5536791062078,108.955659593862),(-100.761670603268,
-22.5536791062078,109.444340406138),(-100.733656111428,-19.9958616753281,
108.726131337527),(-100.733656111428,-19.9958616753281,109.673868662473),
(-100.731391212478,-22.5523066382118,109.2),(-100.677824662077,-17.3251232666904,
110.143883330308),(-100.677824662077,-17.3251232666904,108.256116669692),
(-100.645391887193,-20.0079928546029,108.955659593862),(-100.645391887193,
-20.0079928546029,109.444340406138),(-100.641186768014,-25.1305632744248,
109.874670545932),(-100.641186768014,-25.1305632744248,108.525329454068),
(-100.615363699943,-20.0121199777491,109.2),(-100.508182390165,-27.8845765774419,
110.2),(-100.508182387466,-27.8845765762721,108.2),(-100.502371027592,-25.0984735088108,
108.726131337527),(-100.502371027592,-25.0984735088108,109.673868662473),
(-100.468300215116,-17.394201284387,108.365426746279),(-100.468300215116,
-17.394201284387,110.034573253721),(-100.425938732602,-27.8489228750907,
108.204025706005),(-100.425938732602,-27.8489228750907,110.195974293995),
(-100.415566221185,-25.0784070099879,108.955659593862),(-100.415566221185,
-25.0784070099879,109.444340406138),(-100.386034539424,-25.0715802283633,
109.2),(-100.290492403955,-17.4528226591437,108.525329454068),(-100.290492403955,
-17.4528226591437,109.874670545932),(-100.205152855422,-27.7532093066334,
108.256116669692),(-100.205152855422,-27.7532093066334,110.143883330308),
(-100.155180108668,-17.4974337069905,108.726131337527),(-100.155180108668,
-17.4974337069905,109.673868662473),(-100.070566090392,-17.5253300634137,
108.955659593862),(-100.070566090392,-17.5253300634137,109.444340406138),
(-100.041779732083,-17.5348206245276,109.2),(-100.002736919318,-27.6654593481462,
108.365426746279),(-100.002736919318,-27.6654593481462,110.034573253721),
(-99.9069768320288,-14.7224023171794,110.2),(-99.9069768294483,-14.7224023185903,
108.2),(-99.8309615725045,-27.5909924862863,109.874670545932),(-99.8309615725045,
-27.5909924862863,108.525329454068),(-99.828325951181,-14.7654051617662,
108.204025706005),(-99.828325951181,-14.7654051617662,110.195974293995),
(-99.7002400012789,-27.5343229736519,108.726131337527),(-99.7002400012789,
-27.5343229736519,109.673868662473),(-99.6184966726836,-27.4988861704587,
108.955659593862),(-99.6184966726836,-27.4988861704587,109.444340406138),
(-99.6171850044685,-14.8808477508318,110.143883330308),(-99.6171850044685,
-14.8808477508318,108.256116669692),(-99.59068694571,-27.4868302897092,
109.2),(-99.4236115163246,-14.9866852257212,110.034573253721),(-99.4236115163246,
-14.9866852257212,108.365426746279),(-99.2593400972853,-15.0765016171823,
108.525329454068),(-99.2593400972853,-15.0765016171823,109.874670545932),
(-99.2020036940922,-30.2755206431335,110.2),(-99.2020036916499,-30.2755206414949,
108.2),(-99.1343290383494,-15.1448521694086,108.726131337527),(-99.1343290383494,
-15.1448521694086,109.673868662473),(-99.1275657002354,-30.2255787692074,
110.195974293995),(-99.1275657002354,-30.2255787692074,108.204025706005),
(-99.0561566298262,-15.1875934063593,108.955659593862),(-99.0561566298262,
-15.1875934063593,109.444340406138),(-99.0295617581069,-15.2021343132508,
109.2),(-98.9277343909749,-30.0915081214575,108.256116669692),(-98.9277343909749,
-30.0915081214575,110.143883330308),(-98.7445295499614,-29.9685924892851,
110.034573253721),(-98.7445295499613,-29.9685924892851,108.365426746279),
(-98.5890572303955,-29.8642831362187,109.874670545932),(-98.5890572303955,
-29.8642831362187,108.525329454068),(-98.4707423134258,-29.7849033952997,
108.726131337527),(-98.4707423134258,-29.7849033952997,109.673868662473),
(-98.3967571628121,-29.7352653425674,108.955659593862),(-98.3967571628121,
-29.7352653425674,109.444340406138),(-98.3882706955877,-12.4604898559035,
110.2),(-98.388270693305,-12.4604898577579,108.2),(-98.3715868293546,-29.7183780843934,
109.2),(-98.3186955326376,-12.5170097851422,108.204025706005),(-98.3186955326376,
-12.5170097851422,110.195974293995),(-98.1319186572279,-12.6687394446061,
108.256116669692),(-98.1319186572279,-12.6687394446061,110.143883330308),
(-97.9606820882885,-12.8078448142401,108.365426746279),(-97.9606820882885,
-12.8078448142401,110.034573253721),(-97.8153663508865,-12.9258931931007,
108.525329454068),(-97.8153663508865,-12.9258931931007,109.874670545932),
(-97.7047806244169,-13.0157283752238,108.726131337527),(-97.7047806244169,
-13.0157283752238,109.673868662473),(-97.6356287216971,-13.0719044656951,
108.955659593862),(-97.6356287216971,-13.0719044656951,109.444340406138),
(-97.6121026974039,-13.0910160160233,109.2),(-97.4848950776466,-32.390763964992,
110.2),(-97.4848950755409,-32.3907639629387,108.2),(-97.4207184457666,-32.3281814944334,
110.195974293995),(-97.4207184457666,-32.3281814944334,108.204025706005),
(-97.2484341093944,-32.160176737984,110.143883330308),(-97.2484341093944,
-32.160176737984,108.256116669692),(-97.0904842637421,-32.0061504004259,
108.365426746279),(-97.0904842637421,-32.0061504004259,110.034573253721),
(-96.9564439799659,-31.8754397060911,109.874670545932),(-96.9564439799658,
-31.8754397060911,108.525329454068),(-96.854438908646,-31.7759684626539,
108.726131337527),(-96.854438908646,-31.7759684626539,109.673868662473),
(-96.7906526950539,-31.713766712309,108.955659593862),(-96.7906526950539,
-31.713766712309,109.444340406138),(-96.7689521206442,-31.692605184829,
109.2),(-96.4854795685428,-10.5105918487816,110.2),(-96.4854795666331,-10.5105918510183,
108.2),(-96.4272753976976,-10.5787642786701,108.204025706005),(-96.4272753976976,
-10.5787642786701,110.195974293995),(-96.271024334742,-10.761775469787,
110.143883330308),(-96.271024334742,-10.761775469787,108.256116669692),
(-96.1277737537748,-10.9295596688516,108.365426746279),(-96.1277737537748,
-10.9295596688516,110.034573253721),(-96.006207642427,-11.07194563677,109.874670545932),
(-96.006207642427,-11.07194563677,108.525329454068),(-95.9136954549803,
-11.1803017995839,108.726131337527),(-95.9136954549803,-11.1803017995839,
109.673868662473),(-95.8558453689797,-11.2480595027631,108.955659593862),
(-95.8558453689797,-11.2480595027631,109.444340406138),(-95.8361643121311,
-11.2711112093445,109.2),(-95.4135036969584,-34.1605249825732,110.2),(-95.413503695259,
-34.1605249801729,108.2),(-95.361705604531,-34.0873665017144,110.195974293995),
(-95.361705604531,-34.0873665017144,108.204025706005),(-95.2226518755055,
-33.8909700883233,110.143883330308),(-95.2226518755055,-33.8909700883232,
108.256116669692),(-95.0951677669705,-33.7109143511911,110.034573253721),
(-95.0951677669705,-33.7109143511911,108.365426746279),(-94.9869814878741,
-33.5581144418209,109.874670545932),(-94.9869814878741,-33.5581144418208,
108.525329454068),(-94.9046513942323,-33.4418332372913,108.726131337527),
(-94.9046513942323,-33.4418332372913,109.673868662473),(-94.8531684152966,
-33.3691198157633,108.955659593862),(-94.8531684152966,-33.3691198157633,
109.444340406138),(-94.835653498635,-33.3443821346001,109.2),(-94.2613762452448,
-8.93703513908406,110.2),(-94.2613762437713,-8.9370351416293,108.2),(-94.2164632133851,
-9.01461107136883,108.204025706005),(-94.2164632133851,-9.01461107136883,
110.195974293995),(-94.0958926620528,-9.2228662823486,108.256116669692),
(-94.0958926620528,-9.2228662823486,110.143883330308),(-93.9853538842732,
-9.41379413524112,108.365426746279),(-93.9853538842732,-9.41379413524111,
110.034573253721),(-93.9371338,-8.754643828,110.2),(-93.9371338,-8.754643828,
108.2),(-93.8941584260537,-8.83330972235621,108.204025706005),(-93.8941584260537,
-8.8333097223562,110.195974293995),(-93.8915478467891,-9.57582040045713,
108.525329454068),(-93.8915478467891,-9.57582040045712,109.874670545932),
(-93.8201611615762,-9.6991228903761,108.726131337527),(-93.8201611615762,
-9.6991228903761,109.673868662473),(-93.7787895828503,-9.04449097333914,
108.256116669692),(-93.7787895828503,-9.04449097333913,110.143883330308),
(-93.7755213579693,-9.77622688978164,108.955659593862),(-93.7755213579693,
-9.77622688978164,109.444340406138),(-93.7603345436837,-9.80245828026804,
109.2),(-93.6730197179817,-9.23810141233671,108.365426746279),(-93.6730197179817,
-9.2381014123367,110.034573253721),(-93.5832607021156,-9.40240418881673,
108.525329454068),(-93.5832607021156,-9.40240418881673,109.874670545932),
(-93.5149538128948,-9.5274391108621,108.726131337527),(-93.5149538128948,
-9.5274391108621,109.673868662473),(-93.472239879467,-9.60562644155911,
108.955659593862),(-93.472239879467,-9.60562644155911,109.444340406138),
(-93.4577082614499,-9.63222638991996,109.2),(-93.0561644434995,-35.5264195449171,
110.2),(-93.0561644422622,-35.526419542249,108.2),(-93.0184537018373,-35.4450985410867,
110.195974293995),(-93.0184537018373,-35.4450985410867,108.204025706005),
(-92.9172179418568,-35.2267895590224,110.143883330308),(-92.9172179418568,
-35.2267895590224,108.256116669692),(-92.8244052520898,-35.026644434122,
110.034573253721),(-92.8244052520898,-35.026644434122,108.365426746279),
(-92.7456420268203,-34.8567961558457,109.874670545932),(-92.7456420268203,
-34.8567961558457,108.525329454068),(-92.6857029683174,-34.7275410897488,
108.726131337527),(-92.6857029683174,-34.7275410897488,109.673868662473),
(-92.648221639804,-34.6467148019257,108.955659593862),(-92.648221639804,
-34.6467148019257,109.444340406138),(-92.6354701953684,-34.6192170594765,
109.2),(-90.4906455862452,-36.4433869949457,110.2),(-90.490645585511,-36.4433869920978,
108.2),(-90.4682662670689,-36.3565862358828,110.195974293995),(-90.4682662670689,
-36.3565862358828,108.204025706005),(-90.4081882286956,-36.1235666657733,
110.143883330308),(-90.4081882286956,-36.1235666657733,108.256116669692),
(-90.353108834434,-35.9099349108048,108.365426746279),(-90.353108834434,
-35.9099349108048,110.034573253721),(-90.3063670499988,-35.728641532889,
108.525329454068),(-90.3063670499988,-35.728641532889,109.874670545932),
(-90.2707964071994,-35.5906767105003,108.726131337527),(-90.2707964071994,
-35.5906767105003,109.673868662473),(-90.2485532325233,-35.5044040035141,
108.955659593862),(-90.2485532325233,-35.5044040035141,109.444340406138),
(-90.2409859285562,-35.4750533461847,109.2),(-87.8015832081269,-36.8811767137924,
110.2),(-87.8015832079199,-36.8811767108586,108.2),(-87.7952736018248,-36.7917597435406,
110.195974293995),(-87.7952736018248,-36.7917597435406,108.204025706005),
(-87.7783352505485,-36.5517168661107,110.143883330308),(-87.7783352505485,
-36.5517168661107,108.256116669692),(-87.7628062127611,-36.3316461606805,
110.034573253721),(-87.7628062127611,-36.3316461606805,108.365426746279),
(-87.7496278736295,-36.1448885245152,109.874670545932),(-87.7496278736295,
-36.1448885245152,108.525329454068),(-87.7395991167131,-36.0027653846659,
108.726131337527),(-87.7395991167131,-36.0027653846659,109.673868662473),
(-87.7333278948762,-35.9138923822014,108.955659593862),(-87.7333278948762,
-35.9138923822014,109.444340406138),(-87.7311943756022,-35.8836570837821,
109.2),(-86.7457507192809,-36.9183822636475,110.2),(-86.7457507192809,-36.9183822607064,
108.2),(-85.1888931840136,-35.8315484961509,109.2),(-85.185522534113,-35.8616709776928,
108.955659593862),(-85.185522534113,-35.8616709776928,109.444340406138),
(-85.1756149164414,-35.9502123685926,108.726131337527),(-85.1756149164414,
-35.9502123685926,109.673868662473),(-85.159770940286,-36.0918052048009,
109.874670545932),(-85.159770940286,-36.0918052048009,108.525329454068),
(-85.1389510826795,-36.2778659927643,108.365426746279),(-85.1389510826795,
-36.2778659927643,110.034573253721),(-85.1144174633614,-36.4971155490382,
110.143883330308),(-85.1144174633614,-36.4971155490382,108.256116669692),
(-85.0876573338686,-36.736262755207,110.195974293995),(-85.0876573338686,
-36.736262755207,108.204025706005),(-85.0776890746564,-36.8253460812658,
108.2),(-85.0776890743293,-36.8253460841886,110.2),(-82.697952489408,-35.3204466377944,
109.2),(-82.6891888675683,-35.3494625663035,108.955659593862),(-82.6891888675683,
-35.3494625663035,109.444340406138),(-82.6634292612117,-35.4347513784112,
108.726131337527),(-82.6634292612117,-35.4347513784112,109.673868662473),
(-82.6222352423852,-35.5711427845145,109.874670545932),(-82.6222352423852,
-35.5711427845145,108.525329454068),(-82.5681040320253,-35.7503686067424,
108.365426746279),(-82.5681040320253,-35.7503686067424,110.034573253721),
(-82.5043171160293,-35.9615640038298,110.143883330308),(-82.5043171160293,
-35.9615640038298,108.256116669692),(-82.4347413184322,-36.1919261082166,
110.195974293995),(-82.4347413184322,-36.1919261082166,108.204025706005),
(-82.4088240452914,-36.2777369474292,108.2),(-82.4088240444411,-36.2777369502446,
110.2),(-80.3405480522985,-34.3672126824854,109.2),(-80.3266805690919,-34.3941648268251,
108.955659593862),(-80.3266805690919,-34.3941648268251,109.444340406138),
(-80.2859187796065,-34.4733873950008,108.726131337527),(-80.2859187796065,
-34.4733873950008,109.673868662473),(-80.2207337026215,-34.6000778389355,
109.874670545932),(-80.2207337026215,-34.6000778389355,108.525329454068),
(-80.1350769200323,-34.7665560623906,110.034573253721),(-80.1350769200323,
-34.7665560623906,108.365426746279),(-80.0341410281654,-34.9627299957665,
110.143883330308),(-80.0341410281654,-34.9627299957665,108.256116669692),
(-80.0337931777647,-34.204538129651,109.2),(-80.0192615597459,-34.2311380780109,
108.955659593862),(-80.0192615597459,-34.2311380780109,109.444340406138),
(-79.9765476263131,-34.3093254087052,108.726131337527),(-79.9765476263131,
-34.3093254087052,109.673868662473),(-79.9240448576083,-35.1767073870429,
108.204025706005),(-79.9240448576083,-35.1767073870429,110.195974293995),
(-79.9082407370844,-34.4343603307462,108.525329454068),(-79.9082407370844,
-34.4343603307462,109.874670545932),(-79.8830335774989,-35.2564148526733,
108.2),(-79.8830335761533,-35.2564148552884,110.2),(-79.8184817212077,-34.5986631072205,
110.034573253721),(-79.8184817212077,-34.5986631072205,108.365426746279),
(-79.7127118563267,-34.7922735462113,110.143883330308),(-79.7127118563267,
-34.7922735462113,108.256116669692),(-79.5973430131098,-35.0034547971868,
110.195974293995),(-79.5973430131098,-35.0034547971868,108.204025706005),
(-79.55436764,-35.08212069,108.2),(-79.5543676399287,-35.082120691961,110.2)));
#4496=COORDINATES_LIST('',29,((-101.636383831471,-23.7264324638299,110.2),
(-101.636383831471,-23.7264324638299,125.),(-101.636383831471,-20.1103320561702,
110.2),(-101.636383831471,-20.1103320561702,125.),(-100.770994360281,-27.237455565638,
110.2),(-100.770994360281,-27.237455565638,125.),(-100.770994360281,-16.599308954362,
110.2),(-100.770994360281,-16.599308954362,125.),(-99.0905087084049,-13.3974110590327,
110.2),(-99.0905087084049,-13.3974110590327,125.),(-99.0905087084048,-30.4393534609674,
110.2),(-99.0905087084048,-30.4393534609674,125.),(-96.6925905936119,-33.1460434825665,
110.2),(-96.6925905936119,-33.1460434825665,125.),(-96.6925905936119,-10.6907210374335,
110.2),(-96.6925905936119,-10.6907210374335,125.),(-93.9371337983226,-8.75464383123992,
110.2),(-93.7165983006565,-8.63654187520186,110.2),(-93.7165983006565,-8.63654187520186,
125.),(-93.7165983006565,-35.2002226447981,110.2),(-93.7165983006565,-35.2002226447981,
125.),(-90.3354856843134,-7.35425499860922,110.2),(-90.3354856843134,-7.35425499860922,
125.),(-90.3354856843134,-36.4825095213908,110.2),(-90.3354856843134,-36.4825095213908,
125.),(-86.74575072,-36.91838226,110.2),(-86.74575072,-36.91838226,125.),
(-86.74575072,-6.91838226,110.2),(-86.74575072,-6.91838226,125.)));
#4497=COORDINATES_LIST('',3,((-104.511780386091,-24.7322449146156,52.10011653),
(-103.6117006,-24.04904723,60.),(-103.444634,-25.1038646,60.)));
#4498=COORDINATES_LIST('',54,((-103.234356581435,-22.5408392828451,-60.),
(-103.192981542704,-20.5831017069856,-60.),(-103.050106803988,-24.470076495102,
-60.),(-102.923683377939,-18.6584851902784,-60.),(-102.638288264521,-26.3626497139462,
-60.),(-102.429636249243,-16.7895423904844,-60.),(-101.998964613714,-28.2104024519138,
-60.),(-101.712038925915,-14.9703230680117,-60.),(-101.153391005346,-29.9645210366473,
-60.),(-100.790290999817,-13.2525397725148,-60.),(-100.114462669857,-31.5942808070224,
-60.),(-99.680194318552,-11.6704694193966,-60.),(-98.8781551663721,-33.1018202611784,
-60.),(-98.3811526197671,-10.2193414997601,-60.),(-97.4704840781884,-34.4591301018407,
-60.),(-96.917218843703,-8.92352330126263,-60.),(-95.9314574124991,-35.6287894453544,
-60.),(-95.3250667474715,-7.820937023007,-60.),(-94.254972150982,-36.6120869896823,
-60.),(-93.611851401761,-6.91446508975356,-60.),(-92.4611287833114,-37.3972930623233,
-60.),(-91.7863379333358,-6.20570702984569,-60.),(-90.60772907953,-37.9629456848777,
-60.),(-89.9047109730134,-5.72040610971719,-60.),(-88.7007836374471,-38.3043513943033,
-60.),(-87.9886848807711,-5.46406866717154,-60.),(-86.74575072,-38.41838226,
-60.),(-86.74575072,-5.41838226,-60.),(-85.5028165592302,-38.3726958528286,
-60.),(-84.7907178025651,-5.53241312569691,-60.),(-83.586790466988,-38.1163584102831,
-60.),(-82.8837723604812,-5.87381883512332,-60.),(-81.7051635066654,-37.6310574901547,
-60.),(-81.030372656682,-6.43947145768133,-60.),(-79.8796500382403,-36.922299430247,
-60.),(-79.2365292890083,-7.22467753031969,-60.),(-78.1664346925296,-36.0158274969937,
-60.),(-77.5600440275051,-8.20797507464198,-60.),(-76.574282596298,-34.9132412187382,
-60.),(-76.0210173618143,-9.37763441815909,-60.),(-75.1103488202336,-33.6174230202406,
-60.),(-74.6133462736165,-10.7349442588315,-60.),(-73.8113071214492,-32.1662951006046,
-60.),(-73.3770387701333,-12.242483712985,-60.),(-72.7012104401834,-30.5842247474849,
-60.),(-72.3381104346522,-13.8722434833527,-60.),(-71.7794625140851,-28.8664414519877,
-60.),(-71.4925368262852,-15.6263620680876,-60.),(-71.0618651907569,-27.0472221295173,
-60.),(-70.85321317548,-17.474114806053,-60.),(-70.5678180620612,-25.1782793297251,
-60.),(-70.4413946360119,-19.3666880248995,-60.),(-70.2985198972959,-23.2536628130172,
-60.),(-70.2571448585654,-21.2959252371565,-60.)));
#4499=COORDINATES_LIST('',4,((-90.6695990978634,-4.36409371415574,-52.10011653),
(-90.6695990978634,-4.36409371415574,52.10011653),(-89.931233068311,-5.2194989925421,
-60.),(-89.931233068311,-5.2194989925421,60.)));
#4500=COORDINATES_LIST('',4,((-82.5180226378601,-38.3842959979045,-60.),
(-82.5180226378601,-38.3842959979045,60.),(-81.7274022629724,-39.1916509429108,
-52.10011653),(-81.7274022629724,-39.1916509429108,52.10011653)));
#4501=COORDINATES_LIST('',3,((-104.511780386091,-19.1045195953844,-52.10011653),
(-103.6117006,-19.78771729,-60.),(-103.444634,-18.73289991,-60.)));
#4502=COORDINATES_LIST('',4,((-75.1084499137839,-34.310848918542,-60.),
(-75.1084499137839,-34.310848918542,60.),(-74.8504131682468,-35.4109941972433,
-52.10011653),(-74.8504131682468,-35.4109941972433,52.10011653)));
#4503=COORDINATES_LIST('',4,((-69.7457507236796,-21.9183822536267,-60.),
(-69.7457507236796,-21.9183822536267,60.),(-68.7671410252889,-21.3533816808394,
-52.10011653),(-68.7671410252889,-21.3533816808394,52.10011653)));
#4504=COORDINATES_LIST('',3,((-103.25384868928,-29.0620741573877,52.10011653),
(-102.551951,-28.17649965,60.),(-102.1278106,-29.15663021,60.)));
#4505=COORDINATES_LIST('',3,((-102.77271757292,-13.7522347571935,-52.10011653),
(-102.1278106,-14.6801343,-60.),(-101.6429643,-13.7285698,-60.)));
#4506=COORDINATES_LIST('',30,((-104.54575072,-21.91838226,60.),(-104.54575072,
-21.91838226,89.),(-104.099467556836,-25.8792548844224,60.),(-104.099467556836,
-25.8792548844224,89.),(-104.099467556836,-17.9575096355776,60.),(-104.099467556836,
-17.9575096355776,89.),(-102.782996568663,-29.6415128162925,60.),(-102.782996568663,
-29.6415128162925,89.),(-102.782996568663,-14.1952517037075,60.),(-102.782996568663,
-14.1952517037075,89.),(-100.662351107931,-10.8202637869145,60.),(-100.662351107931,
-10.8202637869145,89.),(-100.662351107931,-33.0165007330855,60.),(-100.662351107931,
-33.0165007330855,89.),(-97.8438691930855,-35.8349826479309,60.),(-97.8438691930855,
-35.8349826479309,89.),(-97.8438691930855,-8.00178187206907,60.),(-97.8438691930855,
-8.00178187206907,89.),(-94.4688812762925,-37.9556281086631,60.),(-94.4688812762925,
-37.9556281086631,89.),(-94.4688812762925,-5.88113641133694,60.),(-94.4688812762925,
-5.88113641133694,89.),(-90.7066233444224,-4.56466542316354,60.),(-90.7066233444224,
-4.56466542316354,89.),(-90.7066233444224,-39.2720990968365,60.),(-90.7066233444224,
-39.2720990968365,89.),(-86.74575072,-39.71838226,60.),(-86.74575072,-39.71838226,
89.),(-86.74575072,-4.11838226,60.),(-86.74575072,-4.11838226,89.)));
#4507=COORDINATES_LIST('',4,((-103.253848700104,-29.0620741512416,-52.10011653),
(-103.253848700104,-29.0620741512416,52.10011653),(-102.127810600199,-29.156630212369,
-60.),(-102.127810600199,-29.156630212369,60.)));
#4508=COORDINATES_LIST('',4,((-100.958652503025,-32.9430389586533,-52.10011653),
(-100.958652503025,-32.9430389586533,52.10011653),(-100.499039627196,-31.9107315378916,
-60.),(-100.499039627196,-31.9107315378916,60.)));
#4509=COORDINATES_LIST('',24,((-86.745751006686,-33.3824838787443,-200.000000000872),
(-86.74575072,-33.9183822629141,-198.000000000524),(-84.0101153367777,-33.0513030346645,
-200.000000000872),(-83.8822359241293,-33.5717201116101,-198.000000000524),
(-82.7457507206062,-11.1747503816283,-199.999999999534),(-82.7457507193477,
-10.604673758155,-198.000000000524),(-81.2625253075164,-31.9861459143966,
-200.000000000872),(-81.0062076529534,-32.4567713898175,-198.000000000524),
(-80.4555951124927,-12.3340425144442,-200.000000000872),(-80.161556875713,
-11.8860150672189,-198.000000000524),(-78.8772336576745,-30.2557718493611,
-200.000000000872),(-78.5094136819148,-30.6455096376085,-198.000000000524),
(-78.2201948122846,-14.2541456777099,-200.000000000872),(-77.821661042519,
-13.8958749525421,-198.000000000524),(-77.0118460361483,-27.9745134945906,
-200.000000000872),(-76.556827059065,-28.2576120792744,-198.000000000524),
(-76.5481116943287,-16.6806552504089,-200.000000000872),(-76.0714150932388,
-16.4358136104349,-198.000000000524),(-75.7896159773865,-25.2931026079094,
-200.000000000872),(-75.5498269003468,-19.453242152538,-200.000000000872),
(-75.2913010531205,-22.3887106068174,-200.000000000872),(-75.2774629015874,
-25.4508565463874,-198.000000000524),(-75.026464696855,-19.3380072528246,
-198.000000000524),(-74.7558538569793,-22.4106964727379,-198.000000000524)));
#4510=COORDINATES_LIST('',3,((-74.3532840500752,-10.2810814600706,59.9999999999871),
(-73.64702559,-11.08217443,60.),(-73.2531387834784,-10.0230447158294,52.1001165291571)));
#4511=COORDINATES_LIST('',3,((-82.51802264,-5.452468518,-60.),(-81.7274022660837,
-4.64511357261231,-52.1001165300711),(-81.4924618200998,-5.75042148030717,
-60.)));
#4512=COORDINATES_LIST('',5,((-90.74575072,-11.91838226,185.),(-90.74575072,
-11.91838226,145.),(-90.74575072,-9.062176273,185.),(-90.74575072,-8.501974392,
145.),(-90.74575072,-8.501974392,183.)));
#4513=COORDINATES_LIST('',4,((-71.8485371600659,-30.1081947168565,-60.),
(-71.8485371600659,-30.1081947168565,60.),(-70.7187838400345,-30.0845297583517,
-52.10011653),(-70.7187838400345,-30.0845297583517,52.10011653)));
#4514=COORDINATES_LIST('',3,((-100.95865252779,-10.8937255508162,52.1001165314199),
(-100.499039599689,-11.9260329702262,60.),(-99.84447585,-11.08217443,60.)));
#4515=COORDINATES_LIST('',4,((-102.772717601622,-13.752234761127,-52.10011653),
(-102.772717601622,-13.752234761127,52.1001165300001),(-102.127810614803,
-14.6801343102884,-60.),(-102.127810614803,-14.6801343102884,60.0000000000001)));
#4516=COORDINATES_LIST('',26,((-91.13366353,-19.52125456,150.),(-91.13366353,
-19.52125456,184.),(-90.3637267248856,-18.4672593027089,150.),(-90.3637267248856,
-18.4672593027089,184.),(-89.3472308343002,-17.6484523714456,150.),(-89.3472308343002,
-17.6484523714456,184.),(-88.1534483732714,-17.1206341053713,150.),(-88.1534483732714,
-17.1206341053713,184.),(-86.8637336436091,-16.9197744470179,150.),(-86.8637336436091,
-16.9197744470179,184.),(-85.5659785726878,-17.0595616501508,150.),(-85.5659785726878,
-17.0595616501508,184.),(-84.3486230238508,-17.5304694478963,150.),(-84.3486230238508,
-17.5304694478963,184.),(-83.294627765884,-18.3004062520857,150.),(-83.294627765884,
-18.3004062520857,184.),(-82.4758208337287,-19.3169021419526,150.),(-82.4758208337287,
-19.3169021419526,184.),(-82.3578379057926,-24.3155099522985,150.),(-82.3578379057926,
-24.3155099522985,184.),(-81.9480025666066,-20.5106846025182,150.),(-81.9480025666066,
-20.5106846025182,184.),(-81.8869301091154,-23.0981544030482,150.),(-81.8869301091154,
-23.0981544030482,184.),(-81.7471429071214,-21.8003993320042,150.),(-81.7471429071214,
-21.8003993320042,184.)));
#4517=COORDINATES_LIST('',3,((-71.3636908297222,-14.6801342998693,60.0000000000384),
(-70.93955046,-15.66026486,60.),(-70.2376527565521,-14.7746903588345,52.1001165302535)));
#4518=COORDINATES_LIST('',3,((-76.75340143,-8.165093352,-60.),(-75.9095428897679,
-8.81965712971948,-60.),(-75.7210940230471,-7.70548048407965,-52.1001165295265)));
#4519=COORDINATES_LIST('',3,((-102.22833541419,-31.0747573097578,-52.10011653),
(-101.6429643,-30.10819472,-60.),(-101.0993255,-31.02743777,-60.)));
#4520=COORDINATES_LIST('',3,((-70.93955046,-15.66026486,-60.),(-70.5777899402716,
-16.6650933500882,-60.),(-69.8216715921538,-15.8253388515207,-52.1001165302289)));
#4521=COORDINATES_LIST('',3,((-86.7457507199998,-38.9183822598844,-60.),
(-86.1807501488528,-39.8969919580946,-52.1001165306764),(-85.67831189,-38.88483664,
-60.)));
#4522=COORDINATES_LIST('',4,((-72.9924618209275,-11.926032969587,-60.),
(-72.9924618209275,-11.926032969587,60.),(-72.5328489484074,-10.8937255562568,
-52.10011653),(-72.5328489484074,-10.8937255562568,52.10011653)));
#4523=COORDINATES_LIST('',4,((-70.9395504593879,-28.1764996541452,-60.),
(-70.9395504593879,-28.1764996541452,60.0000000000001),(-69.8216715893488,
-28.0114256644097,-52.10011653),(-69.8216715893488,-28.0114256644097,52.1001165300001)));
#4524=COORDINATES_LIST('',106,((-103.234386460837,-22.5409921058893,-101.),
(-103.192944225877,-20.58325271131,-101.),(-103.050165516858,-24.4698678114278,
-101.),(-102.923648397745,-18.6583033033796,-101.),(-102.638214189247,-26.3627561247795,
-101.),(-102.429667410448,-16.7894804829141,-101.),(-101.998808563345,-28.2107759110526,
-101.),(-101.735363710929,-22.4849897375021,-101.),(-101.712102883817,-14.9705516186906,
-101.),(-101.691041397964,-20.6227517744422,-101.),(-101.552500368353,-24.3348470600402,
-101.),(-101.420799446112,-18.799606080919,-101.),(-101.153512824158,-29.9643920154317,
-101.),(-101.143589621309,-26.1322289582567,-101.),(-100.92142514785,-17.0120919969986,
-101.),(-100.790233087978,-13.252489731679,-101.),(-100.510291315554,-27.8798569792706,
-101.),(-100.203106579567,-15.2907291913074,-101.),(-100.114483397362,-31.5942116704884,
-101.),(-99.6801235119943,-11.6703094426991,-101.),(-99.6678556218181,-29.5400591670266,
-101.),(-99.2898817040048,-13.6886039034451,-101.),(-98.8779661476768,-33.1019699835212,
-101.),(-98.6345636294194,-31.0683925332669,-101.),(-98.3814326423477,-10.2196248306972,
-101.),(-98.1783955829006,-12.2060185319857,-101.),(-97.4705572500533,-34.4591319358002,
-101.),(-97.4137926029807,-32.4632041777758,-101.),(-96.917283694489,-8.92362767898806,
-101.),(-96.8834789718835,-10.8621672661184,-101.),(-96.0245626532023,-33.7066372037996,
-101.),(-95.9316099247683,-35.6286882520289,-101.),(-95.4497151040059,-9.69864117218627,
-101.),(-95.3248970641819,-7.82080280492065,-101.),(-94.5054219869669,-34.7583079981,
-101.),(-94.2548230101665,-36.6121077839792,-101.),(-93.8791165712584,-8.72123415805261,
-101.),(-93.6120109636902,-6.91449980962539,-101.),(-92.8659498298728,-35.6132445176895,
-101.),(-92.4609951736969,-37.3973859398638,-101.),(-92.1852020325652,-7.9392431244243,
-101.),(-91.7866630791304,-6.2058820496984,-101.),(-91.1188553091558,-36.2683432755072,
-101.),(-90.6079584976671,-37.9629666631883,-101.),(-90.4236198812627,-7.37369920605135,
-101.),(-89.9048051693787,-5.72048879461619,-101.),(-89.318887904548,-36.6987846701888,
-101.),(-88.7010311379254,-38.3043549868576,-101.),(-88.6088026639428,-7.03238606210541,
-101.),(-87.9886656737961,-5.464082338552,-101.),(-87.4840971356142,-36.9007319842806,
-101.),(-86.74575072,-38.41838226,-101.),(-86.74575072,-36.91838226,-101.),
(-86.74575072,-6.91838226,-101.),(-86.74575072,-5.41838226,-101.),(-86.0074043043871,
-6.93603253571938,-101.),(-85.5028357662014,-38.3726821814485,-101.),(-84.8826987760685,
-36.8043784578944,-101.),(-84.7904703020746,-5.53240953314241,-101.),(-84.1726135354532,
-7.13797984981099,-101.),(-83.5866962706244,-38.1162757253876,-101.),(-83.0678815587468,
-36.4630653139476,-101.),(-82.8835429423329,-5.87379785681167,-101.),(-82.3726461308454,
-7.56842124449239,-101.),(-81.704838360884,-37.6308824703097,-101.),(-81.3062994074255,
-35.8975213955709,-101.),(-81.0305062663032,-6.43937858013622,-101.),(-80.6255516101283,
-8.22352000231003,-101.),(-79.8794904763163,-36.9222647103757,-101.),(-79.6123848687256,
-35.1155303619425,-101.),(-79.2366784298336,-7.22465673602077,-101.),(-78.9860794530344,
-9.07845652189988,-101.),(-78.1666043758087,-36.0159617150715,-101.),(-78.0417863359903,
-34.138123347814,-101.),(-77.5598915152318,-8.20807626797105,-101.),(-77.4669387867961,
-10.1301273162028,-101.),(-76.6080224681156,-32.9745972538812,-101.),(-76.5742177455102,
-34.9131368410128,-101.),(-76.0777088370179,-11.3735603422254,-101.),(-76.0209441899468,
-9.37763258419977,-101.),(-75.3131058570983,-31.630745988013,-101.),(-75.11006879766,
-33.6171396893107,-101.),(-74.8569378105821,-12.7683719867298,-101.),(-74.6135352923227,
-10.7347945364793,-101.),(-74.2016197359944,-30.1481606165538,-101.),(-73.8236458181839,
-14.2967053529691,-101.),(-73.8113779280046,-32.1664550772945,-101.),(-73.3770180426364,
-12.242552849513,-101.),(-73.2883948604322,-28.5460353286915,-101.),(-72.9812101244469,
-15.9569075407276,-101.),(-72.7012683520174,-30.5842747883086,-101.),(-72.5700762921493,
-26.8246725230001,-101.),(-72.3479118186909,-17.704535561742,-101.),(-72.3379886158413,
-13.8723725045689,-101.),(-72.070701993888,-25.0371584390797,-101.),(-71.939001071647,
-19.5019174599585,-101.),(-71.8004600420357,-23.2140127455565,-101.),(-71.7793985561807,
-28.8662129013029,-101.),(-71.7561377290708,-21.3517747824965,-101.),(-71.4926928766556,
-15.6259886089453,-101.),(-71.0618340295519,-27.0472840370861,-101.),(-70.8532872507544,
-17.4740083952181,-101.),(-70.5678530422546,-25.1784612166224,-101.),(-70.4413359231426,
-19.3668967085721,-101.),(-70.2985572141225,-23.2535118086913,-101.),(-70.2571149791631,
-21.2957724141106,-101.)));
#4525=COORDINATES_LIST('',3,((-104.724360460184,-22.4833828285434,-52.10011653),
(-103.7457507,-21.91838226,-60.),(-103.7122051,-22.98582109,-60.)));
#4526=COORDINATES_LIST('',3,((-102.77271757292,-30.0845297578053,52.10011653),
(-102.1278106,-29.15663021,60.),(-101.6429643,-30.10819472,60.)));
#4527=COORDINATES_LIST('',3,((-95.9021257744511,-37.400966932937,52.1001165305428),
(-95.85480623,-36.27195699,60.),(-94.935563180201,-36.8155958203655,60.)));
#4528=COORDINATES_LIST('',3,((-104.724360460173,-21.353381683613,-52.10011653),
(-103.7457507,-21.91838226,-60.),(-103.7122051,-20.85094342,-60.)));
#4529=COORDINATES_LIST('',3,((-72.99246182,-11.92603297,-60.),(-72.3921759899032,
-12.8093267399386,-60.),(-71.8686509334312,-11.8079156846293,-52.1001165305037)));
#4530=COORDINATES_LIST('',4,((-79.6020588266205,-5.41028429555594,-52.10011653),
(-79.6020588266205,-5.41028429555594,52.10011653),(-79.5075027679947,-6.53632236567134,
-60.),(-79.5075027679947,-6.53632236567134,60.)));
#4531=COORDINATES_LIST('',3,((-91.9990396199094,-38.0863430297211,-59.9999999999633),
(-91.7640991761365,-39.1916509372516,-52.1001165298349),(-90.9734788,-38.384296,
-60.)));
#4532=COORDINATES_LIST('',3,((-88.87641569,-38.78433218,60.),(-88.4385226369648,
-39.8260385952058,52.1001165301797),(-87.8131895500016,-38.8848366400254,
60.)));
#4533=COORDINATES_LIST('',24,((-86.74575072,-35.9183822583427,182.999999998785),
(-86.74575072,-35.3824838685295,184.999999998088),(-83.2738041429877,-34.9271338947809,
184.999999997501),(-83.1356136693533,-35.4449084370809,183.000000000103),
(-82.7457507227706,-9.06217628190494,184.999999997501),(-82.7457507212953,
-8.50197439634448,182.999999998785),(-80.036696967696,-33.5918834433527,
184.999999997501),(-79.8991087885998,-10.3250425171893,184.999999997501),
(-79.7696631020807,-34.0565123256576,183.000000000103),(-79.6265986360618,
-9.86360422183331,183.000000000103),(-77.2533842660102,-31.4670476762879,
184.999999997501),(-77.1411202431607,-12.4826467013692,184.999999997501),
(-76.8755689433687,-31.8471038111345,183.000000000103),(-76.7588365860717,
-12.1070854025377,183.000000000103),(-75.1121268521932,-28.6963486092405,
184.999999997501),(-75.0327804249984,-15.2784757096447,184.999999997501),
(-74.6490851674446,-28.9661253351502,183.000000000103),(-74.5665805924753,
-15.0141940420761,183.000000000103),(-73.7577574875897,-25.4671938813609,
184.999999997501),(-73.7166955783447,-18.5234221358238,184.999999997501),
(-73.281884520496,-21.998000668011,184.999999997501),(-73.2408091715555,
-25.6084437387297,183.000000000103),(-73.1981129155367,-18.3882958782264,
183.000000000103),(-72.7459955009532,-22.0011696411703,183.000000000103)));
#4534=COORDINATES_LIST('',4,((-94.9355631796474,-36.8155958199926,-60.),
(-94.9355631796474,-36.8155958199926,60.),(-94.911898221352,-37.9453491300283,
-52.10011653),(-94.911898221352,-37.9453491300283,52.10011653)));
#4535=COORDINATES_LIST('',3,((-75.90954289,-8.81965713,-60.),(-75.108449920057,
-9.52591559106069,-60.),(-74.8504131775361,-8.4257703182166,-52.1001165298522)));
#4536=COORDINATES_LIST('',4,((-104.724360403126,-22.4833828362976,-52.10011653),
(-104.724360403126,-22.4833828362976,52.10011653),(-103.712205100875,-22.9858210917629,
-60.),(-103.712205100875,-22.9858210917629,60.)));
#4537=COORDINATES_LIST('',4,((-70.0468674620603,-18.7328999159163,-60.),
(-70.0468674620603,-18.7328999159163,60.),(-68.9797210812682,-19.1045196036418,
-52.10011653),(-68.9797210812682,-19.1045196036418,52.10011653)));
#4538=COORDINATES_LIST('',3,((-101.622850508867,-32.0288488278864,52.1001165293575),
(-101.0993255,-31.02743777,60.),(-100.499039601159,-31.9107315508421,60.)));
#4539=COORDINATES_LIST('',3,((-93.0038681200215,-6.11218199694575,60.),
(-92.8387941283544,-4.99430312814383,52.1001165302542),(-91.99903962,-5.75042148,
60.)));
#4540=COORDINATES_LIST('',4,((-97.7704074197669,-7.70548048047641,-52.10011653),
(-97.7704074197669,-7.70548048047641,52.10011653),(-96.7381000097808,-8.16509335150757,
-60.),(-96.7381000097808,-8.16509335150757,60.)));
#4541=COORDINATES_LIST('',3,((-77.63669521,-36.27195699,60.),(-76.7534014299192,
-35.6716711601112,60.0000000000172),(-76.6352841462042,-36.7954820420178,
52.100116530615)));
#4542=COORDINATES_LIST('',4,((-88.8764156875675,-38.7843321789775,-60.),
(-88.8764156875675,-38.7843321789775,60.0000000000001),(-88.4385226345298,
-39.8260385877005,-52.10011653),(-88.4385226345298,-39.8260385877005,52.1001165300001)));
#4543=COORDINATES_LIST('',4,((-89.9312330694874,-38.6172655198215,-60.),
(-89.9312330694874,-38.6172655198215,60.),(-89.5596133817619,-39.6844119006136,
-52.10011653),(-89.5596133817619,-39.6844119006136,52.10011653)));
#4544=COORDINATES_LIST('',3,((-82.5180226399259,-38.3842960002885,-60.),
(-81.7274022649636,-39.1916509442831,-52.1001165307278),(-81.49246182,-38.08634303,
-60.)));
#4545=COORDINATES_LIST('',3,((-70.046867460223,-25.1038645999575,-60.),
(-69.8798008,-24.04904723,-60.),(-68.9797210767015,-24.7322449149961,-52.100116530588)));
#4546=COORDINATES_LIST('',3,((-95.902125771971,-37.4009669289655,-52.1001165299577),
(-95.8548062297799,-36.2719569896532,-59.9999999999487),(-94.93556318,-36.81559582,
-60.)));
#4547=COORDINATES_LIST('',4,((-95.9021257705741,-37.400966929052,-52.10011653),
(-95.9021257705741,-37.400966929052,52.10011653),(-94.9355631813243,-36.8155958178134,
-60.),(-94.9355631813243,-36.8155958178134,60.)));
#4548=COORDINATES_LIST('',4,((-104.300039298145,-17.9945338866445,-52.10011653),
(-104.300039298145,-17.9945338866445,52.10011653),(-103.21166449925,-17.6906541826848,
-60.),(-103.21166449925,-17.6906541826848,60.)));
#4549=COORDINATES_LIST('',26,((-91.7443585328786,-21.8003993320042,-200.),
(-91.7443585328786,-21.8003993320042,-175.),(-91.6045713308846,-23.0981544030482,
-200.),(-91.6045713308846,-23.0981544030482,-175.),(-91.5434988733934,-20.5106846025182,
-200.),(-91.5434988733934,-20.5106846025182,-175.),(-91.1336635342073,-24.3155099522985,
-200.),(-91.1336635342073,-24.3155099522985,-175.),(-91.0156806062713,-19.3169021419526,
-200.),(-91.0156806062713,-19.3169021419526,-175.),(-90.196873674116,-18.3004062520858,
-200.),(-90.196873674116,-18.3004062520858,-175.),(-89.1428784161492,-17.5304694478963,
-200.),(-89.1428784161492,-17.5304694478963,-175.),(-87.9255228673122,-17.0595616501508,
-200.),(-87.9255228673122,-17.0595616501508,-175.),(-86.6277677963909,-16.9197744470179,
-200.),(-86.6277677963909,-16.9197744470179,-175.),(-85.3380530667286,-17.1206341053713,
-200.),(-85.3380530667286,-17.1206341053713,-175.),(-84.1442706056998,-17.6484523714457,
-200.),(-84.1442706056998,-17.6484523714457,-175.),(-83.1277747151144,-18.467259302709,
-200.),(-83.1277747151144,-18.467259302709,-175.),(-82.35783791,-19.52125456,
-200.),(-82.35783791,-19.52125456,-175.)));
#4550=COORDINATES_LIST('',3,((-100.958652506979,-10.8937255674788,-52.1001165280879),
(-100.4990396,-11.92603297,-60.),(-99.844475850292,-11.0821744297584,-60.0000000000474)));
#4551=COORDINATES_LIST('',3,((-99.4648236507277,-9.19930932752261,52.1001165304293),
(-99.1382173899509,-10.2810814600461,60.),(-98.38305152,-9.525915591,60.)));
#4552=COORDINATES_LIST('',4,((-104.653407092051,-20.2256103589109,-52.10011653),
(-104.653407092051,-20.2256103589109,52.1001165300001),(-103.611700606843,
-19.7877172737219,-60.),(-103.611700606843,-19.7877172737219,60.0000000000001)));
#4553=COORDINATES_LIST('',3,((-93.98399868,-37.30044215,60.),(-93.8894426198883,
-38.4264802167896,52.10011653),(-93.00386812,-37.72458252,60.)));
#4554=COORDINATES_LIST('',3,((-103.669829863657,-28.0114256652616,52.10011653),
(-102.9137115,-27.17167116,60.),(-102.551951,-28.17649965,60.)));
#4555=COORDINATES_LIST('',3,((-93.00386812,-6.112181997,-60.),(-92.8387941271469,
-4.99430313210468,-52.1001165297373),(-91.9990396199823,-5.75042148005464,
-59.9999999999928)));
#4556=COORDINATES_LIST('',3,((-86.74575072,-38.91838226,60.),(-86.180750148357,
-39.8969919509611,52.1001165297871),(-85.6783118899929,-38.8848366401136,
60.0000000000142)));
#4557=COORDINATES_LIST('',3,((-71.84853716,-13.7285698,60.),(-71.36369083,
-14.6801343,60.),(-70.7187838448407,-13.7522347566897,52.10011653)));
#4558=COORDINATES_LIST('',3,((-100.238362654122,-33.8137198010923,-52.10011653),
(-99.84447585,-32.75459008,-60.),(-99.13821739,-33.55568306,-60.)));
#4559=COORDINATES_LIST('',3,((-70.57778994,-27.17167116,60.),(-70.27983698,
-26.14611034,60.),(-69.4724820364096,-26.9367307137576,52.10011653)));
#4560=COORDINATES_LIST('',3,((-102.22833541419,-12.7620072077416,52.10011653),
(-101.6429643,-13.7285698,60.),(-101.0993255,-12.80932674,60.)));
#4561=COORDINATES_LIST('',3,((-73.64702559,-11.08217443,-60.),(-72.9924618200125,
-11.9260329700091,-60.),(-72.5328489472846,-10.8937255612868,-52.1001165293756)));
#4562=COORDINATES_LIST('',4,((-103.669829800737,-28.0114256649911,-52.10011653),
(-103.669829800737,-28.0114256649911,52.1001165300001),(-102.551950999204,
-28.1764996446105,-60.),(-102.551950999204,-28.1764996446105,60.0000000000001)));
#4563=COORDINATES_LIST('',3,((-70.27983698,-26.14611034,60.),(-70.0468674601164,
-25.1038645999778,59.9999999999852),(-69.1914621820956,-25.8422306317439,
52.1001165298133)));
#4564=COORDINATES_LIST('',3,((-73.64702559,-32.75459008,60.),(-72.9924618202148,
-31.9107315498439,59.9999999999668),(-72.5328489448074,-32.9430389581341,
52.1001165297674)));
#4565=COORDINATES_LIST('',4,((-96.8562172927911,-7.04128247429336,-52.10011653),
(-96.8562172927911,-7.04128247429336,52.10011653),(-96.7381000098751,-8.16509335198687,
-60.),(-96.7381000098751,-8.16509335198687,60.)));
#4566=COORDINATES_LIST('',3,((-102.772717572897,-13.7522347571477,52.10011653),
(-102.1278106,-14.6801343,60.),(-101.6429643,-13.7285698,60.)));
#4567=COORDINATES_LIST('',4,((-88.4385226323665,-39.8260385950717,-52.10011653),
(-88.4385226323665,-39.8260385950717,52.10011653),(-87.8131895489907,-38.8848366406706,
-60.),(-87.8131895489907,-38.8848366406706,60.)));
#4568=COORDINATES_LIST('',4,((-80.6527073096966,-4.9943031299552,-52.10011653),
(-80.6527073096966,-4.9943031299552,52.1001165300001),(-80.4876333203947,
-6.11218199705828,-60.),(-80.4876333203947,-6.11218199705828,60.0000000000001)));
#4569=COORDINATES_LIST('',4,((-72.3921759930421,-31.0274377715903,-60.),
(-72.3921759930421,-31.0274377715903,60.0000000000001),(-71.8686509426057,
-32.0288488313622,-52.10011653),(-71.8686509426057,-32.0288488313622,52.1001165300001)));
#4570=COORDINATES_LIST('',3,((-71.36369083,-29.15663021,60.),(-70.9395504597577,
-28.1764996500959,60.0000000000326),(-70.2376527538407,-29.0620741592781,
52.100116530595)));
#4571=COORDINATES_LIST('',3,((-100.238362654122,-10.0230447114083,52.10011653),
(-99.84447585,-11.08217443,60.),(-99.13821739,-10.28108146,60.)));
#4572=COORDINATES_LIST('',3,((-88.8764156899998,-5.0524323340018,60.),(-88.4385226365674,
-4.01072591867643,52.1001165301276),(-87.81318955,-4.951927874,60.)));
#4573=COORDINATES_LIST('',3,((-104.019019396139,-26.9367307136095,52.10011653),
(-103.2116645,-26.14611034,60.),(-102.9137115,-27.17167116,60.)));
#4574=COORDINATES_LIST('',4,((-83.5602683700289,-38.6172655200249,-60.),
(-83.5602683700289,-38.6172655200249,60.),(-82.8219023394872,-39.4726707995574,
-52.10011653),(-82.8219023394872,-39.4726707995574,52.10011653)));
#4575=COORDINATES_LIST('',28,((-92.0112459050527,-19.0418286899175,184.999999999262),
(-91.2396848432288,-17.942887815098,184.999999999262),(-91.1336635296947,
-19.5212545668936,183.999999999746),(-90.4906958236421,-18.60547022174,
183.999999999746),(-90.150541383737,-16.9779976068078,184.999999999262),
(-89.583076273835,-17.8013950479606,183.999999999746),(-88.861153995818,
-16.3036633030062,184.999999999262),(-88.5085867836295,-17.2394497946498,
183.999999999746),(-87.4473546530999,-15.959544126066,184.999999999262),
(-87.3304206643985,-16.9526838137935,183.999999999746),(-86.1178686994394,
-16.9579625024797,183.999999999746),(-85.9922922955187,-15.9658785524879,
184.999999999262),(-84.9422439863448,-17.2549754083302,183.999999999746),
(-84.5815426401635,-16.3222940394179,184.999999999262),(-83.8726878422046,
-17.826254487951,183.999999999746),(-83.2980752675214,-17.0078289347887,
184.999999999262),(-82.9721034364433,-18.6382014445806,183.999999999746),
(-82.3578379104369,-24.3155099523385,183.999999999262),(-82.293456304126,
-19.6430637247355,183.999999999746),(-82.2173739808823,-17.9821652824967,
184.999999999262),(-81.9098254072027,-23.18874692087,183.999999999746),
(-81.8766593154444,-20.7817429607393,183.999999999746),(-81.7462253038184,
-21.9872706878745,183.999999999746),(-81.4802553471412,-24.7949354915618,
185.000000001782),(-81.4029974223085,-19.1880000183762,184.999999999262),
(-80.9426403461175,-23.4428198526567,184.999999999262),(-80.9028410360176,
-20.5544151012337,184.999999999262),(-80.7463202221062,-22.0010483734284,
184.999999999262)));
#4576=COORDINATES_LIST('',4,((-100.958652498772,-10.8937255527423,-52.10011653),
(-100.958652498772,-10.8937255527423,52.1001165300001),(-99.8444758495241,
-11.0821744271861,-60.),(-99.8444758495241,-11.0821744271861,60.0000000000001)));
#4577=COORDINATES_LIST('',4,((-70.2798369806593,-26.1461103376387,-60.),
(-70.2798369806593,-26.1461103376387,60.),(-69.1914621791747,-25.8422306329559,
-52.10011653),(-69.1914621791747,-25.8422306329559,52.10011653)));
#4578=COORDINATES_LIST('',3,((-97.7704074193971,-36.1312840310674,-52.1001165299505),
(-97.5819585498938,-35.0171073798716,-59.9999999999792),(-96.73810001,-35.67167116,
-60.)));
#4579=COORDINATES_LIST('',3,((-104.300039239122,-25.8422306323644,52.1001165302838),
(-103.444634,-25.1038646,60.),(-103.211664500098,-26.1461103400251,60.)));
#4580=COORDINATES_LIST('',26,((-92.7440800933801,-22.0599617750754,185.000000000529),
(-92.5763354512607,-20.5026556895661,185.000000000529),(-92.5030485014701,
-23.607619450605,185.000000000529),(-92.0112460952597,-19.0418290302192,
185.000000000529),(-91.8696665801935,-25.0401584032077,185.000000000529),
(-91.7443585285391,-22.0363651891679,184.000000000484),(-91.604571326846,
-20.738610118588,184.000000000484),(-91.5434988687191,-23.3260799181022,
184.000000000484),(-91.13366353,-19.52125457,184.),(-91.0156806012643,-24.5198623779809,
184.000000000484),(-90.8870982607661,-26.2599534706603,185.000000000529),
(-90.1968736688358,-25.5363582669938,184.000000000484),(-89.6223039503762,
-27.1838776349344,185.000000000529),(-89.1428784107281,-26.3062950701534,
184.000000000484),(-88.1614772910933,-27.7489669911006,185.000000000529),
(-87.9255228619615,-26.7772028667126,184.000000000484),(-86.6277677913974,
-26.9169900685525,184.000000000484),(-86.6041712056029,-27.9167116333961,
185.000000000529),(-85.3380530624404,-26.7161304088782,184.000000000484),
(-85.0565135300461,-27.6756800416611,185.000000000529),(-84.144270602502,
-26.1883121415585,184.000000000484),(-83.6239745773718,-27.0422981205465,
185.000000000529),(-83.1277747133965,-25.3695052092449,184.000000000484),
(-82.404179509808,-26.059729801257,185.000000000529),(-82.3578379105422,
-24.3155099509924,184.),(-81.4802553453909,-24.7949354909717,185.000000000529)));
#4581=COORDINATES_LIST('',3,((-90.9734787999415,-5.45246851822767,60.),
(-90.6695990996211,-4.3640937166117,52.1001165299436),(-89.93123307,-5.219498994,
60.)));
#4582=COORDINATES_LIST('',3,((-84.6150857499979,-38.7843321800165,-60.),
(-83.9318880589451,-39.6844118928888,-52.1001165292746),(-83.56026837,-38.61726552,
-60.)));
#4583=COORDINATES_LIST('',4,((-93.0038681098215,-37.724582518497,-60.),
(-93.0038681098215,-37.724582518497,60.0000000000001),(-92.8387941215311,
-38.8424613787494,-52.10011653),(-92.8387941215311,-38.8424613787494,52.1001165300001)));
#4584=COORDINATES_LIST('',4,((-88.8764156884019,-5.05243233467177,-60.),
(-88.8764156884019,-5.05243233467177,60.0000000000001),(-88.4385226339352,
-4.01072592254939,-52.10011653),(-88.4385226339352,-4.01072592254939,52.1001165300001)));
#4585=COORDINATES_LIST('',3,((-85.6783118899999,-4.95192787399822,60.0000000000002),
(-85.0529788040332,-4.0107259206609,52.1001165298736),(-84.61508575,-5.052432334,
60.)));
#4586=COORDINATES_LIST('',24,((-98.7390593693067,-22.3190662292764,-197.99999999988),
(-98.4490442227434,-19.2664167267752,-197.99999999988),(-98.2459466272579,
-25.3455522434495,-197.99999999988),(-98.2034598036738,-22.3011724047967,
-199.99999999729),(-97.9263962112703,-19.3848487315874,-199.99999999729),
(-97.7323685886425,-25.1925010039493,-199.99999999729),(-97.3948383262707,
-16.3869327976312,-197.99999999988),(-97.0019048127721,-28.1482541066821,
-197.99999999988),(-96.9192692516238,-16.6339573690814,-199.99999999729),
(-96.5438834412075,-27.8700392493313,-199.99999999729),(-95.6452782338377,
-13.8686362993367,-197.99999999988),(-95.2478413621513,-14.2281234572225,
-199.99999999729),(-95.0881662086172,-30.5441636052492,-197.99999999988),
(-94.715608956679,-30.1589517444649,-199.99999999729),(-93.3146050895064,
-11.8759646092057,-197.99999999988),(-93.0212518831569,-12.3244408961876,
-199.99999999729),(-92.6296923342746,-32.3768348740618,-197.99999999988),
(-92.3669260981203,-31.9097792148541,-199.99999999729),(-90.7457507197023,
-10.604673760842,-197.999999999761),(-90.745750716471,-11.1747503894785,
-199.99999999729),(-89.787014325123,-33.5265998529349,-197.99999999988),
(-89.6511969695034,-33.0081977603724,-199.99999999729),(-86.74575072,-33.3824838704006,
-199.999999998505),(-86.74575072,-33.9183822600641,-197.999999999761)));
#4587=COORDINATES_LIST('',4,((-104.3000392847,-17.9945338622743,-52.10011653),
(-104.3000392847,-17.9945338622743,52.10011653),(-103.444633993706,-18.7328999027087,
-60.),(-103.444633993706,-18.7328999027087,60.)));
#4588=COORDINATES_LIST('',30,((-91.7340383598998,-22.2736006719076,150.),
(-91.6942203720853,-21.2015164476899,150.),(-91.5434988699123,-23.3260799157533,
150.),(-91.4296439818698,-20.1664205004356,150.),(-91.1433457708732,-24.2996660526362,
150.),(-91.1336635294718,-19.5212545670154,150.),(-90.5346661962199,-25.1810231267984,
150.),(-90.5235102966015,-18.6415799980358,150.),(-89.7546225447208,-25.9127567328691,
150.),(-89.7371160708229,-17.9117660290608,150.),(-88.8335969882594,-26.4619272014825,
150.),(-88.8180050095141,-17.3671628332359,150.),(-87.8209232802058,-26.8020574593655,
150.),(-87.799115685422,-17.0302242199313,150.),(-86.7543000029337,-26.9189302116501,
150.),(-86.7372014370663,-16.9178343083499,150.),(-85.692385754578,-26.8065403000687,
150.),(-85.6705781597942,-17.0347070606345,150.),(-84.6734964304859,-26.4696016867641,
150.),(-84.6579044517406,-17.3748373185175,150.),(-83.7543853691771,-25.9249984909392,
150.),(-83.7368788952792,-17.9240077871309,150.),(-82.9679911433985,-25.1951845219642,
150.),(-82.9568352437801,-18.6557413932016,150.),(-82.3578379105282,-24.3155099529846,
150.),(-82.3481556691268,-19.5370984673638,150.),(-82.0618574581302,-23.6703440195644,
150.),(-81.9480025700877,-20.5106846042467,150.),(-81.7972810679147,-22.6352480723101,
150.),(-81.7574630801003,-21.5631638480924,150.)));
#4589=COORDINATES_LIST('',3,((-104.01901939611,-26.9367307137082,-52.10011653),
(-103.2116645,-26.14611034,-60.),(-102.9137115,-27.17167116,-60.)));
#4590=COORDINATES_LIST('',3,((-79.5075027601141,-6.53632236524235,59.9999999999665),
(-78.5796032185183,-5.89141538013507,52.1001165301724),(-78.55593826,-7.021168696,
60.)));
#4591=COORDINATES_LIST('',34,((-86.74575072,-33.918382263,-198.),(-86.74575072,
-33.918382263,-174.),(-86.74575072,-9.918382257,-182.),(-86.74575072,-9.918382257,
-174.),(-85.8216861759987,-9.95401412831332,-182.10816324971),(-84.9354710300108,
-10.0557144522928,-182.4331549249),(-84.1566363582567,-10.2010239018284,
-182.949807094674),(-83.6399221779933,-33.5094921783666,-198.),(-83.6399221779933,
-33.5094921783666,-174.),(-83.6399221779933,-10.3272723416334,-174.),(-83.6271288438071,
-10.3307078744587,-183.493510023673),(-83.5082988857016,-10.3633441513394,
-183.648911320703),(-83.0533349047189,-10.5005862590609,-184.463393353027),
(-82.7958092875274,-10.5870997751249,-185.367345569549),(-82.7457507193191,
-10.604673758074,-198.),(-82.7457507193191,-10.604673758074,-186.),(-80.7457507185,
-11.5260774119887,-198.),(-80.7457507185,-11.5260774119887,-174.),(-80.7457507185,
-32.3106871080113,-198.),(-80.7457507185,-32.3106871080113,-174.),(-78.2604693436401,
-13.4331008836401,-198.),(-78.2604693436401,-13.4331008836401,-174.),(-78.2604693436401,
-30.4036636363599,-198.),(-78.2604693436401,-30.4036636363599,-174.),(-76.3534458719887,
-27.9183822615,-198.),(-76.3534458719887,-27.9183822615,-174.),(-76.3534458719887,
-15.9183822585,-198.),(-76.3534458719887,-15.9183822585,-174.),(-75.1546408016334,
-18.8125537179933,-198.),(-75.1546408016334,-18.8125537179933,-174.),(-75.1546408016334,
-25.0242108020067,-198.),(-75.1546408016334,-25.0242108020067,-174.),(-74.745750717,
-21.91838226,-198.),(-74.745750717,-21.91838226,-174.)));
#4592=COORDINATES_LIST('',3,((-99.4648236499036,-34.6374551849023,-52.1001165302836),
(-99.1382173898356,-33.5556830598456,-59.9999999999718),(-98.38305152,-34.31084892,
-60.)));
#4593=COORDINATES_LIST('',17,((-90.74575072,-11.91838226,185.),(-90.74575072,
-11.91838226,145.),(-90.7372859689025,-11.91838226,144.736450506592),(-90.5611180341653,
-11.91838226,143.797685338186),(-90.1650822675738,-11.91838226,142.923048556522),
(-89.5741778447462,-11.91838226,142.171572875254),(-88.8943397597744,-11.91838226,
141.625184928746),(-88.0298325395344,-11.91838226,141.211440724857),(-87.0951478197547,
-11.91838226,141.014954297697),(-86.1354187738896,-11.91838226,141.04613474564),
(-85.2150169905396,-11.91838226,141.304481869955),(-84.4503357561518,-11.91838226,
141.723281648106),(-83.7372012872436,-11.91838226,142.363586934262),(-83.1979371114124,
-11.91838226,143.151841239104),(-82.8593870438606,-11.91838226,144.050304963993),
(-82.74575072,-11.91838226,185.),(-82.74575072,-11.91838226,145.)));
#4594=COORDINATES_LIST('',3,((-93.98399868,-6.53632236499999,-60.),(-93.8894426201218,
-5.41028429467033,-52.1001165300735),(-93.0038681199148,-6.11218199721531,
-59.999999999971)));
#4595=COORDINATES_LIST('',4,((-74.3532840513341,-10.281081454312,-60.),
(-74.3532840513341,-10.281081454312,60.),(-73.2531387798882,-10.0230447104767,
-52.10011653),(-73.2531387798882,-10.0230447104767,52.10011653)));
#4596=COORDINATES_LIST('',4,((-70.9395504579576,-15.6602648616188,-60.),
(-70.9395504579576,-15.6602648616188,60.0000000000001),(-70.2376527581289,
-14.774690361483,-52.10011653),(-70.2376527581289,-14.774690361483,52.1001165300001)));
#4597=COORDINATES_LIST('',4,((-98.6410882689895,-8.42577031528281,-52.10011653),
(-98.6410882689895,-8.42577031528281,52.10011653),(-97.581958549013,-8.81965712734608,
-60.),(-97.581958549013,-8.81965712734608,60.)));
#4598=COORDINATES_LIST('',4,((-90.6695990959334,-39.4726708035102,-52.10011653),
(-90.6695990959334,-39.4726708035102,52.10011653),(-89.9312330653918,-38.6172655239777,
-60.),(-89.9312330653918,-38.6172655239777,60.)));
#4599=COORDINATES_LIST('',3,((-78.55593826,-36.81559582,60.),(-77.6366952102201,
-36.2719569896532,59.9999999999487),(-77.5893756679317,-37.400966928908,
52.1001165299577)));
#4600=COORDINATES_LIST('',3,((-72.9924618200913,-11.9260329700664,59.9999999999859),
(-72.39217599,-12.80932674,60.),(-71.8686509388188,-11.8079156870478,52.1001165297767)));
#4601=COORDINATES_LIST('',3,((-96.8562172907479,-36.7954820374414,52.1001165299277),
(-96.73810001,-35.67167116,60.),(-95.8548062299252,-36.2719569898821,60.)));
#4602=COORDINATES_LIST('',4,((-74.3532840506337,-33.5556830627018,-60.),
(-74.3532840506337,-33.5556830627018,60.),(-73.253138781411,-33.8137198060157,
-52.10011653),(-73.253138781411,-33.8137198060157,52.10011653)));
#4603=COORDINATES_LIST('',3,((-70.2798369801756,-17.6906541800451,59.9999999999773),
(-70.04686746,-18.73289991,60.),(-69.1914621810104,-17.9945338785402,52.100116529938)));
#4604=COORDINATES_LIST('',4,((-93.8894426192909,-5.41028429410528,-52.10011653),
(-93.8894426192909,-5.41028429410528,52.1001165300001),(-93.0038681181815,
-6.11218199470558,-60.),(-93.0038681181815,-6.11218199470558,60.0000000000001)));
#4605=COORDINATES_LIST('',4,((-82.8219023455462,-4.36409371754854,-52.10011653),
(-82.8219023455462,-4.36409371754854,52.10011653),(-82.5180226410685,-5.45246851829833,
-60.),(-82.5180226410685,-5.45246851829833,60.)));
#4606=COORDINATES_LIST('',4,((-99.4648236486282,-9.19930932958583,-52.10011653),
(-99.4648236486282,-9.19930932958583,52.10011653),(-99.1382173868412,-10.2810814590463,
-60.),(-99.1382173868412,-10.2810814590463,60.)));
#4607=COORDINATES_LIST('',3,((-103.669829863622,-28.0114256653583,-52.10011653),
(-102.9137115,-27.17167116,-60.),(-102.551951,-28.17649965,-60.)));
#4608=COORDINATES_LIST('',4,((-87.8131895563011,-4.95192787087211,-60.),
(-87.8131895563011,-4.95192787087211,60.),(-87.3107512956584,-3.93977255819116,
-52.10011653),(-87.3107512956584,-3.93977255819116,52.10011653)));
#4609=COORDINATES_LIST('',4,((-72.3921759899006,-12.809326742372,-60.),
(-72.3921759899006,-12.809326742372,60.0000000000001),(-71.2631660501758,
-12.7620072058052,-52.10011653),(-71.2631660501758,-12.7620072058052,52.1001165300001)));
#4610=COORDINATES_LIST('',4,((-96.8562172919189,-7.04128247767057,-52.10011653),
(-96.8562172919189,-7.04128247767057,52.1001165300001),(-95.8548062325576,
-7.56480752789232,-60.),(-95.8548062325576,-7.56480752789232,60.0000000000001)));
#4611=COORDINATES_LIST('',3,((-96.8562172919981,-7.04128247254598,52.1001165302237),
(-96.7381000100297,-8.16509335195915,60.),(-95.85480623,-7.564807523,60.)));
#4612=COORDINATES_LIST('',4,((-85.0529788039349,-39.8260385925495,-52.10011653),
(-85.0529788039349,-39.8260385925495,52.1001165300001),(-84.6150857493955,
-38.7843321802541,-60.),(-84.6150857493955,-38.7843321802541,60.0000000000001)));
#4613=COORDINATES_LIST('',4,((-81.727402269895,-39.1916509378968,-52.10011653),
(-81.727402269895,-39.1916509378968,52.1001165300001),(-81.4924618213565,
-38.0863430297117,-60.),(-81.4924618213565,-38.0863430297117,60.0000000000001)));
#4614=COORDINATES_LIST('',3,((-81.49246182,-38.08634303,60.),(-80.6527073135882,
-38.8424613865487,52.1001165303888),(-80.4876333199696,-37.7245825200767,
60.0000000000103)));
#4615=COORDINATES_LIST('',3,((-69.77929634,-20.85094342,-60.),(-69.7457507198014,
-21.91838226,-60.),(-68.767141022314,-21.3533816831469,-52.1001165306281)));
#4616=COORDINATES_LIST('',3,((-79.50750276,-6.536322365,-60.),(-78.5796032211298,
-5.89141538401504,-52.1001165295921),(-78.555938259869,-7.02116869576162,
-60.)));
#4617=COORDINATES_LIST('',3,((-90.9734788,-38.384296,60.),(-90.6695991000707,
-39.4726707992498,52.10011653),(-89.93123307,-38.61726552,60.)));
#4618=COORDINATES_LIST('',3,((-69.8798008,-19.78771729,-60.),(-69.7792963403466,
-20.8509434200218,-60.),(-68.8380943787035,-20.2256103409476,-52.1001165303108)));
#4619=COORDINATES_LIST('',3,((-94.9355631800677,-36.8155958201232,-60.0000000000176),
(-94.9118982202573,-37.9453491281953,-52.1001165293297),(-93.98399868,-37.30044215,
-60.)));
#4620=COORDINATES_LIST('',3,((-94.93556318,-36.81559582,60.),(-94.9118982219187,
-37.9453491310597,52.100116529743),(-93.9839986799392,-37.3004421498708,
60.)));
#4621=COORDINATES_LIST('',3,((-80.4876333200853,-6.11218199721532,59.999999999971),
(-79.6020588231365,-5.41028429784493,52.1001165296717),(-79.50750276,-6.536322365,
60.)));
#4622=COORDINATES_LIST('',4,((-70.0468674588591,-25.1038646032763,-60.),
(-70.0468674588591,-25.1038646032763,60.),(-68.9797210811728,-24.7322449166323,
-52.10011653),(-68.9797210811728,-24.7322449166323,52.10011653)));
#4623=COORDINATES_LIST('',4,((-83.5602683671096,-5.21949899649491,-60.),
(-83.5602683671096,-5.21949899649491,60.),(-82.8219023375572,-4.36409371810854,
-52.10011653),(-82.8219023375572,-4.36409371810854,52.10011653)));
#4624=COORDINATES_LIST('',4,((-76.7534014293714,-8.16509335341177,-60.),
(-76.7534014293714,-8.16509335341177,60.),(-75.7210940193853,-7.70548048238061,
-52.10011653),(-75.7210940193853,-7.70548048238061,52.10011653)));
#4625=COORDINATES_LIST('',34,((-86.74575072,-35.91838226,125.),(-86.74575072,
-35.91838226,183.),(-86.74575072,-7.91838226,125.),(-86.74575072,-7.91838226,
141.),(-86.1191860195507,-7.93241012088322,141.048945418689),(-85.2103879077944,
-8.00282761654809,141.306871433594),(-84.4077609348798,-8.11498399128828,
141.75325072007),(-83.7051837925031,-8.25255068049441,142.399885392826),
(-83.1826628567316,-8.37938654840347,143.181987719409),(-83.1222840885647,
-35.441343828047,125.),(-83.1222840885647,-35.441343828047,183.),(-83.1222840885647,
-8.39542069195305,125.),(-83.1071074196177,-8.39949639863618,143.339220290591),
(-82.8551710187818,-8.46983625723566,144.069825969872),(-82.7457507208218,
-8.50197439475626,145.),(-82.7457507208218,-8.50197439475626,183.),(-79.74575072,
-34.0427379129821,125.),(-79.74575072,-34.0427379129821,183.),(-79.74575072,
-9.79402660701787,125.),(-79.74575072,-9.79402660701787,183.),(-76.8462557833883,
-31.8178771966117,125.),(-76.8462557833883,-31.8178771966117,183.),(-76.8462557833883,
-12.0188873233883,125.),(-76.8462557833883,-12.0188873233883,183.),(-74.6213950670179,
-28.91838226,125.),(-74.6213950670179,-28.91838226,183.),(-74.6213950670179,
-14.91838226,125.),(-74.6213950670179,-14.91838226,183.),(-73.222789151953,
-25.5418488914353,125.),(-73.222789151953,-25.5418488914353,183.),(-73.222789151953,
-18.2949156285647,125.),(-73.222789151953,-18.2949156285647,183.),(-72.74575072,
-21.91838226,125.),(-72.74575072,-21.91838226,183.)));
#4626=COORDINATES_LIST('',3,((-77.63669521,-7.564807523,-60.),(-76.7534014299703,
-8.16509335195915,-60.),(-76.6352841479637,-7.04128247257197,-52.1001165302237)));
#4627=COORDINATES_LIST('',4,((-94.9355631783225,-7.02116869603514,-60.),
(-94.9355631783225,-7.02116869603514,60.),(-94.9118982199224,-5.89141538100163,
-52.10011653),(-94.9118982199224,-5.89141538100163,52.10011653)));
#4628=COORDINATES_LIST('',4,((-76.753401431732,-35.6716711601821,-60.),
(-76.753401431732,-35.6716711601821,60.),(-76.6352841486081,-36.7954820398537,
-52.10011653),(-76.6352841486081,-36.7954820398537,52.10011653)));
#4629=COORDINATES_LIST('',4,((-104.300039299312,-25.8422306275369,-52.10011653),
(-104.300039299312,-25.8422306275369,52.10011653),(-103.211664497828,-26.1461103322198,
-60.),(-103.211664497828,-26.1461103322198,60.)));
#4630=COORDINATES_LIST('',4,((-97.7704074172878,-36.1312840360917,-52.10011653),
(-97.7704074172878,-36.1312840360917,52.10011653),(-96.7381000076732,-35.671671165226,
-60.),(-96.7381000076732,-35.671671165226,60.)));
#4631=COORDINATES_LIST('',4,((-73.6470255914898,-32.7545900805541,-60.),
(-73.6470255914898,-32.7545900805541,60.),(-73.2531387796696,-33.8137197998771,
-52.10011653),(-73.2531387796696,-33.8137197998771,52.10011653)));
#4632=COORDINATES_LIST('',3,((-87.81318955,-4.951927874,-60.),(-87.3107512917275,
-3.939772560098,-52.1001165301236),(-86.74575072,-4.91838225710805,-59.9999999999865)));
#4633=COORDINATES_LIST('',4,((-75.9095428883054,-8.81965713028662,-60.),
(-75.9095428883054,-8.81965713028662,60.0000000000001),(-75.721094014026,
-7.70548048201042,-52.10011653),(-75.721094014026,-7.70548048201042,52.1001165300001)));
#4634=COORDINATES_LIST('',3,((-102.228335414358,-12.7620072080247,-52.10011653),
(-101.6429643,-13.7285698,-60.),(-101.0993255,-12.80932674,-60.)));
#4635=COORDINATES_LIST('',4,((-80.4876333208595,-37.7245825210844,-60.),
(-80.4876333208595,-37.7245825210844,60.0000000000001),(-79.6020588207237,
-38.4264802209131,-52.10011653),(-79.6020588207237,-38.4264802209131,52.1001165300001)));
#4636=COORDINATES_LIST('',4,((-93.9839986851126,-6.53632236457068,-60.),
(-93.9839986851126,-6.53632236457068,60.),(-93.8894426264868,-5.41028429445529,
-52.10011653),(-93.8894426264868,-5.41028429445529,52.10011653)));
#4637=COORDINATES_LIST('',3,((-93.9839986801001,-6.53632236478719,60.),
(-93.8894426192771,-5.41028429625986,52.1001165298492),(-93.00386812,-6.112181997,
60.)));
#4638=COORDINATES_LIST('',100,((-103.7457507,-21.91838226,60.),(-103.7122051,
-22.98582109,60.),(-103.7122051,-20.85094342,60.),(-103.6117006,-24.04904723,
60.),(-103.6117006,-19.78771729,60.),(-103.444634,-25.1038646,60.),(-103.444634,
-18.73289991,60.),(-103.2116645,-26.14611034,60.),(-103.2116645,-17.69065418,
60.),(-102.9137115,-27.17167116,60.),(-102.9137115,-16.66509335,60.),(-102.551951,
-28.17649965,60.),(-102.551951,-15.66026486,60.),(-102.1278106,-29.15663021,
60.),(-102.1278106,-14.6801343,60.),(-101.6429643,-30.10819472,60.),(-101.6429643,
-13.7285698,60.),(-101.0993255,-31.02743777,60.),(-101.0993255,-12.80932674,
60.),(-100.4990396,-31.91073155,60.),(-100.4990396,-11.92603297,60.),(-99.84447585,
-32.75459008,60.),(-99.84447585,-11.08217443,60.),(-99.13821739,-33.55568306,
60.),(-99.13821739,-10.28108146,60.),(-98.38305152,-34.31084892,60.),(-98.38305152,
-9.525915591,60.),(-97.58195855,-35.01710738,60.),(-97.58195855,-8.81965713,
60.),(-96.73810001,-35.67167116,60.),(-96.73810001,-8.165093352,60.),(-95.85480623,
-36.27195699,60.),(-95.85480623,-7.564807523,60.),(-94.93556318,-36.81559582,
60.),(-94.93556318,-7.021168696,60.),(-93.98399868,-37.30044215,60.),(-93.98399868,
-6.536322365,60.),(-93.00386812,-37.72458252,60.),(-93.00386812,-6.112181997,
60.),(-91.99903962,-38.08634303,60.),(-91.99903962,-5.75042148,60.),(-90.9734788,
-38.384296,60.),(-90.9734788,-5.452468518,60.),(-89.93123307,-38.61726552,
60.),(-89.93123307,-5.219498994,60.),(-88.87641569,-38.78433218,60.),(-88.87641569,
-5.052432334,60.),(-87.81318955,-38.88483664,60.),(-87.81318955,-4.951927874,
60.),(-86.74575072,-38.91838226,60.),(-86.74575072,-4.918382257,60.),(-85.67831189,
-38.88483664,60.),(-85.67831189,-4.951927874,60.),(-84.61508575,-38.78433218,
60.),(-84.61508575,-5.052432334,60.),(-83.56026837,-38.61726552,60.),(-83.56026837,
-5.219498994,60.),(-82.51802264,-38.384296,60.),(-82.51802264,-5.452468518,
60.),(-81.49246182,-38.08634303,60.),(-81.49246182,-5.75042148,60.),(-80.48763332,
-37.72458252,60.),(-80.48763332,-6.112181997,60.),(-79.50750276,-37.30044215,
60.),(-79.50750276,-6.536322365,60.),(-78.55593826,-36.81559582,60.),(-78.55593826,
-7.021168696,60.),(-77.63669521,-36.27195699,60.),(-77.63669521,-7.564807523,
60.),(-76.75340143,-35.67167116,60.),(-76.75340143,-8.165093352,60.),(-75.90954289,
-35.01710738,60.),(-75.90954289,-8.81965713,60.),(-75.10844992,-34.31084892,
60.),(-75.10844992,-9.525915591,60.),(-74.35328405,-33.55568306,60.),(-74.35328405,
-10.28108146,60.),(-73.64702559,-32.75459008,60.),(-73.64702559,-11.08217443,
60.),(-72.99246182,-31.91073155,60.),(-72.99246182,-11.92603297,60.),(-72.39217599,
-31.02743777,60.),(-72.39217599,-12.80932674,60.),(-71.84853716,-30.10819472,
60.),(-71.84853716,-13.7285698,60.),(-71.36369083,-29.15663021,60.),(-71.36369083,
-14.6801343,60.),(-70.93955046,-28.17649965,60.),(-70.93955046,-15.66026486,
60.),(-70.57778994,-27.17167116,60.),(-70.57778994,-16.66509335,60.),(-70.27983698,
-26.14611034,60.),(-70.27983698,-17.69065418,60.),(-70.04686746,-25.1038646,
60.),(-70.04686746,-18.73289991,60.),(-69.8798008,-24.04904723,60.),(-69.8798008,
-19.78771729,60.),(-69.77929634,-22.98582109,60.),(-69.77929634,-20.85094342,
60.),(-69.74575072,-21.91838226,60.)));
#4639=COORDINATES_LIST('',108,((-104.542605831489,-21.5772832076842,89.),
(-104.467551477367,-23.6037548787482,89.),(-104.390747807612,-19.5539877011473,
89.),(-104.166839777621,-25.5877524877166,89.),(-104.012113091091,-17.5805897820704,
89.),(-103.636865156366,-27.5373716640098,89.),(-103.409181419589,-15.6589231656115,
89.),(-102.884730232431,-29.4277342574609,89.),(-102.587114656936,-13.7978683655797,
89.),(-101.936395407217,-31.202406359615,89.),(-101.735390469366,-22.4852281854451,
89.),(-101.69098506967,-20.6226703380989,89.),(-101.567522133896,-12.055605100775,
89.),(-101.552532361122,-24.3347879369491,89.),(-101.42077925193,-18.7994699375426,
89.),(-101.143586961693,-26.1320744630423,89.),(-100.921524647701,-17.0122394095496,
89.),(-100.792143247084,-32.8558501231248,89.),(-100.510177797926,-27.8801649011709,
89.),(-100.36176636,-10.4511201608705,89.),(-100.203065057694,-15.2907513880368,
89.),(-99.6678674166183,-29.5401060242492,89.),(-99.4535171605153,-34.3824888540705,
89.),(-99.289775807332,-13.6884525468182,89.),(-98.9668722839482,-8.97646339240789,
89.),(-98.6346461834281,-31.0682219090592,89.),(-98.1785186637026,-12.2060871196443,
89.),(-97.9565451549361,-35.7469513664003,89.),(-97.4175363096641,-7.66862987793808,
89.),(-97.4135308422018,-32.4634588464267,89.),(-96.8835377095352,-10.8622738373765,
89.),(-96.329881816348,-36.9217588522613,89.),(-96.0244979722204,-33.7067430635236,
89.),(-95.7446493926295,-6.55747100335404,89.),(-95.4495369026604,-9.69853772843676,
89.),(-94.565655139945,-37.9097344827637,89.),(-94.505582483862,-34.7581781000101,
89.),(-93.9489209167921,-5.64079004295469,89.),(-93.8792385745366,-8.72124614759344,
89.),(-92.8657437882341,-35.6133054440074,89.),(-92.6901753037118,-38.6971761145238,
89.),(-92.1854088781637,-7.93935026903051,89.),(-92.0451475217337,-4.92376156181729,
89.),(-91.1185307016927,-36.2685176231265,89.),(-90.7608159893315,-39.2628695611094,
89.),(-90.4234080536468,-7.3737234267066,89.),(-90.0890992783846,-4.43175717005691,
89.),(-89.3188223991738,-36.6988524770729,89.),(-88.7773821944007,-39.6043335546201,
89.),(-88.608550779309,-7.03239020940701,89.),(-88.0988593044033,-4.16857995950053,
89.),(-87.4840854998289,-36.9007394461412,89.),(-86.74575072,-39.71838226,
89.),(-86.74575072,-36.91838226,89.),(-86.74575072,-6.91838226,89.),(-86.74575072,
-4.11838226,89.),(-86.0074159401703,-6.93602507385851,89.),(-85.3926421355959,
-39.6681845604994,89.),(-84.882950660691,-36.804374310593,89.),(-84.7141192455907,
-4.23243096537983,89.),(-84.1726790408279,-7.13791204292427,89.),(-83.4024021616145,
-39.4050073499429,89.),(-83.0680933863532,-36.4630410932934,89.),(-82.73068545066,
-4.57389495888991,89.),(-82.3729707383204,-7.56824689686609,89.),(-81.4463539182656,
-38.9130029581825,89.),(-81.3060925618363,-35.8974142509695,89.),(-80.8013261362911,
-5.13958840547328,89.),(-80.6257576517735,-8.22345907599069,89.),(-79.6122628654607,
-35.1155183724055,89.),(-79.5425805232072,-38.1959744770451,89.),(-78.9859189561305,
-9.07858641999831,89.),(-78.9258463000649,-5.92703003723349,89.),(-78.0419645373366,
-34.1382267915621,89.),(-77.7468520473677,-37.2792935166462,89.),(-77.467003467771,
-10.1300214564851,89.),(-77.1616196236544,-6.91500566773927,89.),(-76.6079637304653,
-32.9744906826246,89.),(-76.0779705977983,-11.3733056735732,89.),(-76.0739651303418,
-36.1681346420702,89.),(-75.5349562850618,-8.08981315360137,89.),(-75.3129827763002,
-31.6306774003578,89.),(-74.856855256572,-12.7685426109406,89.),(-74.5246291560599,
-34.8603011276016,89.),(-74.2017256326691,-30.1483119731821,89.),(-74.0379842794897,
-9.45427566592458,89.),(-73.8236340233818,-14.2966584957507,89.),(-73.2884363823055,
-28.5460131319627,89.),(-73.1297350799995,-33.3856443591248,89.),(-72.9813236420737,
-15.956599618829,89.),(-72.6993581929202,-10.9809143968714,89.),(-72.5699767922986,
-26.8245251104505,89.),(-72.3479144783066,-17.7046900569576,89.),(-72.07072218807,
-25.0372945824573,89.),(-71.9389690788785,-19.5019765830508,89.),(-71.9239793060988,
-31.7811594192142,89.),(-71.8005163703302,-23.2140941819009,89.),(-71.7561109706342,
-21.3515363345548,89.),(-71.555106032784,-12.6343581603846,89.),(-70.9043867830616,
-30.0388961544163,89.),(-70.6067712075691,-14.4090302625385,89.),(-70.0823200204121,
-28.1778413543896,89.),(-69.8546362836344,-16.2993928559892,89.),(-69.4793883489088,
-26.2561747379252,89.),(-69.3246616623794,-18.2490120322825,89.),(-69.1007536323876,
-24.2827768188475,89.),(-69.023949962633,-20.2330096412509,89.),(-68.948895608511,
-22.2594813123139,89.)));
#4640=COORDINATES_LIST('',4,((-88.438522637277,-4.01072591819083,-52.10011653),
(-88.438522637277,-4.01072591819083,52.10011653),(-87.8131895520575,-4.95192787536699,
-60.),(-87.8131895520575,-4.95192787536699,60.)));
#4641=COORDINATES_LIST('',4,((-72.9924618199371,-11.9260329705979,-60.),
(-72.9924618199371,-11.9260329705979,60.),(-71.8686509392259,-11.8079156873648,
-52.10011653),(-71.8686509392259,-11.8079156873648,52.10011653)));
#4642=COORDINATES_LIST('',3,((-83.56026837,-5.219498994,-60.),(-82.8219023400278,
-4.36409371669018,-52.1001165299436),(-82.5180226400584,-5.45246851822767,
-60.)));
#4643=COORDINATES_LIST('',4,((-104.511780383748,-19.1045195785888,-52.10011653),
(-104.511780383748,-19.1045195785888,52.10011653),(-103.611700614236,-19.7877173087546,
-60.),(-103.611700614236,-19.7877173087546,60.)));
#4644=COORDINATES_LIST('',3,((-98.6410882651201,-35.4109941957692,-52.1001165302814),
(-98.3830515199294,-34.3108489199248,-59.9999999999871),(-97.58195855,-35.01710738,
-60.)));
#4645=COORDINATES_LIST('',4,((-71.8485371621534,-13.7285697986958,-60.),
(-71.8485371621534,-13.7285697986958,60.),(-71.2631660509148,-12.762007209446,
-52.10011653),(-71.2631660509148,-12.762007209446,52.10011653)));
#4646=COORDINATES_LIST('',4,((-78.5796032189534,-5.89141538097808,-52.10011653),
(-78.5796032189534,-5.89141538097808,52.10011653),(-78.5559382605533,-7.02116869601159,
-60.),(-78.5559382605533,-7.02116869601159,60.)));
#4647=COORDINATES_LIST('',4,((-96.8562172934797,-36.7954820396343,-52.10011653),
(-96.8562172934797,-36.7954820396343,52.10011653),(-96.7381000103558,-35.6716711599626,
-60.),(-96.7381000103558,-35.6716711599626,60.)));
#4648=COORDINATES_LIST('',3,((-77.6366952100748,-36.2719569898821,-60.),
(-76.75340143,-35.67167116,-60.),(-76.6352841492947,-36.7954820374703,-52.1001165299277)));
#4649=COORDINATES_LIST('',3,((-85.67831189,-4.951927874,-60.),(-85.0529788030744,
-4.01072591871029,-52.1001165301276),(-84.6150857500002,-5.0524323340018,
-60.)));
#4650=COORDINATES_LIST('',4,((-104.724360402985,-21.3533816839871,-52.10011653),
(-104.724360402985,-21.3533816839871,52.10011653),(-103.712205096751,-20.8509434265448,
-60.),(-103.712205096751,-20.8509434265448,60.)));
#4651=COORDINATES_LIST('',4,((-95.9021257684007,-37.400966930067,-52.10011653),
(-95.9021257684007,-37.400966930067,52.1001165300001),(-95.8548062318164,
-36.2719569899239,-60.),(-95.8548062318164,-36.2719569899239,60.0000000000001)));
#4652=COORDINATES_LIST('',3,((-73.6470255897922,-32.7545900801719,-60.),
(-72.99246182,-31.91073155,-60.),(-72.5328489458336,-32.9430389579886,-52.1001165296549)));
#4653=COORDINATES_LIST('',4,((-82.8219023448982,-39.4726707986324,-52.10011653),
(-82.8219023448982,-39.4726707986324,52.10011653),(-82.5180226409385,-38.384295999738,
-60.),(-82.5180226409385,-38.384295999738,60.)));
#4654=COORDINATES_LIST('',3,((-90.9734788,-38.384296,-60.),(-90.6695990997196,
-39.4726707993283,-52.10011653),(-89.93123307,-38.61726552,-60.)));
#4655=COORDINATES_LIST('',4,((-99.4648236453804,-34.6374551813947,-52.10011653),
(-99.4648236453804,-34.6374551813947,52.10011653),(-99.1382173863604,-33.5556830610989,
-60.),(-99.1382173863604,-33.5556830610989,60.)));
#4656=COORDINATES_LIST('',4,((-102.772717599991,-30.0845297595833,-52.10011653),
(-102.772717599991,-30.0845297595833,52.10011653),(-101.642964299951,-30.1081947176694,
-60.),(-101.642964299951,-30.1081947176694,60.)));
#4657=COORDINATES_LIST('',79,((-100.20208029158,-22.4125746138187,185.),
(-100.152251479281,-20.6611421865932,185.),(-100.021641710433,-24.1620231261482,
185.),(-99.8719061205482,-18.9203055246742,185.),(-99.6170386310284,-25.8749698321003,
185.),(-99.3726523737832,-17.2400272391809,185.),(-98.9945065271805,-27.5104894409323,
185.),(-98.6561464072385,-15.6379731695029,185.),(-98.1586619926481,-29.0625214103876,
185.),(-97.7328764601038,-14.1351428909914,185.),(-97.1324498635984,-30.4883245720021,
185.),(-96.6315070868958,-12.7751357407765,185.),(-95.9317016291159,-31.7625817357285,
185.),(-95.3550101421869,-11.5661594628194,185.),(-94.5664071133985,-32.8794408328958,
185.),(-93.9304826715335,-10.5302343701372,185.),(-93.0758503959516,-33.8033492163351,
185.),(-92.7190107962372,-22.4960058607031,185.),(-92.7162314183962,-21.3238208769906,
185.),(-92.491317310422,-23.6471323406245,185.),(-92.4874228787365,-20.173017187051,
185.),(-92.3925400552468,-9.69399105342633,185.),(-92.0465573783062,-24.7317342734241,
185.),(-92.0112459061228,-19.0418286893329,185.),(-91.4755069297537,-34.524396310479,
185.),(-91.396854759485,-25.7088065151077,185.),(-91.3510794493484,-18.0706704849519,
185.),(-90.745750721288,-9.06217627586017,185.),(-90.74575072,-11.91838226,
185.),(-90.5718223431357,-26.5416593027438,185.),(-90.5141823692776,-17.2494496621208,
185.),(-89.7892983732492,-35.0354043003318,185.),(-89.598485011069,-27.1968259452865,
185.),(-89.534371911222,-16.6045195710934,185.),(-88.5180087676318,-27.6518478845827,
185.),(-88.447454753173,-16.1647550569927,185.),(-88.0613631963161,-35.3191185914134,
185.),(-87.3683790766992,-27.8859926564989,185.),(-87.2955378808807,-15.9424914660335,
185.),(-86.7457507186453,-35.3824838756644,185.),(-86.1959631684786,-27.8942730181885,
185.),(-86.1231219700477,-15.9507719045977,185.),(-85.0440463084402,-27.6720093511326,
185.),(-84.9856093681778,-35.2684336677501,185.),(-84.9734922977345,-16.1849167513685,
185.),(-83.9571291812834,-27.2322447667482,185.),(-83.8930160804683,-16.6399387631587,
185.),(-83.2686674589299,-34.9268478717576,185.),(-82.9773187643269,-26.5873146105962,
185.),(-82.9196787949283,-17.2951054672867,185.),(-82.74575072,-11.91838226,
185.),(-82.74575072,-9.062176273,185.),(-82.1404217389016,-25.7660937340199,
185.),(-82.0946464299155,-18.1279583126323,185.),(-81.6006973555103,-34.3609017202049,
185.),(-81.5083622681132,-9.51353108733561,185.),(-81.4802553470374,-24.7949354886592,
185.),(-81.4449438780638,-19.1050305927603,185.),(-81.0040786751562,-23.6637477074648,
185.),(-81.0001840152345,-20.1896325601052,185.),(-80.7752700613184,-22.5129440391599,
185.),(-80.7724906061256,-21.3407590491548,185.),(-80.0226631592356,-33.5857396946247,
185.),(-79.9427298924862,-10.297781709917,185.),(-78.5669804343712,-32.6143377441573,
185.),(-78.4844660486394,-11.2866674583643,185.),(-77.2389252663459,-31.4536501410975,
185.),(-77.1705902791412,-12.4505998378938,185.),(-76.0788207885615,-30.1367918940314,
185.),(-76.021811764314,-13.7756183105412,185.),(-75.1029203887896,-28.6806985487305,
185.),(-75.049962954167,-15.2476622119619,185.),(-74.3180537390708,-27.1017463183291,
185.),(-74.2819920729163,-16.8211133130175,185.),(-73.7501481036369,-25.4441934091235,
185.),(-73.7256993411538,-18.4874159224366,185.),(-73.4027028290871,-23.7201255566192,
185.),(-73.3886800762364,-20.2176925867565,185.),(-73.2801453543934,-21.9643152779207,
185.)));
#4658=COORDINATES_LIST('',4,((-86.1807501527017,-39.8969919486588,-52.10011653),
(-86.1807501527017,-39.8969919486588,52.10011653),(-85.6783118932538,-38.8848366383848,
-60.),(-85.6783118932538,-38.8848366383848,60.)));
#4659=COORDINATES_LIST('',4,((-87.813189551616,-38.8848366408022,-60.),
(-87.813189551616,-38.8848366408022,60.),(-87.310751292168,-39.8969919510762,
-52.10011653),(-87.310751292168,-39.8969919510762,52.10011653)));
#4660=COORDINATES_LIST('',4,((-85.6783118907506,-38.8848366404987,-60.),
(-85.6783118907506,-38.8848366404987,60.),(-85.0529788104372,-39.8260385902905,
-52.10011653),(-85.0529788104372,-39.8260385902905,52.10011653)));
#4661=COORDINATES_LIST('',3,((-90.9734788,-5.452468518,-60.),(-90.6695991000913,
-4.36409371615734,-52.1001165300118),(-89.9312330700434,-5.21949899377266,
-60.0000000000289)));
#4662=COORDINATES_LIST('',3,((-71.84853716,-13.7285698,-60.),(-71.36369083,
-14.6801343,-60.),(-70.7187838443741,-13.7522347576057,-52.10011653)));
#4663=COORDINATES_LIST('',3,((-102.228335414358,-31.0747573094746,52.10011653),
(-101.6429643,-30.10819472,60.),(-101.0993255,-31.02743777,60.)));
#4664=COORDINATES_LIST('',34,((-100.745750723,-21.91838226,125.),(-100.745750723,
-21.91838226,183.),(-100.268712290945,-25.5418488922117,125.),(-100.268712290945,
-25.5418488922117,183.),(-100.268712290945,-18.2949156277882,125.),(-100.268712290945,
-18.2949156277882,183.),(-98.8701063755802,-28.9183822615,125.),(-98.8701063755802,
-28.9183822615,183.),(-98.8701063755802,-14.9183822585,125.),(-98.8701063755802,
-14.9183822585,183.),(-96.645245658733,-31.817877198733,125.),(-96.645245658733,
-31.817877198733,183.),(-96.645245658733,-12.018887321267,125.),(-96.645245658733,
-12.018887321267,183.),(-93.7457507215,-34.0427379155802,125.),(-93.7457507215,
-34.0427379155802,183.),(-93.7457507215,-9.79402660441979,125.),(-93.7457507215,
-9.79402660441979,183.),(-90.7457507200354,-8.50197439188132,145.),(-90.7457507200354,
-8.50197439188132,183.),(-90.696720611386,-8.48745388548468,144.373022241121),
(-90.4390112441558,-8.41431521393152,143.464931285156),(-90.3810293613966,
-8.3985912378205,143.331881515395),(-90.3692173522118,-35.4413438309447,
125.),(-90.3692173522118,-35.4413438309447,183.),(-90.3692173522117,-8.39542068905527,
125.),(-89.9936379154254,-8.30033435107445,142.66356420444),(-89.3471764368916,
-8.1621987658947,141.960566185801),(-88.5656920531858,-8.03717865124323,
141.437906923021),(-87.6763385824198,-7.94934484454732,141.109515995798),
(-86.74575072,-35.918382263,125.),(-86.74575072,-35.918382263,183.),(-86.74575072,
-7.918382257,125.),(-86.74575072,-7.918382257,141.)));
#4665=COORDINATES_LIST('',3,((-70.046867459921,-18.7328999099849,60.0000000000101),
(-69.8798008,-19.78771729,60.),(-68.9797210764732,-19.1045195949678,52.1001165306169)));
#4666=COORDINATES_LIST('',3,((-69.77929634,-22.98582109,60.),(-69.7457507201139,
-21.91838226,59.9999999999858),(-68.7671410224686,-22.4833828293488,52.1001165306088)));
#4667=COORDINATES_LIST('',4,((-97.7704074126764,-36.1312840312387,-52.10011653),
(-97.7704074126764,-36.1312840312387,52.1001165300001),(-97.5819585382326,
-35.0171073819903,-60.),(-97.5819585382326,-35.0171073819903,60.0000000000001)));
#4668=COORDINATES_LIST('',4,((-103.253848699907,-14.7746903611032,-52.10011653),
(-103.253848699907,-14.7746903611032,52.10011653),(-102.127810600002,-14.6801342999758,
-60.),(-102.127810600002,-14.6801342999758,60.)));
#4669=COORDINATES_LIST('',4,((-86.7457507154775,-38.9183822573889,-60.),
(-86.7457507154775,-38.9183822573889,60.),(-86.1807501470203,-39.8969919482797,
-52.10011653),(-86.1807501470203,-39.8969919482797,52.10011653)));
#4670=COORDINATES_LIST('',4,((-69.8798007995776,-24.0490472310049,-60.),
(-69.8798007995776,-24.0490472310049,60.0000000000001),(-68.8380943787838,
-23.6111541728932,-52.10011653),(-68.8380943787838,-23.6111541728932,52.1001165300001)));
#4671=COORDINATES_LIST('',4,((-73.6470255901007,-11.0821744294046,-60.),
(-73.6470255901007,-11.0821744294046,60.0000000000001),(-72.5328489408523,
-10.8937255549608,-52.10011653),(-72.5328489408523,-10.8937255549608,52.1001165300001)));
#4672=COORDINATES_LIST('',4,((-84.6150857483862,-38.784332178775,-60.),
(-84.6150857483862,-38.784332178775,60.),(-83.931888056747,-39.6844118975308,
-52.10011653),(-83.931888056747,-39.6844118975308,52.10011653)));
#4673=COORDINATES_LIST('',3,((-72.3921759896256,-31.0274377702376,-60.),
(-71.84853716,-30.10819472,-60.),(-71.2631660511516,-31.0747573071733,-52.1001165292611)));
#4674=COORDINATES_LIST('',4,((-104.019019400769,-26.9367307092148,-52.10011653),
(-104.019019400769,-26.9367307092148,52.10011653),(-103.21166448118,-26.146110359218,
-60.),(-103.21166448118,-26.146110359218,60.)));
#4675=COORDINATES_LIST('',100,((-103.7457507,-21.91838226,-60.),(-103.712205,
-22.98582214,-60.),(-103.7122036,-20.85093998,-60.),(-103.6117003,-24.04905156,
-60.),(-103.6116932,-19.78769802,-60.),(-103.4446335,-25.10387074,-60.),
(-103.4446185,-18.73285675,-60.),(-103.2116642,-26.14611459,-60.),(-103.2116428,
-17.69059075,-60.),(-102.9137114,-27.17167216,-60.),(-102.9136885,-16.66502359,
-60.),(-102.551951,-28.17649965,-60.),(-102.5519319,-15.66020617,-60.),
(-102.1278095,-29.1566295,-60.),(-102.1277991,-14.68009874,-60.),(-101.6429602,
-13.7285574,-60.),(-101.6429583,-30.10819183,-60.),(-101.0993252,-12.80932587,
-60.),(-101.0993122,-31.02743343,-60.),(-100.4990397,-11.92603314,-60.),
(-100.4990199,-31.91072791,-60.),(-99.84447651,-11.08217834,-60.),(-99.84445362,
-32.75458872,-60.),(-99.13821873,-10.2810932,-60.),(-99.13819821,-33.55568379,
-60.),(-98.38305225,-9.525934766,-60.),(-98.38303977,-34.31085027,-60.),
(-97.58195718,-8.819679359,-60.),(-97.58195464,-35.01710805,-60.),(-96.73809984,
-35.6716712,-60.),(-96.73809637,-8.165113085,-60.),(-95.85480711,-36.2719567,
-60.),(-95.85480189,-7.564820773,-60.),(-94.93557558,-36.81559173,-60.),
(-94.9355603,-7.02117467,-60.),(-93.98403424,-37.3004306,-60.),(-93.98399796,
-6.536323515,-60.),(-93.00392681,-37.72456347,-60.),(-93.00386812,-6.112181997,
-60.),(-91.99910938,-38.08632003,-60.),(-91.99904062,-5.750421557,-60.),
(-90.97354223,-38.38427437,-60.),(-90.97348306,-5.452468825,-60.),(-89.93127623,
-38.61725002,-60.),(-89.9312392,-5.219499431,-60.),(-88.87643496,-38.78432476,
-60.),(-88.87642002,-5.052432664,-60.),(-87.81319299,-38.88483518,-60.),
(-87.8131906,-4.951927974,-60.),(-86.74575072,-38.91838226,-60.),(-86.74575072,
-4.918382257,-60.),(-85.67831084,-38.88483654,-60.),(-85.67830845,-4.95192933,
-60.),(-84.61508142,-38.78433185,-60.),(-84.61506648,-5.052439751,-60.),
(-83.56026224,-38.61726508,-60.),(-83.56022521,-5.219514489,-60.),(-82.51801838,
-38.38429569,-60.),(-82.51795921,-5.452490146,-60.),(-81.49246082,-38.08634296,
-60.),(-81.49239206,-5.750444479,-60.),(-80.48763332,-37.72458252,-60.),
(-80.48757463,-6.112201039,-60.),(-79.50750348,-37.300441,-60.),(-79.5074672,
-6.536333912,-60.),(-78.55594114,-36.81558984,-60.),(-78.55592586,-7.021172784,
-60.),(-77.63669955,-36.27194374,-60.),(-77.63669433,-7.564807817,-60.),
(-76.75340507,-35.67165143,-60.),(-76.7534016,-8.165093315,-60.),(-75.9095468,
-8.819656463,-60.),(-75.90954426,-35.01708515,-60.),(-75.10846167,-9.525914248,
-60.),(-75.10844919,-34.31082975,-60.),(-74.35330323,-10.28108073,-60.),
(-74.35328271,-33.55567131,-60.),(-73.64704782,-11.0821758,-60.),(-73.64702493,
-32.75458618,-60.),(-72.99248155,-11.9260366,-60.),(-72.99246178,-31.91073138,
-60.),(-72.39218924,-12.80933108,-60.),(-72.39217628,-31.02743864,-60.),
(-71.84854313,-13.72857268,-60.),(-71.84854125,-30.10820711,-60.),(-71.36370238,
-29.15666577,-60.),(-71.36369198,-14.68013502,-60.),(-70.9395695,-28.17655834,
-60.),(-70.93955046,-15.66026486,-60.),(-70.57781294,-27.17174092,-60.),
(-70.57779002,-16.66509236,-60.),(-70.27985861,-26.14617376,-60.),(-70.27983729,
-17.69064992,-60.),(-70.04688295,-25.10390776,-60.),(-70.04686789,-18.73289377,
-60.),(-69.87980821,-24.0490665,-60.),(-69.87980113,-19.78771295,-60.),
(-69.77929779,-22.98582453,-60.),(-69.77929644,-20.85094238,-60.),(-69.74575072,
-21.91838226,-60.)));
#4676=COORDINATES_LIST('',4,((-72.3921759899986,-31.0274377699675,-60.),
(-72.3921759899986,-31.0274377699675,60.0000000000001),(-71.2631660498555,
-31.0747573065519,-52.10011653),(-71.2631660498555,-31.0747573065519,52.1001165300001)));
#4677=COORDINATES_LIST('',3,((-76.7534014302107,-8.16509335229001,59.9999999999552),
(-75.90954289,-8.81965713,60.),(-75.7210940226684,-7.70548048442996,52.100116529521)));
#4678=COORDINATES_LIST('',4,((-100.238362699066,-33.8137198039843,-52.10011653),
(-100.238362699066,-33.8137198039843,52.10011653),(-99.1382173919285,-33.5556830517777,
-60.),(-99.1382173919285,-33.5556830517777,60.)));
#4679=COORDINATES_LIST('',3,((-103.669829863622,-15.8253388521411,52.10011653),
(-102.9137115,-16.66509335,60.),(-102.551951,-15.66026486,60.)));
#4680=COORDINATES_LIST('',3,((-91.9990396199002,-5.75042148030717,60.),
(-91.7640991764721,-4.64511357334364,52.1001165299853),(-90.9734788,-5.452468518,
60.)));
#4681=COORDINATES_LIST('',30,((-86.74575072,-39.718382263,60.),(-86.74575072,
-39.718382263,89.),(-86.74575072,-4.118382257,60.),(-86.74575072,-4.118382257,
89.),(-82.78487809491,-39.2720990997612,60.),(-82.78487809491,-39.2720990997612,
89.),(-82.78487809491,-4.56466542023876,60.),(-82.78487809491,-4.56466542023876,
89.),(-79.0226201624058,-37.955628111366,60.),(-79.0226201624058,-37.955628111366,
89.),(-79.0226201624058,-5.88113640863403,60.),(-79.0226201624058,-5.88113640863403,
89.),(-75.6476322450441,-35.8349826502764,60.),(-75.6476322450441,-35.8349826502764,
89.),(-75.6476322450441,-8.00178186972357,60.),(-75.6476322450441,-8.00178186972357,
89.),(-72.8291503297236,-10.8202637850441,60.),(-72.8291503297236,-10.8202637850441,
89.),(-72.8291503297236,-33.0165007349559,60.),(-72.8291503297236,-33.0165007349559,
89.),(-70.708504868634,-29.6415128175942,60.),(-70.708504868634,-29.6415128175942,
89.),(-70.708504868634,-14.1952517024058,60.),(-70.708504868634,-14.1952517024058,
89.),(-69.3920338802388,-25.87925488509,60.),(-69.3920338802388,-25.87925488509,
89.),(-69.3920338802388,-17.95750963491,60.),(-69.3920338802388,-17.95750963491,
89.),(-68.945750717,-21.91838226,60.),(-68.945750717,-21.91838226,89.)));
#4682=COORDINATES_LIST('',3,((-71.84853716,-30.10819472,60.),(-71.363690830128,
-29.1566302099398,59.9999999999823),(-70.7187838474868,-30.0845297558071,
52.1001165295633)));
#4683=COORDINATES_LIST('',3,((-93.98399868,-37.30044215,-60.),(-93.8894426197562,
-38.4264802168467,-52.10011653),(-93.00386812,-37.72458252,-60.)));
#4684=COORDINATES_LIST('',4,((-70.2798369821275,-26.1461103421725,-60.),
(-70.2798369821275,-26.1461103421725,60.),(-69.47248204212,-26.9367307121649,
-52.10011653),(-69.47248204212,-26.9367307121649,52.10011653)));
#4685=COORDINATES_LIST('',4,((-103.669829800456,-15.825338846909,-52.10011653),
(-103.669829800456,-15.825338846909,52.1001165300001),(-102.551950998924,
-15.6602648672896,-60.),(-102.551950998924,-15.6602648672896,60.0000000000001)));
#4686=COORDINATES_LIST('',4,((-70.5777899404985,-27.1716711604489,-60.),
(-70.5777899404985,-27.1716711604489,60.),(-69.8216715915805,-28.0114256614231,
-52.10011653),(-69.8216715915805,-28.0114256614231,52.10011653)));
#4687=COORDINATES_LIST('',94,((-99.2266571321381,-21.2181531603994,-174.),
(-99.2066663585124,-22.918774622839,-174.),(-99.0192558911344,-19.5372509324853,
-174.),(-98.9605148087388,-24.5843066437317,-174.),(-98.7315962454501,-21.3265009533792,
-174.),(-98.6985720832646,-22.9936560741088,-174.),(-98.5863846363915,-17.9098553846548,
-174.),(-98.5386945713165,-19.6866758554096,-174.),(-98.4857024492476,-26.2115799702606,
-174.),(-98.4378310054312,-24.6289046165819,-174.),(-98.1170907702629,-18.0830998729441,
-174.),(-97.9524311914733,-26.2095518644679,-174.),(-97.9323004597978,-16.3389144489215,
-174.),(-97.7957984971167,-27.7645773601321,-174.),(-97.4761177750667,-16.5444752057854,
-174.),(-97.2508097750591,-27.7217494544609,-174.),(-97.0776282647652,-14.8784283935886,
-174.),(-96.9107667378523,-29.1969686800755,-174.),(-96.6388081268187,-15.1227176987556,
-174.),(-96.3536601164261,-29.1110742720828,-174.),(-96.0358174990015,-13.5543158767984,
-174.),(-95.8300974956566,-30.5049052483309,-174.),(-95.6048580726463,-13.823658594291,
-174.),(-95.2698954293118,-30.3646321690458,-174.),(-94.8137977602306,-12.3694388545259,
-174.),(-94.5839237520827,-31.6575156709179,-174.),(-94.3997908833192,-12.6747511699659,
-174.),(-94.0195708773208,-31.464842732356,-174.),(-93.4522466884669,-11.3670639940257,
-174.),(-93.2039029100349,-32.6232559379327,-174.),(-93.0600331839096,-11.7115052369165,
-174.),(-92.6398154324787,-32.3730295845414,-174.),(-91.9705043629572,-10.5623425364061,
-174.),(-91.6927445071213,-33.397849450162,-174.),(-91.5880168523204,-10.9386426836037,
-174.),(-91.1390104733705,-33.0853255488965,-174.),(-90.3797935430317,-9.95696462781628,
-174.),(-90.0946089915195,-33.9632527966355,-174.),(-90.0249731251717,-10.3734702736202,
-174.),(-89.5536243633601,-33.587347567269,-174.),(-88.7341759247786,-9.57535646210116,
-174.),(-88.4441775924427,-34.3044250383135,-174.),(-88.4093316900686,-10.0323287636463,
-174.),(-87.9261919773059,-33.8614432944112,-174.),(-87.1368675563964,-9.4243052311239,
-174.),(-86.74575072,-34.41838226,-174.),(-86.74575072,-33.91838226,-174.),
(-86.74575072,-9.91838226,-174.),(-86.74575072,-9.41838226,-174.),(-86.3546338836,
-34.4124592888759,-174.),(-85.5653094626935,-9.97532122558859,-174.),(-85.0821697499282,
-33.8044357563538,-174.),(-85.0473238475636,-9.53233948168659,-174.),(-84.7573255152214,
-34.2614080578976,-174.),(-83.9378770766425,-10.2494169527294,-174.),(-83.4665283148264,
-33.4632942463802,-174.),(-83.3968924484846,-9.87351172336528,-174.),(-83.1117078969629,
-33.8797998921802,-174.),(-82.3524909666319,-10.7514389711023,-174.),(-81.9034845876836,
-32.8981218363977,-174.),(-81.798756932871,-10.4389150698409,-174.),(-81.5209970770411,
-33.2744219835943,-174.),(-80.8516860075193,-11.4637349354607,-174.),(-80.4314682560966,
-32.1252592830858,-174.),(-80.2875985299543,-11.2135085820711,-174.),(-80.039254751539,
-32.4697005259802,-174.),(-79.4719305626763,-12.3719217876467,-174.),(-79.0917105566825,
-31.1620133500343,-174.),(-78.9075776879147,-12.1792488490824,-174.),(-78.677703679774,
-31.4673256654786,-174.),(-78.2216060106879,-13.4721323509545,-174.),(-77.8866433673525,
-30.0131059257083,-174.),(-77.6614039443437,-13.3318592716691,-174.),(-77.4556839409991,
-30.2824486432023,-174.),(-77.1378413235736,-14.7256902479175,-174.),(-76.8526933131801,
-28.7140468212438,-174.),(-76.580734702149,-14.6397958399239,-174.),(-76.4138731752354,
-28.9583361264123,-174.),(-76.2406916649407,-16.1150150655395,-174.),(-76.0153836649335,
-27.2922893142152,-174.),(-75.6957029428829,-16.0721871598691,-174.),(-75.5592009802026,
-27.4978500710795,-174.),(-75.5390702485265,-17.6272126555326,-174.),(-75.3744106697372,
-25.7536646470562,-174.),(-75.0536704345687,-19.2078599034185,-174.),(-75.0057989907522,
-17.62518454974,-174.),(-74.9528068686837,-24.1500886645909,-174.),(-74.9051168036089,
-25.9269091353462,-174.),(-74.7929293567353,-20.8431084458917,-174.),(-74.7599051945499,
-22.5102635666213,-174.),(-74.530986631261,-19.2524578762694,-174.),(-74.4722455488658,
-24.2995135875157,-174.),(-74.2848350814875,-20.917989897162,-174.),(-74.264844307862,
-22.6186113596017,-174.)));
#4688=COORDINATES_LIST('',102,((-101.735363710929,-22.4849897375021,125.),
(-101.691041397964,-20.6227517744422,125.),(-101.552500368353,-24.3348470600402,
125.),(-101.420799446112,-18.799606080919,125.),(-101.143589621309,-26.1322289582567,
125.),(-100.92142514785,-17.0120919969986,125.),(-100.737789164113,-22.398695218333,
125.),(-100.684649304444,-20.5971821150954,125.),(-100.565138473249,-24.1753907314224,
125.),(-100.510291315554,-27.8798569792706,125.),(-100.403725899383,-18.8311264155764,
125.),(-100.203106579567,-15.2907291913074,125.),(-100.164182346651,-25.9170088376313,
125.),(-99.8983242817935,-17.1203253665289,125.),(-99.6678556218181,-29.5400591670266,
125.),(-99.5381966819739,-27.6067946380074,125.),(-99.2898817040048,-13.6886039034451,
125.),(-99.1736460084042,-15.4700542111342,125.),(-98.7116674653099,-29.1905223767304,
125.),(-98.6345636294194,-31.0683925332669,125.),(-98.2509527408797,-13.9369601869098,
125.),(-98.1783955829006,-12.2060185319857,125.),(-97.6880398119713,-30.6541893177307,
125.),(-97.4137926029807,-32.4632041777758,125.),(-97.1418969151355,-12.540971123755,
125.),(-96.8834789718835,-10.8621672661184,125.),(-96.4746072349374,-31.9857364995448,
125.),(-96.0245626532023,-33.7066372037996,125.),(-95.8514663388372,-11.2828520357606,
125.),(-95.4497151040059,-9.69864117218627,125.),(-95.1135915189286,-33.1452947669144,
125.),(-94.5054219869669,-34.7583079981,125.),(-94.4207171313593,-10.2064886745623,
125.),(-93.8791165712584,-8.72123415805261,125.),(-93.6170671880033,-34.1182792079465,
125.),(-92.8700448781937,-9.328179170011,125.),(-92.8659498298728,-35.6132445176895,
125.),(-92.1852020325652,-7.9392431244243,125.),(-91.9936604106289,-34.89760030645,
125.),(-91.20245326136,-8.64580513592646,125.),(-91.1188553091558,-36.2683432755072,
125.),(-90.4236198812627,-7.37369920605135,125.),(-90.295569203468,-35.4631365780946,
125.),(-89.4716541294126,-8.18366933966596,125.),(-89.318887904548,-36.6987846701888,
125.),(-88.6088026639428,-7.03238606210541,125.),(-88.5447330639758,-35.8043958303375,
125.),(-87.7052913997418,-7.95044164532871,125.),(-87.4840971356142,-36.9007319842806,
125.),(-86.74575072,-36.91838226,125.),(-86.74575072,-35.91838226,125.),
(-86.74575072,-7.91838226,125.),(-86.74575072,-6.91838226,125.),(-86.0074043043871,
-6.93603253571938,125.),(-85.7862100402605,-35.8863228746709,125.),(-84.9467683760313,
-8.0323686896626,125.),(-84.8826987760685,-36.8043784578944,125.),(-84.1726135354532,
-7.13797984981099,125.),(-84.0198473105843,-35.6530951803307,125.),(-83.1959322365375,
-8.37362794190612,125.),(-83.0678815587468,-36.4630653139476,125.),(-82.3726461308454,
-7.56842124449239,125.),(-82.2890481786304,-35.1909593840676,125.),(-81.4978410293638,
-8.93916421355334,125.),(-81.3062994074255,-35.8975213955709,125.),(-80.6255516101283,
-8.22352000231003,125.),(-80.6214565618059,-34.5085853499913,125.),(-79.8744342519837,
-9.71848531205803,125.),(-79.6123848687256,-35.1155303619425,125.),(-79.07078430865,
-33.6302758454463,125.),(-78.9860794530344,-9.07845652189988,125.),(-78.3779099210672,
-10.6914697530861,125.),(-78.0417863359903,-34.138123347814,125.),(-77.6400351011679,
-32.5539124842437,125.),(-77.4669387867961,-10.1301273162028,125.),(-77.0168942050627,
-11.8510280204548,125.),(-76.6080224681156,-32.9745972538812,125.),(-76.3496045248644,
-31.2957933962457,125.),(-76.0777088370179,-11.3735603422254,125.),(-75.8034616280309,
-13.1825752022678,125.),(-75.3131058570983,-31.630745988013,125.),(-75.240548699122,
-29.899804333094,125.),(-74.8569378105821,-12.7683719867298,125.),(-74.7798339746901,
-14.6462421432704,125.),(-74.3178554315971,-28.3667103088689,125.),(-74.2016197359944,
-30.1481606165538,125.),(-73.9533047580258,-16.2299698819933,125.),(-73.8236458181839,
-14.2967053529691,125.),(-73.5931771582069,-26.716439153472,125.),(-73.3273190933491,
-17.9197556823696,125.),(-73.2883948604322,-28.5460353286915,125.),(-73.0877755406176,
-25.0056381044246,125.),(-72.9812101244469,-15.9569075407276,125.),(-72.9263629667504,
-19.6613737885786,125.),(-72.8068521355561,-23.2395824049056,125.),(-72.7537122758868,
-21.4380693016681,125.),(-72.5700762921493,-26.8246725230001,125.),(-72.3479118186909,
-17.704535561742,125.),(-72.070701993888,-25.0371584390797,125.),(-71.939001071647,
-19.5019174599585,125.),(-71.8004600420357,-23.2140127455565,125.),(-71.7561377290708,
-21.3517747824965,125.)));
#4689=COORDINATES_LIST('',4,((-70.5777899405844,-27.1716711572507,-60.),
(-70.5777899405844,-27.1716711572507,60.0000000000001),(-69.4724820399334,
-26.9367307103135,-52.10011653),(-69.4724820399334,-26.9367307103135,52.1001165300001)));
#4690=COORDINATES_LIST('',3,((-96.8562172937576,-36.7954820420438,-52.100116530615),
(-96.7381000100808,-35.6716711601112,-60.0000000000172),(-95.85480623,-36.27195699,
-60.)));
#4691=COORDINATES_LIST('',3,((-72.9924618198871,-31.910731550082,-60.),
(-72.39217599,-31.02743777,-60.),(-71.8686509366392,-32.0288488319328,-52.1001165301061)));
#4692=COORDINATES_LIST('',4,((-70.9395504596831,-15.6602648578538,-60.),
(-70.9395504596831,-15.6602648578538,60.0000000000001),(-69.821671589644,
-15.8253388475893,-52.10011653),(-69.821671589644,-15.8253388475893,52.1001165300001)));
#4693=COORDINATES_LIST('',4,((-104.511780397852,-19.1045196061687,-52.10011653),
(-104.511780397852,-19.1045196061687,52.10011653),(-103.444633999223,-18.7328999122317,
-60.),(-103.444633999223,-18.7328999122317,60.)));
#4694=COORDINATES_LIST('',4,((-90.9734788038087,-5.4524685169366,-60.),
(-90.9734788038087,-5.4524685169366,60.),(-90.6695990993309,-4.36409371618681,
-52.10011653),(-90.6695990993309,-4.36409371618681,52.10011653)));
#4695=COORDINATES_LIST('',4,((-79.5075027607791,-6.53632236387896,-60.),
(-79.5075027607791,-6.53632236387896,60.0000000000001),(-78.579603219116,
-5.89141538227186,-52.10011653),(-78.579603219116,-5.89141538227186,52.1001165300001)));
#4696=COORDINATES_LIST('',3,((-71.36369083,-14.6801343,-60.),(-70.93955046029,
-15.6602648601148,-60.),(-70.2376527532029,-14.7746903579453,-52.1001165306819)));
#4697=COORDINATES_LIST('',100,((-101.735363710929,-21.3517747824965,-125.),
(-101.691041397964,-23.2140127455565,-125.),(-101.552500368353,-19.5019174599585,
-125.),(-101.420799446112,-25.0371584390797,-125.),(-101.143589621309,-17.704535561742,
-125.),(-100.921425147851,-26.8246725230001,-125.),(-100.510291315553,-15.9569075407276,
-125.),(-100.203106579568,-28.5460353286915,-125.),(-99.6678556218161,-14.2967053529691,
-125.),(-99.2898817040056,-30.1481606165538,-125.),(-99.226657132138,-22.6186113596017,
-125.),(-99.2066663585125,-20.917989897162,-125.),(-99.0192558911342,-24.2995135875157,
-125.),(-98.960514808739,-19.2524578762694,-125.),(-98.6345636294179,-12.7683719867298,
-125.),(-98.5863846363911,-25.9269091353462,-125.),(-98.4857024492478,-17.62518454974,
-125.),(-98.1783955829018,-31.630745988013,-125.),(-97.9323004597974,-27.4978500710795,
-125.),(-97.7957984971171,-16.0721871598691,-125.),(-97.4137926029821,-11.3735603422254,
-125.),(-97.0776282647646,-28.9583361264123,-125.),(-96.910766737851,-14.6397958399239,
-125.),(-96.8834789718844,-32.9745972538812,-125.),(-96.0358174990009,-30.2824486432023,
-125.),(-96.0245626532039,-10.1301273162028,-125.),(-95.8300974956563,-13.3318592716691,
-125.),(-95.4497151040097,-34.138123347814,-125.),(-94.813797760226,-31.4673256654786,
-125.),(-94.5839237520853,-12.1792488490824,-125.),(-94.5054219869656,-9.07845652189988,
-125.),(-93.8791165712744,-35.1155303619425,-125.),(-93.452246688461,-32.4697005259802,
-125.),(-93.2039029100457,-11.2135085820711,-125.),(-92.8659498298717,-8.22352000231003,
-125.),(-92.1852020325745,-35.8975213955709,-125.),(-91.9705043629589,-33.2744219835943,
-125.),(-91.692744507129,-10.4389150698409,-125.),(-91.1188553091546,-7.56842124449239,
-125.),(-90.4236198812532,-36.4630653139476,-125.),(-90.3797935430371,-33.8797998921802,
-125.),(-90.0946089915154,-9.87351172336528,-125.),(-89.3188879045468,-7.13797984981099,
-125.),(-88.7341759247786,-34.2614080578976,-125.),(-88.6088026639315,-36.8043784578944,
-125.),(-88.4441775924363,-9.53233948168659,-125.),(-87.4840971356129,-6.93603253571938,
-125.),(-87.1368675564,-34.4124592888759,-125.),(-86.74575072,-36.91838226,
-125.),(-86.74575072,-34.41838226,-125.),(-86.74575072,-9.41838226,-125.),
(-86.74575072,-6.91838226,-125.),(-86.3546338836036,-9.4243052311239,-125.),
(-86.0074043043858,-36.9007319842806,-125.),(-85.0473238475573,-34.3044250383135,
-125.),(-84.8826987760572,-7.03238606210541,-125.),(-84.7573255152214,-9.57535646210116,
-125.),(-84.172613535452,-36.6987846701888,-125.),(-83.3968924484805,-33.9632527966355,
-125.),(-83.1117078969683,-9.95696462781628,-125.),(-83.0678815587373,-7.37369920605135,
-125.),(-82.3726461308442,-36.2683432755072,-125.),(-81.7987569328787,-33.397849450162,
-125.),(-81.5209970770428,-10.5623425364061,-125.),(-81.3062994074348,-7.9392431244243,
-125.),(-80.6255516101272,-35.6132445176895,-125.),(-80.2875985299651,-32.6232559379327,
-125.),(-80.0392547515332,-11.3670639940257,-125.),(-79.6123848687416,-8.72123415805261,
-125.),(-78.9860794530331,-34.7583079981,-125.),(-78.9075776879173,-31.6575156709179,
-125.),(-78.6777036797695,-12.3694388545259,-125.),(-78.0417863359941,-9.69864117218627,
-125.),(-77.6614039443434,-30.5049052483309,-125.),(-77.4669387867977,-33.7066372037996,
-125.),(-77.4556839409985,-13.5543158767984,-125.),(-76.6080224681165,-10.8621672661184,
-125.),(-76.5807347021477,-29.1969686800755,-125.),(-76.4138731752348,-14.8784283935886,
-125.),(-76.0777088370193,-32.4632041777758,-125.),(-75.6957029428833,-27.7645773601321,
-125.),(-75.5592009802022,-16.3389144489215,-125.),(-75.3131058570994,-12.2060185319857,
-125.),(-75.0057989907524,-26.2115799702606,-125.),(-74.9051168036085,-17.9098553846548,
-125.),(-74.8569378105806,-31.0683925332669,-125.),(-74.5309866312612,-24.5843066437317,
-125.),(-74.4722455488656,-19.5372509324853,-125.),(-74.2848350814876,-22.918774622839,
-125.),(-74.2648443078619,-21.2181531603994,-125.),(-74.2016197359952,-13.6886039034451,
-125.),(-73.8236458181819,-29.5400591670266,-125.),(-73.2883948604328,-15.2907291913074,
-125.),(-72.9812101244462,-27.8798569792706,-125.),(-72.5700762921497,-17.0120919969986,
-125.),(-72.3479118186905,-26.1322289582567,-125.),(-72.0707019938883,-18.799606080919,
-125.),(-71.9390010716468,-24.3348470600402,-125.),(-71.8004600420358,-20.6227517744422,
-125.),(-71.7561377290707,-22.4849897375021,-125.)));
#4698=COORDINATES_LIST('',4,((-102.228335396777,-31.0747573119521,-52.10011653),
(-102.228335396777,-31.0747573119521,52.10011653),(-101.642964288222,-30.1081947271333,
-60.),(-101.642964288222,-30.1081947271333,60.)));
#4699=COORDINATES_LIST('',38,((-90.74575072,-11.91838226,145.),(-90.74575072,
-8.501974392,145.),(-90.6910743850606,-8.48099412792249,144.340893652046),
(-90.6094540251563,-11.91838226,143.96472381959),(-90.6093662609498,-8.45426418175852,
143.964396334629),(-90.4742341717354,-8.41509169379974,143.551410634398),
(-90.2098523351377,-11.91838226,143.),(-90.2096763605227,-8.34745414802217,
142.999695233988),(-90.0371119626584,-8.30709451319934,142.726909335216),
(-89.5741778447462,-11.91838226,142.171572875254),(-89.5740882853078,-8.20717268206856,
142.171483318651),(-89.4114338937091,-8.17507058209815,142.017696659056),
(-88.7459428027408,-8.0678160063846,141.536009290985),(-88.74575072,-11.91838226,
141.535898384862),(-88.6169465215451,-8.0506644863599,141.464660373842),
(-87.7811468475271,-7.963589793728,141.136328836572),(-87.7810269004101,
-11.91838226,141.136296694844),(-87.7182428478721,-7.95870029028674,141.120018162256),
(-86.74575072,-11.91838226,141.),(-86.74575072,-7.918382257,141.),(-86.0984785394968,
-7.93740180986039,141.052717551993),(-85.7104745395899,-11.91838226,141.136296694844),
(-85.7101488070682,-7.96360654598991,141.136383989327),(-85.2997266052932,
-8.00126977101104,141.270520913092),(-84.74575072,-11.91838226,141.535898384862),
(-84.7454375333442,-8.06783307808737,141.53607922214),(-84.4752678909112,
-8.10731511729454,141.706839250384),(-83.9173235952538,-11.91838226,142.171572875254),
(-83.9172216721849,-8.20721218456103,142.171674801996),(-83.7676399987966,
-8.23846621706058,142.329633633328),(-83.2817524772527,-8.34747114719881,
142.999820964452),(-83.2816491048623,-11.91838226,143.),(-83.2123209303576,
-8.36441879465857,143.125200298254),(-82.882079392094,-8.4542810279833,
143.964604486239),(-82.8820474148437,-11.91838226,143.96472381959),(-82.8659835329671,
-8.45930129336594,144.026651873982),(-82.74575072,-11.91838226,145.),(-82.74575072,
-8.501974392,145.)));
#4700=COORDINATES_LIST('',3,((-103.25384868928,-14.7746903601117,52.10011653),
(-102.551951,-15.66026486,60.),(-102.1278106,-14.6801343,60.)));
#4701=COORDINATES_LIST('',3,((-82.51802264,-38.384296,60.),(-81.7274022664193,
-39.191650937983,52.1001165299208),(-81.4924618200906,-38.0863430297211,
59.9999999999633)));
#4702=COORDINATES_LIST('',3,((-72.39217599,-12.80932674,-60.),(-71.8485371601472,
-13.7285698000809,-60.),(-71.2631660455141,-12.7620072081863,-52.1001165300038)));
#4703=COORDINATES_LIST('',4,((-100.958652498247,-10.8937255592195,-52.10011653),
(-100.958652498247,-10.8937255592195,52.10011653),(-100.499039622418,-11.9260329799812,
-60.),(-100.499039622418,-11.9260329799812,60.)));
#4704=COORDINATES_LIST('',3,((-87.81318955,-38.88483664,60.),(-87.3107512918664,
-39.896991958072,52.1001165306764),(-86.74575072,-38.9183822598844,60.)));
#4705=COORDINATES_LIST('',4,((-92.8387941236961,-38.8424613870012,-52.10011653),
(-92.8387941236961,-38.8424613870012,52.10011653),(-91.9990396171992,-38.0863430331106,
-60.),(-91.9990396171992,-38.0863430331106,60.)));
#4706=COORDINATES_LIST('',4,((-83.9318880588627,-4.15235261660395,-52.10011653),
(-83.9318880588627,-4.15235261660395,52.10011653),(-83.5602683720689,-5.21949899472045,
-60.),(-83.5602683720689,-5.21949899472045,60.)));
#4707=COORDINATES_LIST('',3,((-84.61508575,-5.052432334,-60.),(-83.9318880573528,
-4.15235261781441,-52.100116529898),(-83.5602683699939,-5.21949899396804,
-60.)));
#4708=COORDINATES_LIST('',3,((-76.75340143,-35.67167116,60.),(-75.9095428897947,
-35.0171073802482,60.0000000000403),(-75.7210940226666,-36.1312840291615,
52.1001165296041)));
#4709=COORDINATES_LIST('',3,((-103.25384868928,-14.7746903601117,-52.10011653),
(-102.551951,-15.66026486,-60.),(-102.1278106,-14.6801343,-60.)));
#4710=COORDINATES_LIST('',4,((-95.9021257669702,-6.43579758387301,-52.10011653),
(-95.9021257669702,-6.43579758387301,52.1001165300001),(-95.8548062304277,
-7.56480752301793,-60.),(-95.8548062304277,-7.56480752301793,60.0000000000001)));
#4711=COORDINATES_LIST('',4,((-74.3532840545382,-33.5556830613702,-60.),
(-74.3532840545382,-33.5556830613702,60.),(-74.0266777955182,-34.637455181666,
-52.10011653),(-74.0266777955182,-34.637455181666,52.10011653)));
#4712=COORDINATES_LIST('',3,((-88.87641569,-5.052432334,-60.),(-88.4385226367343,
-4.01072592073346,-52.1001165298736),(-87.8131895500001,-4.95192787399822,
-60.0000000000002)));
#4713=COORDINATES_LIST('',4,((-75.1084499220161,-9.52591559052712,-60.),
(-75.1084499220161,-9.52591559052712,60.),(-74.8504131780353,-8.42577031846082,
-52.10011653),(-74.8504131780353,-8.42577031846082,52.10011653)));
#4714=COORDINATES_LIST('',4,((-96.8562172932413,-36.7954820337999,-52.10011653),
(-96.8562172932413,-36.7954820337999,52.1001165300001),(-95.8548062334695,
-36.2719569833635,-60.),(-95.8548062334695,-36.2719569833635,60.0000000000001)));
#4715=COORDINATES_LIST('',28,((-103.125447142618,-23.9072374842128,-101.),
(-103.125447142618,-23.9072374842128,-60.),(-103.125447142618,-19.9295270357872,
-101.),(-103.125447142618,-19.9295270357872,-60.),(-102.173518724309,-16.0674016237982,
-101.),(-102.173518724309,-16.0674016237982,-60.),(-102.173518724309,-27.7693628962018,
-101.),(-102.173518724309,-27.7693628962018,-60.),(-100.324984507245,-31.2914505810641,
-101.),(-100.324984507245,-31.2914505810641,-60.),(-100.324984507245,-12.5453139389359,
-101.),(-100.324984507245,-12.5453139389359,-60.),(-97.6872745809731,-9.56795491517684,
-101.),(-97.6872745809731,-9.56795491517684,-60.),(-97.6872745809731,-34.2688096048232,
-101.),(-97.6872745809731,-34.2688096048232,-60.),(-94.4136830587222,-36.528406683278,
-101.),(-94.4136830587222,-36.528406683278,-60.),(-94.4136830587222,-7.30835783672204,
-101.),(-94.4136830587222,-7.30835783672204,-60.),(-90.6944591807447,-5.89784227247014,
-101.),(-90.6944591807447,-5.89784227247014,-60.),(-90.6944591807447,-37.9389222475299,
-101.),(-90.6944591807447,-37.9389222475299,-60.),(-86.74575072,-38.41838226,
-101.),(-86.74575072,-38.41838226,-60.),(-86.74575072,-5.41838226,-101.),
(-86.74575072,-5.41838226,-60.)));
#4716=COORDINATES_LIST('',4,((-77.6366952025475,-7.56480752331235,-60.),
(-77.6366952025475,-7.56480752331235,60.0000000000001),(-77.589375666005,
-6.43579758416744,-52.10011653),(-77.589375666005,-6.43579758416744,52.1001165300001)));
#4717=COORDINATES_LIST('',3,((-78.55593826,-7.021168696,-60.),(-77.6366952101649,
-7.56480752325985,-60.),(-77.5893756670262,-6.43579758231142,-52.10011653018)));
#4718=COORDINATES_LIST('',4,((-69.7792963380349,-22.9858210939587,-60.),
(-69.7792963380349,-22.9858210939587,60.),(-68.7671410197378,-22.4833828305281,
-52.10011653),(-68.7671410197378,-22.4833828305281,52.10011653)));
#4719=COORDINATES_LIST('',4,((-75.9095428912423,-35.0171073833405,-60.),
(-75.9095428912423,-35.0171073833405,60.),(-74.8504131774371,-35.4109941931087,
-52.10011653),(-74.8504131774371,-35.4109941931087,52.10011653)));
#4720=COORDINATES_LIST('',30,((-91.7340383598998,-21.5631638480924,-175.),
(-91.6942203720853,-22.6352480723101,-175.),(-91.5434988699123,-20.5106846042467,
-175.),(-91.4296439818698,-23.6703440195644,-175.),(-91.1433457708732,-19.5370984673638,
-175.),(-91.1336635294718,-24.3155099529846,-175.),(-90.5346661962199,-18.6557413932016,
-175.),(-90.5235102966015,-25.1951845219642,-175.),(-89.7546225447208,-17.9240077871309,
-175.),(-89.7371160708229,-25.9249984909392,-175.),(-88.8335969882594,-17.3748373185175,
-175.),(-88.8180050095141,-26.4696016867641,-175.),(-87.8209232802058,-17.0347070606345,
-175.),(-87.799115685422,-26.8065403000687,-175.),(-86.7543000029337,-16.9178343083499,
-175.),(-86.7372014370663,-26.9189302116501,-175.),(-85.692385754578,-17.0302242199313,
-175.),(-85.6705781597942,-26.8020574593655,-175.),(-84.6734964304859,-17.3671628332359,
-175.),(-84.6579044517406,-26.4619272014825,-175.),(-83.7543853691771,-17.9117660290608,
-175.),(-83.7368788952792,-25.9127567328691,-175.),(-82.9679911433985,-18.6415799980358,
-175.),(-82.9568352437801,-25.1810231267984,-175.),(-82.3578379105282,-19.5212545670154,
-175.),(-82.3481556691268,-24.2996660526362,-175.),(-82.0618574581302,-20.1664205004356,
-175.),(-81.9480025700877,-23.3260799157533,-175.),(-81.7972810679147,-21.2015164476899,
-175.),(-81.7574630801003,-22.2736006719076,-175.)));
#4721=COORDINATES_LIST('',4,((-69.8798007978902,-19.787717284981,-60.),
(-69.8798007978902,-19.787717284981,60.0000000000001),(-68.8380943806689,
-20.2256103415911,-52.10011653),(-68.8380943806689,-20.2256103415911,52.1001165300001)));
#4722=COORDINATES_LIST('',26,((-86.74575072,-34.418382263,-174.),(-86.74575072,
-34.418382263,-125.),(-86.74575072,-9.418382257,-174.),(-86.74575072,-9.418382257,
-125.),(-83.510512655442,-33.9924550915111,-174.),(-83.510512655442,-33.9924550915111,
-125.),(-83.510512655442,-9.84430942848887,-174.),(-83.510512655442,-9.84430942848887,
-125.),(-80.4957507185,-11.0930647100964,-174.),(-80.4957507185,-11.0930647100964,
-125.),(-80.4957507185,-32.7436998099036,-174.),(-80.4957507185,-32.7436998099036,
-125.),(-77.9069159530468,-30.7572170269532,-174.),(-77.9069159530468,-30.7572170269532,
-125.),(-77.9069159530468,-13.0795474930468,-174.),(-77.9069159530468,-13.0795474930468,
-125.),(-75.9204331700964,-15.6683822585,-174.),(-75.9204331700964,-15.6683822585,
-125.),(-75.9204331700964,-28.1683822615,-174.),(-75.9204331700964,-28.1683822615,
-125.),(-74.6716778884889,-18.683144195442,-174.),(-74.6716778884889,-18.683144195442,
-125.),(-74.6716778884889,-25.153620324558,-174.),(-74.6716778884889,-25.153620324558,
-125.),(-74.245750717,-21.91838226,-174.),(-74.245750717,-21.91838226,-125.)));
#4723=COORDINATES_LIST('',4,((-101.622850499819,-11.8079156782819,-52.10011653),
(-101.622850499819,-11.8079156782819,52.10011653),(-100.499039599327,-11.9260329635942,
-60.),(-100.499039599327,-11.9260329635942,60.)));
#4724=COORDINATES_LIST('',3,((-70.57778994,-27.17167116,-60.),(-70.27983698,
-26.14611034,-60.),(-69.4724820362662,-26.936730713264,-52.10011653)));
#4725=COORDINATES_LIST('',4,((-103.253848685856,-29.0620741612102,-52.10011653),
(-103.253848685856,-29.0620741612102,52.1001165300001),(-102.551950986028,
-28.1764996610744,-60.),(-102.551950986028,-28.1764996610744,60.0000000000001)));
#4726=COORDINATES_LIST('',3,((-98.6410882649797,-35.4109941964649,52.100116530335),
(-98.38305152,-34.31084892,60.),(-97.5819585500668,-35.0171073800807,60.)));
#4727=COORDINATES_LIST('',3,((-100.23836265368,-33.8137198015935,52.10011653),
(-99.84447585,-32.75459008,60.),(-99.13821739,-33.55568306,60.)));
#4728=COORDINATES_LIST('',3,((-101.622850513118,-11.807915686724,-52.10011653),
(-101.0993255,-12.80932674,-60.),(-100.4990396,-11.92603297,-60.)));
#4729=COORDINATES_LIST('',4,((-93.8894426190463,-38.4264802212032,-52.10011653),
(-93.8894426190463,-38.4264802212032,52.1001165300001),(-93.0038681189105,
-37.7245825213746,-60.),(-93.0038681189105,-37.7245825213746,60.0000000000001)));
#4730=COORDINATES_LIST('',3,((-89.9312330700061,-5.21949899396804,60.),
(-89.5596133823427,-4.15235261776616,52.100116529898),(-88.87641569,-5.052432334,
60.)));
#4731=COORDINATES_LIST('',3,((-89.93123307,-5.219498994,-60.),(-89.5596133827742,
-4.1523526170129,-52.1001165299994),(-88.876415689996,-5.05243233403179,
-59.999999999996)));
#4732=COORDINATES_LIST('',3,((-70.57778994009,-16.6650933500292,59.9999999999882),
(-70.27983698,-17.69065418,60.),(-69.4724820373545,-16.900033802051,52.1001165298583)));
#4733=COORDINATES_LIST('',4,((-79.5075027602112,-37.3004421503038,-60.),
(-79.5075027602112,-37.3004421503038,60.0000000000001),(-78.5796032204226,
-37.9453491306081,-52.10011653),(-78.5796032204226,-37.9453491306081,52.1001165300001)));
#4734=COORDINATES_LIST('',4,((-78.5559382599765,-7.02116869603885,-60.),
(-78.5559382599765,-7.02116869603885,60.),(-77.5893756698404,-6.43579758426356,
-52.10011653),(-77.5893756698404,-6.43579758426356,52.10011653)));
#4735=COORDINATES_LIST('',3,((-104.653407093845,-20.2256103414221,-52.10011653),
(-103.7122051,-20.85094342,-60.),(-103.6117006,-19.78771729,-60.)));
#4736=COORDINATES_LIST('',4,((-81.4924618202623,-38.0863430302914,-60.),
(-81.4924618202623,-38.0863430302914,60.),(-80.6527073137655,-38.842461384182,
-52.10011653),(-80.6527073137655,-38.842461384182,52.10011653)));
#4737=COORDINATES_LIST('',3,((-69.8798007996607,-19.7877172899571,60.0000000000427),
(-69.77929634,-20.85094342,60.),(-68.8380943801156,-20.2256103410811,52.1001165301335)));
#4738=COORDINATES_LIST('',3,((-81.4924618200259,-38.0863430299203,-60.),
(-80.652707316509,-38.8424613766151,-52.1001165290968),(-80.48763332,-37.72458252,
-60.)));
#4739=COORDINATES_LIST('',4,((-89.9312330675012,-5.21949899487018,-60.),
(-89.9312330675012,-5.21949899487018,60.),(-89.5596133807073,-4.15235261675368,
-52.10011653),(-89.5596133807073,-4.15235261675368,52.10011653)));
#4740=COORDINATES_LIST('',4,((-77.6366952011588,-36.2719569896294,-60.),
(-77.6366952011588,-36.2719569896294,60.0000000000001),(-77.5893756645744,
-37.4009669297726,-52.10011653),(-77.5893756645744,-37.4009669297726,52.1001165300001)));
#4741=COORDINATES_LIST('',26,((-91.7443585282237,-22.0363651820337,150.),
(-91.7443585282237,-22.0363651820337,184.),(-91.6045713245001,-20.7386101109763,
150.),(-91.6045713245001,-20.7386101109763,184.),(-91.5434988700284,-23.3260799119216,
150.),(-91.5434988700284,-23.3260799119216,184.),(-91.1336635257926,-19.5212545622985,
150.),(-91.1336635257926,-19.5212545622985,184.),(-91.0156806036991,-24.5198623730549,
150.),(-91.0156806036991,-24.5198623730549,184.),(-90.1968736718652,-25.5363582634356,
150.),(-90.1968736718652,-25.5363582634356,184.),(-89.1428784138507,-26.3062950678963,
150.),(-89.1428784138507,-26.3062950678963,184.),(-87.9255228647597,-26.7772028655354,
150.),(-87.9255228647597,-26.7772028655354,184.),(-86.6277677935796,-26.9169900681202,
150.),(-86.6277677935796,-26.9169900681202,184.),(-85.3380530638679,-26.716130408793,
150.),(-85.3380530638679,-26.716130408793,184.),(-84.1442706031979,-26.1883121414161,
150.),(-84.1442706031979,-26.1883121414161,184.),(-83.1277747135358,-25.3695052086901,
150.),(-83.1277747135358,-25.3695052086901,184.),(-82.35783791,-24.31550995,
150.),(-82.35783791,-24.31550995,184.)));
#4742=COORDINATES_LIST('',3,((-104.300039238451,-17.9945338777855,-52.1001165301979),
(-103.444634,-18.73289991,-60.),(-103.211664499806,-17.6906541800498,-59.999999999975)));
#4743=COORDINATES_LIST('',3,((-79.5075027600608,-37.3004421498708,-60.),
(-78.5796032195707,-37.945349131799,-52.1001165298827),(-78.55593826,-36.81559582,
-60.)));
#4744=COORDINATES_LIST('',3,((-100.23836265368,-10.0230447109071,-52.10011653),
(-99.84447585,-11.08217443,-60.),(-99.13821739,-10.28108146,-60.)));
#4745=COORDINATES_LIST('',3,((-74.35328405,-33.55568306,60.),(-73.6470255900943,
-32.754590079922,59.9999999999847),(-73.2531387829456,-33.8137197978262,
52.1001165293025)));
#4746=COORDINATES_LIST('',4,((-77.636695211752,-7.5648075196488,-60.),(-77.636695211752,
-7.5648075196488,60.0000000000001),(-76.6352841523907,-7.04128246942705,
-52.10011653),(-76.6352841523907,-7.04128246942705,52.1001165300001)));
#4747=COORDINATES_LIST('',3,((-83.5602683699566,-5.21949899377266,60.0000000000289),
(-82.8219023407112,-4.36409371597796,52.1001165300118),(-82.51802264,-5.452468518,
60.)));
#4748=COORDINATES_LIST('',4,((-104.653407093161,-23.6111541537296,-52.10011653),
(-104.653407093161,-23.6111541537296,52.1001165300001),(-103.61170060438,
-24.0490472404203,-60.),(-103.61170060438,-24.0490472404203,60.0000000000001)));
#4749=COORDINATES_LIST('',3,((-75.10844992,-9.525915591,-60.),(-74.3532840497253,
-10.281081459742,-60.),(-74.0266777919408,-9.19930932946426,-52.1001165300219)));
#4750=COORDINATES_LIST('',4,((-98.6410882581742,-8.42577031522629,-52.10011653),
(-98.6410882581742,-8.42577031522629,52.10011653),(-98.383051513672,-9.52591558951577,
-60.),(-98.383051513672,-9.52591558951577,60.)));
#4751=COORDINATES_LIST('',3,((-70.57778994,-16.66509335,-60.),(-70.2798369799069,
-17.6906541799761,-60.),(-69.4724820428327,-16.9000338031073,-52.1001165291639)));
#4752=COORDINATES_LIST('',4,((-92.8387941288694,-4.99430312874437,-52.10011653),
(-92.8387941288694,-4.99430312874437,52.10011653),(-91.9990396223725,-5.75042148263498,
-60.),(-91.9990396223725,-5.75042148263498,60.)));
#4753=COORDINATES_LIST('',4,((-104.511780398276,-24.7322449150498,-52.10011653),
(-104.511780398276,-24.7322449150498,52.10011653),(-103.444634002753,-25.1038646079053,
-60.),(-103.444634002753,-25.1038646079053,60.)));
#4754=COORDINATES_LIST('',3,((-75.9095428899477,-8.81965712993683,60.0000000000102),
(-75.10844992,-9.525915591,60.),(-74.8504131729213,-8.42577031375936,52.1001165306516)));
#4755=COORDINATES_LIST('',3,((-72.39217599,-31.02743777,60.),(-71.8485371603826,
-30.1081947197897,59.9999999999454),(-71.2631660432457,-31.0747573106546,
52.1001165303332)));
#4756=COORDINATES_LIST('',4,((-102.772717598036,-30.0845297613647,-52.10011653),
(-102.772717598036,-30.0845297613647,52.1001165300001),(-102.127810606532,
-29.1566302054605,-60.),(-102.127810606532,-29.1566302054605,60.0000000000001)));
#4757=COORDINATES_LIST('',26,((-91.13366353,-24.31550995,-200.),(-91.13366353,
-24.31550995,-175.),(-90.3637267264643,-25.3695052086901,-200.),(-90.3637267264643,
-25.3695052086901,-175.),(-89.3472308368021,-26.1883121414161,-200.),(-89.3472308368021,
-26.1883121414161,-175.),(-88.1534483761321,-26.716130408793,-200.),(-88.1534483761321,
-26.716130408793,-175.),(-86.8637336464204,-26.9169900681202,-200.),(-86.8637336464204,
-26.9169900681202,-175.),(-85.5659785752403,-26.7772028655355,-200.),(-85.5659785752403,
-26.7772028655355,-175.),(-84.3486230261492,-26.3062950678963,-200.),(-84.3486230261492,
-26.3062950678963,-175.),(-83.2946277681348,-25.5363582634356,-200.),(-83.2946277681348,
-25.5363582634356,-175.),(-82.4758208363009,-24.5198623730549,-200.),(-82.4758208363009,
-24.5198623730549,-175.),(-82.3578379142074,-19.5212545622985,-200.),(-82.3578379142074,
-19.5212545622985,-175.),(-81.9480025699716,-23.3260799119216,-200.),(-81.9480025699716,
-23.3260799119216,-175.),(-81.8869301154999,-20.7386101109763,-200.),(-81.8869301154999,
-20.7386101109763,-175.),(-81.7471429117763,-22.0363651820337,-200.),(-81.7471429117763,
-22.0363651820337,-175.)));
#4758=COORDINATES_LIST('',4,((-93.9839986819435,-37.3004421501632,-60.),
(-93.9839986819435,-37.3004421501632,60.),(-93.8894426233177,-38.4264802202786,
-52.10011653),(-93.8894426233177,-38.4264802202786,52.10011653)));
#4759=COORDINATES_LIST('',3,((-74.35328405,-10.28108146,-60.),(-73.6470255899193,
-11.0821744299332,-60.),(-73.2531387778057,-10.023044710143,-52.100116530159)));
#4760=COORDINATES_LIST('',3,((-102.772717572897,-30.0845297578511,-52.10011653),
(-102.1278106,-29.15663021,-60.),(-101.6429643,-30.10819472,-60.)));
#4761=COORDINATES_LIST('',4,((-77.6366952108401,-36.271956991607,-60.),
(-77.6366952108401,-36.271956991607,60.0000000000001),(-76.6352841510683,
-36.7954820420434,-52.10011653),(-76.6352841510683,-36.7954820420434,52.1001165300001)));
#4762=COORDINATES_LIST('',3,((-99.4648236448973,-34.6374551806956,52.1001165294693),
(-99.13821739,-33.55568306,60.),(-98.3830515201568,-34.310848920167,60.)));
#4763=COORDINATES_LIST('',26,((-99.24575072,-21.91838226,-174.),(-99.24575072,
-21.91838226,-125.),(-98.8198235486134,-25.1536203237815,-174.),(-98.8198235486134,
-25.1536203237815,-125.),(-98.8198235486134,-18.6831441962185,-174.),(-98.8198235486134,
-18.6831441962185,-125.),(-97.5710682673055,-28.16838226,-174.),(-97.5710682673055,
-28.16838226,-125.),(-97.5710682673055,-15.66838226,-174.),(-97.5710682673055,
-15.66838226,-125.),(-95.5845854848318,-30.7572170248318,-174.),(-95.5845854848318,
-30.7572170248318,-125.),(-95.5845854848318,-13.0795474951682,-174.),(-95.5845854848318,
-13.0795474951682,-125.),(-92.99575072,-11.0930647126945,-174.),(-92.99575072,
-11.0930647126945,-125.),(-92.99575072,-32.7436998073055,-174.),(-92.99575072,
-32.7436998073055,-125.),(-89.9809887837815,-33.9924550886134,-174.),(-89.9809887837815,
-33.9924550886134,-125.),(-89.9809887837815,-9.84430943138665,-174.),(-89.9809887837815,
-9.84430943138665,-125.),(-86.74575072,-34.41838226,-174.),(-86.74575072,
-34.41838226,-125.),(-86.74575072,-9.41838226,-174.),(-86.74575072,-9.41838226,
-125.)));
#4764=COORDINATES_LIST('',4,((-85.0529788045295,-4.01072591770041,-52.10011653),
(-85.0529788045295,-4.01072591770041,52.1001165300001),(-84.6150857485611,
-5.05243233339515,-60.),(-84.6150857485611,-5.05243233339515,60.0000000000001)));
#4765=COORDINATES_LIST('',3,((-98.6410882628495,-8.4257703185565,52.1001165298522),
(-98.383051519943,-9.5259155910607,60.),(-97.58195855,-8.81965713,60.)));
#4766=COORDINATES_LIST('',3,((-70.27983698,-17.69065418,-60.),(-70.0468674598192,
-18.7328999099655,-60.),(-69.1914621800841,-17.9945338778065,-52.100116530071)));
#4767=COORDINATES_LIST('',3,((-70.9395504597386,-15.6602648598965,60.0000000000351),
(-70.57778994,-16.66509335,60.),(-69.8216715994923,-15.825338854709,52.1001165292309)));
#4768=COORDINATES_LIST('',3,((-97.7704074206513,-36.1312840334391,52.1001165302808),
(-97.58195855,-35.01710738,60.),(-96.7381000100995,-35.6716711601369,60.)));
#4769=COORDINATES_LIST('',4,((-69.7792963421589,-20.850943424349,-60.),
(-69.7792963421589,-20.850943424349,60.),(-68.7671410198792,-21.3533816897566,
-52.10011653),(-68.7671410198792,-21.3533816897566,52.10011653)));
#4770=COORDINATES_LIST('',4,((-79.6020588297897,-38.4264802191779,-52.10011653),
(-79.6020588297897,-38.4264802191779,52.10011653),(-79.5075027711638,-37.3004421490625,
-60.),(-79.5075027711638,-37.3004421490625,60.)));
#4771=COORDINATES_LIST('',4,((-104.724360399711,-21.3533816894996,-52.10011653),
(-104.724360399711,-21.3533816894996,52.10011653),(-103.74575070132,-21.918382262287,
-60.),(-103.74575070132,-21.918382262287,60.)));
#4772=COORDINATES_LIST('',4,((-104.653407089767,-23.6111541854023,-52.10011653),
(-104.653407089767,-23.6111541854023,52.10011653),(-103.712205105287,-22.9858210820424,
-60.),(-103.712205105287,-22.9858210820424,60.)));
#4773=COORDINATES_LIST('',4,((-103.669829824136,-15.8253388717322,-52.10011653),
(-103.669829824136,-15.8253388717322,52.10011653),(-102.913711497605,-16.6650933478434,
-60.),(-102.913711497605,-16.6650933478434,60.)));
#4774=COORDINATES_LIST('',3,((-70.9395504602841,-28.1764996498875,-60.),
(-70.57778994,-27.17167116,-60.),(-69.8216716005516,-28.011425662409,-52.1001165290901)));
#4775=COORDINATES_LIST('',3,((-75.108449920254,-9.52591559127051,59.9999999999536),
(-74.35328405,-10.28108146,60.),(-74.0266777928549,-9.19930933110514,52.100116529796)));
#4776=COORDINATES_LIST('',4,((-89.5596133866781,-39.6844118949311,-52.10011653),
(-89.5596133866781,-39.6844118949311,52.10011653),(-88.8764156950388,-38.7843321761753,
-60.),(-88.8764156950388,-38.7843321761753,60.)));
#4777=COORDINATES_LIST('',29,((-101.636383831471,-23.7264324638299,89.),
(-101.636383831471,-23.7264324638299,108.2),(-101.636383831471,-20.1103320561702,
89.),(-101.636383831471,-20.1103320561702,108.2),(-100.770994360281,-27.237455565638,
89.),(-100.770994360281,-27.237455565638,108.2),(-100.770994360281,-16.599308954362,
89.),(-100.770994360281,-16.599308954362,108.2),(-99.0905087084049,-13.3974110590327,
89.),(-99.0905087084049,-13.3974110590327,108.2),(-99.0905087084048,-30.4393534609674,
89.),(-99.0905087084048,-30.4393534609674,108.2),(-96.6925905936119,-33.1460434825665,
89.),(-96.6925905936119,-33.1460434825665,108.2),(-96.6925905936119,-10.6907210374335,
89.),(-96.6925905936119,-10.6907210374335,108.2),(-93.9371337983226,-8.75464383123992,
108.2),(-93.7165983006565,-8.63654187520186,89.),(-93.7165983006565,-8.63654187520186,
108.2),(-93.7165983006565,-35.2002226447981,89.),(-93.7165983006565,-35.2002226447981,
108.2),(-90.3354856843134,-7.35425499860922,89.),(-90.3354856843134,-7.35425499860922,
108.2),(-90.3354856843134,-36.4825095213908,89.),(-90.3354856843134,-36.4825095213908,
108.2),(-86.74575072,-36.91838226,89.),(-86.74575072,-36.91838226,108.2),
(-86.74575072,-6.91838226,89.),(-86.74575072,-6.91838226,108.2)));
#4778=COORDINATES_LIST('',4,((-71.3636908276652,-14.6801343016227,-60.),
(-71.3636908276652,-14.6801343016227,60.0000000000001),(-70.7187838441039,
-13.7522347571478,-52.10011653),(-70.7187838441039,-13.7522347571478,52.1001165300001)));
#4779=COORDINATES_LIST('',4,((-103.253848692972,-14.7746903544296,-52.10011653),
(-103.253848692972,-14.7746903544296,52.1001165300001),(-102.551950993143,
-15.6602648545654,-60.),(-102.551950993143,-15.6602648545654,60.0000000000001)));
#4780=COORDINATES_LIST('',4,((-104.511780382842,-24.7322449426052,-52.10011653),
(-104.511780382842,-24.7322449426052,52.10011653),(-103.611700613329,-24.0490472124395,
-60.),(-103.611700613329,-24.0490472124395,60.)));
#4781=COORDINATES_LIST('',4,((-71.8485371599772,-13.7285697989103,-60.),
(-71.8485371599772,-13.7285697989103,60.),(-70.7187838399459,-13.7522347574151,
-52.10011653),(-70.7187838399459,-13.7522347574151,52.10011653)));
#4782=COORDINATES_LIST('',3,((-85.6783118899984,-38.8848366400254,-60.),
(-85.0529788038027,-39.8260385952784,-52.1001165301797),(-84.61508575,-38.78433218,
-60.)));
#4783=COORDINATES_LIST('',3,((-79.50750276,-37.30044215,60.),(-78.5796032234788,
-37.9453491253742,52.1001165289453),(-78.5559382599323,-36.8155958201232,
60.0000000000176)));
#4784=COORDINATES_LIST('',4,((-81.727402270776,-4.64511357529052,-52.10011653),
(-81.727402270776,-4.64511357529052,52.1001165300001),(-81.4924618228476,
-5.75042148060527,-60.),(-81.4924618228476,-5.75042148060527,60.0000000000001)));
#4785=COORDINATES_LIST('',3,((-82.5180226399209,-5.45246851769198,60.0000000000397),
(-81.7274022664691,-4.64511357264938,52.1001165300533),(-81.49246182,-5.75042148,
60.)));
#4786=COORDINATES_LIST('',4,((-69.8798007992997,-24.0490472290774,-60.),
(-69.8798007992997,-24.0490472290774,60.),(-68.9797210805439,-24.7322449207166,
-52.10011653),(-68.9797210805439,-24.7322449207166,52.10011653)));
#4787=COORDINATES_LIST('',5,((-82.74575072,-14.91838226,-200.),(-82.74575072,
-14.91838226,-186.),(-82.74575072,-11.17475038,-200.),(-82.74575072,-10.60467376,
-198.),(-82.74575072,-10.60467376,-186.)));
#4788=COORDINATES_LIST('',24,((-100.745505944954,-22.0011696412052,183.000000000273),
(-100.29338853018,-18.3882958767369,183.000000000273),(-100.250692274143,
-25.6084437402867,183.000000000273),(-100.209616930795,-21.9980006680777,
185.000000001156),(-99.7748058725812,-18.5234221329768,185.000000001156),
(-99.7337439633017,-25.4671938843368,185.000000001156),(-98.9249208526635,
-15.014194039163,183.000000000273),(-98.8424162776594,-28.9661253381239,
183.000000000273),(-98.4587210248238,-15.2784757040766,185.000000001156),
(-98.3793745975625,-28.6963486149243,185.000000001156),(-96.7326648581422,
-12.1070853983979,183.000000000273),(-96.6159325007959,-31.8471038153238,
183.000000000273),(-96.3503812048936,-12.4826466934566,185.000000001156),
(-96.2381171819498,-31.4670476842951,185.000000001156),(-93.8649028069421,
-9.86360421674697,183.000000000273),(-93.7218383408628,-34.0565123307791,
183.000000000273),(-93.5923926571417,-10.3250425074674,185.000000001156),
(-93.45480447793,-33.5918834531419,185.000000001156),(-90.7457507206304,
-9.06217627097382,185.000000000569),(-90.7457507202916,-8.50197439102203,
183.000000000273),(-90.35588777217,-35.4449084427883,183.000000000273),
(-90.2176972999238,-34.9271339056897,185.000000001156),(-86.74575072,-35.9183822638967,
183.000000000273),(-86.74575072,-35.3824838799775,185.000000001156)));
#4789=COORDINATES_LIST('',4,((-104.653407093119,-20.2256103296428,-52.10011653),
(-104.653407093119,-20.2256103296428,52.10011653),(-103.712205108639,-20.8509434330027,
-60.),(-103.712205108639,-20.8509434330027,60.)));
#4790=COORDINATES_LIST('',3,((-95.9021257728764,-6.43579758225385,52.10011653018),
(-95.8548062298351,-7.56480752325985,60.),(-94.93556318,-7.021168696,60.)));
#4791=COORDINATES_LIST('',28,((-86.74575072,-36.918382263,-125.),(-86.74575072,
-36.918382263,-101.),(-86.74575072,-6.918382257,-125.),(-86.74575072,-6.918382257,
-101.),(-83.1560157549687,-36.4825095243036,-125.),(-83.1560157549687,-36.4825095243036,
-101.),(-83.1560157549687,-7.35425499569639,-125.),(-83.1560157549687,-7.35425499569639,
-101.),(-79.7749031379493,-35.2002226474545,-125.),(-79.7749031379493,-35.2002226474545,
-101.),(-79.7749031379493,-8.63654187254549,-125.),(-79.7749031379493,-8.63654187254549,
-101.),(-76.7989108443987,-33.146043484812,-125.),(-76.7989108443987,-33.146043484812,
-101.),(-76.7989108443987,-10.690721035188,-125.),(-76.7989108443987,-10.690721035188,
-101.),(-74.4009927291262,-30.4393534626715,-125.),(-74.4009927291262,-30.4393534626715,
-101.),(-74.4009927291262,-13.3974110573285,-125.),(-74.4009927291262,-13.3974110573285,
-101.),(-72.7205070769137,-27.2374555667018,-125.),(-72.7205070769137,-27.2374555667018,
-101.),(-72.7205070769137,-16.5993089532981,-125.),(-72.7205070769137,-16.5993089532981,
-101.),(-71.8551176055511,-23.7264324641915,-125.),(-71.8551176055511,-23.7264324641915,
-101.),(-71.8551176055511,-20.1103320558085,-125.),(-71.8551176055511,-20.1103320558085,
-101.)));
#4792=COORDINATES_LIST('',4,((-73.6470255897428,-32.7545900784795,-60.),
(-73.6470255897428,-32.7545900784795,60.0000000000001),(-72.5328489388501,
-32.9430389532014,-52.10011653),(-72.5328489388501,-32.9430389532014,52.1001165300001)));
#4793=COORDINATES_LIST('',3,((-104.724360460173,-22.4833828288876,52.10011653),
(-103.7457507,-21.91838226,60.),(-103.7122051,-22.98582109,60.)));
#4794=COORDINATES_LIST('',4,((-87.310751292595,-39.8969919485018,-52.10011653),
(-87.310751292595,-39.8969919485018,52.10011653),(-86.7457507241378,-38.9183822576111,
-60.),(-86.7457507241378,-38.9183822576111,60.)));
#4795=COORDINATES_LIST('',3,((-98.6410882666546,-8.42577031338545,-52.1001165306516),
(-98.38305152,-9.525915591,-60.),(-97.5819585500522,-8.81965712993683,-60.0000000000102)));
#4796=COORDINATES_LIST('',4,((-75.9095428923493,-8.8196571236829,-60.),
(-75.9095428923493,-8.8196571236829,60.),(-74.8504131811578,-8.42577031488674,
-52.10011653),(-74.8504131811578,-8.42577031488674,52.10011653)));
#4797=COORDINATES_LIST('',3,((-93.0038681200304,-37.7245825200767,-60.0000000000103),
(-92.8387941294671,-38.8424613886964,-52.1001165306649),(-91.99903962,-38.08634303,
-60.)));
#4798=COORDINATES_LIST('',4,((-76.7534014322127,-8.16509335176743,-60.),
(-76.7534014322127,-8.16509335176743,60.),(-76.6352841492967,-7.04128247407392,
-52.10011653),(-76.6352841492967,-7.04128247407392,52.10011653)));
#4799=COORDINATES_LIST('',4,((-75.1084499211712,-9.52591558712068,-60.),
(-75.1084499211712,-9.52591558712068,60.),(-74.0266777914341,-9.19930932525013,
-52.10011653),(-74.0266777914341,-9.19930932525013,52.10011653)));
#4800=COORDINATES_LIST('',4,((-89.5596133810562,-4.15235261780169,-52.10011653),
(-89.5596133810562,-4.15235261780169,52.10011653),(-88.8764156908617,-5.05243233465408,
-60.),(-88.8764156908617,-5.05243233465408,60.)));
#4801=COORDINATES_LIST('',4,((-70.5777899410195,-16.6650933547962,-60.),
(-70.5777899410195,-16.6650933547962,60.0000000000001),(-69.4724820403684,
-16.9000338017333,-52.10011653),(-69.4724820403684,-16.9000338017333,52.1001165300001)));
#4802=COORDINATES_LIST('',4,((-94.9118982194845,-5.89141538025834,-52.10011653),
(-94.9118982194845,-5.89141538025834,52.1001165300001),(-93.9839986778214,
-6.53632236186545,-60.),(-93.9839986778214,-6.53632236186545,60.0000000000001)));
#4803=COORDINATES_LIST('',4,((-104.019019400293,-16.9000337986238,-52.10011653),
(-104.019019400293,-16.9000337986238,52.1001165300001),(-102.913711499641,
-16.6650933516867,-60.),(-102.913711499641,-16.6650933516867,60.0000000000001)));
#4804=COORDINATES_LIST('',4,((-100.958652501442,-32.943038951476,-52.10011653),
(-100.958652501442,-32.943038951476,52.1001165300001),(-99.844475850549,
-32.754590076754,-60.),(-99.844475850549,-32.754590076754,60.0000000000001)));
#4805=COORDINATES_LIST('',5,((-90.74575072,-14.91838226,-200.),(-90.74575072,
-14.91838226,-186.),(-90.74575072,-11.17475038,-200.),(-90.74575072,-10.60467376,
-198.),(-90.74575072,-10.60467376,-186.)));
#4806=COORDINATES_LIST('',3,((-70.2798369798835,-26.1461103400299,-60.),
(-70.04686746,-25.1038646,-60.),(-69.1914621803397,-25.8422306316097,-52.1001165300239)));
#4807=COORDINATES_LIST('',3,((-104.653407093823,-23.6111541738172,-52.10011653),
(-103.7122051,-22.98582109,-60.),(-103.6117006,-24.04904723,-60.)));
#4808=COORDINATES_LIST('',3,((-77.6366952100266,-7.56480752304198,59.9999999999938),
(-76.75340143,-8.165093352,60.),(-76.6352841514135,-7.04128247764824,52.1001165294565)));
#4809=COORDINATES_LIST('',4,((-86.1807501492114,-3.93977256060855,-52.10011653),
(-86.1807501492114,-3.93977256060855,52.10011653),(-85.6783118885687,-4.95192787328949,
-60.),(-85.6783118885687,-4.95192787328949,60.)));
#4810=COORDINATES_LIST('',3,((-70.04686746,-18.73289991,-60.),(-69.879800800081,
-19.7877172900102,-60.),(-68.9797210827886,-19.1045195954476,-52.1001165298278)));
#4811=COORDINATES_LIST('',3,((-70.93955046,-28.17649965,60.),(-70.5777899397139,
-27.171671160093,60.0000000000376),(-69.8216715892552,-28.0114256670222,
52.100116530614)));
#4812=COORDINATES_LIST('',28,((-86.74575072,-38.418382263,-101.),(-86.74575072,
-38.418382263,-60.),(-86.74575072,-5.418382257,-101.),(-86.74575072,-5.418382257,
-60.),(-82.7970422585373,-5.89784226955732,-101.),(-82.7970422585373,-5.89784226955732,
-60.),(-82.7970422585373,-37.9389222504427,-101.),(-82.7970422585373,-37.9389222504427,
-60.),(-79.0778183798837,-36.5284066859343,-101.),(-79.0778183798837,-36.5284066859343,
-60.),(-79.0778183798837,-7.30835783406567,-101.),(-79.0778183798837,-7.30835783406567,
-60.),(-75.8042268570375,-34.2688096070687,-101.),(-75.8042268570375,-34.2688096070687,
-60.),(-75.8042268570375,-9.5679549129313,-101.),(-75.8042268570375,-9.5679549129313,
-60.),(-73.1665169302857,-12.5453139372317,-101.),(-73.1665169302857,-12.5453139372317,
-60.),(-73.1665169302857,-31.2914505827683,-101.),(-73.1665169302857,-31.2914505827683,
-60.),(-71.3179827128856,-16.0674016227343,-101.),(-71.3179827128856,-16.0674016227343,
-60.),(-71.3179827128856,-27.7693628972656,-101.),(-71.3179827128856,-27.7693628972656,
-60.),(-70.366054294404,-23.9072374845744,-101.),(-70.366054294404,-23.9072374845744,
-60.),(-70.366054294404,-19.9295270354256,-101.),(-70.366054294404,-19.9295270354256,
-60.)));
#4813=COORDINATES_LIST('',4,((-104.72436040707,-22.4833828177538,-52.10011653),
(-104.72436040707,-22.4833828177538,52.10011653),(-103.74575070868,-21.9183822449665,
-60.),(-103.74575070868,-21.9183822449665,60.)));
#4814=COORDINATES_LIST('',3,((-104.300039230804,-17.9945338792317,52.1001165292255),
(-103.4446340002,-18.7328999099619,60.),(-103.2116645,-17.69065418,60.)));
#4815=COORDINATES_LIST('',3,((-86.74575072,-4.918382257,-60.),(-86.1807501483107,
-3.93977256131386,-52.1001165299716),(-85.6783118899931,-4.95192787389048,
-60.)));
#4816=COORDINATES_LIST('',4,((-83.9318880578082,-39.6844119007633,-52.10011653),
(-83.9318880578082,-39.6844119007633,52.10011653),(-83.5602683700826,-38.6172655199712,
-60.),(-83.5602683700826,-38.6172655199712,60.)));
#4817=COORDINATES_LIST('',4,((-95.9021257663889,-6.43579757803736,-52.10011653),
(-95.9021257663889,-6.43579757803736,52.10011653),(-94.9355631762528,-7.02116868981264,
-60.),(-94.9355631762528,-7.02116868981264,60.)));
#4818=COORDINATES_LIST('',4,((-72.9924618188256,-31.9107315388264,-60.),
(-72.9924618188256,-31.9107315388264,60.),(-71.868650939154,-32.0288488219504,
-52.10011653),(-71.868650939154,-32.0288488219504,52.10011653)));
#4819=COORDINATES_LIST('',3,((-94.9355631801311,-7.02116869576163,60.),
(-94.9118982226064,-5.89141538119397,52.1001165299764),(-93.98399868,-6.536322365,
60.)));
#4820=COORDINATES_LIST('',4,((-100.238362699447,-10.0230447076402,-52.10011653),
(-100.238362699447,-10.0230447076402,52.10011653),(-99.1382173900864,-10.2810814603682,
-60.),(-99.1382173900864,-10.2810814603682,60.)));
#4821=COORDINATES_LIST('',4,((-102.228335391587,-12.7620072049047,-52.10011653),
(-102.228335391587,-12.7620072049047,52.10011653),(-101.642964283032,-13.7285697897236,
-60.),(-101.642964283032,-13.7285697897236,60.)));
#4822=COORDINATES_LIST('',4,((-70.5777899398968,-16.6650933500929,-60.),
(-70.5777899398968,-16.6650933500929,60.),(-69.8216715909788,-15.8253388491187,
-52.10011653),(-69.8216715909788,-15.8253388491187,52.10011653)));
#4823=COORDINATES_LIST('',38,((-90.74575072,-14.91838226,-186.),(-90.74575072,
-10.60467376,-186.),(-90.6341568430083,-10.5652002961261,-185.06175812151),
(-90.6094540251563,-14.91838226,-184.96472381959),(-90.6093792648732,-10.5567836072179,
-184.9644448507),(-90.3512288914933,-10.4722145984772,-184.267797022608),
(-90.2098523351378,-14.91838226,-184.),(-90.2096193068416,-10.4278415214615,
-183.999596437443),(-89.8062905792317,-10.3148692467763,-183.424520283509),
(-89.5742803005045,-10.2566899687499,-183.171675334724),(-89.5741778447462,
-14.91838226,-183.171572875254),(-89.2152390378406,-10.1774478284951,-182.853314847645),
(-88.7461273794153,-10.0929943716835,-182.536115876582),(-88.74575072,-14.91838226,
-182.535898384862),(-88.4792625799601,-10.0527382871063,-182.395150955813),
(-87.7811770378611,-9.97099294026364,-182.136336927179),(-87.7810269004101,
-14.91838226,-182.136296694844),(-87.7112901642876,-9.96467215937908,-182.118282135249),
(-86.74575072,-14.91838226,-182.),(-86.74575072,-9.918382257,-182.),(-85.7928193627012,
-9.96356896018066,-182.115167721989),(-85.7104745395899,-14.91838226,-182.136296694844),
(-85.7103018381242,-9.97099472574152,-182.136342974199),(-85.0277318625087,
-10.0505585689873,-182.387741536752),(-84.74575072,-14.91838226,-182.535898384862),
(-84.7453525300638,-10.0929974233234,-182.536128310445),(-84.2762611527911,
-10.1774478284951,-182.853315828138),(-83.9173235952538,-14.91838226,-183.171572875254),
(-83.9172232643392,-10.2566894533404,-183.171673209728),(-83.6262264742584,
-10.3303383146074,-183.496289058172),(-83.2818635165694,-10.4278507050947,
-183.999628673993),(-83.2816491048622,-14.91838226,-184.),(-83.1364760627906,
-10.4734403675759,-184.275721470056),(-82.8822205489459,-10.556741920498,
-184.964077890305),(-82.8820474148437,-14.91838226,-184.96472381959),(-82.8259471882545,
-10.5759909054085,-185.203043117531),(-82.74575072,-14.91838226,-186.),
(-82.74575072,-10.60467376,-186.)));
#4824=COORDINATES_LIST('',4,((-72.3921759922404,-12.8093267388287,-60.),
(-72.3921759922404,-12.8093267388287,60.0000000000001),(-71.868650941804,
-11.8079156790569,-52.10011653),(-71.868650941804,-11.8079156790569,52.1001165300001)));
#4825=COORDINATES_LIST('',4,((-99.4648236496229,-34.6374551812491,-52.10011653),
(-99.4648236496229,-34.6374551812491,52.10011653),(-98.3830515201624,-34.3108489194621,
-60.),(-98.3830515201624,-34.3108489194621,60.)));
#4826=COORDINATES_LIST('',4,((-102.228335399748,-12.7620072039888,-52.10011653),
(-102.228335399748,-12.7620072039888,52.1001165300001),(-101.099325499953,
-12.809326738882,-60.),(-101.099325499953,-12.809326738882,60.0000000000001)));
#4827=COORDINATES_LIST('',3,((-85.67831189,-38.88483664,60.),(-85.0529788030289,
-39.8260385952724,52.1001165301881),(-84.6150857500031,-38.7843321799751,
59.9999999999969)));
#4828=COORDINATES_LIST('',4,((-78.5796032175238,-37.9453491300519,-52.10011653),
(-78.5796032175238,-37.9453491300519,52.10011653),(-78.5559382592284,-36.8155958200162,
-60.),(-78.5559382592284,-36.8155958200162,60.)));
#4829=COORDINATES_LIST('',4,((-69.7792963397086,-20.8509434204386,-60.),
(-69.7792963397086,-20.8509434204386,60.),(-68.8380943829792,-20.2256103355159,
-52.10011653),(-68.8380943829792,-20.2256103355159,52.10011653)));
#4830=COORDINATES_LIST('',3,((-104.653407093823,-20.2256103411816,52.10011653),
(-103.7122051,-20.85094342,60.),(-103.6117006,-19.78771729,60.)));
#4831=COORDINATES_LIST('',4,((-103.669829823534,-28.0114256388096,-52.10011653),
(-103.669829823534,-28.0114256388096,52.10011653),(-102.913711497003,-27.1716711626984,
-60.),(-102.913711497003,-27.1716711626984,60.)));
#4832=COORDINATES_LIST('',3,((-87.8131895500072,-38.8848366401136,-60.0000000000142),
(-87.3107512913347,-39.8969919509708,-52.1001165297871),(-86.7457507200002,
-38.91838226,-60.)));
#4833=COORDINATES_LIST('',4,((-81.492461815089,-5.75042148545423,-60.),
(-81.492461815089,-5.75042148545423,60.),(-80.6527073085921,-4.99430313156362,
-52.10011653),(-80.6527073085921,-4.99430313156362,52.10011653)));
#4834=COORDINATES_LIST('',4,((-69.8798007983933,-19.7877172921167,-60.),
(-69.8798007983933,-19.7877172921167,60.),(-68.9797210796376,-19.1045196004775,
-52.10011653),(-68.9797210796376,-19.1045196004775,52.10011653)));
#4835=COORDINATES_LIST('',3,((-75.1084499201473,-34.3108489198432,-60.),
(-74.35328405,-33.55568306,-60.),(-74.0266777973173,-34.6374551776815,-52.1001165290072)));
#4836=COORDINATES_LIST('',3,((-76.7534014301923,-35.6716711597354,-60.),
(-75.90954289,-35.01710738,-60.),(-75.7210940209404,-36.1312840305485,-52.1001165298734)));
#4837=COORDINATES_LIST('',4,((-86.7457507228387,-4.91838225536106,-60.),
(-86.7457507228387,-4.91838225536106,60.),(-86.1807501517834,-3.93977255997033,
-52.10011653),(-86.1807501517834,-3.93977255997033,52.10011653)));
#4838=COORDINATES_LIST('',4,((-80.4876333215885,-6.11218199499576,-60.),
(-80.4876333215885,-6.11218199499576,60.0000000000001),(-79.6020588204792,
-5.41028429439545,-52.10011653),(-79.6020588204792,-5.41028429439545,52.1001165300001)));
#4839=COORDINATES_LIST('',3,((-103.25384868928,-29.0620741573877,-52.10011653),
(-102.551951,-28.17649965,-60.),(-102.1278106,-29.15663021,-60.)));
#4840=COORDINATES_LIST('',4,((-85.6783118876838,-4.9519278755389,-60.),
(-85.6783118876838,-4.9519278755389,60.),(-85.0529788055267,-4.01072592297205,
-52.10011653),(-85.0529788055267,-4.01072592297205,52.10011653)));
#4841=COORDINATES_LIST('',3,((-84.61508575,-38.78433218,60.),(-83.9318880573535,
-39.6844118976807,52.1001165298974),(-83.5602683700031,-38.617265519984,
59.999999999998)));
#4842=COORDINATES_LIST('',4,((-97.7704074157502,-7.70548048028121,-52.10011653),
(-97.7704074157502,-7.70548048028121,52.1001165300001),(-97.5819585414709,
-8.8196571285574,-60.),(-97.5819585414709,-8.8196571285574,60.0000000000001)));
#4843=COORDINATES_LIST('',5,((-82.74575072,-11.91838226,145.),(-82.74575072,
-11.91838226,185.),(-82.74575072,-9.062176273,185.),(-82.74575072,-8.501974392,
145.),(-82.74575072,-8.501974392,183.)));
#4844=COORDINATES_LIST('',3,((-104.019019396139,-16.9000338013893,-52.10011653),
(-103.2116645,-17.69065418,-60.),(-102.9137115,-16.66509335,-60.)));
#4845=COORDINATES_LIST('',4,((-76.7534014310722,-35.6716711624082,-60.),
(-76.7534014310722,-35.6716711624082,60.),(-75.7210940214577,-36.131284033274,
-52.10011653),(-75.7210940214577,-36.131284033274,52.10011653)));
#4846=COORDINATES_LIST('',4,((-71.3636908293203,-29.1566302180948,-60.),
(-71.3636908293203,-29.1566302180948,60.),(-70.2376527592049,-29.062074159469,
-52.10011653),(-70.2376527592049,-29.062074159469,52.10011653)));
#4847=COORDINATES_LIST('',3,((-100.958652530267,-32.9430389686047,-52.1001165318118),
(-100.499039599491,-31.9107315496301,-59.9999999999213),(-99.84447585,-32.75459008,
-60.)));
#4848=COORDINATES_LIST('',3,((-75.10844992,-34.31084892,60.),(-74.3532840498456,
-33.555683060145,60.0000000000265),(-74.026677792765,-34.6374551829607,
52.1001165298762)));
#4849=COORDINATES_LIST('',4,((-74.3532840540574,-10.281081458775,-60.),
(-74.3532840540574,-10.281081458775,60.),(-74.0266777922704,-9.19930932931452,
-52.10011653),(-74.0266777922704,-9.19930932931452,52.10011653)));
#4850=COORDINATES_LIST('',4,((-94.9118982181779,-37.9453491326216,-52.10011653),
(-94.9118982181779,-37.9453491326216,52.1001165300001),(-93.9839986783894,
-37.3004421523174,-60.),(-93.9839986783894,-37.3004421523174,60.0000000000001)));
#4851=COORDINATES_LIST('',4,((-70.0468674631473,-25.1038646036461,-60.),
(-70.0468674631473,-25.1038646036461,60.),(-69.1914621836148,-25.8422306341878,
-52.10011653),(-69.1914621836148,-25.8422306341878,52.10011653)));
#4852=COORDINATES_LIST('',4,((-69.7792963430605,-22.9858210946065,-60.),
(-69.7792963430605,-22.9858210946065,60.),(-68.8380943863311,-23.6111541795291,
-52.10011653),(-68.8380943863311,-23.6111541795291,52.10011653)));
#4853=COORDINATES_LIST('',4,((-75.1084499229932,-34.3108489299139,-60.),
(-75.1084499229932,-34.3108489299139,60.),(-74.0266777935327,-34.6374551917009,
-52.10011653),(-74.0266777935327,-34.6374551917009,52.10011653)));
#4854=COORDINATES_LIST('',3,((-93.00386812,-37.72458252,60.),(-92.8387941251288,
-38.8424613760394,52.1001165289926),(-91.9990396199741,-38.0863430299203,
60.)));
#4855=COORDINATES_LIST('',3,((-80.48763332,-37.72458252,60.),(-79.6020588226123,
-38.4264802167896,52.10011653),(-79.50750276,-37.30044215,60.)));
#4856=COORDINATES_LIST('',3,((-71.8485371598741,-30.1081947200692,-60.),
(-71.36369083,-29.15663021,-60.),(-70.7187838387344,-30.0845297614204,-52.1001165308567)));
#4857=COORDINATES_LIST('',3,((-83.56026837,-38.61726552,60.),(-82.8219023399293,
-39.4726707992498,52.10011653),(-82.51802264,-38.384296,60.)));
#4858=COORDINATES_LIST('',4,((-70.9395504650733,-28.176499654021,-60.),
(-70.9395504650733,-28.176499654021,60.0000000000001),(-70.2376527652446,
-29.0620741541568,-52.10011653),(-70.2376527652446,-29.0620741541568,52.1001165300001)));
#4859=COORDINATES_LIST('',28,((-101.636383831471,-23.7264324638299,-125.),
(-101.636383831471,-23.7264324638299,-101.),(-101.636383831471,-20.1103320561702,
-125.),(-101.636383831471,-20.1103320561702,-101.),(-100.770994360281,-27.237455565638,
-125.),(-100.770994360281,-27.237455565638,-101.),(-100.770994360281,-16.599308954362,
-125.),(-100.770994360281,-16.599308954362,-101.),(-99.0905087084049,-13.3974110590327,
-125.),(-99.0905087084049,-13.3974110590327,-101.),(-99.0905087084048,-30.4393534609674,
-125.),(-99.0905087084048,-30.4393534609674,-101.),(-96.6925905936119,-33.1460434825665,
-125.),(-96.6925905936119,-33.1460434825665,-101.),(-96.6925905936119,-10.6907210374335,
-125.),(-96.6925905936119,-10.6907210374335,-101.),(-93.7165983006565,-8.63654187520186,
-125.),(-93.7165983006565,-8.63654187520186,-101.),(-93.7165983006565,-35.2002226447981,
-125.),(-93.7165983006565,-35.2002226447981,-101.),(-90.3354856843134,-7.35425499860922,
-125.),(-90.3354856843134,-7.35425499860922,-101.),(-90.3354856843134,-36.4825095213908,
-125.),(-90.3354856843134,-36.4825095213908,-101.),(-86.74575072,-36.91838226,
-125.),(-86.74575072,-36.91838226,-101.),(-86.74575072,-6.91838226,-125.),
(-86.74575072,-6.91838226,-101.)));
#4860=COORDINATES_LIST('',29,((-86.74575072,-36.918382263,89.),(-86.74575072,
-36.918382263,108.2),(-86.74575072,-6.918382257,89.),(-86.74575072,-6.918382257,
108.2),(-83.1560157549687,-36.4825095243036,89.),(-83.1560157549687,-36.4825095243036,
108.2),(-83.1560157549687,-7.35425499569639,89.),(-83.1560157549687,-7.35425499569639,
108.2),(-79.7749031379493,-35.2002226474545,89.),(-79.7749031379493,-35.2002226474545,
108.2),(-79.7749031379493,-8.63654187254549,89.),(-79.7749031379493,-8.63654187254549,
108.2),(-79.5543676402391,-35.0821206913928,108.2),(-76.7989108443987,-33.146043484812,
89.),(-76.7989108443987,-33.146043484812,108.2),(-76.7989108443987,-10.690721035188,
89.),(-76.7989108443987,-10.690721035188,108.2),(-74.4009927291262,-30.4393534626715,
89.),(-74.4009927291262,-30.4393534626715,108.2),(-74.4009927291262,-13.3974110573285,
89.),(-74.4009927291262,-13.3974110573285,108.2),(-72.7205070769137,-27.2374555667018,
89.),(-72.7205070769137,-27.2374555667018,108.2),(-72.7205070769137,-16.5993089532981,
89.),(-72.7205070769137,-16.5993089532981,108.2),(-71.8551176055511,-23.7264324641915,
89.),(-71.8551176055511,-23.7264324641915,108.2),(-71.8551176055511,-20.1103320558085,
89.),(-71.8551176055511,-20.1103320558085,108.2)));
#4861=COORDINATES_LIST('',3,((-69.7792963401952,-20.8509434200123,59.9999999999756),
(-69.74575072,-21.91838226,60.),(-68.7671410291001,-21.3533816838744,52.1001165297774)));
#4862=COORDINATES_LIST('',17,((-90.74575072,-14.91838226,-200.),(-90.74575072,
-14.91838226,-186.),(-90.6321143961394,-14.91838226,-185.050304963993),
(-90.2935643285876,-14.91838226,-184.151841239104),(-89.7543001527564,-14.91838226,
-183.363586934262),(-89.0411656838482,-14.91838226,-182.723281648106),(-88.2764844494604,
-14.91838226,-182.304481869955),(-87.3560826661104,-14.91838226,-182.04613474564),
(-86.3963536202454,-14.91838226,-182.014954297697),(-85.4616689004657,-14.91838226,
-182.211440724857),(-84.5971616802256,-14.91838226,-182.625184928746),(-83.9173235952538,
-14.91838226,-183.171572875254),(-83.3264191724262,-14.91838226,-183.923048556522),
(-82.9303834058347,-14.91838226,-184.797685338186),(-82.7542154710975,-14.91838226,
-185.736450506592),(-82.74575072,-14.91838226,-200.),(-82.74575072,-14.91838226,
-186.)));
#4863=COORDINATES_LIST('',3,((-70.04686746,-25.1038646,60.),(-69.8798007997782,
-24.049047230028,60.0000000000279),(-68.9797210814978,-24.7322449147568,
52.1001165299912)));
#4864=COORDINATES_LIST('',4,((-90.9734788039387,-38.3842960010997,-60.),
(-90.9734788039387,-38.3842960010997,60.),(-90.669599099979,-39.4726707999941,
-52.10011653),(-90.669599099979,-39.4726707999941,52.10011653)));
#4865=COORDINATES_LIST('',3,((-104.653407093845,-23.6111541735767,52.10011653),
(-103.7122051,-22.98582109,60.),(-103.6117006,-24.04904723,60.)));
#4866=COORDINATES_LIST('',3,((-69.8798007999666,-24.0490472300042,-60.),
(-69.77929634,-22.98582109,-60.),(-68.8380943800388,-23.6111541739249,-52.1001165301431)));
#4867=COORDINATES_LIST('',4,((-80.6527073133033,-38.8424613795122,-52.10011653),
(-80.6527073133033,-38.8424613795122,52.1001165300001),(-80.4876333250129,
-37.7245825192598,-60.),(-80.4876333250129,-37.7245825192598,60.0000000000001)));
#4868=COORDINATES_LIST('',3,((-91.99903962,-5.75042148,-60.),(-91.7640991770343,
-4.64511357048757,-52.1001165303477),(-90.9734788000791,-5.45246851769198,
-60.0000000000397)));
#4869=COORDINATES_LIST('',3,((-69.7792963398846,-22.9858210900073,-60.),
(-69.74575072,-21.91838226,-60.),(-68.7671410289454,-22.4833828286311,-52.1001165297968)));
#4870=COORDINATES_LIST('',42,((12.5290593132377,18.9881809055805,0.),(-96.3813439011574,
6.96270586922765,0.),(-96.1894765496254,9.97068360447884,0.),(-95.206193625927,
9.6076549962163,0.),(-93.1872129440308,9.83058288693428,0.),(-92.2550484538078,
10.4051074013114,0.),(-92.4208164215088,11.9064003229141,0.),(-93.4615880250931,
12.3154819011688,0.),(-94.9628800153732,12.1497148647904,0.),(-93.4615880250931,
12.3154819011688,0.),(-92.5294235348701,12.8900064155459,0.),(-92.6951915025711,
14.3912984058261,0.),(-93.730241060257,14.7486114874482,0.),(-95.7492217421532,
14.5256826654077,0.),(-96.6813787817955,13.9511581510305,0.),(-90.8262357115746,
10.5628725141287,0.),(-89.7911861538887,10.2055594325066,0.),(-87.7722054719925,
10.4284882545471,0.),(-86.8400409817696,11.0030127689242,0.),(-87.0572552084923,
12.9702230915427,0.),(-88.098019361496,13.3793046697974,0.),(-90.1170000433922,
13.1563767790794,0.),(-91.0491645336151,12.5818522647023,0.),(-91.317817568779,
15.0149818509817,0.),(-87.3316302895546,15.4551221057773,0.),(-83.8584899902344,
10.860625654459,0.),(-82.8748866915703,10.9692318364978,0.),(-82.983486354351,
11.952836997807,0.),(-83.9670971035957,11.8442308157682,0.),(-83.8584899902344,
10.860625654459,0.),(-80.110214650631,13.2656907662749,0.),(-79.2869850993156,
14.35218565166,0.),(-77.2680044174194,14.5751144737005,0.),(-76.175794005394,
13.7001145631075,0.),(-76.0671868920326,12.7165084704757,0.),(-76.942190527916,
11.6242971271276,0.),(-78.9611712098122,11.4013692364097,0.),(-80.0016149878502,
12.2820846736431,0.),(-80.3274288773537,15.232902020216,0.),(-79.5041993260384,
16.3193978369236,0.),(-77.4852186441422,16.542324796319,0.),(-76.3930082321167,
15.667324885726,0.)));
#4871=COORDINATES_LIST('',6,((-22.8558932603192,15.081109153243,4.04684188937132E-7),
(-19.4799590172788,16.3973855779691,4.04684188937132E-7),(-19.2741070656559,
14.5330706474827,4.04684188937132E-7),(8.94727434033202,19.5362185100267,
4.04684188937132E-7),(9.15312561760542,17.6719029051907,4.04684188937132E-7),
(12.5290605349954,18.9881800042664,4.04684188937132E-7)));
#4872=COORDINATES_LIST('',86,((-19.2375332117081,12.511970475316,0.),(88.3750841021538,
25.8354153484106,0.),(-19.3505305796862,14.4955702126026,0.),(-19.3390101194382,
13.7506434693933,0.),(-19.2905142903328,13.0072059109807,0.),(-19.2051660269499,
12.2670959681273,0.),(-19.0831702202559,11.5321278572083,0.),(-18.9248342067003,
10.8041325584054,0.),(-18.7305472791195,10.0848954170942,0.),(-18.5007862746716,
9.37618874013424,0.),(-18.2361248880625,8.679767139256,0.),(-17.9372075945139,
7.99734890460968,0.),(-17.6047757267952,7.33061181381345,0.),(-17.2396451234818,
6.68119685724378,0.),(-16.8427247554064,6.05072034522891,0.),(-16.4149850606918,
5.44072827324271,0.),(-15.9574877470732,4.85272519290447,0.),(-15.471356920898,
4.28816489875317,0.),(-14.9577939882874,3.74843715690076,0.),(53.4574650228024,
24.503706023097,0.),(54.445456713438,24.1536982357502,0.),(56.4613156020641,
24.4032815098763,0.),(57.3858022689819,24.9900706112385,0.),(57.2002157568932,
26.4890417456627,0.),(56.1541356146336,26.8843378871679,0.),(54.6551644802094,
26.6987513750792,0.),(56.1541356146336,26.8843378871679,0.),(57.0786260068417,
27.4711269885302,0.),(56.8930394947529,28.9700981229544,0.),(55.853359401226,
29.3137058615685,0.),(53.8375005125999,29.0641244500875,0.),(52.9130101203918,
28.4773334860802,0.),(61.3510645925999,25.0086784362793,0.),(62.2691512107849,
25.6471559405327,0.),(62.6068562269211,27.1584335714579,0.),(62.4852627515793,
28.1405188143253,0.),(61.7827884852886,29.5754950493574,0.),(60.7431083917618,
29.9191027879715,0.),(59.7610212862492,29.7975111752748,0.),(58.8365346193314,
29.2107220739126,0.),(58.5052333772182,27.6477541774511,0.),(58.6785115301609,
26.6720689833164,0.),(59.3228973448277,25.2823811024427,0.),(60.3689774870872,
24.8870868235826,0.),(61.3510645925999,25.0086784362793,0.),(65.7756179571152,
25.5564786493778,0.),(66.7577013373375,25.6780702620745,0.),(66.6361078619957,
26.6601536422968,0.),(65.6540244817734,26.5385638922453,0.),(65.7756179571152,
25.5564786493778,0.),(72.1643343567848,26.3474620878696,0.),(73.0824247002602,
26.985939592123,0.),(73.4201222658157,28.4972172230482,0.),(73.2985362410545,
29.4793024659157,0.),(72.5960582494736,30.9142787009478,0.),(71.556381881237,
31.2578864395618,0.),(70.5742910504341,31.1362948268652,0.),(69.6498081088066,
30.549505725503,0.),(69.3185031414032,28.9865378290415,0.),(69.4917812943459,
28.0108526349068,0.),(70.1361671090126,26.6211666166782,0.),(71.1822509765625,
26.225870475173,0.),(72.1643343567848,26.3474620878696,0.),(78.317254781723,
25.482339784503,0.),(77.715702354908,30.3410738706589,0.),(79.9899995326996,
30.6226536631584,0.),(80.7328373193741,30.5571816861629,0.),(81.359013915062,
30.1623791456223,0.),(81.7459374666214,29.5805111527443,0.),(81.8355306982994,
28.8568697869778,0.),(81.6085934638977,28.1465202569962,0.),(81.0976177453995,
27.6109278202057,0.),(80.3931728005409,27.3662675172091,0.),(78.1188681721687,
27.0846877247095,0.),(83.2823216915131,29.7182500362396,0.),(84.0911269187927,
30.8155249804258,0.),(86.1069858074188,31.0651082545519,0.),(87.2106626629829,
30.2046146243811,0.),(87.3322486877441,29.2225293815136,0.),(86.4717587828636,
28.1188543885946,0.),(84.4558998942375,27.8692711144686,0.),(83.4039151668549,
28.7361647933722,0.),(83.0391421914101,31.6824167966843,0.),(83.8479474186897,
32.7796936035156,0.),(85.8637988567352,33.0292768776417,0.),(86.9674757122993,
32.1687832474709,0.)));
#4873=COORDINATES_LIST('',6,((-19.2375319495024,12.5119686187304,0.),(-15.879285895845,
13.8727372797934,0.),(-15.64882288209,12.0113031706964,0.),(6.94643573329094,
16.6987718122433,0.),(7.17690009574512,14.8373390518455,0.),(10.5351448007033,
16.1981063642093,0.)));
#4874=COORDINATES_LIST('',61,((-16.0427410155535,10.5222575366497,-2.77555756156289E-14),
(102.419890463352,24.2632664740086,-2.77555756156289E-14),(67.0309588313103,
27.1843075752258,-2.77555756156289E-14),(67.9082050919533,27.7579557150602,
-2.77555756156289E-14),(69.9259266257286,27.9920008033514,-2.77555756156289E-14),
(70.9629282355309,27.6403948664665,-2.77555756156289E-14),(71.0769519209862,
26.6574006527662,-2.77555756156289E-14),(67.3813000321388,23.7119644880295,
-2.77555756156289E-14),(67.5470605492592,22.7349735796452,-2.77555756156289E-14),
(71.4790299534798,23.1910590082407,-2.77555756156289E-14),(72.8529393672943,
23.8223187625408,-2.77555756156289E-14),(73.8899484276772,23.4707128256559,
-2.77555756156289E-14),(75.9076699614525,23.7047579139471,-2.77555756156289E-14),
(76.8366456031799,24.2844074964523,-2.77555756156289E-14),(76.6086056828499,
26.2503921985626,-2.77555756156289E-14),(75.5655989050865,26.6537349671125,
-2.77555756156289E-14),(73.5478773713112,26.4196898788214,-2.77555756156289E-14),
(72.6189017295837,25.8400402963161,-2.77555756156289E-14),(72.336845099926,
28.2716527581215,-2.77555756156289E-14),(76.3205513358116,28.733741492033,
-2.77555756156289E-14),(79.8189416527748,24.1584442555904,-2.77555756156289E-14),
(80.80193400383,24.2724642157555,-2.77555756156289E-14),(80.6879103183746,
25.2554584294558,-2.77555756156289E-14),(79.7049179673195,25.1414366066456,
-2.77555756156289E-14),(79.8189416527748,24.1584442555904,-2.77555756156289E-14),
(86.2135663628578,24.900184944272,-2.77555756156289E-14),(87.1365517377853,
25.5315713584423,-2.77555756156289E-14),(87.4858796596527,27.0402021706104,
-2.77555756156289E-14),(87.3718559741974,28.0231945216656,-2.77555756156289E-14),
(86.6804644465446,29.4635407626629,-2.77555756156289E-14),(85.6434553861618,
29.8151466995478,-2.77555756156289E-14),(84.6604630351067,29.7011248767376,
-2.77555756156289E-14),(83.7314873933792,29.1214752942324,-2.77555756156289E-14),
(83.3881497383118,27.5611076503992,-2.77555756156289E-14),(83.5539102554321,
26.5841148793697,-2.77555756156289E-14),(84.1875672340393,25.1895058900118,
-2.77555756156289E-14),(85.2305740118027,24.7861631214619,-2.77555756156289E-14),
(86.2135663628578,24.900184944272,-2.77555756156289E-14),(92.3596397042274,
23.9876862615347,-2.77555756156289E-14),(91.7955338954926,28.8509111851454,
-2.77555756156289E-14),(94.0719395875931,29.1149616241455,-2.77555756156289E-14),
(94.8142483830452,29.0437676012516,-2.77555756156289E-14),(95.4373627901077,
28.6441519856453,-2.77555756156289E-14),(95.8197936415672,28.0593223869801,
-2.77555756156289E-14),(95.9038063883781,27.335012331605,-2.77555756156289E-14),
(95.6714078783989,26.6264323145151,-2.77555756156289E-14),(95.1563119888306,
26.0947905480862,-2.77555756156289E-14),(94.4500118494034,25.855565443635,
-2.77555756156289E-14),(92.1736061573029,25.5915150046349,-2.77555756156289E-14),
(97.3571911454201,28.1852185726166,-2.77555756156289E-14),(98.1744304299355,
29.2762313038111,-2.77555756156289E-14),(100.19214451313,29.5102763921022,
-2.77555756156289E-14),(101.289160549641,28.6413058638573,-2.77555756156289E-14),
(101.403184235096,27.6583135128021,-2.77555756156289E-14),(100.534215569496,
26.5612993389368,-2.77555756156289E-14),(98.5164940357208,26.3272561132908,
-2.77555756156289E-14),(97.4712148308754,27.2022262215614,-2.77555756156289E-14),
(97.12915122509,30.1512032747269,-2.77555756156289E-14),(97.9463830590248,
31.2422160059214,-2.77555756156289E-14),(99.9641045928001,31.4762592315674,
-2.77555756156289E-14),(101.061120629311,30.6072905659676,-2.77555756156289E-14)));
#4875=COORDINATES_LIST('',6,((-16.0427394544325,10.522255338746,0.),(-12.6741097660012,
11.8571114429949,0.),(-12.4579982599264,9.99396043987694,0.),(5.20600355252743,
13.9311072819977,0.),(5.42212180209808,12.0679522327824,0.),(8.79075081617979,
13.4028076626817,0.)));
#4876=COORDINATES_LIST('',49,((-15.4277002438903,10.3547545149922,-8.32667268468867E-14),
(97.2377955913544,21.0045520216227,-8.32667268468867E-14),(-15.4508026316762,
12.334150262177,-2.77555756156289E-14),(-15.4791418462992,11.6926282644272,
-2.77555756156289E-14),(-15.4731208458543,11.0505064949393,-2.77555756156289E-14),
(-15.432758256793,10.4096252471209,-2.77555756156289E-14),(-15.3581751510501,
9.77182574570179,-2.77555756156289E-14),(-15.2495792135596,9.13892779499292,
-2.77555756156289E-14),(-15.1072796434164,8.51273909211159,-2.77555756156289E-14),
(-14.9316899478436,7.89506733417511,-2.77555756156289E-14),(-14.7233102470636,
7.28766713291407,-2.77555756156289E-14),(-14.4827347248793,6.69228658080101,
-2.77555756156289E-14),(-14.2106590792537,6.11062487587333,-2.77555756156289E-14),
(-13.9078516513109,5.5443518795073,-2.77555756156289E-14),(-13.5751897469163,
4.9950834363699,-2.77555756156289E-14),(-13.2136251777411,4.46440279483795,
-2.77555756156289E-14),(-12.8241833299398,3.9538205601275,-2.77555756156289E-14),
(-12.4079929664731,3.46480635926127,-2.77555756156289E-14),(-11.9662350043654,
2.99874995835125,-2.77555756156289E-14),(75.9023576974869,25.9980782866478,
-8.32667268468867E-14),(76.7915844917297,26.5529733151197,-8.32667268468867E-14),
(78.8138210773468,26.7441272735596,-8.32667268468867E-14),(79.8431262373924,
26.370583102107,-8.32667268468867E-14),(79.9362510442734,25.3853909671307,
-8.32667268468867E-14),(76.1788934469223,22.5190799683332,-8.32667268468867E-14),
(76.3238742947578,21.5387903153896,-8.32667268468867E-14),(80.2646428346634,
21.9112951308489,-8.32667268468867E-14),(85.5021253228188,24.3943613022566,
-8.32667268468867E-14),(81.5613642334938,24.0218564867973,-8.32667268468867E-14),
(84.2375606298447,27.2568110376596,-8.32667268468867E-14),(84.70319211483,
22.3308522254229,-8.32667268468867E-14),(88.6232107877731,22.70139567554,
-8.32667268468867E-14),(89.608408510685,22.7945223450661,-8.32667268468867E-14),
(89.515283703804,23.7797126173973,-8.32667268468867E-14),(88.5300859808922,
23.6865878105164,-8.32667268468867E-14),(88.6232107877731,22.70139567554,
-8.32667268468867E-14),(95.0321480631828,23.307204246521,-8.32667268468867E-14),
(95.9683209657669,23.9188522100449,-8.32667268468867E-14),(96.3496044278145,
25.4197288304567,-8.32667268468867E-14),(96.2564796209335,26.404919102788,
-8.32667268468867E-14),(95.5958217382431,27.8596188873053,-8.32667268468867E-14),
(94.5665165781975,28.2331630587578,-8.32667268468867E-14),(93.5813263058662,
28.1400382518768,-8.32667268468867E-14),(92.6402434706688,27.5802407413721,
-8.32667268468867E-14),(92.263862490654,26.0275136679411,-8.32667268468867E-14),
(92.4088433384895,25.0472240149975,-8.32667268468867E-14),(93.0127501487732,
23.6394740641117,-8.32667268468867E-14),(94.0469577908516,23.21407943964,
-8.32667268468867E-14),(95.0321480631828,23.307204246521,-8.32667268468867E-14)));
#4877=COORDINATES_LIST('',6,((-15.4277022927988,10.3547560054981,-2.77555756156289E-14),
(-12.0314903580029,11.6177898337869,-2.77555756156289E-14),(-11.8549753103418,
9.7504646067925,-2.77555756156289E-14),(4.89306691368852,13.2175965378156,
-2.77555756156289E-14),(5.06957589220341,11.3502760312682,-2.77555756156289E-14),
(8.46579322179599,12.6133044647604,-2.77555756156289E-14)));
#4878=COORDINATES_LIST('',71,((-6.46407902240753,-317.73242354393,0.),(-6.46407902240753,
-310.732424259186,0.),(-3.90553660690784,-316.905647516251,0.),(-0.598449900280684,
-313.598573207855,0.),(-3.90553660690784,-316.905647516251,0.),(-0.0555365259060636,
-316.905647516251,0.),(-0.0555365259060636,-316.905647516251,0.),(3.25155002065003,
-313.598573207855,0.),(8.19946266710758,-317.73242354393,0.),(8.19946266710758,
-310.732424259186,0.),(12.0093580335379,-315.982431173325,0.),(12.7020664513111,
-315.617829561234,0.),(13.0666503682733,-314.597010612488,0.),(13.0666503682733,
-313.904315233231,0.),(12.7020664513111,-312.847018241882,0.),(12.0093580335379,
-312.518894672394,0.),(11.3166505470872,-312.518894672394,0.),(10.6239421293139,
-312.847018241882,0.),(10.2593582123518,-313.904315233231,0.),(10.2958166971803,
-314.597010612488,0.),(10.6239421293139,-315.617829561234,0.),(11.3166505470872,
-315.982431173325,0.),(12.0093580335379,-315.982431173325,0.),(15.1301920413971,
-315.982431173325,0.),(15.8229004591703,-315.982431173325,0.),(15.8229004591703,
-315.289705991745,0.),(15.1301920413971,-315.289705991745,0.),(15.1301920413971,
-315.982431173325,0.),(19.6364410221577,-315.982431173325,0.),(20.3291494399309,
-315.617829561234,0.),(20.6937342882156,-314.597010612488,0.),(20.6937342882156,
-313.904315233231,0.),(20.3291494399309,-312.847018241882,0.),(19.6364410221577,
-312.518894672394,0.),(18.9437326043844,-312.518894672394,0.),(18.2510260492563,
-312.847018241882,0.),(17.8864412009716,-313.904315233231,0.),(17.9229006171227,
-314.597010612488,0.),(18.2510260492563,-315.617829561234,0.),(18.9437326043844,
-315.982431173325,0.),(19.6364410221577,-315.982431173325,0.),(23.4499834477901,
-315.982431173325,0.),(24.1426918655634,-315.617829561234,0.),(24.507274851203,
-314.597010612488,0.),(24.507274851203,-313.904315233231,0.),(24.1426918655634,
-312.847018241882,0.),(23.4499834477901,-312.518894672394,0.),(22.7572750300169,
-312.518894672394,0.),(22.0645666122437,-312.847018241882,0.),(21.6999836266041,
-313.904315233231,0.),(21.73644118011,-314.597010612488,0.),(22.0645666122437,
-315.617829561234,0.),(22.7572750300169,-315.982431173325,0.),(23.4499834477901,
-315.982431173325,0.),(28.3208172768354,-314.597010612488,0.),(25.5499836057425,
-314.597010612488,0.),(27.6281088590622,-312.518894672394,0.),(27.6281088590622,
-315.982431173325,0.),(30.7307131588459,-317.73242354393,0.),(30.7307131588459,
-310.732424259186,0.),(32.8270681202412,-315.982431173325,0.),(34.2124849557877,
-312.518894672394,0.),(35.5979017913342,-315.982431173325,0.),(33.5197746753693,
-314.232438802719,0.),(34.9051915109158,-314.232438802719,0.),(38.0077958106995,
-317.73242354393,0.),(38.0077958106995,-310.732424259186,0.),(-6.46407902240753,
-310.732424259186,0.),(38.0077958106995,-310.732424259186,0.),(-6.46407902240753,
-317.73242354393,0.),(38.0077958106995,-317.73242354393,0.)));
#4879=COORDINATES_LIST('',6,((-1.3149857196629,-312.937150325151,0.),(0.0629669752299788,
-314.315103020044,0.),(1.385801586169,-311.614315714212,0.),(2.53501418496966,
-312.937150325151,0.),(3.91296699907184,-314.315103020044,0.),(5.23580149080157,
-311.614315714212,0.)));
#4880=COORDINATES_LIST('',46,((-19.264105707407,12.7410218119621,-1.38777878078145E-14),
(94.1816419363022,25.0191949307919,-1.38777878078145E-14),(73.2119604945183,
25.7357433438301,-1.38777878078145E-14),(74.1944536566734,25.3705903887749,
-1.38777878078145E-14),(76.2139111757278,25.5891550332308,-1.38777878078145E-14),
(77.1473124623299,26.161665096879,-1.38777878078145E-14),(76.9847929477692,
27.6633128523827,-1.38777878078145E-14),(75.9449079632759,28.0746407806873,
-1.38777878078145E-14),(74.4432583451271,27.9121194034815,-1.38777878078145E-14),
(75.9449079632759,28.0746407806873,-1.38777878078145E-14),(76.8783092498779,
28.6471489816904,-1.38777878078145E-14),(76.7157897353172,30.1487967371941,
-1.38777878078145E-14),(75.6815075874329,30.5083449929953,-1.38777878078145E-14),
(73.6620500683784,30.2897803485394,-1.38777878078145E-14),(72.728656232357,
29.7172721475363,-1.38777878078145E-14),(81.1123922467232,26.1193159967661,
-1.38777878078145E-14),(82.0401832461357,26.7436057329178,-1.38777878078145E-14),
(82.4010744690895,28.2495133578777,-1.38777878078145E-14),(82.2945982217789,
29.2333513498306,-1.38777878078145E-14),(81.614263355732,30.6789577007294,
-1.38777878078145E-14),(80.5799886584282,31.0385059565306,-1.38777878078145E-14),
(79.596146941185,30.9320241212845,-1.38777878078145E-14),(78.6627531051636,
30.3595159202814,-1.38777878078145E-14),(78.3074647188187,28.8018267601728,
-1.38777878078145E-14),(78.4657225012779,27.823593467474,-1.38777878078145E-14),
(79.0886729955673,26.4241639524698,-1.38777878078145E-14),(80.12855052948,
26.0128360241652,-1.38777878078145E-14),(81.1123922467232,26.1193159967661,
-1.38777878078145E-14),(85.5448395013809,26.5990365296602,-1.38777878078145E-14),
(86.5286737680435,26.7055165022612,-1.38777878078145E-14),(86.4221975207329,
27.6893544942141,-1.38777878078145E-14),(85.4383558034897,27.5828745216131,
-1.38777878078145E-14),(85.5448395013809,26.5990365296602,-1.38777878078145E-14),
(91.9449627399445,27.2917188704014,-1.38777878078145E-14),(92.8727611899376,
27.9160086065531,-1.38777878078145E-14),(93.2336524128914,29.4219180941582,
-1.38777878078145E-14),(93.1271687150002,30.4057560861111,-1.38777878078145E-14),
(92.4468412995338,31.8513624370098,-1.38777878078145E-14),(91.4125591516495,
32.2109088301659,-1.38777878078145E-14),(90.4287248849869,32.1044288575649,
-1.38777878078145E-14),(89.4953235983849,31.5319187939167,-1.38777878078145E-14),
(89.1400352120399,29.9742296338081,-1.38777878078145E-14),(89.2983004450798,
28.9959963411093,-1.38777878078145E-14),(89.9212434887886,27.5965686887503,
-1.38777878078145E-14),(90.9611284732819,27.1852388978004,-1.38777878078145E-14),
(91.9449627399445,27.2917188704014,-1.38777878078145E-14)));
#4881=COORDINATES_LIST('',6,((-19.2641067176002,12.741020893172,0.),(-15.8853361602424,
14.0500022041831,0.),(-15.6835154703858,12.1852489464722,0.),(6.98112967028596,
16.5248273851666,0.),(7.18294968579298,14.6600734531061,0.),(10.5617195688012,
15.9690540897676,0.)));
#4882=COORDINATES_LIST('',17,((48.4553799033165,14.6323181688786,1.35308431126191E-13),
(32.0783779025078,14.6323181688786,1.35308431126191E-13),(32.0783779025078,
14.6323181688786,1.35308431126191E-13),(3.18436394445598,1.45252433139831,
6.21247844834194E-14),(48.4553799033165,11.1323185265064,9.54097911787244E-14),
(48.4553799033165,18.1323178112507,1.11022302462516E-13),(50.5517311394215,
12.8823183476925,1.06685493772574E-13),(51.937147974968,16.3458604365587,
1.11022302462516E-13),(53.3225648105145,12.8823183476925,9.62771529167128E-14),
(51.2444414198399,14.6323181688786,1.02348685082632E-13),(52.6298582553864,
14.6323181688786,9.8879238130678E-14),(55.7324625551701,11.1323185265064,
9.8879238130678E-14),(55.7324625551701,18.1323178112507,1.11022302462516E-13),
(48.4553799033165,18.1323178112507,1.11022302462516E-13),(55.7324625551701,
18.1323178112507,1.11022302462516E-13),(48.4553799033165,11.1323185265064,
9.54097911787244E-14),(55.7324625551701,11.1323185265064,9.8879238130678E-14)));
#4883=COORDINATES_LIST('',3,((-0.83861532873386,1.83849432882122,1.98715725623598E-6),
(0.838614798834497,-1.83848821820163,3.08836549302999E-6),(3.18436137874326,
1.45252928979207,8.85949009358893E-7)));
#4884=COORDINATES_LIST('',63,((-17.1330273151398,-26.0410010814667,0.),
(75.4353180527687,44.9802130460739,0.),(-20.5420814454556,-15.9972365945578,
0.),(-20.5227304250002,-16.7962089180946,0.),(-20.4647090286016,-17.5932981073856,
0.),(-20.3681588172913,-18.386647105217,0.),(-20.2333051711321,-19.1743988543749,
0.),(-20.0604647397995,-19.9546869844198,0.),(-19.8500454425812,-20.7256898283958,
0.),(-19.6025408804417,-21.4856006205082,0.),(-19.3185284733772,-22.2326405346394,
0.),(-18.9986750483513,-22.9650475084782,0.),(-18.643731251359,-23.681104183197,
0.),(-18.254529684782,-24.3791397660971,0.),(-17.8319867700338,-25.0575076788664,
0.),(-17.3770915716887,-25.7146209478378,0.),(-16.8909095227718,-26.3489354401827,
0.),(-16.3745861500502,-26.9589591771364,0.),(-15.82932472229,-27.5432709604502,
0.),(57.1488216519356,34.6921123564243,0.),(58.1779591739178,34.8908789455891,
0.),(59.7895346581936,36.1273288726807,0.),(60.2893270552158,37.1016040444374,
0.),(59.3699142336845,38.2999517023563,0.),(58.2677535712719,38.1108038127422,
0.),(57.0694021880627,37.1913947165012,0.),(58.2677535712719,38.1108038127422,
0.),(58.7675422430038,39.085078984499,0.),(57.8481331467628,40.2834303677082,
0.),(56.7776747047901,40.0529578328133,0.),(55.1660992205143,38.816511631012,
0.),(54.6663068234921,37.8422364592552,0.),(61.4711493253708,38.0083322525024,
0.),(62.5002831220627,38.2070988416672,0.),(64.1118586063385,39.4435450434685,
0.),(64.6116510033607,40.4178202152252,0.),(63.6922419071198,41.6161715984344,
0.),(62.5900775194168,41.4270237088203,0.),(61.3917261362076,40.507610887289,
0.),(62.5900775194168,41.4270237088203,0.),(63.0898699164391,42.4012951552868,
0.),(62.1704570949078,43.599646538496,0.),(61.099998652935,43.3691777288914,
0.),(59.4884231686592,42.1327278017998,0.),(58.988630771637,41.158452630043,
0.),(67.2358348965645,41.8403521180153,0.),(68.0209621787071,42.442724108696,
0.),(67.4185901880264,43.2278513908386,0.),(66.6334629058838,42.6254794001579,
0.),(67.2358348965645,41.8403521180153,0.),(72.3432898521423,45.7589440047741,
0.),(72.8113725781441,46.7745400965214,0.),(72.3368898034096,48.2486076653004,
0.),(71.7345178127289,49.0337312221527,0.),(70.4018846154213,49.9150454998016,
0.),(69.3314224481583,49.6845729649067,0.),(68.5463026165962,49.082200974226,
0.),(68.046510219574,48.1079258024693,0.),(68.5526952147484,46.59254103899,
0.),(69.1963881254196,45.8391159772873,0.),(70.4559981822968,44.9674241244793,
0.),(71.5581625699997,45.1565720140934,0.),(72.3432898521423,45.7589440047741,
0.)));
#4885=COORDINATES_LIST('',6,((-17.1330278178333,-26.0409980494328,0.),(-14.9270227213977,
-23.1664481837101,0.),(-13.785295273888,-24.6545615870304,0.),(5.701129172218,
-7.33991009777263,0.),(6.84285757340208,-8.82802350109294,0.),(9.04885980881468,
-5.95347363537029,0.)));
#4886=COORDINATES_LIST('',63,((-19.1969405859709,12.2093884274364,0.),(81.9612592458725,
26.8297400325537,0.),(10.6478994712234,14.5197995007038,-3.05175773540611E-6),
(10.6223672628403,15.2452876791358,-3.05175773540611E-6),(10.561759583652,
15.9686952829361,-3.05175773540611E-6),(10.4662235826254,16.688322648406,
-3.05175773540611E-6),(10.3359762579203,17.4024906009436,-3.05175773540611E-6),
(10.1713389158249,18.1095134466887,-3.05175773540611E-6),(9.97267942875624,
18.8077483326197,-3.05175773540611E-6),(9.74047463387251,19.4955505430698,
-3.05175773540611E-6),(9.47526469826698,20.1713126152754,-3.05175773540611E-6),
(9.17766988277435,20.8334513008595,-3.05175773540611E-6),(8.84838588535786,
21.4804206043482,-3.05175773540611E-6),(8.48818849772215,22.1106968820095,
-3.05175773540611E-6),(8.09792242944241,22.7228067815304,-3.05175773540611E-6),
(7.67849199473858,23.3153216540813,-3.05175773540611E-6),(7.23088765516877,
23.8868482410908,-3.05175773540611E-6),(6.75615621730685,24.4360491633415,
-3.05175773540611E-6),(6.25540828332305,24.9616391956806,-3.05175773540611E-6),
(60.9793663024902,26.7968326807022,0.),(61.9742795825005,26.4670066535473,
0.),(63.984639942646,26.757562533021,0.),(64.8969933390617,27.3630451411009,
0.),(64.6809414029121,28.8579296320677,0.),(63.6270344257355,29.2318537831306,
0.),(62.1321462094784,29.0157999843359,0.),(63.6270344257355,29.2318537831306,
0.),(64.5393878221512,29.8373363912106,0.),(64.323328435421,31.3322208821774,
0.),(63.2768720388412,31.6545963287354,0.),(61.2665116786957,31.3640423119068,
0.),(60.3541545569897,30.7585578411818,0.),(68.8610523939133,27.462350204587,
0.),(69.7659626603127,28.1193796545267,0.),(70.0728297233582,29.6372175216675,
0.),(69.9312761425972,30.6166242808104,0.),(69.1997483372688,32.0370085537434,
0.),(68.1532919406891,32.3593840003014,0.),(67.1738833189011,32.2178304195404,
0.),(66.2615299224854,31.6123478114605,0.),(65.9621059894562,30.0429612398148,
0.),(66.1552026867867,29.0710050612688,0.),(66.8277367949486,27.694720774889,
0.),(67.8816512227058,27.320796623826,0.),(68.8610523939133,27.462350204587,
0.),(73.2735395431519,28.1000845134258,0.),(74.2529481649399,28.2416380941868,
0.),(74.1113945841789,29.2210448533297,0.),(73.1319859623909,29.0794912725687,
0.),(73.2735395431519,28.1000845134258,0.),(79.6448364853859,29.0209259837866,
0.),(80.5497467517853,29.6779554337263,0.),(80.8566212654114,31.1957933008671,
0.),(80.7150676846504,32.1752019226551,0.),(79.9835324287415,33.595584332943,
0.),(78.9370760321617,33.917959779501,0.),(77.9576674103737,33.77640619874,
0.),(77.045314013958,33.1709235906601,0.),(76.7458900809288,31.6015370190144,
0.),(76.9389867782593,30.6295808404684,0.),(77.6115208864212,29.2532965540886,
0.),(78.6654353141785,28.8793724030256,0.),(79.6448364853859,29.0209259837866,
0.)));
#4887=COORDINATES_LIST('',6,((-19.196938801545,12.2093879610299,-3.05175781867284E-6),
(-15.8670801676463,13.638217376117,-3.05175781867284E-6),(-15.5987820965705,
11.7818611193286,-3.05175781867284E-6),(6.89639562386086,16.9282145322185,
-3.05175781867284E-6),(7.16469369493672,15.0718582754301,-3.05175781867284E-6),
(10.4945523288354,16.5006876905172,-3.05175781867284E-6)));
#4888=COORDINATES_LIST('',61,((-4.86090965569019,7.52901658415794,0.),(-68.774402141571,
-72.8619396686554,0.),(-23.7481407821178,-13.0460346117616,0.),(-23.2462026178837,
-13.5507686063647,0.),(-22.7192640304565,-14.0293380245566,0.),(-22.1686810255051,
-14.4805023446679,0.),(-21.595872938633,-14.9031020700932,0.),(-21.0023298859596,
-15.2960391715169,0.),(-20.389573648572,-15.6582985073328,0.),(-19.759202376008,
-15.9889440983534,0.),(-19.112840294838,-16.2871237844229,0.),(-18.4521581977606,
-16.5520627051592,0.),(-17.7788641303778,-16.7830809950829,0.),(-17.0946978032589,
-16.9795751571655,0.),(-16.4014231413603,-17.1410404145718,0.),(-15.7008450478315,
-17.2670632600784,0.),(-14.9947609752417,-17.3573065549135,0.),(-14.2850056290627,
-17.4115523695946,0.),(-13.5734118521214,-17.4296442419291,0.),(-73.9133059978485,
-68.110965192318,0.),(-73.6967995762825,-67.0854151248932,0.),(-72.432704269886,
-65.4954314231873,0.),(-71.44995033741,-65.0125369429588,0.),(-70.6753358244896,
-65.6283721327782,0.),(-71.2142065167427,-70.3233778476715,0.),(-70.4071819782257,
-70.8984509110451,0.),(-67.9438263177872,-67.8000152111053,0.),(-68.3903023600578,
-64.3443837761879,0.),(-69.3406537175179,-64.78650867939,0.),(-70.5229490995407,
-63.846543431282,0.),(-70.3064426779747,-62.8209933638573,0.),(-69.0423473715782,
-61.2310096621513,0.),(-68.0595934391022,-60.7481151819229,0.),(-66.8772980570793,
-61.6880804300308,0.),(-67.1262145042419,-62.754400074482,0.),(-68.3903023600578,
-64.3443837761879,0.),(-68.5984566807747,-65.4431208968163,0.),(-67.4569308757782,
-66.3506686687469,0.),(-66.4333999156952,-65.9001916646957,0.),(-65.1693120598793,
-64.3102005124092,0.),(-64.9203881621361,-63.2438808679581,0.),(-66.1026835441589,
-62.3039193451405,0.),(-67.1262145042419,-62.754400074482,0.),(-62.7189204096794,
-61.2280815839767,0.),(-62.1030777692795,-60.4534707963467,0.),(-62.8776848316193,
-59.837631881237,0.),(-63.4935274720192,-60.6122426688671,0.),(-62.7189204096794,
-61.2280815839767,0.),(-58.712724596262,-56.189052760601,0.),(-58.5045740008354,
-55.090319365263,0.),(-59.3219734728336,-53.7750795483589,0.),(-60.0965805351734,
-53.159236907959,0.),(-61.6030022501945,-52.6269637048244,0.),(-62.5857636332512,
-53.1098581850529,0.),(-63.2015988230705,-53.8844652473927,0.),(-63.4505227208138,
-54.9507848918438,0.),(-62.5923499464989,-56.2984384596348,0.),(-61.7853291332722,
-56.873507797718,0.),(-60.3520907461643,-57.4141405522823,0.),(-59.3285635113716,
-56.9636598229408,0.),(-58.712724596262,-56.189052760601,0.)));
#4889=COORDINATES_LIST('',6,((-22.2859137089708,-14.3883087202783,0.),(-20.8418829472521,
-11.0650169417138,0.),(-19.3736975224474,-12.2322704359765,0.),(-7.77312684373645,
5.37297801525638,0.),(-6.30494141893176,4.20572356731937,0.),(-4.860910657213,
7.52901629955814,0.)));
#4890=COORDINATES_LIST('',71,((-22.2359374165535,-17.0948430895805,0.),
(-22.2359374165535,-10.0948438048363,0.),(-19.6773950010538,-16.2680726498365,
0.),(-16.3703076541424,-12.9609853029251,0.),(-19.6773950010538,-16.2680726498365,
0.),(-15.8273950219154,-16.2680726498365,0.),(-15.8273950219154,-16.2680726498365,
0.),(-12.5203086063266,-12.9609853029251,0.),(-7.57239572703838,-17.0948430895805,
0.),(-7.57239572703838,-10.0948438048363,0.),(-3.76249989494681,-15.3448432683945,
0.),(-3.06979171000421,-14.9802602827549,0.),(-2.70520825870335,-13.9594273641706,
0.),(-2.70520825870335,-13.2667189463973,0.),(-3.06979171000421,-12.2094266116619,
0.),(-3.76249989494681,-11.8813021108508,0.),(-4.45520831272006,-11.8813021108508,
0.),(-5.14791673049331,-12.2094266116619,0.),(-5.51250018179417,-13.2667189463973,
0.),(-5.47604169696569,-13.9594273641706,0.),(-5.14791673049331,-14.9802602827549,
0.),(-4.45520831272006,-15.3448432683945,0.),(-3.76249989494681,-15.3448432683945,
0.),(-0.641666643787175,-15.3448432683945,0.),(0.0510416684846859,-15.3448432683945,
0.),(0.0510416684846859,-14.6521357819438,0.),(-0.641666643787175,-14.6521357819438,
0.),(-0.641666643787175,-15.3448432683945,0.),(3.86458332650363,-15.3448432683945,
0.),(4.55729151144624,-14.9802602827549,0.),(4.9218749627471,-13.9594273641706,
0.),(4.9218749627471,-13.2667189463973,0.),(4.55729151144624,-12.2094266116619,
0.),(3.86458332650363,-11.8813021108508,0.),(3.17187490873039,-11.8813021108508,
0.),(2.47916672378778,-12.2094266116619,0.),(2.11458327248693,-13.2667189463973,
0.),(2.1510417573154,-13.9594273641706,0.),(2.47916672378778,-14.9802602827549,
0.),(3.17187490873039,-15.3448432683945,0.),(3.86458332650363,-15.3448432683945,
0.),(7.67812505364418,-15.3448432683945,0.),(8.37083347141743,-14.9802602827549,
0.),(8.735416457057,-13.9594273641706,0.),(8.735416457057,-13.2667189463973,
0.),(8.37083347141743,-12.2094266116619,0.),(7.67812505364418,-11.8813021108508,
0.),(6.98541663587093,-11.8813021108508,0.),(6.29270821809769,-12.2094266116619,
0.),(5.92812523245811,-13.2667189463973,0.),(5.9645832516253,-13.9594273641706,
0.),(6.29270821809769,-14.9802602827549,0.),(6.98541663587093,-15.3448432683945,
0.),(7.67812505364418,-15.3448432683945,0.),(12.5489579513669,-13.9594273641706,
0.),(9.77812521159649,-13.9594273641706,0.),(11.8562504649162,-11.8813021108508,
0.),(11.8562504649162,-15.3448432683945,0.),(14.9588538333774,-17.0948430895805,
0.),(14.9588538333774,-10.0948438048363,0.),(17.0552078634501,-15.3448432683945,
0.),(18.4406246989965,-11.8813021108508,0.),(19.826041534543,-15.3448432683945,
0.),(17.7479162812233,-13.5948434472084,0.),(19.1333331167698,-13.5948434472084,
0.),(22.2359374165535,-17.0948430895805,0.),(22.2359374165535,-10.0948438048363,
0.),(-22.2359374165535,-10.0948438048363,0.),(22.2359374165535,-10.0948438048363,
0.),(-22.2359374165535,-17.0948430895805,0.),(22.2359374165535,-17.0948430895805,
0.)));
#4891=COORDINATES_LIST('',6,((-17.0868442058563,-12.2995680933758,0.),(-15.7088915109634,
-13.6775207882687,0.),(-14.3860569000244,-10.9767334824368,0.),(-13.2368443012238,
-12.2995680933758,0.),(-11.8588914871216,-13.6775207882687,0.),(-10.5360569953918,
-10.9767334824368,0.)));
#4892=COORDINATES_LIST('',37,((0.,0.,4.33680868994202E-15),(-51.9608147442341,
0.,4.33680868994202E-15),(0.,-14.8000000044703,4.33680868994202E-15),(-51.9608147442341,
-14.8000000044703,4.33680868994202E-15),(-49.9608144164085,0.,4.33680868994202E-15),
(-49.9608144164085,-30.1792938262224,4.33680868994202E-15),(-54.8826903104782,
-28.720960021019,4.33680868994202E-15),(-55.174358189106,-28.4292940050364,
4.33680868994202E-15),(-51.7108142375946,-28.4292940050364,4.33680868994202E-15),
(-51.7108142375946,-28.8667939603329,4.33680868994202E-15),(-51.7108142375946,
-27.9917940497398,4.33680868994202E-15),(-53.0962310731411,-23.2303347438574,
4.33680868994202E-15),(-53.0962310731411,-26.0011684149504,4.33680868994202E-15),
(-55.174358189106,-23.9230431616306,4.33680868994202E-15),(-51.7108142375946,
-23.9230431616306,4.33680868994202E-15),(-51.7108142375946,-20.4740855842829,
4.33680868994202E-15),(-51.7108142375946,-21.1667940020561,4.33680868994202E-15),
(-52.403524518013,-21.1667940020561,4.33680868994202E-15),(-52.403524518013,
-20.4740855842829,4.33680868994202E-15),(-51.3826906681061,-20.4740855842829,
4.33680868994202E-15),(-51.0181076824665,-21.1667940020561,4.33680868994202E-15),
(-53.4608140587807,-17.7178364247084,4.33680868994202E-15),(-53.7889413535595,
-18.3740854263306,4.33680868994202E-15),(-54.8462308943272,-18.3740854263306,
4.33680868994202E-15),(-55.174358189106,-17.7178364247084,4.33680868994202E-15),
(-55.174358189106,-16.2959601730108,4.33680868994202E-15),(-54.8462308943272,
-15.6032526865602,4.33680868994202E-15),(-53.7889413535595,-15.6032526865602,
4.33680868994202E-15),(-53.4608140587807,-16.2959601730108,4.33680868994202E-15),
(-53.4608140587807,-17.7178364247084,4.33680868994202E-15),(-53.0962310731411,
-18.4105448424816,4.33680868994202E-15),(-52.0753972232342,-18.4105448424816,
4.33680868994202E-15),(-51.7108142375946,-17.7178364247084,4.33680868994202E-15),
(-51.7108142375946,-16.2959601730108,4.33680868994202E-15),(-52.0389415323734,
-15.6032526865602,4.33680868994202E-15),(-53.0962310731411,-15.6032526865602,
4.33680868994202E-15),(-53.4608140587807,-16.2959601730108,4.33680868994202E-15)));
#4893=COORDINATES_LIST('',6,((-50.8986432008984,-11.3000030517578,-8.91838382657828E-8),
(-50.8986432008984,-3.5,-8.91838382657828E-8),(-49.9608227663281,-14.8000030517578,
-8.91838382657828E-8),(-49.9608227663281,0.,-8.91838382657828E-8),(-49.0229870729687,
-11.3000030517578,-8.91838382657828E-8),(-49.0229870729687,-3.5,-8.91838382657828E-8)));
#4894=COORDINATES_LIST('',30,((12.2628305107355,-3.2157723326236,0.),(16.9043634086847,
19.8665391653776,0.),(9.4283688813448,7.65487318858504,0.),(9.19992476701736,
7.99831561744213,0.),(12.5954961404204,7.31551321223378,0.),(12.5092472881079,
6.88659865409136,0.),(12.681744992733,7.74442730471492,0.),(12.2621897608042,
12.6855643466115,0.),(11.715947650373,9.96910780668259,0.),(10.0882863625884,
12.4161317944527,0.),(13.4838577359915,11.7333298549056,0.),(14.1637846827507,
15.1146035641432,0.),(14.0272248536348,14.435488730669,0.),(13.3481100201607,
14.5720494911075,0.),(13.4846707805991,15.251163393259,0.),(14.4854709506035,
15.0499166920781,0.),(14.7063387557864,14.2989289015532,0.),(14.9155864492059,
18.8533049076796,0.),(14.6947186440229,19.6042936295271,0.),(13.7657923623919,
20.162969827652,0.),(13.0866784602404,20.2995296567678,0.),(11.978262104094,
20.1505348086357,0.),(11.5200150758028,19.5361077785492,0.),(11.3834552466869,
18.856992945075,0.),(11.5685798227787,18.1131921708584,0.),(12.5332493335009,
17.5473298877478,0.),(13.2195502519608,17.4465123564005,0.),(14.2850372940302,
17.5669509917498,0.),(14.7790256887674,18.1741919368505,0.),(14.9155864492059,
18.8533049076796,0.)));
#4895=COORDINATES_LIST('',3,((12.3783959359124,2.11608222189512,0.),(13.9878030172404,
5.36251519824475,0.),(14.2172336245119,1.74631553876296,0.)));
#4896=COORDINATES_LIST('',36,((0.,0.,4.33680868994202E-15),(45.426145195961,
0.,4.33680868994202E-15),(0.,-41.0000011324883,4.33680868994202E-15),(45.426145195961,
-41.0000011324883,4.33680868994202E-15),(43.4261448681355,0.,4.33680868994202E-15),
(43.4261448681355,-41.0000011324883,4.33680868994202E-15),(0.,-41.0000011324883,
4.33680868994202E-15),(0.,-41.0000011324883,0.500000023748726),(40.2907282114029,
-24.8166657984257,4.33680868994202E-15),(40.2907282114029,-27.5874994695187,
4.33680868994202E-15),(38.2126048207283,-25.5093742161989,4.33680868994202E-15),
(41.6761450469494,-25.5093742161989,4.33680868994202E-15),(38.5042726993561,
-22.6802080869675,4.33680868994202E-15),(38.2126048207283,-22.3885420709848,
4.33680868994202E-15),(41.6761450469494,-22.3885420709848,4.33680868994202E-15),
(41.6761450469494,-22.8260420262814,4.33680868994202E-15),(41.6761450469494,
-21.9510421156883,4.33680868994202E-15),(41.6761450469494,-18.2468742132187,
4.33680868994202E-15),(41.6761450469494,-18.9395826309919,4.33680868994202E-15),
(40.9834384918213,-18.9395826309919,4.33680868994202E-15),(40.9834384918213,
-18.2468742132187,4.33680868994202E-15),(42.0042723417282,-18.2468742132187,
4.33680868994202E-15),(42.3688553273678,-18.9395826309919,4.33680868994202E-15),
(41.6761450469494,-14.4333336502314,4.33680868994202E-15),(41.3115620613098,
-13.7406252324581,4.33680868994202E-15),(40.2907282114029,-13.376041315496,
4.33680868994202E-15),(39.5980216562748,-13.376041315496,4.33680868994202E-15),
(38.5407283902168,-13.7406252324581,4.33680868994202E-15),(38.2126048207283,
-14.4333336502314,4.33680868994202E-15),(38.2126048207283,-15.1260420680046,
4.33680868994202E-15),(38.5407283902168,-15.8187504857779,4.33680868994202E-15),
(39.5980216562748,-16.1833334714174,4.33680868994202E-15),(40.2907282114029,
-16.1468759179115,4.33680868994202E-15),(41.3115620613098,-15.8187504857779,
4.33680868994202E-15),(41.6761450469494,-15.1260420680046,4.33680868994202E-15),
(41.6761450469494,-14.4333336502314,4.33680868994202E-15)));
#4897=COORDINATES_LIST('',6,((42.4883235044238,-37.5,-8.91838382657828E-8),
(42.4883235044238,-3.5,-8.91838382657828E-8),(43.4261477536914,-41.,-8.91838382657828E-8),
(43.4261477536914,0.,-8.91838382657828E-8),(44.3639681882617,-37.5,-8.91838382657828E-8),
(44.3639681882617,-3.5,-8.91838382657828E-8)));
#4898=COORDINATES_LIST('',37,((0.,-1.38777878078145E-14,4.33680868994202E-15),
(45.426145195961,-1.38777878078145E-14,4.33680868994202E-15),(0.,-24.0000002086163,
4.33680868994202E-15),(45.426145195961,-24.0000002086163,4.33680868994202E-15),
(43.4261448681355,-1.38777878078145E-14,4.33680868994202E-15),(43.4261448681355,
-24.0000002086163,4.33680868994202E-15),(38.5407283902168,-19.0875008702278,
4.33680868994202E-15),(38.2126048207283,-18.4312500059605,4.33680868994202E-15),
(38.2126048207283,-17.0093756169081,4.33680868994202E-15),(38.5407283902168,
-16.3166671991348,4.33680868994202E-15),(39.2334386706352,-16.3166671991348,
4.33680868994202E-15),(40.9834384918213,-19.1239584237337,4.33680868994202E-15),
(41.6761450469494,-19.0875008702278,4.33680868994202E-15),(41.6761450469494,
-16.3166671991348,4.33680868994202E-15),(40.2907282114029,-12.5031247735023,
4.33680868994202E-15),(40.2907282114029,-15.2739584445953,4.33680868994202E-15),
(38.2126048207283,-13.1958331912756,4.33680868994202E-15),(41.6761450469494,
-13.1958331912756,4.33680868994202E-15),(41.6761450469494,-9.74687468260527,
4.33680868994202E-15),(41.6761450469494,-10.4395831003785,4.33680868994202E-15),
(40.9834384918213,-10.4395831003785,4.33680868994202E-15),(40.9834384918213,
-9.74687468260527,4.33680868994202E-15),(42.0042723417282,-9.74687468260527,
4.33680868994202E-15),(42.3688553273678,-10.4395831003785,4.33680868994202E-15),
(41.6761450469494,-5.93333318829536,4.33680868994202E-15),(41.3115620613098,
-5.24062477052212,4.33680868994202E-15),(40.2907282114029,-4.87604178488255,
4.33680868994202E-15),(39.5980216562748,-4.87604178488255,4.33680868994202E-15),
(38.5407283902168,-5.24062477052212,4.33680868994202E-15),(38.2126048207283,
-5.93333318829536,4.33680868994202E-15),(38.2126048207283,-6.62604160606861,
4.33680868994202E-15),(38.5407283902168,-7.31875002384186,4.33680868994202E-15),
(39.5980216562748,-7.68333347514272,4.33680868994202E-15),(40.2907282114029,
-7.64687499031425,4.33680868994202E-15),(41.3115620613098,-7.31875002384186,
4.33680868994202E-15),(41.6761450469494,-6.62604160606861,4.33680868994202E-15),
(41.6761450469494,-5.93333318829536,4.33680868994202E-15)));
#4899=COORDINATES_LIST('',6,((42.4883235044238,-20.5,-8.91838382657828E-8),
(42.4883235044238,-3.49999999999999,-8.91838382657828E-8),(43.4261477536914,
-24.,-8.91838382657828E-8),(43.4261477536914,0.,-8.91838382657828E-8),(44.3639681882617,
-20.5,-8.91838382657828E-8),(44.3639681882617,-3.49999999999999,-8.91838382657828E-8)));
#4900=COORDINATES_LIST('',60,((14.3139949068427,7.16732768341899,0.),(14.2368134111166,
-28.4325890243053,0.),(0.46964141074568,-21.8683313578367,0.),(1.19640468619764,
-22.7065570652485,0.),(1.97397451847792,-23.4978869557381,0.),(2.79933214187622,
-24.2392402142286,0.),(3.66927264258265,-24.9277334660292,0.),(4.58041252568364,
-25.5606938153505,0.),(5.52921229973435,-26.1356681585312,0.),(6.51199230924249,
-26.6504175961018,0.),(7.52492854371667,-27.102941647172,0.),(8.56408756226301,
-27.491481974721,0.),(9.62543487548828,-27.814531698823,0.),(10.7048414647579,
-28.0708391219378,0.),(11.798121035099,-28.259402140975,0.),(12.9010230302811,
-28.3794905990362,0.),(14.0092698857188,-28.4306425601244,0.),(15.118544921279,
-28.412651270628,0.),(16.2245407700539,-28.3255875110626,0.),(12.219755910337,
-0.263142457697541,0.),(12.5493025407195,0.392394635127857,0.),(12.5523852184415,
1.81426631752402,0.),(12.2257629409432,2.5076842866838,0.),(11.1684734001756,
2.50997650437057,0.),(10.8023891225457,1.81806029286236,0.),(10.8000971376896,
0.760771159548312,0.),(10.8023891225457,1.81806029286236,0.),(10.4757668450475,
2.51147849485278,0.),(9.41847823560238,2.51377071253955,0.),(9.08885151147842,
1.8217753386125,0.),(9.08576883375645,0.399903656216338,0.),(9.41239204257727,
-0.293514429358765,0.),(12.2279450297356,3.51393199525774,0.),(12.5575708225369,
4.20592725276947,0.),(12.5606535002589,5.62779884785414,0.),(12.2340312227607,
6.32121693342924,0.),(10.8486171811819,6.32422091439366,0.),(10.4825329035521,
5.63230458647013,0.),(10.4794502258301,4.21043252572417,0.),(10.8060725033283,
3.51701467297971,0.),(9.09253489226103,3.52072971872985,0.),(9.09862108528614,
6.32801465690136,0.),(12.5681310892105,9.0767489746213,0.),(12.5666288658977,
8.3840424194932,0.),(11.8739223107696,8.38554464280605,0.),(11.8754236027598,
9.07825119793415,0.),(12.896254658699,9.07603744417429,0.),(13.2593354210258,
8.38254112750292,0.),(11.187270283699,11.1797479912639,0.),(10.4959858581424,
11.8374982848763,0.),(10.4990685358644,13.259369879961,0.),(11.1932773143053,
13.9505751430988,0.),(11.8859838694334,13.949072919786,0.),(12.5771891325712,
13.254864141345,0.),(12.5741064548492,11.8329925462604,0.),(11.8799768388271,
11.178245767951,0.),(9.80185624212027,11.182751506567,0.),(9.11057274788618,
11.8405018001795,0.),(9.11365542560816,13.2623733952641,0.),(9.80786420404911,
13.953578658402,0.)));
#4901=COORDINATES_LIST('',6,((13.306582920327,-24.9305643177584,0.),(13.3685855244761,
3.6693713923172,0.),(14.2368145925089,-28.4325905360671,0.),(14.3139938451683,
7.16732861540045,0.),(15.1822243925495,-24.9346321090291,0.),(15.2442262570244,
3.66530299906909,0.)));
#4902=COORDINATES_LIST('',35,((0.,5.55111512312578E-14,0.),(49.4261458516121,
5.55111512312578E-14,0.),(-4.12517242587285E-10,-2.0000000949949,0.),(49.4261458516121,
-2.0000000949949,0.),(47.4261455237865,-18.1335397064686,0.),(47.4261455237865,
8.7500000372529,0.),(-4.12517242587285E-10,-2.0000000949949,0.),(-4.12517242587285E-10,
-2.0000000949949,0.570076634176075),(42.5407290458679,-17.768956720829,
0.),(42.2126054763794,-17.1127077192068,0.),(42.2126054763794,-15.6908314675093,
0.),(42.5407290458679,-14.9981239810586,0.),(43.2334393262863,-14.9981239810586,
0.),(44.9834391474724,-17.8054161369801,0.),(45.6761457026005,-17.768956720829,
0.),(45.6761457026005,-14.9981239810586,0.),(45.6761457026005,-12.2418738901615,
0.),(45.6761457026005,-12.9345823079348,0.),(44.9834391474724,-12.9345823079348,
0.),(44.9834391474724,-12.2418738901615,0.),(46.0042729973793,-12.2418738901615,
0.),(46.3688559830189,-12.9345823079348,0.),(45.6761457026005,-8.42833239585161,
0.),(45.3115627169609,-7.73562351241708,0.),(44.290728867054,-7.37104006111622,
0.),(43.5980223119259,-7.37104006111622,0.),(42.5407290458679,-7.73562351241708,
0.),(42.2126054763794,-8.42833239585161,0.),(42.2126054763794,-9.12103988230228,
0.),(42.5407290458679,-9.81374830007553,0.),(43.5980223119259,-10.1783322170377,
0.),(44.290728867054,-10.1418737322092,0.),(45.3115627169609,-9.81374830007553,
0.),(45.6761457026005,-9.12103988230228,0.),(45.6761457026005,-8.42833239585161,
0.)));
#4903=COORDINATES_LIST('',6,((46.4883235040113,-5.5000000001196,-3.75215292863773E-7),
(46.4883235040113,3.4999999998804,-3.75215292863773E-7),(47.4261477532789,
-2.0000000001196,-3.75215292863773E-7),(47.4261477532789,-1.19598775327745E-10,
-3.75215292863773E-7),(48.3639681878492,-5.5000000001196,-3.75215292863773E-7),
(48.3639681878492,3.4999999998804,-3.75215292863773E-7)));
#4904=COORDINATES_LIST('',53,((0.,0.,6.93889390390723E-15),(45.426145195961,
0.,6.93889390390723E-15),(0.,-119.999997317791,6.93889390390723E-15),(45.426145195961,
-119.999997317791,6.93889390390723E-15),(43.4261448681355,0.,6.93889390390723E-15),
(43.4261448681355,-119.999997317791,6.93889390390723E-15),(0.,-119.999997317791,
6.93889390390723E-15),(0.,-119.999997317791,1.30000000353903),(38.5042726993561,
-67.9005235433578,6.93889390390723E-15),(38.2126048207283,-67.6088556647301,
6.93889390390723E-15),(41.6761450469494,-67.6088556647301,6.93889390390723E-15),
(41.6761450469494,-68.0463537573814,6.93889390390723E-15),(41.6761450469494,
-67.1713575720787,6.93889390390723E-15),(38.5407283902168,-65.1807263493538,
6.93889390390723E-15),(38.2126048207283,-64.5244792103767,6.93889390390723E-15),
(38.2126048207283,-63.1026029586792,6.93889390390723E-15),(38.5407283902168,
-62.4098964035511,6.93889390390723E-15),(39.2334386706352,-62.4098964035511,
6.93889390390723E-15),(40.9834384918213,-65.2171894907951,6.93889390390723E-15),
(41.6761450469494,-65.1807263493538,6.93889390390723E-15),(41.6761450469494,
-62.4098964035511,6.93889390390723E-15),(41.6761450469494,-59.6536472439766,
6.93889390390723E-15),(41.3115620613098,-58.9609369635582,6.93889390390723E-15),
(40.2907282114029,-58.5963539779186,6.93889390390723E-15),(39.5980216562748,
-58.5963539779186,6.93889390390723E-15),(38.5407283902168,-58.9609369635582,
6.93889390390723E-15),(38.2126048207283,-59.6536472439766,6.93889390390723E-15),
(38.2126048207283,-60.3463537991047,6.93889390390723E-15),(38.5407283902168,
-61.0390640795231,6.93889390390723E-15),(39.5980216562748,-61.4036470651627,
6.93889390390723E-15),(40.2907282114029,-61.3671876490116,6.93889390390723E-15),
(41.3115620613098,-61.0390640795231,6.93889390390723E-15),(41.6761450469494,
-60.3463537991047,6.93889390390723E-15),(41.6761450469494,-59.6536472439766,
6.93889390390723E-15),(41.6761450469494,-55.8401048183441,6.93889390390723E-15),
(41.6761450469494,-56.5328113734722,6.93889390390723E-15),(40.9834384918213,
-56.5328113734722,6.93889390390723E-15),(40.9834384918213,-55.8401048183441,
6.93889390390723E-15),(42.0042723417282,-55.8401048183441,6.93889390390723E-15),
(42.3688553273678,-56.5328113734722,6.93889390390723E-15),(41.6761450469494,
-52.0265623927116,6.93889390390723E-15),(41.3115620613098,-51.3338558375835,
6.93889390390723E-15),(40.2907282114029,-50.9692691266537,6.93889390390723E-15),
(39.5980216562748,-50.9692691266537,6.93889390390723E-15),(38.5407283902168,
-51.3338558375835,6.93889390390723E-15),(38.2126048207283,-52.0265623927116,
6.93889390390723E-15),(38.2126048207283,-52.71927267313,6.93889390390723E-15),
(38.5407283902168,-53.4119792282581,6.93889390390723E-15),(39.5980216562748,
-53.7765622138977,6.93889390390723E-15),(40.2907282114029,-53.7401027977467,
6.93889390390723E-15),(41.3115620613098,-53.4119792282581,6.93889390390723E-15),
(41.6761450469494,-52.71927267313,6.93889390390723E-15),(41.6761450469494,
-52.0265623927116,6.93889390390723E-15)));
#4905=COORDINATES_LIST('',6,((42.4883235044238,-116.5,1.96918456367434E-7),
(42.4883235044238,-3.5,1.96918456367434E-7),(43.4261477536914,-120.,1.96918456367434E-7),
(43.4261477536914,0.,1.96918456367434E-7),(44.3639681882617,-116.5,1.96918456367434E-7),
(44.3639681882617,-3.5,1.96918456367434E-7)));
#4906=COORDINATES_LIST('',44,((0.,0.,5.20417042793042E-15),(-47.4918857216835,
0.,5.20417042793042E-15),(-4.00000018998981,-16.0000007599592,5.20417042793042E-15),
(-47.4918857216835,-16.0000007599592,5.20417042793042E-15),(-45.491885393858,
-16.0000007599592,5.20417042793042E-15),(-45.491885393858,25.5272015929222,
5.20417042793042E-15),(-4.00000018998981,-16.0000007599592,5.20417042793042E-15),
(-4.00000018998981,-16.0000007599592,0.686291488818824),(-50.4137612879276,
12.0813688263297,5.20417042793042E-15),(-50.7054291665554,12.3730348423123,
5.20417042793042E-15),(-47.2418889403343,12.3730348423123,5.20417042793042E-15),
(-47.2418889403343,11.9355348870158,5.20417042793042E-15),(-47.2418889403343,
12.8105347976089,5.20417042793042E-15),(-48.6273057758808,14.8011604323983,
5.20417042793042E-15),(-49.3200123310089,15.4574103653431,5.20417042793042E-15),
(-49.3200123310089,16.8792847543955,5.20417042793042E-15),(-48.6273057758808,
17.5719931721687,5.20417042793042E-15),(-47.9345954954624,17.5719931721687,
5.20417042793042E-15),(-47.2418889403343,16.8792847543955,5.20417042793042E-15),
(-47.2418889403343,15.4574103653431,5.20417042793042E-15),(-47.9345954954624,
14.8011604323983,5.20417042793042E-15),(-50.012718886137,14.8011604323983,
5.20417042793042E-15),(-50.7054291665554,15.4574103653431,5.20417042793042E-15),
(-50.7054291665554,16.8792847543955,5.20417042793042E-15),(-50.012718886137,
17.5719931721687,5.20417042793042E-15),(-47.2418889403343,20.3282441943884,
5.20417042793042E-15),(-47.2418889403343,19.6355357766151,5.20417042793042E-15),
(-47.9345954954624,19.6355357766151,5.20417042793042E-15),(-47.9345954954624,
20.3282441943884,5.20417042793042E-15),(-46.9137616455555,20.3282441943884,
5.20417042793042E-15),(-46.5491786599159,19.6355357766151,5.20417042793042E-15),
(-47.2418889403343,24.1417847573757,5.20417042793042E-15),(-47.6064719259739,
24.834493175149,5.20417042793042E-15),(-48.6273057758808,25.1990761607885,
5.20417042793042E-15),(-49.3200123310089,25.1990761607885,5.20417042793042E-15),
(-50.3773055970669,24.834493175149,5.20417042793042E-15),(-50.7054291665554,
24.1417847573757,5.20417042793042E-15),(-50.7054291665554,23.4490763396025,
5.20417042793042E-15),(-50.3773055970669,22.7563679218292,5.20417042793042E-15),
(-49.3200123310089,22.3917849361897,5.20417042793042E-15),(-48.6273057758808,
22.4282424896955,5.20417042793042E-15),(-47.6064719259739,22.7563679218292,
5.20417042793042E-15),(-47.2418889403343,23.4490763396025,5.20417042793042E-15),
(-47.2418889403343,24.1417847573757,5.20417042793042E-15)));
#4907=COORDINATES_LIST('',6,((-46.4297100954297,-12.5,3.87653320901848E-7),
(-46.4297100954297,-3.5,3.87653320901848E-7),(-45.4918896608594,-16.,3.87653320901848E-7),
(-45.4918896608594,0.,3.87653320901848E-7),(-44.5540692262891,-12.5,3.87653320901848E-7),
(-44.5540692262891,-3.5,3.87653320901848E-7)));
#4908=COORDINATES_LIST('',37,((0.,0.,-1.38777878078145E-14),(38.2347628474236,
0.,-1.38777878078145E-14),(-7.19138327986002,-2.0000000949949,-1.38777878078145E-14),
(38.2347628474236,-2.0000000949949,-1.38777878078145E-14),(36.234762519598,
-10.7500003650784,-1.38777878078145E-14),(36.234762519598,17.4199268221855,
-1.38777878078145E-14),(0.,0.,-1.38777878078145E-14),(0.,0.,-26.3274777680635),
(-7.19138327986002,-2.0000000949949,-1.38777878078145E-14),(-7.19138327986002,
-2.0000000949949,-28.1637385487556),(31.3493460416794,6.69388473033905,
-1.38777878078145E-14),(31.0212224721909,7.35013466328382,-1.38777878078145E-14),
(31.0212224721909,8.77200998365879,-1.38777878078145E-14),(31.3493460416794,
9.46471840143204,-1.38777878078145E-14),(32.0420563220978,9.46471840143204,
-1.38777878078145E-14),(33.7920561432838,6.65742624551058,-1.38777878078145E-14),
(34.4847626984119,6.69388473033905,-1.38777878078145E-14),(34.4847626984119,
9.46471840143204,-1.38777878078145E-14),(34.4847626984119,12.2209684923291,
-1.38777878078145E-14),(34.4847626984119,11.5282600745559,-1.38777878078145E-14),
(33.7920561432838,11.5282600745559,-1.38777878078145E-14),(33.7920561432838,
12.2209684923291,-1.38777878078145E-14),(34.8128899931908,12.2209684923291,
-1.38777878078145E-14),(35.1774729788303,11.5282600745559,-1.38777878078145E-14),
(34.4847626984119,16.034509986639,-1.38777878078145E-14),(34.1201797127724,
16.7272184044123,-1.38777878078145E-14),(33.0993458628654,17.0918013900518,
-1.38777878078145E-14),(32.4066393077374,17.0918013900518,-1.38777878078145E-14),
(31.3493460416794,16.7272184044123,-1.38777878078145E-14),(31.0212224721909,
16.034509986639,-1.38777878078145E-14),(31.0212224721909,15.3418015688658,
-1.38777878078145E-14),(31.3493460416794,14.6490931510925,-1.38777878078145E-14),
(32.4066393077374,14.284510165453,-1.38777878078145E-14),(33.0993458628654,
14.3209677189589,-1.38777878078145E-14),(34.1201797127724,14.6490931510925,
-1.38777878078145E-14),(34.4847626984119,15.3418015688658,-1.38777878078145E-14),
(34.4847626984119,16.034509986639,-1.38777878078145E-14)));
#4909=COORDINATES_LIST('',6,((35.2969404246629,-5.50000305175781,-1.70335572036162E-6),
(35.2969404246629,3.49999694824218,-1.70335572036162E-6),(36.2347646739305,
-2.00000305175782,-1.70335572036162E-6),(36.2347646739305,-3.05175781867284E-6,
-1.70335572036162E-6),(37.1725851085008,-5.50000305175781,-1.70335572036162E-6),
(37.1725851085008,3.49999694824218,-1.70335572036162E-6)));
#4910=COORDINATES_LIST('',53,((0.,0.,1.73472347597681E-15),(-47.960814088583,
0.,1.73472347597681E-15),(4.00000018998981,-57.9999983310699,1.73472347597681E-15),
(-47.960814088583,-57.9999983310699,1.73472347597681E-15),(-45.9608174860477,
0.,1.73472347597681E-15),(-45.9608174860477,-57.9999983310699,1.73472347597681E-15),
(4.00000018998981,-57.9999983310699,1.73472347597681E-15),(4.00000018998981,
-57.9999983310699,-0.583592162001878),(-48.0389408767223,-36.1239574849606,
1.73472347597681E-15),(-47.7108173072338,-35.4312509298325,1.73472347597681E-15),
(-47.7108173072338,-34.0093746781349,1.73472347597681E-15),(-48.0389408767223,
-33.3166681230068,1.73472347597681E-15),(-49.4243577122688,-33.3166681230068,
1.73472347597681E-15),(-49.7889406979084,-34.0093746781349,1.73472347597681E-15),
(-49.7889406979084,-35.4312509298325,1.73472347597681E-15),(-49.4608171284199,
-36.1239574849606,1.73472347597681E-15),(-51.1743575334549,-36.1239574849606,
1.73472347597681E-15),(-51.1743575334549,-33.3166681230068,1.73472347597681E-15),
(-49.4608171284199,-31.6177085042,1.73472347597681E-15),(-49.7889406979084,
-32.2739593684673,1.73472347597681E-15),(-50.8462339639664,-32.2739593684673,
1.73472347597681E-15),(-51.1743575334549,-31.6177085042,1.73472347597681E-15),
(-51.1743575334549,-30.1958341151476,1.73472347597681E-15),(-50.8462339639664,
-29.5031256973743,1.73472347597681E-15),(-49.7889406979084,-29.5031256973743,
1.73472347597681E-15),(-49.4608171284199,-30.1958341151476,1.73472347597681E-15),
(-49.4608171284199,-31.6177085042,1.73472347597681E-15),(-49.0962341427803,
-32.3104150593281,1.73472347597681E-15),(-48.0754002928734,-32.3104150593281,
1.73472347597681E-15),(-47.7108173072338,-31.6177085042,1.73472347597681E-15),
(-47.7108173072338,-30.1958341151476,1.73472347597681E-15),(-48.0389408767223,
-29.5031256973743,1.73472347597681E-15),(-49.0962341427803,-29.5031256973743,
1.73472347597681E-15),(-49.4608171284199,-30.1958341151476,1.73472347597681E-15),
(-47.7108173072338,-26.7468746751547,1.73472347597681E-15),(-47.7108173072338,
-27.4395830929279,1.73472347597681E-15),(-48.4035238623619,-27.4395830929279,
1.73472347597681E-15),(-48.4035238623619,-26.7468746751547,1.73472347597681E-15),
(-47.382690012455,-26.7468746751547,1.73472347597681E-15),(-47.0181070268154,
-27.4395830929279,1.73472347597681E-15),(-47.7108173072338,-22.9333341121674,
1.73472347597681E-15),(-48.0754002928734,-22.2406256943941,1.73472347597681E-15),
(-49.0962341427803,-21.8760408461094,1.73472347597681E-15),(-49.7889406979084,
-21.8760408461094,1.73472347597681E-15),(-50.8462339639664,-22.2406256943941,
1.73472347597681E-15),(-51.1743575334549,-22.9333341121674,1.73472347597681E-15),
(-51.1743575334549,-23.6260425299406,1.73472347597681E-15),(-50.8462339639664,
-24.3187490850687,1.73472347597681E-15),(-49.7889406979084,-24.6833339333534,
1.73472347597681E-15),(-49.0962341427803,-24.6468745172024,1.73472347597681E-15),
(-48.0754002928734,-24.3187490850687,1.73472347597681E-15),(-47.7108173072338,
-23.6260425299406,1.73472347597681E-15),(-47.7108173072338,-22.9333341121674,
1.73472347597681E-15)));
#4911=COORDINATES_LIST('',6,((-46.8986432008984,-54.5,-2.8616503784662E-7),
(-46.8986432008984,-3.5,-2.8616503784662E-7),(-45.9608227663281,-58.,-2.8616503784662E-7),
(-45.9608227663281,0.,-2.8616503784662E-7),(-45.0229870729687,-54.5,-2.8616503784662E-7),
(-45.0229870729687,-3.5,-2.8616503784662E-7)));
#4912=COORDINATES_LIST('',45,((0.,0.,3.46944695195361E-15),(-51.9608147442341,
0.,3.46944695195361E-15),(0.,-28.999999165535,3.46944695195361E-15),(-51.9608147442341,
-28.999999165535,3.46944695195361E-15),(-49.9608144164085,0.,3.46944695195361E-15),
(-49.9608144164085,-28.999999165535,3.46944695195361E-15),(-54.8462308943272,
-21.5875003486872,3.46944695195361E-15),(-55.174358189106,-20.9312494844198,
3.46944695195361E-15),(-55.174358189106,-19.5093750953674,3.46944695195361E-15),
(-54.8462308943272,-18.8166666775942,3.46944695195361E-15),(-54.1535243391991,
-18.8166666775942,3.46944695195361E-15),(-52.403524518013,-21.6239579021931,
3.46944695195361E-15),(-51.7108142375946,-21.5875003486872,3.46944695195361E-15),
(-51.7108142375946,-18.8166666775942,3.46944695195361E-15),(-52.403524518013,
-17.7739579230547,3.46944695195361E-15),(-51.7108142375946,-17.1177089214325,
3.46944695195361E-15),(-51.7108142375946,-15.695832669735,3.46944695195361E-15),
(-52.403524518013,-15.0031251832843,3.46944695195361E-15),(-54.4816479086876,
-15.0031251832843,3.46944695195361E-15),(-55.174358189106,-15.695832669735,
3.46944695195361E-15),(-55.174358189106,-17.1177089214325,3.46944695195361E-15),
(-54.4816479086876,-17.7739579230547,3.46944695195361E-15),(-53.7889413535595,
-17.8104173392057,3.46944695195361E-15),(-53.0962310731411,-17.1177089214325,
3.46944695195361E-15),(-53.0962310731411,-15.695832669735,3.46944695195361E-15),
(-53.7889413535595,-15.0031251832843,3.46944695195361E-15),(-51.7108142375946,
-12.2468750923872,3.46944695195361E-15),(-51.7108142375946,-12.9395835101604,
3.46944695195361E-15),(-52.403524518013,-12.9395835101604,3.46944695195361E-15),
(-52.403524518013,-12.2468750923872,3.46944695195361E-15),(-51.3826906681061,
-12.2468750923872,3.46944695195361E-15),(-51.0181076824665,-12.9395835101604,
3.46944695195361E-15),(-51.7108142375946,-8.4333335980773,3.46944695195361E-15),
(-52.0753972232342,-7.74062518030405,3.46944695195361E-15),(-53.0962310731411,
-7.37604172900319,3.46944695195361E-15),(-53.7889413535595,-7.37604172900319,
3.46944695195361E-15),(-54.8462308943272,-7.74062518030405,3.46944695195361E-15),
(-55.174358189106,-8.4333335980773,3.46944695195361E-15),(-55.174358189106,
-9.12604201585054,3.46944695195361E-15),(-54.8462308943272,-9.81875043362379,
3.46944695195361E-15),(-53.7889413535595,-10.1833334192634,3.46944695195361E-15),
(-53.0962310731411,-10.1468749344349,3.46944695195361E-15),(-52.0753972232342,
-9.81875043362379,3.46944695195361E-15),(-51.7108142375946,-9.12604201585054,
3.46944695195361E-15),(-51.7108142375946,-8.4333335980773,3.46944695195361E-15)));
#4913=COORDINATES_LIST('',6,((-50.8986432008984,-25.5,1.93918455945741E-7),
(-50.8986432008984,-3.49999999999999,1.93918455945741E-7),(-49.9608227663281,
-29.,1.93918455945741E-7),(-49.9608227663281,0.,1.93918455945741E-7),(-49.0229870729687,
-25.5,1.93918455945741E-7),(-49.0229870729687,-3.49999999999999,1.93918455945741E-7)));
#4914=COORDINATES_LIST('',43,((0.,1.38777878078145E-14,4.33680868994202E-15),
(45.426145195961,1.38777878078145E-14,4.33680868994202E-15),(0.,-48.9999987185001,
4.33680868994202E-15),(45.426145195961,-48.9999987185001,4.33680868994202E-15),
(43.4261448681355,1.38777878078145E-14,4.33680868994202E-15),(43.4261448681355,
-48.9999987185001,4.33680868994202E-15),(0.,-48.9999987185001,4.33680868994202E-15),
(0.,-48.9999987185001,3.00000002607703),(40.2907282114029,-28.8166664540768,
4.33680868994202E-15),(40.2907282114029,-31.5875001251698,4.33680868994202E-15),
(38.2126048207283,-29.50937487185,4.33680868994202E-15),(41.6761450469494,
-29.50937487185,4.33680868994202E-15),(40.9834384918213,-27.7739576995373,
4.33680868994202E-15),(41.6761450469494,-27.1177086979151,4.33680868994202E-15),
(41.6761450469494,-25.6958324462175,4.33680868994202E-15),(40.9834384918213,
-25.0031258910894,4.33680868994202E-15),(38.9053113758564,-25.0031258910894,
4.33680868994202E-15),(38.2126048207283,-25.6958324462175,4.33680868994202E-15),
(38.2126048207283,-27.1177086979151,4.33680868994202E-15),(38.9053113758564,
-27.7739576995373,4.33680868994202E-15),(39.5980216562748,-27.8104171156883,
4.33680868994202E-15),(40.2907282114029,-27.1177086979151,4.33680868994202E-15),
(40.2907282114029,-25.6958324462175,4.33680868994202E-15),(39.5980216562748,
-25.0031258910894,4.33680868994202E-15),(41.6761450469494,-22.2468748688698,
4.33680868994202E-15),(41.6761450469494,-22.939583286643,4.33680868994202E-15),
(40.9834384918213,-22.939583286643,4.33680868994202E-15),(40.9834384918213,
-22.2468748688698,4.33680868994202E-15),(42.0042723417282,-22.2468748688698,
4.33680868994202E-15),(42.3688553273678,-22.939583286643,4.33680868994202E-15),
(41.6761450469494,-18.4333324432373,4.33680868994202E-15),(41.3115620613098,
-17.7406258881092,4.33680868994202E-15),(40.2907282114029,-17.3760410398245,
4.33680868994202E-15),(39.5980216562748,-17.3760410398245,4.33680868994202E-15),
(38.5407283902168,-17.7406258881092,4.33680868994202E-15),(38.2126048207283,
-18.4333324432373,4.33680868994202E-15),(38.2126048207283,-19.1260408610106,
4.33680868994202E-15),(38.5407283902168,-19.8187492787838,4.33680868994202E-15),
(39.5980216562748,-20.1833341270685,4.33680868994202E-15),(40.2907282114029,
-20.1468747109175,4.33680868994202E-15),(41.3115620613098,-19.8187492787838,
4.33680868994202E-15),(41.6761450469494,-19.1260408610106,4.33680868994202E-15),
(41.6761450469494,-18.4333324432373,4.33680868994202E-15)));
#4915=COORDINATES_LIST('',6,((42.4883235044238,-45.5,-8.91838382657828E-8),
(42.4883235044238,-3.5,-8.91838382657828E-8),(43.4261477536914,-49.,-8.91838382657828E-8),
(43.4261477536914,0.,-8.91838382657828E-8),(44.3639681882617,-45.5,-8.91838382657828E-8),
(44.3639681882617,-3.5,-8.91838382657828E-8)));
#4916=COORDINATES_LIST('',30,((12.5678218901157,-3.28662595711648,0.),(18.5771323740482,
19.4779317826033,0.),(10.3864455595613,7.73366028442979,0.),(10.1788816973567,
8.09010956436396,0.),(13.5277090594172,7.20609771087766,0.),(13.4160444140434,
6.78308820351958,0.),(13.6393737047911,7.62910768389702,0.),(13.5151268914342,
12.5864688307047,0.),(12.8079177811742,9.90740675479174,0.),(11.3290278241038,
12.4471103772521,0.),(14.6778551861644,11.5630980581045,0.),(15.5581450089812,
14.8978251963854,0.),(15.3813427314162,14.2280599102378,0.),(14.7115774452686,
14.4048621878028,0.),(14.8883797228336,15.0746274739504,0.),(15.8754028379917,
14.8140769451857,0.),(16.0511080175638,14.0512576326728,0.),(16.5314897894859,
18.5850597918034,0.),(16.3557827472687,19.3478800356388,0.),(15.4618145897985,
19.9609380215406,0.),(14.7920493036509,20.1377402991056,0.),(13.6767216026783,
20.0550891458988,0.),(13.1826614961028,19.4690730422735,0.),(13.0058592185378,
18.7993068248034,0.),(13.1463147699833,18.0457923561335,0.),(14.0755344182253,
17.4234285950661,0.),(14.7546045482159,17.2818768769503,0.),(15.8253759145737,
17.3385832458735,0.),(16.3546875119209,17.9152954369783,0.),(16.5314897894859,
18.5850597918034,0.)));
#4917=COORDINATES_LIST('',3,((13.0010380786512,2.02885412510293,0.),(14.8011163275008,
5.17356775578145,0.),(14.8145577408558,1.55012929221982,0.)));
#4918=COORDINATES_LIST('',60,((23.1154281646013,-26.0823555290699,0.),(5.43538108468056,
4.81709418818355,0.),(0.46964141074568,-21.8683313578367,0.),(1.59711460582912,
-23.1266655027866,0.),(2.83881626091897,-24.2724418640137,0.),(4.18355083093047,
-25.2953227609396,0.),(5.61921251937747,-26.1860992759466,0.),(7.13286409154534,
-26.9367452710867,0.),(8.71086958795786,-27.5404993444681,0.),(10.3390030562878,
-27.9919169843197,0.),(12.0026050135493,-28.2869357615709,0.),(13.686683960259,
-28.4228939563036,0.),(15.3760705143213,-28.3985696732998,0.),(17.0555375516415,
-28.2141827046871,0.),(18.7099538743496,-27.8713889420033,0.),(20.3244220465422,
-27.3732841014862,0.),(21.8843854963779,-26.724349707365,0.),(23.3757980167866,
-25.9304363280535,0.),(24.7852187603712,-24.9986965209246,0.),(3.89182171784341,
11.6992248222232,0.),(3.93293518573046,10.9666679054499,0.),(4.63908165693283,
9.73253417760134,0.),(5.26790181174874,9.2942463234067,0.),(6.18559122085571,
9.8193297162652,0.),(6.15801522508264,10.6016378849745,0.),(5.63293229788542,
11.5193268284202,0.),(6.15801522508264,10.6016378849745,0.),(6.78683537989855,
10.1633500307798,0.),(7.70452478900552,10.6884334236383,0.),(7.64530478045344,
11.4526348188519,0.),(6.93915830925107,12.6867685467005,0.),(6.31033815443516,
13.1250554695725,0.),(5.76763646677136,8.4208594635129,0.),(5.82685647532344,
7.65665806829929,0.),(6.53300294652581,6.42252480611205,0.),(7.16182310134172,
5.98423695191741,0.),(8.36431235074997,6.6722771152854,0.),(8.33673682063818,
7.45458481833339,0.),(7.63059034943581,8.68871808052063,0.),(7.00177019461989,
9.12700593471527,0.),(8.48905928432941,9.97800286859274,0.),(9.88324545323849,
7.54138082265854,0.),(8.24586115777493,3.42895975336432,0.),(7.90184084326029,
4.03020437806845,0.),(8.50308500230312,4.3742242269218,0.),(8.84710531681776,
3.77297983504832,0.),(7.96106085181236,3.2660027500242,0.),(7.30059621855617,
3.68618429638445,0.),(10.4912742972374,2.29427963495255,0.),(11.4184329286218,
2.0686995703727,0.),(12.1245793998241,0.834566075354815,0.),(11.8673546239734,
-0.110698580101598,0.),(11.2661104649305,-0.454718683613464,0.),(10.3208450600505,
-0.197494227904826,0.),(9.61469858884811,1.03663932532072,0.),(9.89002920687199,
1.95025955326855,0.),(11.6937635466456,2.98231979832053,0.),(12.6209212467074,
2.75673973374069,0.),(13.3270677179098,1.5226062387228,0.),(13.0698438733816,
0.577341590542346,0.)));
#4919=COORDINATES_LIST('',6,((5.43538239000383,4.81709162938157,0.),(6.35959636484429,
1.31347309369352,0.),(7.98758276214051,2.244976599781,0.),(20.5632256755367,
-23.5102385204477,0.),(22.1912135521813,-22.5787338104054,0.),(23.1154260476734,
-26.0823535500482,0.)));
#4920=COORDINATES_LIST('',30,((11.5115838125348,-3.12041607685387,0.),(12.7840461209416,
20.3895345330238,0.),(7.14268069714308,7.22935702651739,0.),(6.8672033958137,
7.53636052832007,0.),(10.3256832808256,7.34917214140296,0.),(10.3020379319787,
6.91231153905392,0.),(10.34932769835,7.786032743752,0.),(9.22327022999525,
12.6154078170657,0.),(9.0735200792551,9.84862353652716,0.),(7.11074518039823,
12.0360245928168,0.),(10.5692250654101,11.8488362058997,0.),(10.7556246221066,
15.2927534654737,0.),(10.7181873172522,14.6010583266616,0.),(10.0264912471175,
14.638495631516,0.),(10.0639285519719,15.3301917016506,0.),(11.0832704231143,
15.2750201523304,0.),(11.4098833873868,14.5636200904846,0.),(10.9617291018367,
19.1007219254971,0.),(10.6351161375642,19.8121219873428,0.),(9.63547825813293,
20.2313438057899,0.),(8.94378311932087,20.2687811106443,0.),(7.86833185702562,
19.9618730694056,0.),(7.50324921682477,19.2879103124142,0.),(7.46581144630909,
18.5962151736021,0.),(7.75601947680116,17.8867839276791,0.),(8.79206135869026,
17.4655932933092,0.),(9.48572810739279,17.4645595252514,0.),(10.5228032916784,
17.7370347082615,0.),(10.9242908656597,18.409026786685,0.),(10.9617291018367,
19.1007219254971,0.)));
#4921=COORDINATES_LIST('',3,((10.858872041681,2.17259381425792,0.),(11.9844824669478,
5.61679390231486,0.),(12.731774655232,2.07122526219078,0.)));
#4922=COORDINATES_LIST('',35,((-1.38777878078145E-14,5.55111512312578E-14,
6.93889390390723E-15),(-47.960814088583,5.55111512312578E-14,6.93889390390723E-15),
(-9.96452920176694E-10,2.0000000949949,6.93889390390723E-15),(-47.960814088583,
2.0000000949949,6.93889390390723E-15),(-45.9608174860477,19.8522675782442,
6.93889390390723E-15),(-45.9608174860477,-8.7500000372529,6.93889390390723E-15),
(-9.96452920176694E-10,2.0000000949949,6.93889390390723E-15),(-9.96452920176694E-10,
2.0000000949949,0.560201879125088),(-50.8462339639664,9.12622548639774,
6.93889390390723E-15),(-51.1743575334549,9.78247541934252,6.93889390390723E-15),
(-51.1743575334549,11.2043498083949,6.93889390390723E-15),(-50.8462339639664,
11.8970582261682,6.93889390390723E-15),(-50.153523683548,11.8970582261682,
6.93889390390723E-15),(-48.4035238623619,9.08976700156927,6.93889390390723E-15),
(-47.7108173072338,9.12622548639774,6.93889390390723E-15),(-47.7108173072338,
11.8970582261682,6.93889390390723E-15),(-47.7108173072338,14.6533083170652,
6.93889390390723E-15),(-47.7108173072338,13.960599899292,6.93889390390723E-15),
(-48.4035238623619,13.960599899292,6.93889390390723E-15),(-48.4035238623619,
14.6533083170652,6.93889390390723E-15),(-47.382690012455,14.6533083170652,
6.93889390390723E-15),(-47.0181070268154,13.960599899292,6.93889390390723E-15),
(-47.7108173072338,18.4668507426977,6.93889390390723E-15),(-48.0754002928734,
19.159559160471,6.93889390390723E-15),(-49.0962341427803,19.5241421461105,
6.93889390390723E-15),(-49.7889406979084,19.5241421461105,6.93889390390723E-15),
(-50.8462339639664,19.159559160471,6.93889390390723E-15),(-51.1743575334549,
18.4668507426977,6.93889390390723E-15),(-51.1743575334549,17.7741423249245,
6.93889390390723E-15),(-50.8462339639664,17.0814339071512,6.93889390390723E-15),
(-49.7889406979084,16.7168509215117,6.93889390390723E-15),(-49.0962341427803,
16.7533084750175,6.93889390390723E-15),(-48.0754002928734,17.0814339071512,
6.93889390390723E-15),(-47.7108173072338,17.7741423249245,6.93889390390723E-15),
(-47.7108173072338,18.4668507426977,6.93889390390723E-15)));
#4923=COORDINATES_LIST('',6,((-46.8986432006069,-3.5000000002734,-2.85187063200909E-7),
(-46.8986432006069,5.49999999972661,-2.85187063200909E-7),(-45.9608227660365,
-2.73392419813945E-10,-2.85187063200909E-7),(-45.9608227660365,1.99999999972661,
-2.85187063200909E-7),(-45.0229870726772,-3.5000000002734,-2.85187063200909E-7),
(-45.0229870726772,5.49999999972661,-2.85187063200909E-7)));
#4924=COORDINATES_LIST('',39,((0.,-1.38777878078145E-14,2.60208521396521E-15),
(45.426145195961,-1.38777878078145E-14,2.60208521396521E-15),(7.19133086413137E-10,
-19.2000009119511,2.60208521396521E-15),(45.426145195961,-19.2000009119511,
2.60208521396521E-15),(43.4261448681355,-1.38777878078145E-14,2.60208521396521E-15),
(43.4261448681355,-19.2000009119511,2.60208521396521E-15),(7.19133086413137E-10,
-19.2000009119511,2.60208521396521E-15),(7.19133086413137E-10,-19.2000009119511,
-2.79999990016222),(38.5042726993561,-15.5937504023314,2.60208521396521E-15),
(38.2126048207283,-15.3020834550261,2.60208521396521E-15),(41.6761450469494,
-15.3020834550261,2.60208521396521E-15),(41.6761450469494,-15.7395824790001,
2.60208521396521E-15),(41.6761450469494,-14.8645834997296,2.60208521396521E-15),
(40.9834384918213,-12.8739587962627,2.60208521396521E-15),(41.6761450469494,
-12.2177079319954,2.60208521396521E-15),(41.6761450469494,-10.795833542943,
2.60208521396521E-15),(40.9834384918213,-10.1031251251698,2.60208521396521E-15),
(38.9053113758564,-10.1031251251698,2.60208521396521E-15),(38.2126048207283,
-10.795833542943,2.60208521396521E-15),(38.2126048207283,-12.2177079319954,
2.60208521396521E-15),(38.9053113758564,-12.8739587962627,2.60208521396521E-15),
(39.5980216562748,-12.9104163497686,2.60208521396521E-15),(40.2907282114029,
-12.2177079319954,2.60208521396521E-15),(40.2907282114029,-10.795833542943,
2.60208521396521E-15),(39.5980216562748,-10.1031251251698,2.60208521396521E-15),
(41.6761450469494,-7.34687503427267,2.60208521396521E-15),(41.6761450469494,
-8.03958345204592,2.60208521396521E-15),(40.9834384918213,-8.03958345204592,
2.60208521396521E-15),(40.9834384918213,-7.34687503427267,2.60208521396521E-15),
(42.0042723417282,-7.34687503427267,2.60208521396521E-15),(42.3688553273678,
-8.03958345204592,2.60208521396521E-15),(38.5407283902168,-5.24687487632036,
2.60208521396521E-15),(38.2126048207283,-4.59062494337559,2.60208521396521E-15),
(38.2126048207283,-3.16875008866191,2.60208521396521E-15),(38.5407283902168,
-2.47604167088866,2.60208521396521E-15),(39.2334386706352,-2.47604167088866,
2.60208521396521E-15),(40.9834384918213,-5.28333336114883,2.60208521396521E-15),
(41.6761450469494,-5.24687487632036,2.60208521396521E-15),(41.6761450469494,
-2.47604167088866,2.60208521396521E-15)));
#4925=COORDINATES_LIST('',6,((42.488323505143,-15.7,-9.14773942359282E-8),
(42.488323505143,-3.50000305175781,-9.14773942359282E-8),(43.4261477544105,
-19.2,-9.14773942359282E-8),(43.4261477544105,-3.05175781867284E-6,-9.14773942359282E-8),
(44.3639681889808,-15.7,-9.14773942359282E-8),(44.3639681889808,-3.50000305175781,
-9.14773942359282E-8)));
#4926=COORDINATES_LIST('',41,((0.,2.77555756156289E-14,0.),(0.,-18.3859393000603,
0.),(8.00000037997961,0.,0.),(8.00000037997961,-18.3859393000603,0.),(0.,
-16.3859389722347,0.),(25.5594532936811,-16.3859389722347,0.),(15.489662066102,
-12.8859393298626,0.),(14.8334121331573,-12.5578148290515,0.),(14.8334121331573,
-11.5005224943161,0.),(15.489662066102,-11.172397993505,0.),(16.9115364551544,
-11.172397993505,0.),(17.6042448729277,-11.5005224943161,0.),(17.6042448729277,
-12.5578148290515,0.),(16.9115364551544,-12.8859393298626,0.),(15.489662066102,
-12.8859393298626,0.),(14.7969536483288,-13.2505223155022,0.),(14.7969536483288,
-14.2713561654091,0.),(15.489662066102,-14.6359391510487,0.),(16.9115364551544,
-14.6359391510487,0.),(17.6042448729277,-14.3078146502376,0.),(17.6042448729277,
-13.2505223155022,0.),(16.9115364551544,-12.8859393298626,0.),(20.3604958951473,
-14.6359391510487,0.),(19.6677874773741,-14.6359391510487,0.),(19.6677874773741,
-13.9432307332754,0.),(20.3604958951473,-13.9432307332754,0.),(20.3604958951473,
-14.9640645831823,0.),(19.6677874773741,-15.3286475688219,0.),(24.1740364581347,
-14.6359391510487,0.),(24.8667448759079,-14.2713561654091,0.),(25.2313297241926,
-13.2505223155022,0.),(25.2313297241926,-12.5578148290515,0.),(24.8667448759079,
-11.5005224943161,0.),(24.1740364581347,-11.172397993505,0.),(23.4813280403614,
-11.172397993505,0.),(22.7886196225882,-11.5005224943161,0.),(22.4240366369486,
-12.5578148290515,0.),(22.4604960530996,-13.2505223155022,0.),(22.7886196225882,
-14.2713561654091,0.),(23.4813280403614,-14.6359391510487,0.),(24.1740364581347,
-14.6359391510487,0.)));
#4927=COORDINATES_LIST('',6,((2.92753904451715E-7,-16.3859405517578,-5.19360335987651E-8),
(3.50000029275391,-17.3237609863281,-5.19360335987651E-8),(3.50000029275391,
-15.4481201171875,-5.19360335987651E-8),(4.50000029275391,-17.3237609863281,
-5.19360335987651E-8),(4.50000029275391,-15.4481201171875,-5.19360335987651E-8),
(8.00000029275391,-16.3859405517578,-5.19360335987651E-8)));
#4928=COORDINATES_LIST('',39,((0.,-8.32667268468867E-14,-6.93889390390723E-15),
(45.426145195961,-8.32667268468867E-14,-6.93889390390723E-15),(-4.00000018998981,
-24.0000002086163,-6.93889390390723E-15),(45.426145195961,-24.0000002086163,
-6.93889390390723E-15),(43.4261448681355,-8.32667268468867E-14,-6.93889390390723E-15),
(43.4261448681355,-24.0000002086163,-6.93889390390723E-15),(-4.00000018998981,
-24.0000002086163,-6.93889390390723E-15),(-4.00000018998981,-24.0000002086163,
1.18629145435989),(38.5407283902168,-19.0875008702278,-6.93889390390723E-15),
(38.2126048207283,-18.4312500059605,-6.93889390390723E-15),(38.2126048207283,
-17.0093756169081,-6.93889390390723E-15),(38.5407283902168,-16.3166671991348,
-6.93889390390723E-15),(39.2334386706352,-16.3166671991348,-6.93889390390723E-15),
(40.9834384918213,-19.1239584237337,-6.93889390390723E-15),(41.6761450469494,
-19.0875008702278,-6.93889390390723E-15),(41.6761450469494,-16.3166671991348,
-6.93889390390723E-15),(40.2907282114029,-12.5031247735023,-6.93889390390723E-15),
(40.2907282114029,-15.2739584445953,-6.93889390390723E-15),(38.2126048207283,
-13.1958331912756,-6.93889390390723E-15),(41.6761450469494,-13.1958331912756,
-6.93889390390723E-15),(41.6761450469494,-9.74687468260527,-6.93889390390723E-15),
(41.6761450469494,-10.4395831003785,-6.93889390390723E-15),(40.9834384918213,
-10.4395831003785,-6.93889390390723E-15),(40.9834384918213,-9.74687468260527,
-6.93889390390723E-15),(42.0042723417282,-9.74687468260527,-6.93889390390723E-15),
(42.3688553273678,-10.4395831003785,-6.93889390390723E-15),(41.6761450469494,
-5.93333318829536,-6.93889390390723E-15),(41.3115620613098,-5.24062477052212,
-6.93889390390723E-15),(40.2907282114029,-4.87604178488255,-6.93889390390723E-15),
(39.5980216562748,-4.87604178488255,-6.93889390390723E-15),(38.5407283902168,
-5.24062477052212,-6.93889390390723E-15),(38.2126048207283,-5.93333318829536,
-6.93889390390723E-15),(38.2126048207283,-6.62604160606861,-6.93889390390723E-15),
(38.5407283902168,-7.31875002384186,-6.93889390390723E-15),(39.5980216562748,
-7.68333347514272,-6.93889390390723E-15),(40.2907282114029,-7.64687499031425,
-6.93889390390723E-15),(41.3115620613098,-7.31875002384186,-6.93889390390723E-15),
(41.6761450469494,-6.62604160606861,-6.93889390390723E-15),(41.6761450469494,
-5.93333318829536,-6.93889390390723E-15)));
#4929=COORDINATES_LIST('',6,((42.4883235044238,-20.5,3.87653322636572E-7),
(42.4883235044238,-3.5,3.87653322636572E-7),(43.4261477536914,-24.,3.87653322636572E-7),
(43.4261477536914,-2.77555756156289E-14,3.87653322636572E-7),(44.3639681882617,
-20.5,3.87653322636572E-7),(44.3639681882617,-3.5,3.87653322636572E-7)));
#4930=COORDINATES_LIST('',35,((0.,0.,-3.46944695195361E-15),(41.4261445403099,
0.,-3.46944695195361E-15),(-4.00000018998981,-43.9999997615814,-3.46944695195361E-15),
(41.4261445403099,-43.9999997615814,-3.46944695195361E-15),(39.4261479377747,
0.,-3.46944695195361E-15),(39.4261479377747,-43.9999997615814,-3.46944695195361E-15),
(-4.00000018998981,-43.9999997615814,-3.46944695195361E-15),(-4.00000018998981,
-43.9999997615814,-1.14379404112697),(36.2907312810421,-26.3166669756174,
-3.46944695195361E-15),(36.2907312810421,-29.0875006467104,-3.46944695195361E-15),
(34.2126041650772,-27.0093753933907,-3.46944695195361E-15),(37.6761481165886,
-27.0093753933907,-3.46944695195361E-15),(36.2907312810421,-22.5031245499849,
-3.46944695195361E-15),(36.2907312810421,-25.2739582210779,-3.46944695195361E-15),
(34.2126041650772,-23.1958329677582,-3.46944695195361E-15),(37.6761481165886,
-23.1958329677582,-3.46944695195361E-15),(37.6761481165886,-19.7468753904104,
-3.46944695195361E-15),(37.6761481165886,-20.4395838081837,-3.46944695195361E-15),
(36.9834378361702,-20.4395838081837,-3.46944695195361E-15),(36.9834378361702,
-19.7468753904104,-3.46944695195361E-15),(38.0042716860771,-19.7468753904104,
-3.46944695195361E-15),(38.3688546717167,-20.4395838081837,-3.46944695195361E-15),
(37.6761481165886,-15.9333329647779,-3.46944695195361E-15),(37.3115614056587,
-15.2406245470047,-3.46944695195361E-15),(36.2907312810421,-14.8760415613651,
-3.46944695195361E-15),(35.5980210006237,-14.8760415613651,-3.46944695195361E-15),
(34.540731459856,-15.2406245470047,-3.46944695195361E-15),(34.2126041650772,
-15.9333329647779,-3.46944695195361E-15),(34.2126041650772,-16.6260413825512,
-3.46944695195361E-15),(34.540731459856,-17.3187498003244,-3.46944695195361E-15),
(35.5980210006237,-17.683332785964,-3.46944695195361E-15),(36.2907312810421,
-17.6468752324581,-3.46944695195361E-15),(37.3115614056587,-17.3187498003244,
-3.46944695195361E-15),(37.6761481165886,-16.6260413825512,-3.46944695195361E-15),
(37.6761481165886,-15.9333329647779,-3.46944695195361E-15)));
#4931=COORDINATES_LIST('',6,((38.4883235071945,-40.4999999975011,4.22501793967411E-7),
(38.4883235071945,-3.49999999750111,4.22501793967411E-7),(39.4261477564621,
-43.9999999975011,4.22501793967411E-7),(39.4261477564621,2.4988899838263E-9,
4.22501793967411E-7),(40.3639681910324,-40.4999999975011,4.22501793967411E-7),
(40.3639681910324,-3.49999999750111,4.22501793967411E-7)));
#4932=SHAPE_DEFINITION_REPRESENTATION(#7318,#4933);
#4933=SHAPE_REPRESENTATION('000684_B;1-Rotor Shaft Machined',(#4934),#7266);
#4934=AXIS2_PLACEMENT_3D('',#5155,#5013,#5014);
#4935=AXIS2_PLACEMENT_3D('',#5606,#5015,#5016);
#4936=AXIS2_PLACEMENT_3D('',#5608,#5015,#5016);
#4937=AXIS2_PLACEMENT_3D('',#5609,#5017,#5018);
#4938=AXIS2_PLACEMENT_3D('',#5611,#5017,#5018);
#4939=AXIS2_PLACEMENT_3D('',#5612,#5019,#5020);
#4940=AXIS2_PLACEMENT_3D('',#5614,#5019,#5020);
#4941=AXIS2_PLACEMENT_3D('',#5615,#5021,#5022);
#4942=AXIS2_PLACEMENT_3D('',#5617,#5021,#5022);
#4943=AXIS2_PLACEMENT_3D('',#5618,#5023,#5024);
#4944=AXIS2_PLACEMENT_3D('',#5620,#5023,#5024);
#4945=AXIS2_PLACEMENT_3D('',#5621,#5025,#5026);
#4946=AXIS2_PLACEMENT_3D('',#5623,#5025,#5026);
#4947=AXIS2_PLACEMENT_3D('Radial Dimension (33)',#5624,#5027,#5028);
#4948=AXIS2_PLACEMENT_3D('PMI PLANE',#5625,#5029,#5030);
#4949=AXIS2_PLACEMENT_3D('Radial Dimension (27)',#5627,#5031,#5032);
#4950=AXIS2_PLACEMENT_3D('PMI PLANE',#5628,#5033,#5034);
#4951=AXIS2_PLACEMENT_3D('Radial Dimension (36)',#5630,#5035,#5036);
#4952=AXIS2_PLACEMENT_3D('PMI PLANE',#5631,#5037,#5038);
#4953=AXIS2_PLACEMENT_3D('Radial Dimension (37)',#5633,#5039,#5040);
#4954=AXIS2_PLACEMENT_3D('PMI PLANE',#5634,#5041,#5042);
#4955=AXIS2_PLACEMENT_3D('Feature Control Frame (28)',#5636,#5043,#5044);
#4956=AXIS2_PLACEMENT_3D('PMI PLANE',#5637,#5045,#5046);
#4957=AXIS2_PLACEMENT_3D('Radial Dimension (35)',#5639,#5047,#5048);
#4958=AXIS2_PLACEMENT_3D('PMI PLANE',#5640,#5049,#5050);
#4959=AXIS2_PLACEMENT_3D('Datum Feature Symbol A (31)',#5642,#5051,#5052);
#4960=AXIS2_PLACEMENT_3D('PMI PLANE',#5643,#5053,#5054);
#4961=AXIS2_PLACEMENT_3D('Radial Dimension (34)',#5645,#5055,#5056);
#4962=AXIS2_PLACEMENT_3D('PMI PLANE',#5646,#5057,#5058);
#4963=AXIS2_PLACEMENT_3D('Radial Dimension (24)',#5648,#5059,#5060);
#4964=AXIS2_PLACEMENT_3D('PMI PLANE',#5649,#5061,#5062);
#4965=AXIS2_PLACEMENT_3D('Radial Dimension (23)',#5651,#5063,#5064);
#4966=AXIS2_PLACEMENT_3D('PMI PLANE',#5652,#5065,#5066);
#4967=AXIS2_PLACEMENT_3D('Feature Control Frame (28)',#5654,#5067,#5068);
#4968=AXIS2_PLACEMENT_3D('PMI PLANE',#5655,#5069,#5070);
#4969=AXIS2_PLACEMENT_3D('',#5657,#5071,#5072);
#4970=AXIS2_PLACEMENT_3D('',#5659,#5071,#5072);
#4971=AXIS2_PLACEMENT_3D('Linear Dimension (5)',#5660,#5073,#5074);
#4972=AXIS2_PLACEMENT_3D('PMI PLANE',#5661,#5075,#5076);
#4973=AXIS2_PLACEMENT_3D('Radial Dimension (20)',#5663,#5077,#5078);
#4974=AXIS2_PLACEMENT_3D('PMI PLANE',#5664,#5079,#5080);
#4975=AXIS2_PLACEMENT_3D('Linear Dimension (10)',#5666,#5081,#5082);
#4976=AXIS2_PLACEMENT_3D('PMI PLANE',#5667,#5083,#5084);
#4977=AXIS2_PLACEMENT_3D('Linear Dimension (11)',#5669,#5085,#5086);
#4978=AXIS2_PLACEMENT_3D('PMI PLANE',#5670,#5087,#5088);
#4979=AXIS2_PLACEMENT_3D('Radial Dimension (21)',#5672,#5089,#5090);
#4980=AXIS2_PLACEMENT_3D('PMI PLANE',#5673,#5091,#5092);
#4981=AXIS2_PLACEMENT_3D('Linear Dimension (14)',#5675,#5093,#5094);
#4982=AXIS2_PLACEMENT_3D('PMI PLANE',#5676,#5095,#5096);
#4983=AXIS2_PLACEMENT_3D('Linear Dimension (9)',#5678,#5097,#5098);
#4984=AXIS2_PLACEMENT_3D('PMI PLANE',#5679,#5099,#5100);
#4985=AXIS2_PLACEMENT_3D('Linear Dimension (15)',#5681,#5101,#5102);
#4986=AXIS2_PLACEMENT_3D('PMI PLANE',#5682,#5103,#5104);
#4987=AXIS2_PLACEMENT_3D('Linear Dimension (6)',#5684,#5105,#5106);
#4988=AXIS2_PLACEMENT_3D('PMI PLANE',#5685,#5107,#5108);
#4989=AXIS2_PLACEMENT_3D('Linear Dimension (4)',#5687,#5109,#5110);
#4990=AXIS2_PLACEMENT_3D('PMI PLANE',#5688,#5111,#5112);
#4991=AXIS2_PLACEMENT_3D('Linear Dimension (8)',#5690,#5113,#5114);
#4992=AXIS2_PLACEMENT_3D('PMI PLANE',#5691,#5115,#5116);
#4993=AXIS2_PLACEMENT_3D('Linear Dimension (12)',#5693,#5117,#5118);
#4994=AXIS2_PLACEMENT_3D('PMI PLANE',#5694,#5119,#5120);
#4995=AXIS2_PLACEMENT_3D('Radial Dimension (19)',#5696,#5121,#5122);
#4996=AXIS2_PLACEMENT_3D('PMI PLANE',#5697,#5123,#5124);
#4997=AXIS2_PLACEMENT_3D('Radial Dimension (22)',#5699,#5125,#5126);
#4998=AXIS2_PLACEMENT_3D('PMI PLANE',#5700,#5127,#5128);
#4999=AXIS2_PLACEMENT_3D('Radial Dimension (18)',#5702,#5129,#5130);
#5000=AXIS2_PLACEMENT_3D('PMI PLANE',#5703,#5131,#5132);
#5001=AXIS2_PLACEMENT_3D('Linear Dimension (3)',#5705,#5133,#5134);
#5002=AXIS2_PLACEMENT_3D('PMI PLANE',#5706,#5135,#5136);
#5003=AXIS2_PLACEMENT_3D('Linear Dimension (7)',#5708,#5137,#5138);
#5004=AXIS2_PLACEMENT_3D('PMI PLANE',#5709,#5139,#5140);
#5005=AXIS2_PLACEMENT_3D('Linear Dimension (17)',#5711,#5141,#5142);
#5006=AXIS2_PLACEMENT_3D('PMI PLANE',#5712,#5143,#5144);
#5007=AXIS2_PLACEMENT_3D('Linear Dimension (13)',#5714,#5145,#5146);
#5008=AXIS2_PLACEMENT_3D('PMI PLANE',#5715,#5147,#5148);
#5009=AXIS2_PLACEMENT_3D('Linear Dimension (2)',#5717,#5149,#5150);
#5010=AXIS2_PLACEMENT_3D('PMI PLANE',#5718,#5151,#5152);
#5011=AXIS2_PLACEMENT_3D('',#5720,#5153,#5154);
#5012=AXIS2_PLACEMENT_3D('',#5722,#5153,#5154);
#5013=DIRECTION('',(0.,0.,1.));
#5014=DIRECTION('',(1.,0.,0.));
#5015=DIRECTION('',(0.,0.,1.));
#5016=DIRECTION('',(1.,0.,0.));
#5017=DIRECTION('',(0.,-1.,0.));
#5018=DIRECTION('',(1.,0.,0.));
#5019=DIRECTION('',(1.,0.,0.));
#5020=DIRECTION('',(0.,1.,0.));
#5021=DIRECTION('',(0.,1.,0.));
#5022=DIRECTION('',(-1.,0.,0.));
#5023=DIRECTION('',(0.,0.,-1.));
#5024=DIRECTION('',(1.,0.,0.));
#5025=DIRECTION('',(-1.,0.,0.));
#5026=DIRECTION('',(0.,-1.,0.));
#5027=DIRECTION('',(0.,0.,1.));
#5028=DIRECTION('',(0.707106781186548,0.707106781186548,0.));
#5029=DIRECTION('',(0.,0.,1.));
#5030=DIRECTION('',(0.707106781186548,0.707106781186548,0.));
#5031=DIRECTION('',(0.,0.,1.));
#5032=DIRECTION('',(0.707106781186548,0.707106781186548,0.));
#5033=DIRECTION('',(0.,0.,1.));
#5034=DIRECTION('',(0.707106781186548,0.707106781186548,0.));
#5035=DIRECTION('',(0.,0.,1.));
#5036=DIRECTION('',(0.707106781186548,0.707106781186548,0.));
#5037=DIRECTION('',(0.,0.,1.));
#5038=DIRECTION('',(0.707106781186548,0.707106781186548,0.));
#5039=DIRECTION('',(0.,0.,1.));
#5040=DIRECTION('',(0.707106781186548,0.707106781186548,0.));
#5041=DIRECTION('',(0.,0.,1.));
#5042=DIRECTION('',(0.707106781186548,0.707106781186548,0.));
#5043=DIRECTION('',(0.,0.,1.));
#5044=DIRECTION('',(0.707106781186548,0.707106781186548,0.));
#5045=DIRECTION('',(0.,0.,1.));
#5046=DIRECTION('',(0.707106781186548,0.707106781186548,0.));
#5047=DIRECTION('',(0.,0.,1.));
#5048=DIRECTION('',(0.707106781186548,0.707106781186548,0.));
#5049=DIRECTION('',(0.,0.,1.));
#5050=DIRECTION('',(0.707106781186548,0.707106781186548,0.));
#5051=DIRECTION('',(0.577350269189626,-0.577350269189626,0.577350269189626));
#5052=DIRECTION('',(0.707106781186548,0.707106781186548,0.));
#5053=DIRECTION('',(0.577350269189626,-0.577350269189626,0.577350269189626));
#5054=DIRECTION('',(0.707106781186548,0.707106781186548,0.));
#5055=DIRECTION('',(0.,0.,-1.));
#5056=DIRECTION('',(0.,1.,0.));
#5057=DIRECTION('',(0.,0.,-1.));
#5058=DIRECTION('',(0.,1.,0.));
#5059=DIRECTION('',(0.,0.,1.));
#5060=DIRECTION('',(0.707106781186548,0.707106781186548,0.));
#5061=DIRECTION('',(0.,0.,1.));
#5062=DIRECTION('',(0.707106781186548,0.707106781186548,0.));
#5063=DIRECTION('',(0.,0.,1.));
#5064=DIRECTION('',(1.,0.,0.));
#5065=DIRECTION('',(0.,0.,1.));
#5066=DIRECTION('',(1.,0.,0.));
#5067=DIRECTION('',(0.,0.,1.));
#5068=DIRECTION('',(0.707106781186548,0.707106781186548,0.));
#5069=DIRECTION('',(0.,0.,1.));
#5070=DIRECTION('',(0.707106781186548,0.707106781186548,0.));
#5071=DIRECTION('',(0.577350269189626,-0.577350269189626,0.577350269189626));
#5072=DIRECTION('',(0.707106758515312,0.70710680385778,4.53424685298298E-8));
#5073=DIRECTION('',(0.,-1.,0.));
#5074=DIRECTION('',(1.,0.,0.));
#5075=DIRECTION('',(0.,-1.,0.));
#5076=DIRECTION('',(1.,0.,0.));
#5077=DIRECTION('',(0.,0.,1.));
#5078=DIRECTION('',(0.63121905864763,0.775604602874429,0.));
#5079=DIRECTION('',(0.,0.,1.));
#5080=DIRECTION('',(0.63121905864763,0.775604602874429,0.));
#5081=DIRECTION('',(0.,-1.,0.));
#5082=DIRECTION('',(1.,0.,0.));
#5083=DIRECTION('',(0.,-1.,0.));
#5084=DIRECTION('',(1.,0.,0.));
#5085=DIRECTION('',(0.,-1.,0.));
#5086=DIRECTION('',(1.,0.,0.));
#5087=DIRECTION('',(0.,-1.,0.));
#5088=DIRECTION('',(1.,0.,0.));
#5089=DIRECTION('',(0.,0.,1.));
#5090=DIRECTION('',(0.63121905864763,0.775604602874429,0.));
#5091=DIRECTION('',(0.,0.,1.));
#5092=DIRECTION('',(0.63121905864763,0.775604602874429,0.));
#5093=DIRECTION('',(0.,-1.,0.));
#5094=DIRECTION('',(1.,0.,0.));
#5095=DIRECTION('',(0.,-1.,0.));
#5096=DIRECTION('',(1.,0.,0.));
#5097=DIRECTION('',(0.,-1.,0.));
#5098=DIRECTION('',(1.,0.,0.));
#5099=DIRECTION('',(0.,-1.,0.));
#5100=DIRECTION('',(1.,0.,0.));
#5101=DIRECTION('',(0.,-1.,0.));
#5102=DIRECTION('',(1.,0.,0.));
#5103=DIRECTION('',(0.,-1.,0.));
#5104=DIRECTION('',(1.,0.,0.));
#5105=DIRECTION('',(0.,-1.,0.));
#5106=DIRECTION('',(1.,0.,0.));
#5107=DIRECTION('',(0.,-1.,0.));
#5108=DIRECTION('',(1.,0.,0.));
#5109=DIRECTION('',(0.,-1.,0.));
#5110=DIRECTION('',(1.,0.,0.));
#5111=DIRECTION('',(0.,-1.,0.));
#5112=DIRECTION('',(1.,0.,0.));
#5113=DIRECTION('',(0.,-1.,0.));
#5114=DIRECTION('',(1.,0.,0.));
#5115=DIRECTION('',(0.,-1.,0.));
#5116=DIRECTION('',(1.,0.,0.));
#5117=DIRECTION('',(0.,-1.,0.));
#5118=DIRECTION('',(1.,0.,0.));
#5119=DIRECTION('',(0.,-1.,0.));
#5120=DIRECTION('',(1.,0.,0.));
#5121=DIRECTION('',(0.,0.,1.));
#5122=DIRECTION('',(0.63121905864763,0.775604602874429,0.));
#5123=DIRECTION('',(0.,0.,1.));
#5124=DIRECTION('',(0.63121905864763,0.775604602874429,0.));
#5125=DIRECTION('',(0.,0.,1.));
#5126=DIRECTION('',(0.63121905864763,0.775604602874429,0.));
#5127=DIRECTION('',(0.,0.,1.));
#5128=DIRECTION('',(0.63121905864763,0.775604602874429,0.));
#5129=DIRECTION('',(0.,0.,1.));
#5130=DIRECTION('',(0.63121905864763,0.775604602874429,0.));
#5131=DIRECTION('',(0.,0.,1.));
#5132=DIRECTION('',(0.63121905864763,0.775604602874429,0.));
#5133=DIRECTION('',(0.,-1.,0.));
#5134=DIRECTION('',(1.,0.,0.));
#5135=DIRECTION('',(0.,-1.,0.));
#5136=DIRECTION('',(1.,0.,0.));
#5137=DIRECTION('',(0.,-1.,0.));
#5138=DIRECTION('',(1.,0.,0.));
#5139=DIRECTION('',(0.,-1.,0.));
#5140=DIRECTION('',(1.,0.,0.));
#5141=DIRECTION('',(0.,-1.,0.));
#5142=DIRECTION('',(1.,0.,0.));
#5143=DIRECTION('',(0.,-1.,0.));
#5144=DIRECTION('',(1.,0.,0.));
#5145=DIRECTION('',(0.,-1.,0.));
#5146=DIRECTION('',(1.,0.,0.));
#5147=DIRECTION('',(0.,-1.,0.));
#5148=DIRECTION('',(1.,0.,0.));
#5149=DIRECTION('',(0.,-1.,0.));
#5150=DIRECTION('',(1.,0.,0.));
#5151=DIRECTION('',(0.,-1.,0.));
#5152=DIRECTION('',(1.,0.,0.));
#5153=DIRECTION('',(0.718873086818576,-0.585048618558824,0.375419230954334));
#5154=DIRECTION('',(0.63121907524872,0.775604589363775,-3.07060818438565E-8));
#5155=CARTESIAN_POINT('',(0.,0.,0.));
#5156=CARTESIAN_POINT('centre point',(0.,0.,0.));
#5157=CARTESIAN_POINT('centre point',(0.,0.,0.));
#5158=CARTESIAN_POINT('centre point',(0.,0.,0.));
#5159=CARTESIAN_POINT('centre point',(0.,0.,0.));
#5160=CARTESIAN_POINT('centre point',(0.,0.,0.));
#5161=CARTESIAN_POINT('centre point',(0.,0.,0.));
#5162=CARTESIAN_POINT('centre point',(0.,0.,0.));
#5163=CARTESIAN_POINT('centre point',(0.,0.,0.));
#5164=CARTESIAN_POINT('centre point',(0.,0.,0.));
#5165=CARTESIAN_POINT('centre point',(0.,0.,0.));
#5166=CARTESIAN_POINT('centre point',(0.,0.,0.));
#5167=CARTESIAN_POINT('centre point',(0.,0.,0.));
#5168=CARTESIAN_POINT('centre point',(0.,0.,0.));
#5169=CARTESIAN_POINT('centre point',(0.,0.,0.));
#5170=CARTESIAN_POINT('centre point',(0.,0.,0.));
#5171=CARTESIAN_POINT('centre point',(0.,0.,0.));
#5172=CARTESIAN_POINT('centre point',(0.,0.,0.));
#5173=CARTESIAN_POINT('centre point',(0.,0.,0.));
#5174=CARTESIAN_POINT('centre point',(0.,0.,0.));
#5175=CARTESIAN_POINT('centre point',(0.,0.,0.));
#5176=CARTESIAN_POINT('centre point',(0.,0.,0.));
#5177=CARTESIAN_POINT('centre point',(0.,0.,0.));
#5178=CARTESIAN_POINT('centre point',(0.,0.,0.));
#5179=CARTESIAN_POINT('centre point',(0.,0.,0.));
#5180=CARTESIAN_POINT('centre point',(0.,0.,0.));
#5181=CARTESIAN_POINT('centre point',(0.,0.,0.));
#5182=CARTESIAN_POINT('centre point',(0.,0.,0.));
#5183=CARTESIAN_POINT('centre point',(0.,0.,0.));
#5184=CARTESIAN_POINT('centre point',(0.,0.,0.));
#5185=CARTESIAN_POINT('centre point',(0.,0.,0.));
#5186=CARTESIAN_POINT('centre point',(0.,0.,0.));
#5187=CARTESIAN_POINT('centre point',(0.,0.,0.));
#5188=CARTESIAN_POINT('centre point',(0.,0.,0.));
#5189=CARTESIAN_POINT('centre point',(0.,0.,0.));
#5190=CARTESIAN_POINT('centre point',(0.,0.,0.));
#5191=CARTESIAN_POINT('centre point',(0.,0.,0.));
#5192=CARTESIAN_POINT('centre point',(0.,0.,0.));
#5193=CARTESIAN_POINT('centre point',(0.,0.,0.));
#5194=CARTESIAN_POINT('centre point',(0.,0.,0.));
#5195=CARTESIAN_POINT('centre point',(0.,0.,0.));
#5196=CARTESIAN_POINT('centre point',(0.,0.,0.));
#5197=CARTESIAN_POINT('centre point',(0.,0.,0.));
#5198=CARTESIAN_POINT('centre point',(0.,0.,0.));
#5199=CARTESIAN_POINT('centre point',(0.,0.,0.));
#5200=CARTESIAN_POINT('centre point',(0.,0.,0.));
#5201=CARTESIAN_POINT('centre point',(0.,0.,0.));
#5202=CARTESIAN_POINT('centre point',(0.,0.,0.));
#5203=CARTESIAN_POINT('centre point',(0.,0.,0.));
#5204=CARTESIAN_POINT('centre point',(0.,0.,0.));
#5205=CARTESIAN_POINT('centre point',(0.,0.,0.));
#5206=CARTESIAN_POINT('centre point',(0.,0.,0.));
#5207=CARTESIAN_POINT('centre point',(0.,0.,0.));
#5208=CARTESIAN_POINT('centre point',(0.,0.,0.));
#5209=CARTESIAN_POINT('centre point',(0.,0.,0.));
#5210=CARTESIAN_POINT('centre point',(0.,0.,0.));
#5211=CARTESIAN_POINT('centre point',(0.,0.,0.));
#5212=CARTESIAN_POINT('centre point',(0.,0.,0.));
#5213=CARTESIAN_POINT('centre point',(0.,0.,0.));
#5214=CARTESIAN_POINT('centre point',(0.,0.,0.));
#5215=CARTESIAN_POINT('centre point',(0.,0.,0.));
#5216=CARTESIAN_POINT('centre point',(0.,0.,0.));
#5217=CARTESIAN_POINT('centre point',(0.,0.,0.));
#5218=CARTESIAN_POINT('centre point',(0.,0.,0.));
#5219=CARTESIAN_POINT('centre point',(0.,0.,0.));
#5220=CARTESIAN_POINT('centre point',(0.,0.,0.));
#5221=CARTESIAN_POINT('centre point',(0.,0.,0.));
#5222=CARTESIAN_POINT('centre point',(0.,0.,0.));
#5223=CARTESIAN_POINT('centre point',(0.,0.,0.));
#5224=CARTESIAN_POINT('centre point',(0.,0.,0.));
#5225=CARTESIAN_POINT('centre point',(0.,0.,0.));
#5226=CARTESIAN_POINT('centre point',(0.,0.,0.));
#5227=CARTESIAN_POINT('centre point',(0.,0.,0.));
#5228=CARTESIAN_POINT('centre point',(0.,0.,0.));
#5229=CARTESIAN_POINT('centre point',(0.,0.,0.));
#5230=CARTESIAN_POINT('centre point',(0.,0.,0.));
#5231=CARTESIAN_POINT('centre point',(0.,0.,0.));
#5232=CARTESIAN_POINT('centre point',(0.,0.,0.));
#5233=CARTESIAN_POINT('centre point',(0.,0.,0.));
#5234=CARTESIAN_POINT('centre point',(0.,0.,0.));
#5235=CARTESIAN_POINT('centre point',(0.,0.,0.));
#5236=CARTESIAN_POINT('centre point',(0.,0.,0.));
#5237=CARTESIAN_POINT('centre point',(0.,0.,0.));
#5238=CARTESIAN_POINT('centre point',(0.,0.,0.));
#5239=CARTESIAN_POINT('centre point',(0.,0.,0.));
#5240=CARTESIAN_POINT('centre point',(0.,0.,0.));
#5241=CARTESIAN_POINT('centre point',(0.,0.,0.));
#5242=CARTESIAN_POINT('centre point',(0.,0.,0.));
#5243=CARTESIAN_POINT('centre point',(0.,0.,0.));
#5244=CARTESIAN_POINT('centre point',(0.,0.,0.));
#5245=CARTESIAN_POINT('centre point',(0.,0.,0.));
#5246=CARTESIAN_POINT('centre point',(0.,0.,0.));
#5247=CARTESIAN_POINT('centre point',(0.,0.,0.));
#5248=CARTESIAN_POINT('centre point',(0.,0.,0.));
#5249=CARTESIAN_POINT('centre point',(0.,0.,0.));
#5250=CARTESIAN_POINT('centre point',(0.,0.,0.));
#5251=CARTESIAN_POINT('centre point',(0.,0.,0.));
#5252=CARTESIAN_POINT('centre point',(0.,0.,0.));
#5253=CARTESIAN_POINT('centre point',(0.,0.,0.));
#5254=CARTESIAN_POINT('centre point',(0.,0.,0.));
#5255=CARTESIAN_POINT('centre point',(0.,0.,0.));
#5256=CARTESIAN_POINT('centre point',(0.,0.,0.));
#5257=CARTESIAN_POINT('centre point',(0.,0.,0.));
#5258=CARTESIAN_POINT('centre point',(0.,0.,0.));
#5259=CARTESIAN_POINT('centre point',(0.,0.,0.));
#5260=CARTESIAN_POINT('centre point',(0.,0.,0.));
#5261=CARTESIAN_POINT('centre point',(0.,0.,0.));
#5262=CARTESIAN_POINT('centre point',(0.,0.,0.));
#5263=CARTESIAN_POINT('centre point',(0.,0.,0.));
#5264=CARTESIAN_POINT('centre point',(0.,0.,0.));
#5265=CARTESIAN_POINT('centre point',(0.,0.,0.));
#5266=CARTESIAN_POINT('centre point',(0.,0.,0.));
#5267=CARTESIAN_POINT('centre point',(0.,0.,0.));
#5268=CARTESIAN_POINT('centre point',(0.,0.,0.));
#5269=CARTESIAN_POINT('centre point',(0.,0.,0.));
#5270=CARTESIAN_POINT('centre point',(0.,0.,0.));
#5271=CARTESIAN_POINT('centre point',(0.,0.,0.));
#5272=CARTESIAN_POINT('centre point',(0.,0.,0.));
#5273=CARTESIAN_POINT('centre point',(0.,0.,0.));
#5274=CARTESIAN_POINT('centre point',(0.,0.,0.));
#5275=CARTESIAN_POINT('centre point',(0.,0.,0.));
#5276=CARTESIAN_POINT('centre point',(0.,0.,0.));
#5277=CARTESIAN_POINT('centre point',(0.,0.,0.));
#5278=CARTESIAN_POINT('centre point',(0.,0.,0.));
#5279=CARTESIAN_POINT('centre point',(0.,0.,0.));
#5280=CARTESIAN_POINT('centre point',(0.,0.,0.));
#5281=CARTESIAN_POINT('centre point',(0.,0.,0.));
#5282=CARTESIAN_POINT('centre point',(0.,0.,0.));
#5283=CARTESIAN_POINT('centre point',(0.,0.,0.));
#5284=CARTESIAN_POINT('centre point',(0.,0.,0.));
#5285=CARTESIAN_POINT('centre point',(0.,0.,0.));
#5286=CARTESIAN_POINT('centre point',(0.,0.,0.));
#5287=CARTESIAN_POINT('centre point',(0.,0.,0.));
#5288=CARTESIAN_POINT('centre point',(0.,0.,0.));
#5289=CARTESIAN_POINT('centre point',(0.,0.,0.));
#5290=CARTESIAN_POINT('centre point',(0.,0.,0.));
#5291=CARTESIAN_POINT('centre point',(0.,0.,0.));
#5292=CARTESIAN_POINT('centre point',(0.,0.,0.));
#5293=CARTESIAN_POINT('centre point',(0.,0.,0.));
#5294=CARTESIAN_POINT('centre point',(0.,0.,0.));
#5295=CARTESIAN_POINT('centre point',(0.,0.,0.));
#5296=CARTESIAN_POINT('centre point',(0.,0.,0.));
#5297=CARTESIAN_POINT('centre point',(0.,0.,0.));
#5298=CARTESIAN_POINT('centre point',(0.,0.,0.));
#5299=CARTESIAN_POINT('centre point',(0.,0.,0.));
#5300=CARTESIAN_POINT('centre point',(0.,0.,0.));
#5301=CARTESIAN_POINT('centre point',(0.,0.,0.));
#5302=CARTESIAN_POINT('centre point',(0.,0.,0.));
#5303=CARTESIAN_POINT('centre point',(0.,0.,0.));
#5304=CARTESIAN_POINT('centre point',(0.,0.,0.));
#5305=CARTESIAN_POINT('centre point',(0.,0.,0.));
#5306=CARTESIAN_POINT('centre point',(0.,0.,0.));
#5307=CARTESIAN_POINT('centre point',(0.,0.,0.));
#5308=CARTESIAN_POINT('centre point',(0.,0.,0.));
#5309=CARTESIAN_POINT('centre point',(0.,0.,0.));
#5310=CARTESIAN_POINT('centre point',(0.,0.,0.));
#5311=CARTESIAN_POINT('centre point',(0.,0.,0.));
#5312=CARTESIAN_POINT('centre point',(0.,0.,0.));
#5313=CARTESIAN_POINT('centre point',(0.,0.,0.));
#5314=CARTESIAN_POINT('centre point',(0.,0.,0.));
#5315=CARTESIAN_POINT('centre point',(0.,0.,0.));
#5316=CARTESIAN_POINT('centre point',(0.,0.,0.));
#5317=CARTESIAN_POINT('centre point',(0.,0.,0.));
#5318=CARTESIAN_POINT('centre point',(0.,0.,0.));
#5319=CARTESIAN_POINT('centre point',(0.,0.,0.));
#5320=CARTESIAN_POINT('centre point',(0.,0.,0.));
#5321=CARTESIAN_POINT('centre point',(0.,0.,0.));
#5322=CARTESIAN_POINT('centre point',(0.,0.,0.));
#5323=CARTESIAN_POINT('centre point',(0.,0.,0.));
#5324=CARTESIAN_POINT('centre point',(0.,0.,0.));
#5325=CARTESIAN_POINT('centre point',(0.,0.,0.));
#5326=CARTESIAN_POINT('centre point',(0.,0.,0.));
#5327=CARTESIAN_POINT('centre point',(0.,0.,0.));
#5328=CARTESIAN_POINT('centre point',(0.,0.,0.));
#5329=CARTESIAN_POINT('centre point',(0.,0.,0.));
#5330=CARTESIAN_POINT('centre point',(0.,0.,0.));
#5331=CARTESIAN_POINT('centre point',(0.,0.,0.));
#5332=CARTESIAN_POINT('centre point',(0.,0.,0.));
#5333=CARTESIAN_POINT('centre point',(0.,0.,0.));
#5334=CARTESIAN_POINT('centre point',(0.,0.,0.));
#5335=CARTESIAN_POINT('centre point',(0.,0.,0.));
#5336=CARTESIAN_POINT('centre point',(0.,0.,0.));
#5337=CARTESIAN_POINT('centre point',(0.,0.,0.));
#5338=CARTESIAN_POINT('centre point',(0.,0.,0.));
#5339=CARTESIAN_POINT('centre point',(0.,0.,0.));
#5340=CARTESIAN_POINT('centre point',(0.,0.,0.));
#5341=CARTESIAN_POINT('centre point',(0.,0.,0.));
#5342=CARTESIAN_POINT('centre point',(0.,0.,0.));
#5343=CARTESIAN_POINT('centre point',(0.,0.,0.));
#5344=CARTESIAN_POINT('centre point',(0.,0.,0.));
#5345=CARTESIAN_POINT('centre point',(0.,0.,0.));
#5346=CARTESIAN_POINT('centre point',(0.,0.,0.));
#5347=CARTESIAN_POINT('centre point',(0.,0.,0.));
#5348=CARTESIAN_POINT('centre point',(0.,0.,0.));
#5349=CARTESIAN_POINT('centre point',(0.,0.,0.));
#5350=CARTESIAN_POINT('centre point',(0.,0.,0.));
#5351=CARTESIAN_POINT('centre point',(0.,0.,0.));
#5352=CARTESIAN_POINT('centre point',(0.,0.,0.));
#5353=CARTESIAN_POINT('centre point',(0.,0.,0.));
#5354=CARTESIAN_POINT('centre point',(0.,0.,0.));
#5355=CARTESIAN_POINT('centre point',(0.,0.,0.));
#5356=CARTESIAN_POINT('centre point',(0.,0.,0.));
#5357=CARTESIAN_POINT('centre point',(0.,0.,0.));
#5358=CARTESIAN_POINT('centre point',(0.,0.,0.));
#5359=CARTESIAN_POINT('centre point',(0.,0.,0.));
#5360=CARTESIAN_POINT('centre point',(0.,0.,0.));
#5361=CARTESIAN_POINT('centre point',(0.,0.,0.));
#5362=CARTESIAN_POINT('centre point',(0.,0.,0.));
#5363=CARTESIAN_POINT('centre point',(0.,0.,0.));
#5364=CARTESIAN_POINT('centre point',(0.,0.,0.));
#5365=CARTESIAN_POINT('centre point',(0.,0.,0.));
#5366=CARTESIAN_POINT('centre point',(0.,0.,0.));
#5367=CARTESIAN_POINT('centre point',(0.,0.,0.));
#5368=CARTESIAN_POINT('centre point',(0.,0.,0.));
#5369=CARTESIAN_POINT('centre point',(0.,0.,0.));
#5370=CARTESIAN_POINT('centre point',(0.,0.,0.));
#5371=CARTESIAN_POINT('centre point',(0.,0.,0.));
#5372=CARTESIAN_POINT('centre point',(0.,0.,0.));
#5373=CARTESIAN_POINT('centre point',(0.,0.,0.));
#5374=CARTESIAN_POINT('centre point',(0.,0.,0.));
#5375=CARTESIAN_POINT('centre point',(0.,0.,0.));
#5376=CARTESIAN_POINT('centre point',(0.,0.,0.));
#5377=CARTESIAN_POINT('centre point',(0.,0.,0.));
#5378=CARTESIAN_POINT('centre point',(0.,0.,0.));
#5379=CARTESIAN_POINT('centre point',(0.,0.,0.));
#5380=CARTESIAN_POINT('centre point',(0.,0.,0.));
#5381=CARTESIAN_POINT('centre point',(0.,0.,0.));
#5382=CARTESIAN_POINT('centre point',(0.,0.,0.));
#5383=CARTESIAN_POINT('centre point',(0.,0.,0.));
#5384=CARTESIAN_POINT('centre point',(0.,0.,0.));
#5385=CARTESIAN_POINT('centre point',(0.,0.,0.));
#5386=CARTESIAN_POINT('centre point',(0.,0.,0.));
#5387=CARTESIAN_POINT('centre point',(0.,0.,0.));
#5388=CARTESIAN_POINT('centre point',(0.,0.,0.));
#5389=CARTESIAN_POINT('centre point',(0.,0.,0.));
#5390=CARTESIAN_POINT('centre point',(0.,0.,0.));
#5391=CARTESIAN_POINT('centre point',(0.,0.,0.));
#5392=CARTESIAN_POINT('centre point',(0.,0.,0.));
#5393=CARTESIAN_POINT('centre point',(0.,0.,0.));
#5394=CARTESIAN_POINT('centre point',(0.,0.,0.));
#5395=CARTESIAN_POINT('centre point',(0.,0.,0.));
#5396=CARTESIAN_POINT('centre point',(0.,0.,0.));
#5397=CARTESIAN_POINT('centre point',(0.,0.,0.));
#5398=CARTESIAN_POINT('centre point',(0.,0.,0.));
#5399=CARTESIAN_POINT('centre point',(0.,0.,0.));
#5400=CARTESIAN_POINT('centre point',(0.,0.,0.));
#5401=CARTESIAN_POINT('centre point',(0.,0.,0.));
#5402=CARTESIAN_POINT('centre point',(0.,0.,0.));
#5403=CARTESIAN_POINT('centre point',(0.,0.,0.));
#5404=CARTESIAN_POINT('centre point',(0.,0.,0.));
#5405=CARTESIAN_POINT('centre point',(0.,0.,0.));
#5406=CARTESIAN_POINT('centre point',(0.,0.,0.));
#5407=CARTESIAN_POINT('centre point',(0.,0.,0.));
#5408=CARTESIAN_POINT('centre point',(0.,0.,0.));
#5409=CARTESIAN_POINT('centre point',(0.,0.,0.));
#5410=CARTESIAN_POINT('centre point',(0.,0.,0.));
#5411=CARTESIAN_POINT('centre point',(0.,0.,0.));
#5412=CARTESIAN_POINT('centre point',(0.,0.,0.));
#5413=CARTESIAN_POINT('centre point',(0.,0.,0.));
#5414=CARTESIAN_POINT('centre point',(0.,0.,0.));
#5415=CARTESIAN_POINT('centre point',(0.,0.,0.));
#5416=CARTESIAN_POINT('centre point',(0.,0.,0.));
#5417=CARTESIAN_POINT('centre point',(0.,0.,0.));
#5418=CARTESIAN_POINT('centre point',(0.,0.,0.));
#5419=CARTESIAN_POINT('centre point',(0.,0.,0.));
#5420=CARTESIAN_POINT('centre point',(0.,0.,0.));
#5421=CARTESIAN_POINT('centre point',(0.,0.,0.));
#5422=CARTESIAN_POINT('centre point',(0.,0.,0.));
#5423=CARTESIAN_POINT('centre point',(0.,0.,0.));
#5424=CARTESIAN_POINT('centre point',(0.,0.,0.));
#5425=CARTESIAN_POINT('centre point',(0.,0.,0.));
#5426=CARTESIAN_POINT('centre point',(0.,0.,0.));
#5427=CARTESIAN_POINT('centre point',(0.,0.,0.));
#5428=CARTESIAN_POINT('centre point',(0.,0.,0.));
#5429=CARTESIAN_POINT('centre point',(0.,0.,0.));
#5430=CARTESIAN_POINT('centre point',(0.,0.,0.));
#5431=CARTESIAN_POINT('centre point',(0.,0.,0.));
#5432=CARTESIAN_POINT('centre point',(0.,0.,0.));
#5433=CARTESIAN_POINT('centre point',(0.,0.,0.));
#5434=CARTESIAN_POINT('centre point',(0.,0.,0.));
#5435=CARTESIAN_POINT('centre point',(0.,0.,0.));
#5436=CARTESIAN_POINT('centre point',(0.,0.,0.));
#5437=CARTESIAN_POINT('centre point',(0.,0.,0.));
#5438=CARTESIAN_POINT('centre point',(0.,0.,0.));
#5439=CARTESIAN_POINT('centre point',(0.,0.,0.));
#5440=CARTESIAN_POINT('centre point',(0.,0.,0.));
#5441=CARTESIAN_POINT('centre point',(0.,0.,0.));
#5442=CARTESIAN_POINT('centre point',(0.,0.,0.));
#5443=CARTESIAN_POINT('centre point',(0.,0.,0.));
#5444=CARTESIAN_POINT('centre point',(0.,0.,0.));
#5445=CARTESIAN_POINT('centre point',(0.,0.,0.));
#5446=CARTESIAN_POINT('centre point',(0.,0.,0.));
#5447=CARTESIAN_POINT('centre point',(0.,0.,0.));
#5448=CARTESIAN_POINT('centre point',(0.,0.,0.));
#5449=CARTESIAN_POINT('centre point',(0.,0.,0.));
#5450=CARTESIAN_POINT('centre point',(0.,0.,0.));
#5451=CARTESIAN_POINT('centre point',(0.,0.,0.));
#5452=CARTESIAN_POINT('centre point',(0.,0.,0.));
#5453=CARTESIAN_POINT('centre point',(0.,0.,0.));
#5454=CARTESIAN_POINT('centre point',(0.,0.,0.));
#5455=CARTESIAN_POINT('centre point',(0.,0.,0.));
#5456=CARTESIAN_POINT('centre point',(0.,0.,0.));
#5457=CARTESIAN_POINT('centre point',(0.,0.,0.));
#5458=CARTESIAN_POINT('centre point',(0.,0.,0.));
#5459=CARTESIAN_POINT('centre point',(0.,0.,0.));
#5460=CARTESIAN_POINT('centre point',(0.,0.,0.));
#5461=CARTESIAN_POINT('centre point',(0.,0.,0.));
#5462=CARTESIAN_POINT('centre point',(0.,0.,0.));
#5463=CARTESIAN_POINT('centre point',(0.,0.,0.));
#5464=CARTESIAN_POINT('centre point',(0.,0.,0.));
#5465=CARTESIAN_POINT('centre point',(0.,0.,0.));
#5466=CARTESIAN_POINT('centre point',(0.,0.,0.));
#5467=CARTESIAN_POINT('centre point',(0.,0.,0.));
#5468=CARTESIAN_POINT('centre point',(0.,0.,0.));
#5469=CARTESIAN_POINT('centre point',(0.,0.,0.));
#5470=CARTESIAN_POINT('centre point',(0.,0.,0.));
#5471=CARTESIAN_POINT('centre point',(0.,0.,0.));
#5472=CARTESIAN_POINT('centre point',(0.,0.,0.));
#5473=CARTESIAN_POINT('centre point',(0.,0.,0.));
#5474=CARTESIAN_POINT('centre point',(0.,0.,0.));
#5475=CARTESIAN_POINT('centre point',(0.,0.,0.));
#5476=CARTESIAN_POINT('centre point',(0.,0.,0.));
#5477=CARTESIAN_POINT('centre point',(0.,0.,0.));
#5478=CARTESIAN_POINT('centre point',(0.,0.,0.));
#5479=CARTESIAN_POINT('centre point',(0.,0.,0.));
#5480=CARTESIAN_POINT('centre point',(0.,0.,0.));
#5481=CARTESIAN_POINT('centre point',(0.,0.,0.));
#5482=CARTESIAN_POINT('centre point',(0.,0.,0.));
#5483=CARTESIAN_POINT('centre point',(0.,0.,0.));
#5484=CARTESIAN_POINT('centre point',(0.,0.,0.));
#5485=CARTESIAN_POINT('centre point',(0.,0.,0.));
#5486=CARTESIAN_POINT('centre point',(0.,0.,0.));
#5487=CARTESIAN_POINT('centre point',(0.,0.,0.));
#5488=CARTESIAN_POINT('centre point',(0.,0.,0.));
#5489=CARTESIAN_POINT('centre point',(0.,0.,0.));
#5490=CARTESIAN_POINT('centre point',(0.,0.,0.));
#5491=CARTESIAN_POINT('centre point',(0.,0.,0.));
#5492=CARTESIAN_POINT('centre point',(0.,0.,0.));
#5493=CARTESIAN_POINT('centre point',(0.,0.,0.));
#5494=CARTESIAN_POINT('centre point',(0.,0.,0.));
#5495=CARTESIAN_POINT('centre point',(0.,0.,0.));
#5496=CARTESIAN_POINT('centre point',(0.,0.,0.));
#5497=CARTESIAN_POINT('centre point',(0.,0.,0.));
#5498=CARTESIAN_POINT('centre point',(0.,0.,0.));
#5499=CARTESIAN_POINT('centre point',(0.,0.,0.));
#5500=CARTESIAN_POINT('centre point',(0.,0.,0.));
#5501=CARTESIAN_POINT('centre point',(0.,0.,0.));
#5502=CARTESIAN_POINT('centre point',(0.,0.,0.));
#5503=CARTESIAN_POINT('centre point',(0.,0.,0.));
#5504=CARTESIAN_POINT('centre point',(0.,0.,0.));
#5505=CARTESIAN_POINT('centre point',(0.,0.,0.));
#5506=CARTESIAN_POINT('centre point',(0.,0.,0.));
#5507=CARTESIAN_POINT('centre point',(0.,0.,0.));
#5508=CARTESIAN_POINT('centre point',(0.,0.,0.));
#5509=CARTESIAN_POINT('centre point',(0.,0.,0.));
#5510=CARTESIAN_POINT('centre point',(0.,0.,0.));
#5511=CARTESIAN_POINT('centre point',(0.,0.,0.));
#5512=CARTESIAN_POINT('centre point',(0.,0.,0.));
#5513=CARTESIAN_POINT('centre point',(0.,0.,0.));
#5514=CARTESIAN_POINT('centre point',(0.,0.,0.));
#5515=CARTESIAN_POINT('centre point',(0.,0.,0.));
#5516=CARTESIAN_POINT('centre point',(0.,0.,0.));
#5517=CARTESIAN_POINT('centre point',(0.,0.,0.));
#5518=CARTESIAN_POINT('centre point',(0.,0.,0.));
#5519=CARTESIAN_POINT('centre point',(0.,0.,0.));
#5520=CARTESIAN_POINT('centre point',(0.,0.,0.));
#5521=CARTESIAN_POINT('centre point',(0.,0.,0.));
#5522=CARTESIAN_POINT('centre point',(0.,0.,0.));
#5523=CARTESIAN_POINT('centre point',(0.,0.,0.));
#5524=CARTESIAN_POINT('centre point',(0.,0.,0.));
#5525=CARTESIAN_POINT('centre point',(0.,0.,0.));
#5526=CARTESIAN_POINT('centre point',(0.,0.,0.));
#5527=CARTESIAN_POINT('centre point',(0.,0.,0.));
#5528=CARTESIAN_POINT('centre point',(0.,0.,0.));
#5529=CARTESIAN_POINT('centre point',(0.,0.,0.));
#5530=CARTESIAN_POINT('centre point',(0.,0.,0.));
#5531=CARTESIAN_POINT('centre point',(0.,0.,0.));
#5532=CARTESIAN_POINT('centre point',(0.,0.,0.));
#5533=CARTESIAN_POINT('centre point',(0.,0.,0.));
#5534=CARTESIAN_POINT('centre point',(0.,0.,0.));
#5535=CARTESIAN_POINT('centre point',(0.,0.,0.));
#5536=CARTESIAN_POINT('centre point',(0.,0.,0.));
#5537=CARTESIAN_POINT('centre point',(0.,0.,0.));
#5538=CARTESIAN_POINT('centre point',(0.,0.,0.));
#5539=CARTESIAN_POINT('centre point',(0.,0.,0.));
#5540=CARTESIAN_POINT('centre point',(0.,0.,0.));
#5541=CARTESIAN_POINT('centre point',(0.,0.,0.));
#5542=CARTESIAN_POINT('centre point',(0.,0.,0.));
#5543=CARTESIAN_POINT('centre point',(0.,0.,0.));
#5544=CARTESIAN_POINT('centre point',(0.,0.,0.));
#5545=CARTESIAN_POINT('centre point',(0.,0.,0.));
#5546=CARTESIAN_POINT('centre point',(0.,0.,0.));
#5547=CARTESIAN_POINT('centre point',(0.,0.,0.));
#5548=CARTESIAN_POINT('centre point',(0.,0.,0.));
#5549=CARTESIAN_POINT('centre point',(0.,0.,0.));
#5550=CARTESIAN_POINT('centre point',(0.,0.,0.));
#5551=CARTESIAN_POINT('centre point',(0.,0.,0.));
#5552=CARTESIAN_POINT('centre point',(0.,0.,0.));
#5553=CARTESIAN_POINT('centre point',(0.,0.,0.));
#5554=CARTESIAN_POINT('centre point',(0.,0.,0.));
#5555=CARTESIAN_POINT('centre point',(0.,0.,0.));
#5556=CARTESIAN_POINT('centre point',(0.,0.,0.));
#5557=CARTESIAN_POINT('centre point',(0.,0.,0.));
#5558=CARTESIAN_POINT('centre point',(0.,0.,0.));
#5559=CARTESIAN_POINT('centre point',(0.,0.,0.));
#5560=CARTESIAN_POINT('centre point',(0.,0.,0.));
#5561=CARTESIAN_POINT('centre point',(0.,0.,0.));
#5562=CARTESIAN_POINT('centre point',(0.,0.,0.));
#5563=CARTESIAN_POINT('centre point',(0.,0.,0.));
#5564=CARTESIAN_POINT('centre point',(0.,0.,0.));
#5565=CARTESIAN_POINT('centre point',(0.,0.,0.));
#5566=CARTESIAN_POINT('centre point',(0.,0.,0.));
#5567=CARTESIAN_POINT('centre point',(0.,0.,0.));
#5568=CARTESIAN_POINT('centre point',(0.,0.,0.));
#5569=CARTESIAN_POINT('centre point',(0.,0.,0.));
#5570=CARTESIAN_POINT('centre point',(0.,0.,0.));
#5571=CARTESIAN_POINT('centre point',(0.,0.,0.));
#5572=CARTESIAN_POINT('centre point',(0.,0.,0.));
#5573=CARTESIAN_POINT('centre point',(0.,0.,0.));
#5574=CARTESIAN_POINT('centre point',(0.,0.,0.));
#5575=CARTESIAN_POINT('centre point',(0.,0.,0.));
#5576=CARTESIAN_POINT('centre point',(0.,0.,0.));
#5577=CARTESIAN_POINT('centre point',(0.,0.,0.));
#5578=CARTESIAN_POINT('centre point',(0.,0.,0.));
#5579=CARTESIAN_POINT('centre point',(0.,0.,0.));
#5580=CARTESIAN_POINT('centre point',(0.,0.,0.));
#5581=CARTESIAN_POINT('centre point',(0.,0.,0.));
#5582=CARTESIAN_POINT('centre point',(0.,0.,0.));
#5583=CARTESIAN_POINT('centre point',(0.,0.,0.));
#5584=CARTESIAN_POINT('centre point',(0.,0.,0.));
#5585=CARTESIAN_POINT('centre point',(0.,0.,0.));
#5586=CARTESIAN_POINT('centre point',(0.,0.,0.));
#5587=CARTESIAN_POINT('centre point',(0.,0.,0.));
#5588=CARTESIAN_POINT('centre point',(0.,0.,0.));
#5589=CARTESIAN_POINT('centre point',(0.,0.,0.));
#5590=CARTESIAN_POINT('centre point',(0.,0.,0.));
#5591=CARTESIAN_POINT('centre point',(0.,0.,0.));
#5592=CARTESIAN_POINT('centre point',(0.,0.,0.));
#5593=CARTESIAN_POINT('centre point',(0.,0.,0.));
#5594=CARTESIAN_POINT('centre point',(0.,0.,0.));
#5595=CARTESIAN_POINT('centre point',(0.,0.,0.));
#5596=CARTESIAN_POINT('centre point',(0.,0.,0.));
#5597=CARTESIAN_POINT('centre point',(0.,0.,0.));
#5598=CARTESIAN_POINT('centre point',(0.,0.,0.));
#5599=CARTESIAN_POINT('centre point',(0.,0.,0.));
#5600=CARTESIAN_POINT('centre point',(0.,0.,0.));
#5601=CARTESIAN_POINT('centre point',(0.,0.,0.));
#5602=CARTESIAN_POINT('centre point',(0.,0.,0.));
#5603=CARTESIAN_POINT('centre point',(0.,0.,0.));
#5604=CARTESIAN_POINT('centre point',(0.,0.,0.));
#5605=CARTESIAN_POINT('centre point',(0.,0.,0.));
#5606=CARTESIAN_POINT('',(0.,0.,0.));
#5607=CARTESIAN_POINT('',(0.,0.,0.114998954772949));
#5608=CARTESIAN_POINT('',(-0.0286724596639962,-0.0286724596639962,0.));
#5609=CARTESIAN_POINT('',(0.,-0.0219183826446533,0.));
#5610=CARTESIAN_POINT('',(0.,-1.1339677734375,0.));
#5611=CARTESIAN_POINT('',(-0.277265053102723,-0.299183435747376,0.));
#5612=CARTESIAN_POINT('',(-0.0867457504272461,0.,0.));
#5613=CARTESIAN_POINT('',(1.02530358886719,0.,0.));
#5614=CARTESIAN_POINT('',(-0.364010790689973,-0.277265040262727,0.));
#5615=CARTESIAN_POINT('',(0.,-0.0219183826446533,0.));
#5616=CARTESIAN_POINT('',(0.,1.09013098144531,0.));
#5617=CARTESIAN_POINT('',(-0.277265046444947,-0.2991834290896,0.));
#5618=CARTESIAN_POINT('',(0.,0.,0.));
#5619=CARTESIAN_POINT('',(0.,0.,-0.114998954772949));
#5620=CARTESIAN_POINT('',(-0.0286724596639962,-0.0286724596639962,0.));
#5621=CARTESIAN_POINT('',(-0.0867457504272461,0.,0.));
#5622=CARTESIAN_POINT('',(-1.19879516601563,0.,0.));
#5623=CARTESIAN_POINT('',(-0.36401080971219,-0.277265059284943,0.));
#5624=CARTESIAN_POINT('',(-71.0493510063782,-30.3126086172656,62.7384753948764));
#5625=CARTESIAN_POINT('',(-71.0493510063782,-30.3126086172656,62.7384753948764));
#5626=CARTESIAN_POINT('tessellated curve centre point',(-120.296949286888,
-61.2102425051628,62.7384781837463));
#5627=CARTESIAN_POINT('',(-73.5184475901274,-28.9921685163455,89.));
#5628=CARTESIAN_POINT('',(-73.5184475901274,-28.9921685163455,89.));
#5629=CARTESIAN_POINT('tessellated curve centre point',(-56.6837706034361,
19.3466777277833,89.0000015497208));
#5630=CARTESIAN_POINT('',(-75.7229981113355,-27.8132041405304,-125.));
#5631=CARTESIAN_POINT('',(-75.7229981113355,-27.8132041405304,-125.));
#5632=CARTESIAN_POINT('tessellated curve centre point',(-48.2342966404935,
29.8139724477821,-125.));
#5633=CARTESIAN_POINT('',(-76.1639082155797,-27.5774112653723,-174.));
#5634=CARTESIAN_POINT('',(-76.1639082155797,-27.5774112653723,-174.));
#5635=CARTESIAN_POINT('tessellated curve centre point',(-53.4198038659204,
20.1514897354987,-173.99999499321));
#5636=CARTESIAN_POINT('',(-44.1032916032994,40.9070403711323,89.));
#5637=CARTESIAN_POINT('',(-44.1032916032994,40.9070403711323,89.));
#5638=CARTESIAN_POINT('tessellated curve centre point',(189.989861728964,
-169.572465164383,89.0000015497208));
#5639=CARTESIAN_POINT('',(-73.5184475901274,-28.9921685163455,-101.));
#5640=CARTESIAN_POINT('',(-73.5184475901274,-28.9921685163455,-101.));
#5641=CARTESIAN_POINT('tessellated curve centre point',(-52.9215394790069,
22.4079736538028,-101.000003516674));
#5642=CARTESIAN_POINT('',(-72.7530899352897,-21.4651227713748,157.659519050427));
#5643=CARTESIAN_POINT('',(-72.7530899352897,-21.4651227713748,157.659519050427));
#5644=CARTESIAN_POINT('tessellated curve centre point',(-51.5516460261423,
9.68451227112014,167.607709615966));
#5645=CARTESIAN_POINT('',(-70.7485145848446,-17.8762991169812,-60.));
#5646=CARTESIAN_POINT('',(-70.7485145848446,-17.8762991169812,-60.));
#5647=CARTESIAN_POINT('tessellated curve centre point',(-54.5815315537041,
17.3315862210361,-59.9999986588955));
#5648=CARTESIAN_POINT('',(-73.5184475927727,-28.9921685149305,110.2));
#5649=CARTESIAN_POINT('',(-73.5184475927727,-28.9921685149305,110.2));
#5650=CARTESIAN_POINT('tessellated curve centre point',(-60.2910649772486,
16.3200345250637,110.200002256118));
#5651=CARTESIAN_POINT('',(-73.1723382441542,-18.4887359574561,125.));
#5652=CARTESIAN_POINT('',(-73.1723382441542,-18.4887359574561,125.));
#5653=CARTESIAN_POINT('tessellated curve centre point',(-118.33376971559,
-59.5480666184876,125.));
#5654=CARTESIAN_POINT('',(-44.1032916032994,40.9070403711323,89.));
#5655=CARTESIAN_POINT('',(-44.1032916032994,40.9070403711323,89.));
#5656=CARTESIAN_POINT('tessellated curve centre point',(-33.7453969381372,
31.8580216452959,89.0000015497208));
#5657=CARTESIAN_POINT('',(-0.0745320434570313,-0.0231615676879883,0.0513704719543457));
#5658=CARTESIAN_POINT('',(0.0575556805928549,-0.155249291737874,0.183458196004232));
#5659=CARTESIAN_POINT('',(-0.131573964328361,-0.0802034885593177,0.0513704719543457));
#5660=CARTESIAN_POINT('',(-86.74575072,-6.918382257,125.));
#5661=CARTESIAN_POINT('',(-86.74575072,-6.918382257,125.));
#5662=CARTESIAN_POINT('tessellated curve centre point',(-122.378678642882,
-6.91838236525655,113.513024319603));
#5663=CARTESIAN_POINT('',(-100.319163198754,-25.3480285632786,125.));
#5664=CARTESIAN_POINT('',(-100.319163198754,-25.3480285632786,125.));
#5665=CARTESIAN_POINT('tessellated curve centre point',(-100.723458897506,
-7.75341785820679,125.));
#5666=CARTESIAN_POINT('',(-86.74575072,-4.918382257,-60.));
#5667=CARTESIAN_POINT('',(-86.74575072,-4.918382257,-60.));
#5668=CARTESIAN_POINT('tessellated curve centre point',(-55.7578266143,
-4.91916123388545,-80.5245486370678));
#5669=CARTESIAN_POINT('',(-86.74575072,-6.918382257,-101.));
#5670=CARTESIAN_POINT('',(-86.74575072,-6.918382257,-101.));
#5671=CARTESIAN_POINT('tessellated curve centre point',(-56.7377762819037,
-6.91838236525655,-113.060460736714));
#5672=CARTESIAN_POINT('',(-104.003375153575,-26.2789325589483,60.));
#5673=CARTESIAN_POINT('',(-104.003375153575,-26.2789325589483,60.));
#5674=CARTESIAN_POINT('tessellated curve centre point',(-91.8014967325949,
-21.2168007095448,59.9999986588955));
#5675=CARTESIAN_POINT('',(-90.7457507195875,-10.6046737608354,-197.99999999988));
#5676=CARTESIAN_POINT('',(-90.7457507195875,-10.6046737608354,-197.99999999988));
#5677=CARTESIAN_POINT('tessellated curve centre point',(-58.9045451585773,
-10.6057512659985,-201.547830271139));
#5678=CARTESIAN_POINT('',(-86.74575072,-4.118382257,60.));
#5679=CARTESIAN_POINT('',(-86.74575072,-4.118382257,60.));
#5680=CARTESIAN_POINT('tessellated curve centre point',(-51.5370302425475,
-4.12173964521802,-0.240071663824507));
#5681=CARTESIAN_POINT('',(-86.74575072,-9.918382257,-182.));
#5682=CARTESIAN_POINT('',(-86.74575072,-9.918382257,-182.));
#5683=CARTESIAN_POINT('tessellated curve centre point',(-121.223935937151,
-9.91981024596207,-181.530280279959));
#5684=CARTESIAN_POINT('',(-79.5543676402391,-35.0821206913928,110.2));
#5685=CARTESIAN_POINT('',(-79.5543676402391,-35.0821206913928,110.2));
#5686=CARTESIAN_POINT('tessellated curve centre point',(-63.4969552911327,
-31.1882327187719,111.446370714112));
#5687=CARTESIAN_POINT('',(-90.74575072,-8.501974392,183.));
#5688=CARTESIAN_POINT('',(-90.74575072,-8.501974392,183.));
#5689=CARTESIAN_POINT('tessellated curve centre point',(-125.689405065672,
-8.50111844902542,153.184142476632));
#5690=CARTESIAN_POINT('',(-86.74575072,-4.11838226,89.));
#5691=CARTESIAN_POINT('',(-86.74575072,-4.11838226,89.));
#5692=CARTESIAN_POINT('tessellated curve centre point',(-122.798670058177,
-4.11838246509433,74.4088557372721));
#5693=CARTESIAN_POINT('',(-86.74575072,-6.918382257,-125.));
#5694=CARTESIAN_POINT('',(-86.74575072,-6.918382257,-125.));
#5695=CARTESIAN_POINT('tessellated curve centre point',(-55.2336050232018,
-6.94351709782624,-149.950412891523));
#5696=CARTESIAN_POINT('',(-100.319163198754,-25.3480285632786,125.));
#5697=CARTESIAN_POINT('',(-100.319163198754,-25.3480285632786,125.));
#5698=CARTESIAN_POINT('tessellated curve centre point',(-99.8541653120613,
-6.94534239272615,125.));
#5699=CARTESIAN_POINT('',(-104.003375153575,-26.2789325589483,60.));
#5700=CARTESIAN_POINT('',(-104.003375153575,-26.2789325589483,60.));
#5701=CARTESIAN_POINT('tessellated curve centre point',(-90.2057114866335,
-22.6578569536152,59.9999986588955));
#5702=CARTESIAN_POINT('',(-100.319163198754,-25.3480285632786,125.));
#5703=CARTESIAN_POINT('',(-100.319163198754,-25.3480285632786,125.));
#5704=CARTESIAN_POINT('tessellated curve centre point',(-102.615920490427,
-9.91170825115281,125.));
#5705=CARTESIAN_POINT('',(-90.7457507202916,-8.50197439102202,183.000000000273));
#5706=CARTESIAN_POINT('',(-90.7457507202916,-8.50197439102202,183.000000000273));
#5707=CARTESIAN_POINT('tessellated curve centre point',(-122.967363526721,
-8.50302270532884,187.054349528228));
#5708=CARTESIAN_POINT('',(-86.7457507207191,-6.91838225929356,108.2));
#5709=CARTESIAN_POINT('',(-86.7457507207191,-6.91838225929356,108.2));
#5710=CARTESIAN_POINT('tessellated curve centre point',(-57.8742565573388,
-6.89129871994224,98.5345581552788));
#5711=CARTESIAN_POINT('',(-90.74575072,-11.17475038,-200.));
#5712=CARTESIAN_POINT('',(-90.74575072,-11.17475038,-200.));
#5713=CARTESIAN_POINT('tessellated curve centre point',(-79.4069172965165,
-11.1747505143285,-212.449726788021));
#5714=CARTESIAN_POINT('',(-86.74575072,-9.418382257,-174.));
#5715=CARTESIAN_POINT('',(-86.74575072,-9.418382257,-174.));
#5716=CARTESIAN_POINT('tessellated curve centre point',(-57.832941336703,
-9.42295902308665,-186.463216778131));
#5717=CARTESIAN_POINT('',(-82.7457507227706,-9.06217628190494,184.999999997501));
#5718=CARTESIAN_POINT('',(-82.7457507227706,-9.06217628190494,184.999999997501));
#5719=CARTESIAN_POINT('tessellated curve centre point',(-54.7183127339516,
-9.05819978320383,162.308390834826));
#5720=CARTESIAN_POINT('',(-0.0353316917419434,0.0184365749359131,0.0963863677978516));
#5721=CARTESIAN_POINT('',(0.304744287350007,-0.258331307213217,0.273985258169112));
#5722=CARTESIAN_POINT('',(-0.153280834731701,-0.0995125680538449,0.0963863677978516));
#5723=INTEGER_REPRESENTATION_ITEM('',0.);
#5724=INTEGER_REPRESENTATION_ITEM('',1.);
#5725=INTEGER_REPRESENTATION_ITEM('number of annotations',31.);
#5726=INTEGER_REPRESENTATION_ITEM('number of views',8.);
#5727=INTEGER_REPRESENTATION_ITEM('number of datum features',1.);
#5728=INTEGER_REPRESENTATION_ITEM('number of geometric tolerances',2.);
#5729=INTEGER_REPRESENTATION_ITEM('number of dimensional locations',28.);
#5730=PROPERTY_DEFINITION_REPRESENTATION(#6763,#6222);
#5731=PROPERTY_DEFINITION_REPRESENTATION(#6764,#6223);
#5732=PROPERTY_DEFINITION_REPRESENTATION(#6765,#6224);
#5733=PROPERTY_DEFINITION_REPRESENTATION(#6766,#6225);
#5734=PROPERTY_DEFINITION_REPRESENTATION(#6767,#6226);
#5735=PROPERTY_DEFINITION_REPRESENTATION(#6768,#6227);
#5736=PROPERTY_DEFINITION_REPRESENTATION(#6769,#6228);
#5737=PROPERTY_DEFINITION_REPRESENTATION(#6770,#6229);
#5738=PROPERTY_DEFINITION_REPRESENTATION(#6771,#6230);
#5739=PROPERTY_DEFINITION_REPRESENTATION(#6772,#6231);
#5740=PROPERTY_DEFINITION_REPRESENTATION(#6773,#6232);
#5741=PROPERTY_DEFINITION_REPRESENTATION(#6774,#6233);
#5742=PROPERTY_DEFINITION_REPRESENTATION(#6775,#6234);
#5743=PROPERTY_DEFINITION_REPRESENTATION(#6776,#6235);
#5744=PROPERTY_DEFINITION_REPRESENTATION(#6777,#6236);
#5745=PROPERTY_DEFINITION_REPRESENTATION(#6778,#6237);
#5746=PROPERTY_DEFINITION_REPRESENTATION(#6779,#6238);
#5747=PROPERTY_DEFINITION_REPRESENTATION(#6780,#6239);
#5748=PROPERTY_DEFINITION_REPRESENTATION(#6781,#6240);
#5749=PROPERTY_DEFINITION_REPRESENTATION(#6782,#6241);
#5750=PROPERTY_DEFINITION_REPRESENTATION(#6783,#6242);
#5751=PROPERTY_DEFINITION_REPRESENTATION(#6784,#6243);
#5752=PROPERTY_DEFINITION_REPRESENTATION(#6785,#6244);
#5753=PROPERTY_DEFINITION_REPRESENTATION(#6786,#6245);
#5754=PROPERTY_DEFINITION_REPRESENTATION(#6787,#6246);
#5755=PROPERTY_DEFINITION_REPRESENTATION(#6788,#6247);
#5756=PROPERTY_DEFINITION_REPRESENTATION(#6789,#6248);
#5757=PROPERTY_DEFINITION_REPRESENTATION(#6790,#6249);
#5758=PROPERTY_DEFINITION_REPRESENTATION(#6791,#6250);
#5759=PROPERTY_DEFINITION_REPRESENTATION(#6792,#6251);
#5760=PROPERTY_DEFINITION_REPRESENTATION(#6793,#6252);
#5761=PROPERTY_DEFINITION_REPRESENTATION(#6794,#6253);
#5762=PROPERTY_DEFINITION_REPRESENTATION(#6795,#6254);
#5763=PROPERTY_DEFINITION_REPRESENTATION(#6796,#6255);
#5764=PROPERTY_DEFINITION_REPRESENTATION(#6797,#6256);
#5765=PROPERTY_DEFINITION_REPRESENTATION(#6798,#6257);
#5766=PROPERTY_DEFINITION_REPRESENTATION(#6799,#6258);
#5767=PROPERTY_DEFINITION_REPRESENTATION(#6800,#6259);
#5768=PROPERTY_DEFINITION_REPRESENTATION(#6801,#6260);
#5769=PROPERTY_DEFINITION_REPRESENTATION(#6802,#6261);
#5770=PROPERTY_DEFINITION_REPRESENTATION(#6803,#6262);
#5771=PROPERTY_DEFINITION_REPRESENTATION(#6804,#6263);
#5772=PROPERTY_DEFINITION_REPRESENTATION(#6805,#6264);
#5773=PROPERTY_DEFINITION_REPRESENTATION(#6806,#6265);
#5774=PROPERTY_DEFINITION_REPRESENTATION(#6807,#6266);
#5775=PROPERTY_DEFINITION_REPRESENTATION(#6808,#6267);
#5776=PROPERTY_DEFINITION_REPRESENTATION(#6809,#6268);
#5777=PROPERTY_DEFINITION_REPRESENTATION(#6810,#6269);
#5778=PROPERTY_DEFINITION_REPRESENTATION(#6811,#6270);
#5779=PROPERTY_DEFINITION_REPRESENTATION(#6812,#6271);
#5780=PROPERTY_DEFINITION_REPRESENTATION(#6813,#6272);
#5781=PROPERTY_DEFINITION_REPRESENTATION(#6814,#6273);
#5782=PROPERTY_DEFINITION_REPRESENTATION(#6815,#6274);
#5783=PROPERTY_DEFINITION_REPRESENTATION(#6816,#6275);
#5784=PROPERTY_DEFINITION_REPRESENTATION(#6817,#6276);
#5785=PROPERTY_DEFINITION_REPRESENTATION(#6818,#6277);
#5786=PROPERTY_DEFINITION_REPRESENTATION(#6819,#6278);
#5787=PROPERTY_DEFINITION_REPRESENTATION(#6820,#6279);
#5788=PROPERTY_DEFINITION_REPRESENTATION(#6821,#6280);
#5789=PROPERTY_DEFINITION_REPRESENTATION(#6822,#6281);
#5790=PROPERTY_DEFINITION_REPRESENTATION(#6823,#6282);
#5791=PROPERTY_DEFINITION_REPRESENTATION(#6824,#6283);
#5792=PROPERTY_DEFINITION_REPRESENTATION(#6825,#6284);
#5793=PROPERTY_DEFINITION_REPRESENTATION(#6826,#6285);
#5794=PROPERTY_DEFINITION_REPRESENTATION(#6827,#6286);
#5795=PROPERTY_DEFINITION_REPRESENTATION(#6828,#6287);
#5796=PROPERTY_DEFINITION_REPRESENTATION(#6829,#6288);
#5797=PROPERTY_DEFINITION_REPRESENTATION(#6830,#6289);
#5798=PROPERTY_DEFINITION_REPRESENTATION(#6831,#6290);
#5799=PROPERTY_DEFINITION_REPRESENTATION(#6832,#6291);
#5800=PROPERTY_DEFINITION_REPRESENTATION(#6833,#6292);
#5801=PROPERTY_DEFINITION_REPRESENTATION(#6834,#6293);
#5802=PROPERTY_DEFINITION_REPRESENTATION(#6835,#6294);
#5803=PROPERTY_DEFINITION_REPRESENTATION(#6836,#6295);
#5804=PROPERTY_DEFINITION_REPRESENTATION(#6837,#6296);
#5805=PROPERTY_DEFINITION_REPRESENTATION(#6838,#6297);
#5806=PROPERTY_DEFINITION_REPRESENTATION(#6839,#6298);
#5807=PROPERTY_DEFINITION_REPRESENTATION(#6840,#6299);
#5808=PROPERTY_DEFINITION_REPRESENTATION(#6841,#6300);
#5809=PROPERTY_DEFINITION_REPRESENTATION(#6842,#6301);
#5810=PROPERTY_DEFINITION_REPRESENTATION(#6843,#6302);
#5811=PROPERTY_DEFINITION_REPRESENTATION(#6844,#6303);
#5812=PROPERTY_DEFINITION_REPRESENTATION(#6845,#6304);
#5813=PROPERTY_DEFINITION_REPRESENTATION(#6846,#6305);
#5814=PROPERTY_DEFINITION_REPRESENTATION(#6847,#6306);
#5815=PROPERTY_DEFINITION_REPRESENTATION(#6848,#6307);
#5816=PROPERTY_DEFINITION_REPRESENTATION(#6849,#6308);
#5817=PROPERTY_DEFINITION_REPRESENTATION(#6850,#6309);
#5818=PROPERTY_DEFINITION_REPRESENTATION(#6851,#6310);
#5819=PROPERTY_DEFINITION_REPRESENTATION(#6852,#6311);
#5820=PROPERTY_DEFINITION_REPRESENTATION(#6853,#6312);
#5821=PROPERTY_DEFINITION_REPRESENTATION(#6854,#6313);
#5822=PROPERTY_DEFINITION_REPRESENTATION(#6855,#6314);
#5823=PROPERTY_DEFINITION_REPRESENTATION(#6856,#6315);
#5824=PROPERTY_DEFINITION_REPRESENTATION(#6857,#6316);
#5825=PROPERTY_DEFINITION_REPRESENTATION(#6858,#6317);
#5826=PROPERTY_DEFINITION_REPRESENTATION(#6859,#6318);
#5827=PROPERTY_DEFINITION_REPRESENTATION(#6860,#6319);
#5828=PROPERTY_DEFINITION_REPRESENTATION(#6861,#6320);
#5829=PROPERTY_DEFINITION_REPRESENTATION(#6862,#6321);
#5830=PROPERTY_DEFINITION_REPRESENTATION(#6863,#6322);
#5831=PROPERTY_DEFINITION_REPRESENTATION(#6864,#6323);
#5832=PROPERTY_DEFINITION_REPRESENTATION(#6865,#6324);
#5833=PROPERTY_DEFINITION_REPRESENTATION(#6866,#6325);
#5834=PROPERTY_DEFINITION_REPRESENTATION(#6867,#6326);
#5835=PROPERTY_DEFINITION_REPRESENTATION(#6868,#6327);
#5836=PROPERTY_DEFINITION_REPRESENTATION(#6869,#6328);
#5837=PROPERTY_DEFINITION_REPRESENTATION(#6870,#6329);
#5838=PROPERTY_DEFINITION_REPRESENTATION(#6871,#6330);
#5839=PROPERTY_DEFINITION_REPRESENTATION(#6872,#6331);
#5840=PROPERTY_DEFINITION_REPRESENTATION(#6873,#6332);
#5841=PROPERTY_DEFINITION_REPRESENTATION(#6874,#6333);
#5842=PROPERTY_DEFINITION_REPRESENTATION(#6875,#6334);
#5843=PROPERTY_DEFINITION_REPRESENTATION(#6876,#6335);
#5844=PROPERTY_DEFINITION_REPRESENTATION(#6877,#6336);
#5845=PROPERTY_DEFINITION_REPRESENTATION(#6878,#6337);
#5846=PROPERTY_DEFINITION_REPRESENTATION(#6879,#6338);
#5847=PROPERTY_DEFINITION_REPRESENTATION(#6880,#6339);
#5848=PROPERTY_DEFINITION_REPRESENTATION(#6881,#6340);
#5849=PROPERTY_DEFINITION_REPRESENTATION(#6882,#6341);
#5850=PROPERTY_DEFINITION_REPRESENTATION(#6883,#6342);
#5851=PROPERTY_DEFINITION_REPRESENTATION(#6884,#6343);
#5852=PROPERTY_DEFINITION_REPRESENTATION(#6885,#6344);
#5853=PROPERTY_DEFINITION_REPRESENTATION(#6886,#6345);
#5854=PROPERTY_DEFINITION_REPRESENTATION(#6887,#6346);
#5855=PROPERTY_DEFINITION_REPRESENTATION(#6888,#6347);
#5856=PROPERTY_DEFINITION_REPRESENTATION(#6889,#6348);
#5857=PROPERTY_DEFINITION_REPRESENTATION(#6890,#6349);
#5858=PROPERTY_DEFINITION_REPRESENTATION(#6891,#6350);
#5859=PROPERTY_DEFINITION_REPRESENTATION(#6892,#6351);
#5860=PROPERTY_DEFINITION_REPRESENTATION(#6893,#6352);
#5861=PROPERTY_DEFINITION_REPRESENTATION(#6894,#6353);
#5862=PROPERTY_DEFINITION_REPRESENTATION(#6895,#6354);
#5863=PROPERTY_DEFINITION_REPRESENTATION(#6896,#6355);
#5864=PROPERTY_DEFINITION_REPRESENTATION(#6897,#6356);
#5865=PROPERTY_DEFINITION_REPRESENTATION(#6898,#6357);
#5866=PROPERTY_DEFINITION_REPRESENTATION(#6899,#6358);
#5867=PROPERTY_DEFINITION_REPRESENTATION(#6900,#6359);
#5868=PROPERTY_DEFINITION_REPRESENTATION(#6901,#6360);
#5869=PROPERTY_DEFINITION_REPRESENTATION(#6902,#6361);
#5870=PROPERTY_DEFINITION_REPRESENTATION(#6903,#6362);
#5871=PROPERTY_DEFINITION_REPRESENTATION(#6904,#6363);
#5872=PROPERTY_DEFINITION_REPRESENTATION(#6905,#6364);
#5873=PROPERTY_DEFINITION_REPRESENTATION(#6906,#6365);
#5874=PROPERTY_DEFINITION_REPRESENTATION(#6907,#6366);
#5875=PROPERTY_DEFINITION_REPRESENTATION(#6908,#6367);
#5876=PROPERTY_DEFINITION_REPRESENTATION(#6909,#6368);
#5877=PROPERTY_DEFINITION_REPRESENTATION(#6910,#6369);
#5878=PROPERTY_DEFINITION_REPRESENTATION(#6911,#6370);
#5879=PROPERTY_DEFINITION_REPRESENTATION(#6912,#6371);
#5880=PROPERTY_DEFINITION_REPRESENTATION(#6913,#6372);
#5881=PROPERTY_DEFINITION_REPRESENTATION(#6914,#6373);
#5882=PROPERTY_DEFINITION_REPRESENTATION(#6915,#6374);
#5883=PROPERTY_DEFINITION_REPRESENTATION(#6916,#6375);
#5884=PROPERTY_DEFINITION_REPRESENTATION(#6917,#6376);
#5885=PROPERTY_DEFINITION_REPRESENTATION(#6918,#6377);
#5886=PROPERTY_DEFINITION_REPRESENTATION(#6919,#6378);
#5887=PROPERTY_DEFINITION_REPRESENTATION(#6920,#6379);
#5888=PROPERTY_DEFINITION_REPRESENTATION(#6921,#6380);
#5889=PROPERTY_DEFINITION_REPRESENTATION(#6922,#6381);
#5890=PROPERTY_DEFINITION_REPRESENTATION(#6923,#6382);
#5891=PROPERTY_DEFINITION_REPRESENTATION(#6924,#6383);
#5892=PROPERTY_DEFINITION_REPRESENTATION(#6925,#6384);
#5893=PROPERTY_DEFINITION_REPRESENTATION(#6926,#6385);
#5894=PROPERTY_DEFINITION_REPRESENTATION(#6927,#6386);
#5895=PROPERTY_DEFINITION_REPRESENTATION(#6928,#6387);
#5896=PROPERTY_DEFINITION_REPRESENTATION(#6929,#6388);
#5897=PROPERTY_DEFINITION_REPRESENTATION(#6930,#6389);
#5898=PROPERTY_DEFINITION_REPRESENTATION(#6931,#6390);
#5899=PROPERTY_DEFINITION_REPRESENTATION(#6932,#6391);
#5900=PROPERTY_DEFINITION_REPRESENTATION(#6933,#6392);
#5901=PROPERTY_DEFINITION_REPRESENTATION(#6934,#6393);
#5902=PROPERTY_DEFINITION_REPRESENTATION(#6935,#6394);
#5903=PROPERTY_DEFINITION_REPRESENTATION(#6936,#6395);
#5904=PROPERTY_DEFINITION_REPRESENTATION(#6937,#6396);
#5905=PROPERTY_DEFINITION_REPRESENTATION(#6938,#6397);
#5906=PROPERTY_DEFINITION_REPRESENTATION(#6939,#6398);
#5907=PROPERTY_DEFINITION_REPRESENTATION(#6940,#6399);
#5908=PROPERTY_DEFINITION_REPRESENTATION(#6941,#6400);
#5909=PROPERTY_DEFINITION_REPRESENTATION(#6942,#6401);
#5910=PROPERTY_DEFINITION_REPRESENTATION(#6943,#6402);
#5911=PROPERTY_DEFINITION_REPRESENTATION(#6944,#6403);
#5912=PROPERTY_DEFINITION_REPRESENTATION(#6945,#6404);
#5913=PROPERTY_DEFINITION_REPRESENTATION(#6946,#6405);
#5914=PROPERTY_DEFINITION_REPRESENTATION(#6947,#6406);
#5915=PROPERTY_DEFINITION_REPRESENTATION(#6948,#6407);
#5916=PROPERTY_DEFINITION_REPRESENTATION(#6949,#6408);
#5917=PROPERTY_DEFINITION_REPRESENTATION(#6950,#6409);
#5918=PROPERTY_DEFINITION_REPRESENTATION(#6951,#6410);
#5919=PROPERTY_DEFINITION_REPRESENTATION(#6952,#6411);
#5920=PROPERTY_DEFINITION_REPRESENTATION(#6953,#6412);
#5921=PROPERTY_DEFINITION_REPRESENTATION(#6954,#6413);
#5922=PROPERTY_DEFINITION_REPRESENTATION(#6955,#6414);
#5923=PROPERTY_DEFINITION_REPRESENTATION(#6956,#6415);
#5924=PROPERTY_DEFINITION_REPRESENTATION(#6957,#6416);
#5925=PROPERTY_DEFINITION_REPRESENTATION(#6958,#6417);
#5926=PROPERTY_DEFINITION_REPRESENTATION(#6959,#6418);
#5927=PROPERTY_DEFINITION_REPRESENTATION(#6960,#6419);
#5928=PROPERTY_DEFINITION_REPRESENTATION(#6961,#6420);
#5929=PROPERTY_DEFINITION_REPRESENTATION(#6962,#6421);
#5930=PROPERTY_DEFINITION_REPRESENTATION(#6963,#6422);
#5931=PROPERTY_DEFINITION_REPRESENTATION(#6964,#6423);
#5932=PROPERTY_DEFINITION_REPRESENTATION(#6965,#6424);
#5933=PROPERTY_DEFINITION_REPRESENTATION(#6966,#6425);
#5934=PROPERTY_DEFINITION_REPRESENTATION(#6967,#6426);
#5935=PROPERTY_DEFINITION_REPRESENTATION(#6968,#6427);
#5936=PROPERTY_DEFINITION_REPRESENTATION(#6969,#6428);
#5937=PROPERTY_DEFINITION_REPRESENTATION(#6970,#6429);
#5938=PROPERTY_DEFINITION_REPRESENTATION(#6971,#6430);
#5939=PROPERTY_DEFINITION_REPRESENTATION(#6972,#6431);
#5940=PROPERTY_DEFINITION_REPRESENTATION(#6973,#6432);
#5941=PROPERTY_DEFINITION_REPRESENTATION(#6974,#6433);
#5942=PROPERTY_DEFINITION_REPRESENTATION(#6975,#6434);
#5943=PROPERTY_DEFINITION_REPRESENTATION(#6976,#6435);
#5944=PROPERTY_DEFINITION_REPRESENTATION(#6977,#6436);
#5945=PROPERTY_DEFINITION_REPRESENTATION(#6978,#6437);
#5946=PROPERTY_DEFINITION_REPRESENTATION(#6979,#6438);
#5947=PROPERTY_DEFINITION_REPRESENTATION(#6980,#6439);
#5948=PROPERTY_DEFINITION_REPRESENTATION(#6981,#6440);
#5949=PROPERTY_DEFINITION_REPRESENTATION(#6982,#6441);
#5950=PROPERTY_DEFINITION_REPRESENTATION(#6983,#6442);
#5951=PROPERTY_DEFINITION_REPRESENTATION(#6984,#6443);
#5952=PROPERTY_DEFINITION_REPRESENTATION(#6985,#6444);
#5953=PROPERTY_DEFINITION_REPRESENTATION(#6986,#6445);
#5954=PROPERTY_DEFINITION_REPRESENTATION(#6987,#6446);
#5955=PROPERTY_DEFINITION_REPRESENTATION(#6988,#6447);
#5956=PROPERTY_DEFINITION_REPRESENTATION(#6989,#6448);
#5957=PROPERTY_DEFINITION_REPRESENTATION(#6990,#6449);
#5958=PROPERTY_DEFINITION_REPRESENTATION(#6991,#6450);
#5959=PROPERTY_DEFINITION_REPRESENTATION(#6992,#6451);
#5960=PROPERTY_DEFINITION_REPRESENTATION(#6993,#6452);
#5961=PROPERTY_DEFINITION_REPRESENTATION(#6994,#6453);
#5962=PROPERTY_DEFINITION_REPRESENTATION(#6995,#6454);
#5963=PROPERTY_DEFINITION_REPRESENTATION(#6996,#6455);
#5964=PROPERTY_DEFINITION_REPRESENTATION(#6997,#6456);
#5965=PROPERTY_DEFINITION_REPRESENTATION(#6998,#6457);
#5966=PROPERTY_DEFINITION_REPRESENTATION(#6999,#6458);
#5967=PROPERTY_DEFINITION_REPRESENTATION(#7000,#6459);
#5968=PROPERTY_DEFINITION_REPRESENTATION(#7001,#6460);
#5969=PROPERTY_DEFINITION_REPRESENTATION(#7002,#6461);
#5970=PROPERTY_DEFINITION_REPRESENTATION(#7003,#6462);
#5971=PROPERTY_DEFINITION_REPRESENTATION(#7004,#6463);
#5972=PROPERTY_DEFINITION_REPRESENTATION(#7005,#6464);
#5973=PROPERTY_DEFINITION_REPRESENTATION(#7006,#6465);
#5974=PROPERTY_DEFINITION_REPRESENTATION(#7007,#6466);
#5975=PROPERTY_DEFINITION_REPRESENTATION(#7008,#6467);
#5976=PROPERTY_DEFINITION_REPRESENTATION(#7009,#6468);
#5977=PROPERTY_DEFINITION_REPRESENTATION(#7010,#6469);
#5978=PROPERTY_DEFINITION_REPRESENTATION(#7011,#6470);
#5979=PROPERTY_DEFINITION_REPRESENTATION(#7012,#6471);
#5980=PROPERTY_DEFINITION_REPRESENTATION(#7013,#6472);
#5981=PROPERTY_DEFINITION_REPRESENTATION(#7014,#6473);
#5982=PROPERTY_DEFINITION_REPRESENTATION(#7015,#6474);
#5983=PROPERTY_DEFINITION_REPRESENTATION(#7016,#6475);
#5984=PROPERTY_DEFINITION_REPRESENTATION(#7017,#6476);
#5985=PROPERTY_DEFINITION_REPRESENTATION(#7018,#6477);
#5986=PROPERTY_DEFINITION_REPRESENTATION(#7019,#6478);
#5987=PROPERTY_DEFINITION_REPRESENTATION(#7020,#6479);
#5988=PROPERTY_DEFINITION_REPRESENTATION(#7021,#6480);
#5989=PROPERTY_DEFINITION_REPRESENTATION(#7022,#6481);
#5990=PROPERTY_DEFINITION_REPRESENTATION(#7023,#6482);
#5991=PROPERTY_DEFINITION_REPRESENTATION(#7024,#6483);
#5992=PROPERTY_DEFINITION_REPRESENTATION(#7025,#6484);
#5993=PROPERTY_DEFINITION_REPRESENTATION(#7026,#6485);
#5994=PROPERTY_DEFINITION_REPRESENTATION(#7027,#6486);
#5995=PROPERTY_DEFINITION_REPRESENTATION(#7028,#6487);
#5996=PROPERTY_DEFINITION_REPRESENTATION(#7029,#6488);
#5997=PROPERTY_DEFINITION_REPRESENTATION(#7030,#6489);
#5998=PROPERTY_DEFINITION_REPRESENTATION(#7031,#6490);
#5999=PROPERTY_DEFINITION_REPRESENTATION(#7032,#6491);
#6000=PROPERTY_DEFINITION_REPRESENTATION(#7033,#6492);
#6001=PROPERTY_DEFINITION_REPRESENTATION(#7034,#6493);
#6002=PROPERTY_DEFINITION_REPRESENTATION(#7035,#6494);
#6003=PROPERTY_DEFINITION_REPRESENTATION(#7036,#6495);
#6004=PROPERTY_DEFINITION_REPRESENTATION(#7037,#6496);
#6005=PROPERTY_DEFINITION_REPRESENTATION(#7038,#6497);
#6006=PROPERTY_DEFINITION_REPRESENTATION(#7039,#6498);
#6007=PROPERTY_DEFINITION_REPRESENTATION(#7040,#6499);
#6008=PROPERTY_DEFINITION_REPRESENTATION(#7041,#6500);
#6009=PROPERTY_DEFINITION_REPRESENTATION(#7042,#6501);
#6010=PROPERTY_DEFINITION_REPRESENTATION(#7043,#6502);
#6011=PROPERTY_DEFINITION_REPRESENTATION(#7044,#6503);
#6012=PROPERTY_DEFINITION_REPRESENTATION(#7045,#6504);
#6013=PROPERTY_DEFINITION_REPRESENTATION(#7046,#6505);
#6014=PROPERTY_DEFINITION_REPRESENTATION(#7047,#6506);
#6015=PROPERTY_DEFINITION_REPRESENTATION(#7048,#6507);
#6016=PROPERTY_DEFINITION_REPRESENTATION(#7049,#6508);
#6017=PROPERTY_DEFINITION_REPRESENTATION(#7050,#6509);
#6018=PROPERTY_DEFINITION_REPRESENTATION(#7051,#6510);
#6019=PROPERTY_DEFINITION_REPRESENTATION(#7052,#6511);
#6020=PROPERTY_DEFINITION_REPRESENTATION(#7053,#6512);
#6021=PROPERTY_DEFINITION_REPRESENTATION(#7054,#6513);
#6022=PROPERTY_DEFINITION_REPRESENTATION(#7055,#6514);
#6023=PROPERTY_DEFINITION_REPRESENTATION(#7056,#6515);
#6024=PROPERTY_DEFINITION_REPRESENTATION(#7057,#6516);
#6025=PROPERTY_DEFINITION_REPRESENTATION(#7058,#6517);
#6026=PROPERTY_DEFINITION_REPRESENTATION(#7059,#6518);
#6027=PROPERTY_DEFINITION_REPRESENTATION(#7060,#6519);
#6028=PROPERTY_DEFINITION_REPRESENTATION(#7061,#6520);
#6029=PROPERTY_DEFINITION_REPRESENTATION(#7062,#6521);
#6030=PROPERTY_DEFINITION_REPRESENTATION(#7063,#6522);
#6031=PROPERTY_DEFINITION_REPRESENTATION(#7064,#6523);
#6032=PROPERTY_DEFINITION_REPRESENTATION(#7065,#6524);
#6033=PROPERTY_DEFINITION_REPRESENTATION(#7066,#6525);
#6034=PROPERTY_DEFINITION_REPRESENTATION(#7067,#6526);
#6035=PROPERTY_DEFINITION_REPRESENTATION(#7068,#6527);
#6036=PROPERTY_DEFINITION_REPRESENTATION(#7069,#6528);
#6037=PROPERTY_DEFINITION_REPRESENTATION(#7070,#6529);
#6038=PROPERTY_DEFINITION_REPRESENTATION(#7071,#6530);
#6039=PROPERTY_DEFINITION_REPRESENTATION(#7072,#6531);
#6040=PROPERTY_DEFINITION_REPRESENTATION(#7073,#6532);
#6041=PROPERTY_DEFINITION_REPRESENTATION(#7074,#6533);
#6042=PROPERTY_DEFINITION_REPRESENTATION(#7075,#6534);
#6043=PROPERTY_DEFINITION_REPRESENTATION(#7076,#6535);
#6044=PROPERTY_DEFINITION_REPRESENTATION(#7077,#6536);
#6045=PROPERTY_DEFINITION_REPRESENTATION(#7078,#6537);
#6046=PROPERTY_DEFINITION_REPRESENTATION(#7079,#6538);
#6047=PROPERTY_DEFINITION_REPRESENTATION(#7080,#6539);
#6048=PROPERTY_DEFINITION_REPRESENTATION(#7081,#6540);
#6049=PROPERTY_DEFINITION_REPRESENTATION(#7082,#6541);
#6050=PROPERTY_DEFINITION_REPRESENTATION(#7083,#6542);
#6051=PROPERTY_DEFINITION_REPRESENTATION(#7084,#6543);
#6052=PROPERTY_DEFINITION_REPRESENTATION(#7085,#6544);
#6053=PROPERTY_DEFINITION_REPRESENTATION(#7086,#6545);
#6054=PROPERTY_DEFINITION_REPRESENTATION(#7087,#6546);
#6055=PROPERTY_DEFINITION_REPRESENTATION(#7088,#6547);
#6056=PROPERTY_DEFINITION_REPRESENTATION(#7089,#6548);
#6057=PROPERTY_DEFINITION_REPRESENTATION(#7090,#6549);
#6058=PROPERTY_DEFINITION_REPRESENTATION(#7091,#6550);
#6059=PROPERTY_DEFINITION_REPRESENTATION(#7092,#6551);
#6060=PROPERTY_DEFINITION_REPRESENTATION(#7093,#6552);
#6061=PROPERTY_DEFINITION_REPRESENTATION(#7094,#6553);
#6062=PROPERTY_DEFINITION_REPRESENTATION(#7095,#6554);
#6063=PROPERTY_DEFINITION_REPRESENTATION(#7096,#6555);
#6064=PROPERTY_DEFINITION_REPRESENTATION(#7097,#6556);
#6065=PROPERTY_DEFINITION_REPRESENTATION(#7098,#6557);
#6066=PROPERTY_DEFINITION_REPRESENTATION(#7099,#6558);
#6067=PROPERTY_DEFINITION_REPRESENTATION(#7100,#6559);
#6068=PROPERTY_DEFINITION_REPRESENTATION(#7101,#6560);
#6069=PROPERTY_DEFINITION_REPRESENTATION(#7102,#6561);
#6070=PROPERTY_DEFINITION_REPRESENTATION(#7103,#6562);
#6071=PROPERTY_DEFINITION_REPRESENTATION(#7104,#6563);
#6072=PROPERTY_DEFINITION_REPRESENTATION(#7105,#6564);
#6073=PROPERTY_DEFINITION_REPRESENTATION(#7106,#6565);
#6074=PROPERTY_DEFINITION_REPRESENTATION(#7107,#6566);
#6075=PROPERTY_DEFINITION_REPRESENTATION(#7108,#6567);
#6076=PROPERTY_DEFINITION_REPRESENTATION(#7109,#6568);
#6077=PROPERTY_DEFINITION_REPRESENTATION(#7110,#6569);
#6078=PROPERTY_DEFINITION_REPRESENTATION(#7111,#6570);
#6079=PROPERTY_DEFINITION_REPRESENTATION(#7112,#6571);
#6080=PROPERTY_DEFINITION_REPRESENTATION(#7113,#6572);
#6081=PROPERTY_DEFINITION_REPRESENTATION(#7114,#6573);
#6082=PROPERTY_DEFINITION_REPRESENTATION(#7115,#6574);
#6083=PROPERTY_DEFINITION_REPRESENTATION(#7116,#6575);
#6084=PROPERTY_DEFINITION_REPRESENTATION(#7117,#6576);
#6085=PROPERTY_DEFINITION_REPRESENTATION(#7118,#6577);
#6086=PROPERTY_DEFINITION_REPRESENTATION(#7119,#6578);
#6087=PROPERTY_DEFINITION_REPRESENTATION(#7120,#6579);
#6088=PROPERTY_DEFINITION_REPRESENTATION(#7121,#6580);
#6089=PROPERTY_DEFINITION_REPRESENTATION(#7122,#6581);
#6090=PROPERTY_DEFINITION_REPRESENTATION(#7123,#6582);
#6091=PROPERTY_DEFINITION_REPRESENTATION(#7124,#6583);
#6092=PROPERTY_DEFINITION_REPRESENTATION(#7125,#6584);
#6093=PROPERTY_DEFINITION_REPRESENTATION(#7126,#6585);
#6094=PROPERTY_DEFINITION_REPRESENTATION(#7127,#6586);
#6095=PROPERTY_DEFINITION_REPRESENTATION(#7128,#6587);
#6096=PROPERTY_DEFINITION_REPRESENTATION(#7129,#6588);
#6097=PROPERTY_DEFINITION_REPRESENTATION(#7130,#6589);
#6098=PROPERTY_DEFINITION_REPRESENTATION(#7131,#6590);
#6099=PROPERTY_DEFINITION_REPRESENTATION(#7132,#6591);
#6100=PROPERTY_DEFINITION_REPRESENTATION(#7133,#6592);
#6101=PROPERTY_DEFINITION_REPRESENTATION(#7134,#6593);
#6102=PROPERTY_DEFINITION_REPRESENTATION(#7135,#6594);
#6103=PROPERTY_DEFINITION_REPRESENTATION(#7136,#6595);
#6104=PROPERTY_DEFINITION_REPRESENTATION(#7137,#6596);
#6105=PROPERTY_DEFINITION_REPRESENTATION(#7138,#6597);
#6106=PROPERTY_DEFINITION_REPRESENTATION(#7139,#6598);
#6107=PROPERTY_DEFINITION_REPRESENTATION(#7140,#6599);
#6108=PROPERTY_DEFINITION_REPRESENTATION(#7141,#6600);
#6109=PROPERTY_DEFINITION_REPRESENTATION(#7142,#6601);
#6110=PROPERTY_DEFINITION_REPRESENTATION(#7143,#6602);
#6111=PROPERTY_DEFINITION_REPRESENTATION(#7144,#6603);
#6112=PROPERTY_DEFINITION_REPRESENTATION(#7145,#6604);
#6113=PROPERTY_DEFINITION_REPRESENTATION(#7146,#6605);
#6114=PROPERTY_DEFINITION_REPRESENTATION(#7147,#6606);
#6115=PROPERTY_DEFINITION_REPRESENTATION(#7148,#6607);
#6116=PROPERTY_DEFINITION_REPRESENTATION(#7149,#6608);
#6117=PROPERTY_DEFINITION_REPRESENTATION(#7150,#6609);
#6118=PROPERTY_DEFINITION_REPRESENTATION(#7151,#6610);
#6119=PROPERTY_DEFINITION_REPRESENTATION(#7152,#6611);
#6120=PROPERTY_DEFINITION_REPRESENTATION(#7153,#6612);
#6121=PROPERTY_DEFINITION_REPRESENTATION(#7154,#6613);
#6122=PROPERTY_DEFINITION_REPRESENTATION(#7155,#6614);
#6123=PROPERTY_DEFINITION_REPRESENTATION(#7156,#6615);
#6124=PROPERTY_DEFINITION_REPRESENTATION(#7157,#6616);
#6125=PROPERTY_DEFINITION_REPRESENTATION(#7158,#6617);
#6126=PROPERTY_DEFINITION_REPRESENTATION(#7159,#6618);
#6127=PROPERTY_DEFINITION_REPRESENTATION(#7160,#6619);
#6128=PROPERTY_DEFINITION_REPRESENTATION(#7161,#6620);
#6129=PROPERTY_DEFINITION_REPRESENTATION(#7162,#6621);
#6130=PROPERTY_DEFINITION_REPRESENTATION(#7163,#6622);
#6131=PROPERTY_DEFINITION_REPRESENTATION(#7164,#6623);
#6132=PROPERTY_DEFINITION_REPRESENTATION(#7165,#6624);
#6133=PROPERTY_DEFINITION_REPRESENTATION(#7166,#6625);
#6134=PROPERTY_DEFINITION_REPRESENTATION(#7167,#6626);
#6135=PROPERTY_DEFINITION_REPRESENTATION(#7168,#6627);
#6136=PROPERTY_DEFINITION_REPRESENTATION(#7169,#6628);
#6137=PROPERTY_DEFINITION_REPRESENTATION(#7170,#6629);
#6138=PROPERTY_DEFINITION_REPRESENTATION(#7171,#6630);
#6139=PROPERTY_DEFINITION_REPRESENTATION(#7172,#6631);
#6140=PROPERTY_DEFINITION_REPRESENTATION(#7173,#6632);
#6141=PROPERTY_DEFINITION_REPRESENTATION(#7174,#6633);
#6142=PROPERTY_DEFINITION_REPRESENTATION(#7175,#6634);
#6143=PROPERTY_DEFINITION_REPRESENTATION(#7176,#6635);
#6144=PROPERTY_DEFINITION_REPRESENTATION(#7177,#6636);
#6145=PROPERTY_DEFINITION_REPRESENTATION(#7178,#6637);
#6146=PROPERTY_DEFINITION_REPRESENTATION(#7179,#6638);
#6147=PROPERTY_DEFINITION_REPRESENTATION(#7180,#6639);
#6148=PROPERTY_DEFINITION_REPRESENTATION(#7181,#6640);
#6149=PROPERTY_DEFINITION_REPRESENTATION(#7182,#6641);
#6150=PROPERTY_DEFINITION_REPRESENTATION(#7183,#6642);
#6151=PROPERTY_DEFINITION_REPRESENTATION(#7184,#6643);
#6152=PROPERTY_DEFINITION_REPRESENTATION(#7185,#6644);
#6153=PROPERTY_DEFINITION_REPRESENTATION(#7186,#6645);
#6154=PROPERTY_DEFINITION_REPRESENTATION(#7187,#6646);
#6155=PROPERTY_DEFINITION_REPRESENTATION(#7188,#6647);
#6156=PROPERTY_DEFINITION_REPRESENTATION(#7189,#6648);
#6157=PROPERTY_DEFINITION_REPRESENTATION(#7190,#6649);
#6158=PROPERTY_DEFINITION_REPRESENTATION(#7191,#6650);
#6159=PROPERTY_DEFINITION_REPRESENTATION(#7192,#6651);
#6160=PROPERTY_DEFINITION_REPRESENTATION(#7193,#6652);
#6161=PROPERTY_DEFINITION_REPRESENTATION(#7194,#6653);
#6162=PROPERTY_DEFINITION_REPRESENTATION(#7195,#6654);
#6163=PROPERTY_DEFINITION_REPRESENTATION(#7196,#6655);
#6164=PROPERTY_DEFINITION_REPRESENTATION(#7197,#6656);
#6165=PROPERTY_DEFINITION_REPRESENTATION(#7198,#6657);
#6166=PROPERTY_DEFINITION_REPRESENTATION(#7199,#6658);
#6167=PROPERTY_DEFINITION_REPRESENTATION(#7200,#6659);
#6168=PROPERTY_DEFINITION_REPRESENTATION(#7201,#6660);
#6169=PROPERTY_DEFINITION_REPRESENTATION(#7202,#6661);
#6170=PROPERTY_DEFINITION_REPRESENTATION(#7203,#6662);
#6171=PROPERTY_DEFINITION_REPRESENTATION(#7204,#6663);
#6172=PROPERTY_DEFINITION_REPRESENTATION(#7205,#6664);
#6173=PROPERTY_DEFINITION_REPRESENTATION(#7206,#6665);
#6174=PROPERTY_DEFINITION_REPRESENTATION(#7207,#6666);
#6175=PROPERTY_DEFINITION_REPRESENTATION(#7208,#6667);
#6176=PROPERTY_DEFINITION_REPRESENTATION(#7209,#6668);
#6177=PROPERTY_DEFINITION_REPRESENTATION(#7210,#6669);
#6178=PROPERTY_DEFINITION_REPRESENTATION(#7211,#6670);
#6179=PROPERTY_DEFINITION_REPRESENTATION(#7212,#6671);
#6180=PROPERTY_DEFINITION_REPRESENTATION(#7213,#6672);
#6181=PROPERTY_DEFINITION_REPRESENTATION(#7214,#6673);
#6182=PROPERTY_DEFINITION_REPRESENTATION(#7215,#6674);
#6183=PROPERTY_DEFINITION_REPRESENTATION(#7216,#6675);
#6184=PROPERTY_DEFINITION_REPRESENTATION(#7217,#6676);
#6185=PROPERTY_DEFINITION_REPRESENTATION(#7218,#6677);
#6186=PROPERTY_DEFINITION_REPRESENTATION(#7219,#6678);
#6187=PROPERTY_DEFINITION_REPRESENTATION(#7220,#6679);
#6188=PROPERTY_DEFINITION_REPRESENTATION(#7221,#6680);
#6189=PROPERTY_DEFINITION_REPRESENTATION(#7222,#6681);
#6190=PROPERTY_DEFINITION_REPRESENTATION(#7223,#6682);
#6191=PROPERTY_DEFINITION_REPRESENTATION(#7224,#6683);
#6192=PROPERTY_DEFINITION_REPRESENTATION(#7225,#6684);
#6193=PROPERTY_DEFINITION_REPRESENTATION(#7226,#6685);
#6194=PROPERTY_DEFINITION_REPRESENTATION(#7227,#6686);
#6195=PROPERTY_DEFINITION_REPRESENTATION(#7228,#6687);
#6196=PROPERTY_DEFINITION_REPRESENTATION(#7229,#6688);
#6197=PROPERTY_DEFINITION_REPRESENTATION(#7230,#6689);
#6198=PROPERTY_DEFINITION_REPRESENTATION(#7231,#6690);
#6199=PROPERTY_DEFINITION_REPRESENTATION(#7232,#6691);
#6200=PROPERTY_DEFINITION_REPRESENTATION(#7233,#6692);
#6201=PROPERTY_DEFINITION_REPRESENTATION(#7234,#6693);
#6202=PROPERTY_DEFINITION_REPRESENTATION(#7235,#6694);
#6203=PROPERTY_DEFINITION_REPRESENTATION(#7236,#6695);
#6204=PROPERTY_DEFINITION_REPRESENTATION(#7237,#6696);
#6205=PROPERTY_DEFINITION_REPRESENTATION(#7238,#6697);
#6206=PROPERTY_DEFINITION_REPRESENTATION(#7239,#6698);
#6207=PROPERTY_DEFINITION_REPRESENTATION(#7240,#6699);
#6208=PROPERTY_DEFINITION_REPRESENTATION(#7241,#6700);
#6209=PROPERTY_DEFINITION_REPRESENTATION(#7242,#6701);
#6210=PROPERTY_DEFINITION_REPRESENTATION(#7243,#6702);
#6211=PROPERTY_DEFINITION_REPRESENTATION(#7244,#6703);
#6212=PROPERTY_DEFINITION_REPRESENTATION(#7245,#6704);
#6213=PROPERTY_DEFINITION_REPRESENTATION(#7246,#6705);
#6214=PROPERTY_DEFINITION_REPRESENTATION(#7247,#6706);
#6215=PROPERTY_DEFINITION_REPRESENTATION(#7248,#6707);
#6216=PROPERTY_DEFINITION_REPRESENTATION(#7249,#6708);
#6217=PROPERTY_DEFINITION_REPRESENTATION(#7250,#6709);
#6218=PROPERTY_DEFINITION_REPRESENTATION(#7251,#6710);
#6219=PROPERTY_DEFINITION_REPRESENTATION(#7252,#6711);
#6220=PROPERTY_DEFINITION_REPRESENTATION(#7253,#6712);
#6221=PROPERTY_DEFINITION_REPRESENTATION(#7254,#6713);
#6222=REPRESENTATION('',(#6714),#7266);
#6223=REPRESENTATION('',(#6715),#7266);
#6224=REPRESENTATION('',(#6716),#7266);
#6225=REPRESENTATION('',(#6717),#7266);
#6226=REPRESENTATION('',(#6718),#7266);
#6227=REPRESENTATION('',(#6719),#7266);
#6228=REPRESENTATION('',(#6720),#7266);
#6229=REPRESENTATION('',(#6721),#7266);
#6230=REPRESENTATION('',(#5723),#7266);
#6231=REPRESENTATION('',(#5724),#7266);
#6232=REPRESENTATION('',(#5156),#7266);
#6233=REPRESENTATION('',(#5157),#7266);
#6234=REPRESENTATION('',(#5158),#7266);
#6235=REPRESENTATION('',(#5159),#7266);
#6236=REPRESENTATION('',(#5160),#7266);
#6237=REPRESENTATION('',(#5161),#7266);
#6238=REPRESENTATION('',(#5162),#7266);
#6239=REPRESENTATION('',(#5163),#7266);
#6240=REPRESENTATION('',(#5164),#7266);
#6241=REPRESENTATION('',(#5165),#7266);
#6242=REPRESENTATION('',(#5166),#7266);
#6243=REPRESENTATION('',(#5167),#7266);
#6244=REPRESENTATION('',(#5168),#7266);
#6245=REPRESENTATION('',(#5169),#7266);
#6246=REPRESENTATION('',(#5170),#7266);
#6247=REPRESENTATION('',(#5171),#7266);
#6248=REPRESENTATION('',(#5172),#7266);
#6249=REPRESENTATION('',(#5173),#7266);
#6250=REPRESENTATION('',(#5174),#7266);
#6251=REPRESENTATION('',(#5175),#7266);
#6252=REPRESENTATION('',(#5176),#7266);
#6253=REPRESENTATION('',(#5177),#7266);
#6254=REPRESENTATION('',(#5178),#7266);
#6255=REPRESENTATION('',(#5179),#7266);
#6256=REPRESENTATION('',(#5180),#7266);
#6257=REPRESENTATION('',(#5181),#7266);
#6258=REPRESENTATION('',(#5182),#7266);
#6259=REPRESENTATION('',(#5183),#7266);
#6260=REPRESENTATION('',(#5184),#7266);
#6261=REPRESENTATION('',(#5185),#7266);
#6262=REPRESENTATION('',(#5186),#7266);
#6263=REPRESENTATION('',(#5187),#7266);
#6264=REPRESENTATION('',(#5188),#7266);
#6265=REPRESENTATION('',(#5189),#7266);
#6266=REPRESENTATION('',(#5190),#7266);
#6267=REPRESENTATION('',(#5191),#7266);
#6268=REPRESENTATION('',(#5192),#7266);
#6269=REPRESENTATION('',(#5193),#7266);
#6270=REPRESENTATION('',(#5194),#7266);
#6271=REPRESENTATION('',(#5195),#7266);
#6272=REPRESENTATION('',(#5196),#7266);
#6273=REPRESENTATION('',(#5197),#7266);
#6274=REPRESENTATION('',(#5198),#7266);
#6275=REPRESENTATION('',(#5199),#7266);
#6276=REPRESENTATION('',(#5200),#7266);
#6277=REPRESENTATION('',(#5201),#7266);
#6278=REPRESENTATION('',(#5202),#7266);
#6279=REPRESENTATION('',(#5203),#7266);
#6280=REPRESENTATION('',(#5204),#7266);
#6281=REPRESENTATION('',(#5205),#7266);
#6282=REPRESENTATION('',(#5206),#7266);
#6283=REPRESENTATION('',(#5207),#7266);
#6284=REPRESENTATION('',(#5208),#7266);
#6285=REPRESENTATION('',(#5209),#7266);
#6286=REPRESENTATION('',(#5210),#7266);
#6287=REPRESENTATION('',(#5211),#7266);
#6288=REPRESENTATION('',(#5212),#7266);
#6289=REPRESENTATION('',(#5213),#7266);
#6290=REPRESENTATION('',(#5214),#7266);
#6291=REPRESENTATION('',(#5215),#7266);
#6292=REPRESENTATION('',(#5216),#7266);
#6293=REPRESENTATION('',(#5217),#7266);
#6294=REPRESENTATION('',(#5218),#7266);
#6295=REPRESENTATION('',(#5219),#7266);
#6296=REPRESENTATION('',(#5220),#7266);
#6297=REPRESENTATION('',(#5221),#7266);
#6298=REPRESENTATION('',(#5222),#7266);
#6299=REPRESENTATION('',(#5223),#7266);
#6300=REPRESENTATION('',(#5224),#7266);
#6301=REPRESENTATION('',(#5225),#7266);
#6302=REPRESENTATION('',(#5226),#7266);
#6303=REPRESENTATION('',(#5227),#7266);
#6304=REPRESENTATION('',(#5228),#7266);
#6305=REPRESENTATION('',(#5229),#7266);
#6306=REPRESENTATION('',(#5230),#7266);
#6307=REPRESENTATION('',(#5231),#7266);
#6308=REPRESENTATION('',(#5232),#7266);
#6309=REPRESENTATION('',(#5233),#7266);
#6310=REPRESENTATION('',(#5234),#7266);
#6311=REPRESENTATION('',(#5235),#7266);
#6312=REPRESENTATION('',(#5236),#7266);
#6313=REPRESENTATION('',(#5237),#7266);
#6314=REPRESENTATION('',(#5238),#7266);
#6315=REPRESENTATION('',(#5239),#7266);
#6316=REPRESENTATION('',(#5240),#7266);
#6317=REPRESENTATION('',(#5241),#7266);
#6318=REPRESENTATION('',(#5242),#7266);
#6319=REPRESENTATION('',(#5243),#7266);
#6320=REPRESENTATION('',(#5244),#7266);
#6321=REPRESENTATION('',(#5245),#7266);
#6322=REPRESENTATION('',(#5246),#7266);
#6323=REPRESENTATION('',(#5247),#7266);
#6324=REPRESENTATION('',(#5248),#7266);
#6325=REPRESENTATION('',(#5249),#7266);
#6326=REPRESENTATION('',(#5250),#7266);
#6327=REPRESENTATION('',(#5251),#7266);
#6328=REPRESENTATION('',(#5252),#7266);
#6329=REPRESENTATION('',(#5253),#7266);
#6330=REPRESENTATION('',(#5254),#7266);
#6331=REPRESENTATION('',(#5255),#7266);
#6332=REPRESENTATION('',(#5256),#7266);
#6333=REPRESENTATION('',(#5257),#7266);
#6334=REPRESENTATION('',(#5258),#7266);
#6335=REPRESENTATION('',(#5259),#7266);
#6336=REPRESENTATION('',(#5260),#7266);
#6337=REPRESENTATION('',(#5261),#7266);
#6338=REPRESENTATION('',(#5262),#7266);
#6339=REPRESENTATION('',(#5263),#7266);
#6340=REPRESENTATION('',(#5264),#7266);
#6341=REPRESENTATION('',(#5265),#7266);
#6342=REPRESENTATION('',(#5266),#7266);
#6343=REPRESENTATION('',(#5267),#7266);
#6344=REPRESENTATION('',(#5268),#7266);
#6345=REPRESENTATION('',(#5269),#7266);
#6346=REPRESENTATION('',(#5270),#7266);
#6347=REPRESENTATION('',(#5271),#7266);
#6348=REPRESENTATION('',(#5272),#7266);
#6349=REPRESENTATION('',(#5273),#7266);
#6350=REPRESENTATION('',(#5274),#7266);
#6351=REPRESENTATION('',(#5275),#7266);
#6352=REPRESENTATION('',(#5276),#7266);
#6353=REPRESENTATION('',(#5277),#7266);
#6354=REPRESENTATION('',(#5278),#7266);
#6355=REPRESENTATION('',(#5279),#7266);
#6356=REPRESENTATION('',(#5280),#7266);
#6357=REPRESENTATION('',(#5281),#7266);
#6358=REPRESENTATION('',(#5282),#7266);
#6359=REPRESENTATION('',(#5283),#7266);
#6360=REPRESENTATION('',(#5284),#7266);
#6361=REPRESENTATION('',(#5285),#7266);
#6362=REPRESENTATION('',(#5286),#7266);
#6363=REPRESENTATION('',(#5287),#7266);
#6364=REPRESENTATION('',(#5288),#7266);
#6365=REPRESENTATION('',(#5289),#7266);
#6366=REPRESENTATION('',(#5290),#7266);
#6367=REPRESENTATION('',(#5291),#7266);
#6368=REPRESENTATION('',(#5292),#7266);
#6369=REPRESENTATION('',(#5293),#7266);
#6370=REPRESENTATION('',(#5294),#7266);
#6371=REPRESENTATION('',(#5295),#7266);
#6372=REPRESENTATION('',(#5296),#7266);
#6373=REPRESENTATION('',(#5297),#7266);
#6374=REPRESENTATION('',(#5298),#7266);
#6375=REPRESENTATION('',(#5299),#7266);
#6376=REPRESENTATION('',(#5300),#7266);
#6377=REPRESENTATION('',(#5301),#7266);
#6378=REPRESENTATION('',(#5302),#7266);
#6379=REPRESENTATION('',(#5303),#7266);
#6380=REPRESENTATION('',(#5304),#7266);
#6381=REPRESENTATION('',(#5305),#7266);
#6382=REPRESENTATION('',(#5306),#7266);
#6383=REPRESENTATION('',(#5307),#7266);
#6384=REPRESENTATION('',(#5308),#7266);
#6385=REPRESENTATION('',(#5309),#7266);
#6386=REPRESENTATION('',(#5310),#7266);
#6387=REPRESENTATION('',(#5311),#7266);
#6388=REPRESENTATION('',(#5312),#7266);
#6389=REPRESENTATION('',(#5313),#7266);
#6390=REPRESENTATION('',(#5314),#7266);
#6391=REPRESENTATION('',(#5315),#7266);
#6392=REPRESENTATION('',(#5316),#7266);
#6393=REPRESENTATION('',(#5317),#7266);
#6394=REPRESENTATION('',(#5318),#7266);
#6395=REPRESENTATION('',(#5319),#7266);
#6396=REPRESENTATION('',(#5320),#7266);
#6397=REPRESENTATION('',(#5321),#7266);
#6398=REPRESENTATION('',(#5322),#7266);
#6399=REPRESENTATION('',(#5323),#7266);
#6400=REPRESENTATION('',(#5324),#7266);
#6401=REPRESENTATION('',(#5325),#7266);
#6402=REPRESENTATION('',(#5326),#7266);
#6403=REPRESENTATION('',(#5327),#7266);
#6404=REPRESENTATION('',(#5328),#7266);
#6405=REPRESENTATION('',(#5329),#7266);
#6406=REPRESENTATION('',(#5330),#7266);
#6407=REPRESENTATION('',(#5331),#7266);
#6408=REPRESENTATION('',(#5332),#7266);
#6409=REPRESENTATION('',(#5333),#7266);
#6410=REPRESENTATION('',(#5334),#7266);
#6411=REPRESENTATION('',(#5335),#7266);
#6412=REPRESENTATION('',(#5336),#7266);
#6413=REPRESENTATION('',(#5337),#7266);
#6414=REPRESENTATION('',(#5338),#7266);
#6415=REPRESENTATION('',(#5339),#7266);
#6416=REPRESENTATION('',(#5340),#7266);
#6417=REPRESENTATION('',(#5341),#7266);
#6418=REPRESENTATION('',(#5342),#7266);
#6419=REPRESENTATION('',(#5343),#7266);
#6420=REPRESENTATION('',(#5344),#7266);
#6421=REPRESENTATION('',(#5345),#7266);
#6422=REPRESENTATION('',(#5346),#7266);
#6423=REPRESENTATION('',(#5347),#7266);
#6424=REPRESENTATION('',(#5348),#7266);
#6425=REPRESENTATION('',(#5349),#7266);
#6426=REPRESENTATION('',(#5350),#7266);
#6427=REPRESENTATION('',(#5351),#7266);
#6428=REPRESENTATION('',(#5352),#7266);
#6429=REPRESENTATION('',(#5353),#7266);
#6430=REPRESENTATION('',(#5354),#7266);
#6431=REPRESENTATION('',(#5355),#7266);
#6432=REPRESENTATION('',(#5356),#7266);
#6433=REPRESENTATION('',(#5357),#7266);
#6434=REPRESENTATION('',(#5358),#7266);
#6435=REPRESENTATION('',(#5359),#7266);
#6436=REPRESENTATION('',(#5360),#7266);
#6437=REPRESENTATION('',(#5361),#7266);
#6438=REPRESENTATION('',(#5362),#7266);
#6439=REPRESENTATION('',(#5363),#7266);
#6440=REPRESENTATION('',(#5364),#7266);
#6441=REPRESENTATION('',(#5365),#7266);
#6442=REPRESENTATION('',(#5366),#7266);
#6443=REPRESENTATION('',(#5367),#7266);
#6444=REPRESENTATION('',(#5368),#7266);
#6445=REPRESENTATION('',(#5369),#7266);
#6446=REPRESENTATION('',(#5370),#7266);
#6447=REPRESENTATION('',(#5371),#7266);
#6448=REPRESENTATION('',(#5372),#7266);
#6449=REPRESENTATION('',(#5373),#7266);
#6450=REPRESENTATION('',(#5374),#7266);
#6451=REPRESENTATION('',(#5375),#7266);
#6452=REPRESENTATION('',(#5376),#7266);
#6453=REPRESENTATION('',(#5377),#7266);
#6454=REPRESENTATION('',(#5378),#7266);
#6455=REPRESENTATION('',(#5379),#7266);
#6456=REPRESENTATION('',(#5380),#7266);
#6457=REPRESENTATION('',(#5381),#7266);
#6458=REPRESENTATION('',(#5382),#7266);
#6459=REPRESENTATION('',(#5383),#7266);
#6460=REPRESENTATION('',(#5384),#7266);
#6461=REPRESENTATION('',(#5385),#7266);
#6462=REPRESENTATION('',(#5386),#7266);
#6463=REPRESENTATION('',(#5387),#7266);
#6464=REPRESENTATION('',(#5388),#7266);
#6465=REPRESENTATION('',(#5389),#7266);
#6466=REPRESENTATION('',(#5390),#7266);
#6467=REPRESENTATION('',(#5391),#7266);
#6468=REPRESENTATION('',(#5392),#7266);
#6469=REPRESENTATION('',(#5393),#7266);
#6470=REPRESENTATION('',(#5394),#7266);
#6471=REPRESENTATION('',(#5395),#7266);
#6472=REPRESENTATION('',(#5396),#7266);
#6473=REPRESENTATION('',(#5397),#7266);
#6474=REPRESENTATION('',(#5398),#7266);
#6475=REPRESENTATION('',(#5399),#7266);
#6476=REPRESENTATION('',(#5400),#7266);
#6477=REPRESENTATION('',(#5401),#7266);
#6478=REPRESENTATION('',(#5402),#7266);
#6479=REPRESENTATION('',(#5403),#7266);
#6480=REPRESENTATION('',(#5404),#7266);
#6481=REPRESENTATION('',(#5405),#7266);
#6482=REPRESENTATION('',(#5406),#7266);
#6483=REPRESENTATION('',(#5407),#7266);
#6484=REPRESENTATION('',(#5408),#7266);
#6485=REPRESENTATION('',(#5409),#7266);
#6486=REPRESENTATION('',(#5410),#7266);
#6487=REPRESENTATION('',(#5411),#7266);
#6488=REPRESENTATION('',(#5412),#7266);
#6489=REPRESENTATION('',(#5413),#7266);
#6490=REPRESENTATION('',(#5414),#7266);
#6491=REPRESENTATION('',(#5415),#7266);
#6492=REPRESENTATION('',(#5416),#7266);
#6493=REPRESENTATION('',(#5417),#7266);
#6494=REPRESENTATION('',(#5418),#7266);
#6495=REPRESENTATION('',(#5419),#7266);
#6496=REPRESENTATION('',(#5420),#7266);
#6497=REPRESENTATION('',(#5421),#7266);
#6498=REPRESENTATION('',(#5422),#7266);
#6499=REPRESENTATION('',(#5423),#7266);
#6500=REPRESENTATION('',(#5424),#7266);
#6501=REPRESENTATION('',(#5425),#7266);
#6502=REPRESENTATION('',(#5426),#7266);
#6503=REPRESENTATION('',(#5427),#7266);
#6504=REPRESENTATION('',(#5428),#7266);
#6505=REPRESENTATION('',(#5429),#7266);
#6506=REPRESENTATION('',(#5430),#7266);
#6507=REPRESENTATION('',(#5431),#7266);
#6508=REPRESENTATION('',(#5432),#7266);
#6509=REPRESENTATION('',(#5433),#7266);
#6510=REPRESENTATION('',(#5434),#7266);
#6511=REPRESENTATION('',(#5435),#7266);
#6512=REPRESENTATION('',(#5436),#7266);
#6513=REPRESENTATION('',(#5437),#7266);
#6514=REPRESENTATION('',(#5438),#7266);
#6515=REPRESENTATION('',(#5439),#7266);
#6516=REPRESENTATION('',(#5440),#7266);
#6517=REPRESENTATION('',(#5441),#7266);
#6518=REPRESENTATION('',(#5442),#7266);
#6519=REPRESENTATION('',(#5443),#7266);
#6520=REPRESENTATION('',(#5444),#7266);
#6521=REPRESENTATION('',(#5445),#7266);
#6522=REPRESENTATION('',(#5446),#7266);
#6523=REPRESENTATION('',(#5447),#7266);
#6524=REPRESENTATION('',(#5448),#7266);
#6525=REPRESENTATION('',(#5449),#7266);
#6526=REPRESENTATION('',(#5450),#7266);
#6527=REPRESENTATION('',(#5451),#7266);
#6528=REPRESENTATION('',(#5452),#7266);
#6529=REPRESENTATION('',(#5453),#7266);
#6530=REPRESENTATION('',(#5454),#7266);
#6531=REPRESENTATION('',(#5455),#7266);
#6532=REPRESENTATION('',(#5456),#7266);
#6533=REPRESENTATION('',(#5457),#7266);
#6534=REPRESENTATION('',(#5458),#7266);
#6535=REPRESENTATION('',(#5459),#7266);
#6536=REPRESENTATION('',(#5460),#7266);
#6537=REPRESENTATION('',(#5461),#7266);
#6538=REPRESENTATION('',(#5462),#7266);
#6539=REPRESENTATION('',(#5463),#7266);
#6540=REPRESENTATION('',(#5464),#7266);
#6541=REPRESENTATION('',(#5465),#7266);
#6542=REPRESENTATION('',(#5466),#7266);
#6543=REPRESENTATION('',(#5467),#7266);
#6544=REPRESENTATION('',(#5468),#7266);
#6545=REPRESENTATION('',(#5469),#7266);
#6546=REPRESENTATION('',(#5470),#7266);
#6547=REPRESENTATION('',(#5471),#7266);
#6548=REPRESENTATION('',(#5472),#7266);
#6549=REPRESENTATION('',(#5473),#7266);
#6550=REPRESENTATION('',(#5474),#7266);
#6551=REPRESENTATION('',(#5475),#7266);
#6552=REPRESENTATION('',(#5476),#7266);
#6553=REPRESENTATION('',(#5477),#7266);
#6554=REPRESENTATION('',(#5478),#7266);
#6555=REPRESENTATION('',(#5479),#7266);
#6556=REPRESENTATION('',(#5480),#7266);
#6557=REPRESENTATION('',(#5481),#7266);
#6558=REPRESENTATION('',(#5482),#7266);
#6559=REPRESENTATION('',(#5483),#7266);
#6560=REPRESENTATION('',(#5484),#7266);
#6561=REPRESENTATION('',(#5485),#7266);
#6562=REPRESENTATION('',(#5486),#7266);
#6563=REPRESENTATION('',(#5487),#7266);
#6564=REPRESENTATION('',(#5488),#7266);
#6565=REPRESENTATION('',(#5489),#7266);
#6566=REPRESENTATION('',(#5490),#7266);
#6567=REPRESENTATION('',(#5491),#7266);
#6568=REPRESENTATION('',(#5492),#7266);
#6569=REPRESENTATION('',(#5493),#7266);
#6570=REPRESENTATION('',(#5494),#7266);
#6571=REPRESENTATION('',(#5495),#7266);
#6572=REPRESENTATION('',(#5496),#7266);
#6573=REPRESENTATION('',(#5497),#7266);
#6574=REPRESENTATION('',(#5498),#7266);
#6575=REPRESENTATION('',(#5499),#7266);
#6576=REPRESENTATION('',(#5500),#7266);
#6577=REPRESENTATION('',(#5501),#7266);
#6578=REPRESENTATION('',(#5502),#7266);
#6579=REPRESENTATION('',(#5503),#7266);
#6580=REPRESENTATION('',(#5504),#7266);
#6581=REPRESENTATION('',(#5505),#7266);
#6582=REPRESENTATION('',(#5506),#7266);
#6583=REPRESENTATION('',(#5507),#7266);
#6584=REPRESENTATION('',(#5508),#7266);
#6585=REPRESENTATION('',(#5509),#7266);
#6586=REPRESENTATION('',(#5510),#7266);
#6587=REPRESENTATION('',(#5511),#7266);
#6588=REPRESENTATION('',(#5512),#7266);
#6589=REPRESENTATION('',(#5513),#7266);
#6590=REPRESENTATION('',(#5514),#7266);
#6591=REPRESENTATION('',(#5515),#7266);
#6592=REPRESENTATION('',(#5516),#7266);
#6593=REPRESENTATION('',(#5517),#7266);
#6594=REPRESENTATION('',(#5518),#7266);
#6595=REPRESENTATION('',(#5519),#7266);
#6596=REPRESENTATION('',(#5520),#7266);
#6597=REPRESENTATION('',(#5521),#7266);
#6598=REPRESENTATION('',(#5522),#7266);
#6599=REPRESENTATION('',(#5523),#7266);
#6600=REPRESENTATION('',(#5524),#7266);
#6601=REPRESENTATION('',(#5525),#7266);
#6602=REPRESENTATION('',(#5526),#7266);
#6603=REPRESENTATION('',(#5527),#7266);
#6604=REPRESENTATION('',(#5528),#7266);
#6605=REPRESENTATION('',(#5529),#7266);
#6606=REPRESENTATION('',(#5530),#7266);
#6607=REPRESENTATION('',(#5531),#7266);
#6608=REPRESENTATION('',(#5532),#7266);
#6609=REPRESENTATION('',(#5533),#7266);
#6610=REPRESENTATION('',(#5534),#7266);
#6611=REPRESENTATION('',(#5535),#7266);
#6612=REPRESENTATION('',(#5536),#7266);
#6613=REPRESENTATION('',(#5537),#7266);
#6614=REPRESENTATION('',(#5538),#7266);
#6615=REPRESENTATION('',(#5539),#7266);
#6616=REPRESENTATION('',(#5540),#7266);
#6617=REPRESENTATION('',(#5541),#7266);
#6618=REPRESENTATION('',(#5542),#7266);
#6619=REPRESENTATION('',(#5543),#7266);
#6620=REPRESENTATION('',(#5544),#7266);
#6621=REPRESENTATION('',(#5545),#7266);
#6622=REPRESENTATION('',(#5546),#7266);
#6623=REPRESENTATION('',(#5547),#7266);
#6624=REPRESENTATION('',(#5548),#7266);
#6625=REPRESENTATION('',(#5549),#7266);
#6626=REPRESENTATION('',(#5550),#7266);
#6627=REPRESENTATION('',(#5551),#7266);
#6628=REPRESENTATION('',(#5552),#7266);
#6629=REPRESENTATION('',(#5553),#7266);
#6630=REPRESENTATION('',(#5554),#7266);
#6631=REPRESENTATION('',(#5555),#7266);
#6632=REPRESENTATION('',(#5556),#7266);
#6633=REPRESENTATION('',(#5557),#7266);
#6634=REPRESENTATION('',(#5558),#7266);
#6635=REPRESENTATION('',(#5559),#7266);
#6636=REPRESENTATION('',(#5560),#7266);
#6637=REPRESENTATION('',(#5561),#7266);
#6638=REPRESENTATION('',(#5562),#7266);
#6639=REPRESENTATION('',(#5563),#7266);
#6640=REPRESENTATION('',(#5564),#7266);
#6641=REPRESENTATION('',(#5565),#7266);
#6642=REPRESENTATION('',(#5566),#7266);
#6643=REPRESENTATION('',(#5567),#7266);
#6644=REPRESENTATION('',(#5568),#7266);
#6645=REPRESENTATION('',(#5569),#7266);
#6646=REPRESENTATION('',(#5570),#7266);
#6647=REPRESENTATION('',(#5571),#7266);
#6648=REPRESENTATION('',(#5572),#7266);
#6649=REPRESENTATION('',(#5573),#7266);
#6650=REPRESENTATION('',(#5574),#7266);
#6651=REPRESENTATION('',(#5575),#7266);
#6652=REPRESENTATION('',(#5576),#7266);
#6653=REPRESENTATION('',(#5577),#7266);
#6654=REPRESENTATION('',(#5578),#7266);
#6655=REPRESENTATION('',(#5579),#7266);
#6656=REPRESENTATION('',(#5580),#7266);
#6657=REPRESENTATION('',(#5581),#7266);
#6658=REPRESENTATION('',(#5582),#7266);
#6659=REPRESENTATION('',(#5583),#7266);
#6660=REPRESENTATION('',(#5584),#7266);
#6661=REPRESENTATION('',(#5585),#7266);
#6662=REPRESENTATION('',(#5586),#7266);
#6663=REPRESENTATION('',(#5587),#7266);
#6664=REPRESENTATION('',(#5588),#7266);
#6665=REPRESENTATION('',(#5589),#7266);
#6666=REPRESENTATION('',(#5590),#7266);
#6667=REPRESENTATION('',(#5591),#7266);
#6668=REPRESENTATION('',(#5592),#7266);
#6669=REPRESENTATION('',(#5593),#7266);
#6670=REPRESENTATION('',(#5594),#7266);
#6671=REPRESENTATION('',(#5595),#7266);
#6672=REPRESENTATION('',(#5596),#7266);
#6673=REPRESENTATION('',(#5597),#7266);
#6674=REPRESENTATION('',(#5598),#7266);
#6675=REPRESENTATION('',(#5599),#7266);
#6676=REPRESENTATION('',(#5600),#7266);
#6677=REPRESENTATION('',(#5601),#7266);
#6678=REPRESENTATION('',(#5602),#7266);
#6679=REPRESENTATION('',(#5603),#7266);
#6680=REPRESENTATION('',(#5604),#7266);
#6681=REPRESENTATION('',(#5605),#7266);
#6682=REPRESENTATION('',(#73,#74,#5626,#6722),#7266);
#6683=REPRESENTATION('',(#75,#76,#5629,#6723),#7266);
#6684=REPRESENTATION('',(#77,#78,#5632,#6724),#7266);
#6685=REPRESENTATION('',(#79,#80,#5635,#6725),#7266);
#6686=REPRESENTATION('',(#81,#82,#5638,#6726),#7266);
#6687=REPRESENTATION('',(#83,#84,#5641,#6727),#7266);
#6688=REPRESENTATION('',(#85,#86,#5644,#6728),#7266);
#6689=REPRESENTATION('',(#87,#88,#89,#5647,#6729),#7266);
#6690=REPRESENTATION('',(#90,#91,#5650,#6730),#7266);
#6691=REPRESENTATION('',(#92,#93,#5653,#6731),#7266);
#6692=REPRESENTATION('',(#94,#95,#5656,#6732),#7266);
#6693=REPRESENTATION('',(#96,#97,#5662,#6733),#7266);
#6694=REPRESENTATION('',(#98,#99,#5665,#6734),#7266);
#6695=REPRESENTATION('',(#100,#101,#5668,#6735),#7266);
#6696=REPRESENTATION('',(#102,#103,#5671,#6736),#7266);
#6697=REPRESENTATION('',(#104,#105,#5674,#6737),#7266);
#6698=REPRESENTATION('',(#106,#107,#5677,#6738),#7266);
#6699=REPRESENTATION('',(#108,#109,#5680,#6739),#7266);
#6700=REPRESENTATION('',(#110,#111,#5683,#6740),#7266);
#6701=REPRESENTATION('',(#112,#113,#5686,#6741),#7266);
#6702=REPRESENTATION('',(#114,#115,#5689,#6742),#7266);
#6703=REPRESENTATION('',(#116,#117,#5692,#6743),#7266);
#6704=REPRESENTATION('',(#118,#119,#5695,#6744),#7266);
#6705=REPRESENTATION('',(#120,#121,#5698,#6745),#7266);
#6706=REPRESENTATION('',(#122,#123,#5701,#6746),#7266);
#6707=REPRESENTATION('',(#124,#125,#5704,#6747),#7266);
#6708=REPRESENTATION('',(#126,#127,#5707,#6748),#7266);
#6709=REPRESENTATION('',(#128,#129,#5710,#6749),#7266);
#6710=REPRESENTATION('',(#130,#131,#5713,#6750),#7266);
#6711=REPRESENTATION('',(#132,#133,#5716,#6751),#7266);
#6712=REPRESENTATION('',(#134,#135,#5719,#6752),#7266);
#6713=REPRESENTATION('',(#5725,#5726,#5727,#5728,#5729),#7266);
#6714=DESCRIPTIVE_REPRESENTATION_ITEM('','1');
#6715=DESCRIPTIVE_REPRESENTATION_ITEM('',
'000684_B;1-Rotor Shaft Machined');
#6716=DESCRIPTIVE_REPRESENTATION_ITEM('','000684');
#6717=DESCRIPTIVE_REPRESENTATION_ITEM('','B');
#6718=DESCRIPTIVE_REPRESENTATION_ITEM('','Rotor Shaft Machined');
#6719=DESCRIPTIVE_REPRESENTATION_ITEM('','000684');
#6720=DESCRIPTIVE_REPRESENTATION_ITEM('','Item');
#6721=DESCRIPTIVE_REPRESENTATION_ITEM('','000684');
#6722=DESCRIPTIVE_REPRESENTATION_ITEM('equivalent unicode string',
'DIM\\w35.6');
#6723=DESCRIPTIVE_REPRESENTATION_ITEM('equivalent unicode string',
'DIM\\w30.0 p6');
#6724=DESCRIPTIVE_REPRESENTATION_ITEM('equivalent unicode string',
'DIM\\w25.0 p6');
#6725=DESCRIPTIVE_REPRESENTATION_ITEM('equivalent unicode string',
'DIM\\w24.0');
#6726=DESCRIPTIVE_REPRESENTATION_ITEM('equivalent unicode string',
'FCF\\w\\X2\\2330\\X0\\\\w0.004\\wA');
#6727=DESCRIPTIVE_REPRESENTATION_ITEM('equivalent unicode string',
'DIM\\w30.0');
#6728=DESCRIPTIVE_REPRESENTATION_ITEM('equivalent unicode string',
'DTM\\wA');
#6729=DESCRIPTIVE_REPRESENTATION_ITEM('equivalent unicode string',
'DIM\\w33.0');
#6730=DESCRIPTIVE_REPRESENTATION_ITEM('equivalent unicode string',
'DIM\\w30.0');
#6731=DESCRIPTIVE_REPRESENTATION_ITEM('equivalent unicode string',
'DIM\\w28.0');
#6732=DESCRIPTIVE_REPRESENTATION_ITEM('equivalent unicode string',
'FCF\\w\\X2\\2330\\X0\\\\w0.004\\wA');
#6733=DESCRIPTIVE_REPRESENTATION_ITEM('equivalent unicode string',
'DIM\\w14,8');
#6734=DESCRIPTIVE_REPRESENTATION_ITEM('equivalent unicode string',
'DIM\\w14,0');
#6735=DESCRIPTIVE_REPRESENTATION_ITEM('equivalent unicode string',
'DIM\\w41,0');
#6736=DESCRIPTIVE_REPRESENTATION_ITEM('equivalent unicode string',
'DIM\\w24,0');
#6737=DESCRIPTIVE_REPRESENTATION_ITEM('equivalent unicode string',
'DIM\\w35,6');
#6738=DESCRIPTIVE_REPRESENTATION_ITEM('equivalent unicode string',
'DIM\\w2,0');
#6739=DESCRIPTIVE_REPRESENTATION_ITEM('equivalent unicode string',
'DIM\\w120,0');
#6740=DESCRIPTIVE_REPRESENTATION_ITEM('equivalent unicode string',
'DIM\\w16,0');
#6741=DESCRIPTIVE_REPRESENTATION_ITEM('equivalent unicode string',
'DIM\\w2,0');
#6742=DESCRIPTIVE_REPRESENTATION_ITEM('equivalent unicode string',
'DIM\\w58,0');
#6743=DESCRIPTIVE_REPRESENTATION_ITEM('equivalent unicode string',
'DIM\\w29,0');
#6744=DESCRIPTIVE_REPRESENTATION_ITEM('equivalent unicode string',
'DIM\\w49,0');
#6745=DESCRIPTIVE_REPRESENTATION_ITEM('equivalent unicode string',
'DIM\\w14,0');
#6746=DESCRIPTIVE_REPRESENTATION_ITEM('equivalent unicode string',
'DIM\\w35,6');
#6747=DESCRIPTIVE_REPRESENTATION_ITEM('equivalent unicode string',
'DIM\\w14,0');
#6748=DESCRIPTIVE_REPRESENTATION_ITEM('equivalent unicode string',
'DIM\\w2,0');
#6749=DESCRIPTIVE_REPRESENTATION_ITEM('equivalent unicode string',
'DIM\\w19,2');
#6750=DESCRIPTIVE_REPRESENTATION_ITEM('equivalent unicode string',
'DIM\\w8,0');
#6751=DESCRIPTIVE_REPRESENTATION_ITEM('equivalent unicode string',
'DIM\\w24,0');
#6752=DESCRIPTIVE_REPRESENTATION_ITEM('equivalent unicode string',
'DIM\\w44,0');
#6753=GENERAL_PROPERTY_ASSOCIATION('',$,#7255,#6763);
#6754=GENERAL_PROPERTY_ASSOCIATION('',$,#7256,#6764);
#6755=GENERAL_PROPERTY_ASSOCIATION('',$,#7257,#6765);
#6756=GENERAL_PROPERTY_ASSOCIATION('',$,#7258,#6766);
#6757=GENERAL_PROPERTY_ASSOCIATION('',$,#7259,#6767);
#6758=GENERAL_PROPERTY_ASSOCIATION('',$,#7260,#6768);
#6759=GENERAL_PROPERTY_ASSOCIATION('',$,#7261,#6769);
#6760=GENERAL_PROPERTY_ASSOCIATION('',$,#7262,#6770);
#6761=GENERAL_PROPERTY_ASSOCIATION('',$,#7263,#6771);
#6762=GENERAL_PROPERTY_ASSOCIATION('',$,#7264,#6772);
#6763=PROPERTY_DEFINITION('LAYER',$,#7319);
#6764=PROPERTY_DEFINITION('Name',$,#7319);
#6765=PROPERTY_DEFINITION('DB_PART_DESC',$,#7319);
#6766=PROPERTY_DEFINITION('DB_PART_REV',$,#7319);
#6767=PROPERTY_DEFINITION('DB_PART_NAME',$,#7319);
#6768=PROPERTY_DEFINITION('DB_PART_NO',$,#7319);
#6769=PROPERTY_DEFINITION('DB_PART_TYPE',$,#7319);
#6770=PROPERTY_DEFINITION('DB_PART_MFKID',$,#7319);
#6771=PROPERTY_DEFINITION('NX_MaterialMultipleAssigned',$,#7319);
#6772=PROPERTY_DEFINITION('NX_MaterialMissingAssignments',$,#7319);
#6773=PROPERTY_DEFINITION('geometric validation property','',#2874);
#6774=PROPERTY_DEFINITION('geometric validation property','',#2875);
#6775=PROPERTY_DEFINITION('geometric validation property','',#2876);
#6776=PROPERTY_DEFINITION('geometric validation property','',#2877);
#6777=PROPERTY_DEFINITION('geometric validation property','',#2878);
#6778=PROPERTY_DEFINITION('geometric validation property','',#2879);
#6779=PROPERTY_DEFINITION('geometric validation property','',#2880);
#6780=PROPERTY_DEFINITION('geometric validation property','',#2881);
#6781=PROPERTY_DEFINITION('geometric validation property','',#2882);
#6782=PROPERTY_DEFINITION('geometric validation property','',#2883);
#6783=PROPERTY_DEFINITION('geometric validation property','',#2884);
#6784=PROPERTY_DEFINITION('geometric validation property','',#2885);
#6785=PROPERTY_DEFINITION('geometric validation property','',#2886);
#6786=PROPERTY_DEFINITION('geometric validation property','',#2887);
#6787=PROPERTY_DEFINITION('geometric validation property','',#2888);
#6788=PROPERTY_DEFINITION('geometric validation property','',#2889);
#6789=PROPERTY_DEFINITION('geometric validation property','',#2890);
#6790=PROPERTY_DEFINITION('geometric validation property','',#2891);
#6791=PROPERTY_DEFINITION('geometric validation property','',#2892);
#6792=PROPERTY_DEFINITION('geometric validation property','',#2893);
#6793=PROPERTY_DEFINITION('geometric validation property','',#2894);
#6794=PROPERTY_DEFINITION('geometric validation property','',#2895);
#6795=PROPERTY_DEFINITION('geometric validation property','',#2896);
#6796=PROPERTY_DEFINITION('geometric validation property','',#2897);
#6797=PROPERTY_DEFINITION('geometric validation property','',#2898);
#6798=PROPERTY_DEFINITION('geometric validation property','',#2899);
#6799=PROPERTY_DEFINITION('geometric validation property','',#2900);
#6800=PROPERTY_DEFINITION('geometric validation property','',#2901);
#6801=PROPERTY_DEFINITION('geometric validation property','',#2902);
#6802=PROPERTY_DEFINITION('geometric validation property','',#2903);
#6803=PROPERTY_DEFINITION('geometric validation property','',#2904);
#6804=PROPERTY_DEFINITION('geometric validation property','',#2905);
#6805=PROPERTY_DEFINITION('geometric validation property','',#2906);
#6806=PROPERTY_DEFINITION('geometric validation property','',#2907);
#6807=PROPERTY_DEFINITION('geometric validation property','',#2908);
#6808=PROPERTY_DEFINITION('geometric validation property','',#2909);
#6809=PROPERTY_DEFINITION('geometric validation property','',#2910);
#6810=PROPERTY_DEFINITION('geometric validation property','',#2911);
#6811=PROPERTY_DEFINITION('geometric validation property','',#2912);
#6812=PROPERTY_DEFINITION('geometric validation property','',#2913);
#6813=PROPERTY_DEFINITION('geometric validation property','',#2914);
#6814=PROPERTY_DEFINITION('geometric validation property','',#2915);
#6815=PROPERTY_DEFINITION('geometric validation property','',#2916);
#6816=PROPERTY_DEFINITION('geometric validation property','',#2917);
#6817=PROPERTY_DEFINITION('geometric validation property','',#2918);
#6818=PROPERTY_DEFINITION('geometric validation property','',#2919);
#6819=PROPERTY_DEFINITION('geometric validation property','',#2920);
#6820=PROPERTY_DEFINITION('geometric validation property','',#2921);
#6821=PROPERTY_DEFINITION('geometric validation property','',#2922);
#6822=PROPERTY_DEFINITION('geometric validation property','',#2923);
#6823=PROPERTY_DEFINITION('geometric validation property','',#2924);
#6824=PROPERTY_DEFINITION('geometric validation property','',#2925);
#6825=PROPERTY_DEFINITION('geometric validation property','',#2926);
#6826=PROPERTY_DEFINITION('geometric validation property','',#2927);
#6827=PROPERTY_DEFINITION('geometric validation property','',#2928);
#6828=PROPERTY_DEFINITION('geometric validation property','',#2929);
#6829=PROPERTY_DEFINITION('geometric validation property','',#2930);
#6830=PROPERTY_DEFINITION('geometric validation property','',#2931);
#6831=PROPERTY_DEFINITION('geometric validation property','',#2932);
#6832=PROPERTY_DEFINITION('geometric validation property','',#2933);
#6833=PROPERTY_DEFINITION('geometric validation property','',#2934);
#6834=PROPERTY_DEFINITION('geometric validation property','',#2935);
#6835=PROPERTY_DEFINITION('geometric validation property','',#2936);
#6836=PROPERTY_DEFINITION('geometric validation property','',#2937);
#6837=PROPERTY_DEFINITION('geometric validation property','',#2938);
#6838=PROPERTY_DEFINITION('geometric validation property','',#2939);
#6839=PROPERTY_DEFINITION('geometric validation property','',#2940);
#6840=PROPERTY_DEFINITION('geometric validation property','',#2941);
#6841=PROPERTY_DEFINITION('geometric validation property','',#2942);
#6842=PROPERTY_DEFINITION('geometric validation property','',#2943);
#6843=PROPERTY_DEFINITION('geometric validation property','',#2944);
#6844=PROPERTY_DEFINITION('geometric validation property','',#2945);
#6845=PROPERTY_DEFINITION('geometric validation property','',#2946);
#6846=PROPERTY_DEFINITION('geometric validation property','',#2947);
#6847=PROPERTY_DEFINITION('geometric validation property','',#2948);
#6848=PROPERTY_DEFINITION('geometric validation property','',#2949);
#6849=PROPERTY_DEFINITION('geometric validation property','',#2950);
#6850=PROPERTY_DEFINITION('geometric validation property','',#2951);
#6851=PROPERTY_DEFINITION('geometric validation property','',#2952);
#6852=PROPERTY_DEFINITION('geometric validation property','',#2953);
#6853=PROPERTY_DEFINITION('geometric validation property','',#2954);
#6854=PROPERTY_DEFINITION('geometric validation property','',#2955);
#6855=PROPERTY_DEFINITION('geometric validation property','',#2956);
#6856=PROPERTY_DEFINITION('geometric validation property','',#2957);
#6857=PROPERTY_DEFINITION('geometric validation property','',#2958);
#6858=PROPERTY_DEFINITION('geometric validation property','',#2959);
#6859=PROPERTY_DEFINITION('geometric validation property','',#2960);
#6860=PROPERTY_DEFINITION('geometric validation property','',#2961);
#6861=PROPERTY_DEFINITION('geometric validation property','',#2962);
#6862=PROPERTY_DEFINITION('geometric validation property','',#2963);
#6863=PROPERTY_DEFINITION('geometric validation property','',#2964);
#6864=PROPERTY_DEFINITION('geometric validation property','',#2965);
#6865=PROPERTY_DEFINITION('geometric validation property','',#2966);
#6866=PROPERTY_DEFINITION('geometric validation property','',#2967);
#6867=PROPERTY_DEFINITION('geometric validation property','',#2968);
#6868=PROPERTY_DEFINITION('geometric validation property','',#2969);
#6869=PROPERTY_DEFINITION('geometric validation property','',#2970);
#6870=PROPERTY_DEFINITION('geometric validation property','',#2971);
#6871=PROPERTY_DEFINITION('geometric validation property','',#2972);
#6872=PROPERTY_DEFINITION('geometric validation property','',#2973);
#6873=PROPERTY_DEFINITION('geometric validation property','',#2974);
#6874=PROPERTY_DEFINITION('geometric validation property','',#2975);
#6875=PROPERTY_DEFINITION('geometric validation property','',#2976);
#6876=PROPERTY_DEFINITION('geometric validation property','',#2977);
#6877=PROPERTY_DEFINITION('geometric validation property','',#2978);
#6878=PROPERTY_DEFINITION('geometric validation property','',#2979);
#6879=PROPERTY_DEFINITION('geometric validation property','',#2980);
#6880=PROPERTY_DEFINITION('geometric validation property','',#2981);
#6881=PROPERTY_DEFINITION('geometric validation property','',#2982);
#6882=PROPERTY_DEFINITION('geometric validation property','',#2983);
#6883=PROPERTY_DEFINITION('geometric validation property','',#2984);
#6884=PROPERTY_DEFINITION('geometric validation property','',#2985);
#6885=PROPERTY_DEFINITION('geometric validation property','',#2986);
#6886=PROPERTY_DEFINITION('geometric validation property','',#2987);
#6887=PROPERTY_DEFINITION('geometric validation property','',#2988);
#6888=PROPERTY_DEFINITION('geometric validation property','',#2989);
#6889=PROPERTY_DEFINITION('geometric validation property','',#2990);
#6890=PROPERTY_DEFINITION('geometric validation property','',#2991);
#6891=PROPERTY_DEFINITION('geometric validation property','',#2992);
#6892=PROPERTY_DEFINITION('geometric validation property','',#2993);
#6893=PROPERTY_DEFINITION('geometric validation property','',#2994);
#6894=PROPERTY_DEFINITION('geometric validation property','',#2995);
#6895=PROPERTY_DEFINITION('geometric validation property','',#2996);
#6896=PROPERTY_DEFINITION('geometric validation property','',#2997);
#6897=PROPERTY_DEFINITION('geometric validation property','',#2998);
#6898=PROPERTY_DEFINITION('geometric validation property','',#2999);
#6899=PROPERTY_DEFINITION('geometric validation property','',#3000);
#6900=PROPERTY_DEFINITION('geometric validation property','',#3001);
#6901=PROPERTY_DEFINITION('geometric validation property','',#3002);
#6902=PROPERTY_DEFINITION('geometric validation property','',#3003);
#6903=PROPERTY_DEFINITION('geometric validation property','',#3004);
#6904=PROPERTY_DEFINITION('geometric validation property','',#3005);
#6905=PROPERTY_DEFINITION('geometric validation property','',#3006);
#6906=PROPERTY_DEFINITION('geometric validation property','',#3007);
#6907=PROPERTY_DEFINITION('geometric validation property','',#3008);
#6908=PROPERTY_DEFINITION('geometric validation property','',#3009);
#6909=PROPERTY_DEFINITION('geometric validation property','',#3010);
#6910=PROPERTY_DEFINITION('geometric validation property','',#3011);
#6911=PROPERTY_DEFINITION('geometric validation property','',#3012);
#6912=PROPERTY_DEFINITION('geometric validation property','',#3013);
#6913=PROPERTY_DEFINITION('geometric validation property','',#3014);
#6914=PROPERTY_DEFINITION('geometric validation property','',#3015);
#6915=PROPERTY_DEFINITION('geometric validation property','',#3016);
#6916=PROPERTY_DEFINITION('geometric validation property','',#3017);
#6917=PROPERTY_DEFINITION('geometric validation property','',#3018);
#6918=PROPERTY_DEFINITION('geometric validation property','',#3019);
#6919=PROPERTY_DEFINITION('geometric validation property','',#3020);
#6920=PROPERTY_DEFINITION('geometric validation property','',#3021);
#6921=PROPERTY_DEFINITION('geometric validation property','',#3022);
#6922=PROPERTY_DEFINITION('geometric validation property','',#3023);
#6923=PROPERTY_DEFINITION('geometric validation property','',#3024);
#6924=PROPERTY_DEFINITION('geometric validation property','',#3025);
#6925=PROPERTY_DEFINITION('geometric validation property','',#3026);
#6926=PROPERTY_DEFINITION('geometric validation property','',#3027);
#6927=PROPERTY_DEFINITION('geometric validation property','',#3028);
#6928=PROPERTY_DEFINITION('geometric validation property','',#3029);
#6929=PROPERTY_DEFINITION('geometric validation property','',#3030);
#6930=PROPERTY_DEFINITION('geometric validation property','',#3031);
#6931=PROPERTY_DEFINITION('geometric validation property','',#3032);
#6932=PROPERTY_DEFINITION('geometric validation property','',#3033);
#6933=PROPERTY_DEFINITION('geometric validation property','',#3034);
#6934=PROPERTY_DEFINITION('geometric validation property','',#3035);
#6935=PROPERTY_DEFINITION('geometric validation property','',#3036);
#6936=PROPERTY_DEFINITION('geometric validation property','',#3037);
#6937=PROPERTY_DEFINITION('geometric validation property','',#3038);
#6938=PROPERTY_DEFINITION('geometric validation property','',#3039);
#6939=PROPERTY_DEFINITION('geometric validation property','',#3040);
#6940=PROPERTY_DEFINITION('geometric validation property','',#3041);
#6941=PROPERTY_DEFINITION('geometric validation property','',#3042);
#6942=PROPERTY_DEFINITION('geometric validation property','',#3043);
#6943=PROPERTY_DEFINITION('geometric validation property','',#3044);
#6944=PROPERTY_DEFINITION('geometric validation property','',#3045);
#6945=PROPERTY_DEFINITION('geometric validation property','',#3046);
#6946=PROPERTY_DEFINITION('geometric validation property','',#3047);
#6947=PROPERTY_DEFINITION('geometric validation property','',#3048);
#6948=PROPERTY_DEFINITION('geometric validation property','',#3049);
#6949=PROPERTY_DEFINITION('geometric validation property','',#3050);
#6950=PROPERTY_DEFINITION('geometric validation property','',#3051);
#6951=PROPERTY_DEFINITION('geometric validation property','',#3052);
#6952=PROPERTY_DEFINITION('geometric validation property','',#3053);
#6953=PROPERTY_DEFINITION('geometric validation property','',#3054);
#6954=PROPERTY_DEFINITION('geometric validation property','',#3055);
#6955=PROPERTY_DEFINITION('geometric validation property','',#3056);
#6956=PROPERTY_DEFINITION('geometric validation property','',#3057);
#6957=PROPERTY_DEFINITION('geometric validation property','',#3058);
#6958=PROPERTY_DEFINITION('geometric validation property','',#3059);
#6959=PROPERTY_DEFINITION('geometric validation property','',#3060);
#6960=PROPERTY_DEFINITION('geometric validation property','',#3061);
#6961=PROPERTY_DEFINITION('geometric validation property','',#3062);
#6962=PROPERTY_DEFINITION('geometric validation property','',#3063);
#6963=PROPERTY_DEFINITION('geometric validation property','',#3064);
#6964=PROPERTY_DEFINITION('geometric validation property','',#3065);
#6965=PROPERTY_DEFINITION('geometric validation property','',#3066);
#6966=PROPERTY_DEFINITION('geometric validation property','',#3067);
#6967=PROPERTY_DEFINITION('geometric validation property','',#3068);
#6968=PROPERTY_DEFINITION('geometric validation property','',#3069);
#6969=PROPERTY_DEFINITION('geometric validation property','',#3070);
#6970=PROPERTY_DEFINITION('geometric validation property','',#3071);
#6971=PROPERTY_DEFINITION('geometric validation property','',#3072);
#6972=PROPERTY_DEFINITION('geometric validation property','',#3073);
#6973=PROPERTY_DEFINITION('geometric validation property','',#3074);
#6974=PROPERTY_DEFINITION('geometric validation property','',#3075);
#6975=PROPERTY_DEFINITION('geometric validation property','',#3076);
#6976=PROPERTY_DEFINITION('geometric validation property','',#3077);
#6977=PROPERTY_DEFINITION('geometric validation property','',#3078);
#6978=PROPERTY_DEFINITION('geometric validation property','',#3079);
#6979=PROPERTY_DEFINITION('geometric validation property','',#3080);
#6980=PROPERTY_DEFINITION('geometric validation property','',#3081);
#6981=PROPERTY_DEFINITION('geometric validation property','',#3082);
#6982=PROPERTY_DEFINITION('geometric validation property','',#3083);
#6983=PROPERTY_DEFINITION('geometric validation property','',#3084);
#6984=PROPERTY_DEFINITION('geometric validation property','',#3085);
#6985=PROPERTY_DEFINITION('geometric validation property','',#3086);
#6986=PROPERTY_DEFINITION('geometric validation property','',#3087);
#6987=PROPERTY_DEFINITION('geometric validation property','',#3088);
#6988=PROPERTY_DEFINITION('geometric validation property','',#3089);
#6989=PROPERTY_DEFINITION('geometric validation property','',#3090);
#6990=PROPERTY_DEFINITION('geometric validation property','',#3091);
#6991=PROPERTY_DEFINITION('geometric validation property','',#3092);
#6992=PROPERTY_DEFINITION('geometric validation property','',#3093);
#6993=PROPERTY_DEFINITION('geometric validation property','',#3094);
#6994=PROPERTY_DEFINITION('geometric validation property','',#3095);
#6995=PROPERTY_DEFINITION('geometric validation property','',#3096);
#6996=PROPERTY_DEFINITION('geometric validation property','',#3097);
#6997=PROPERTY_DEFINITION('geometric validation property','',#3098);
#6998=PROPERTY_DEFINITION('geometric validation property','',#3099);
#6999=PROPERTY_DEFINITION('geometric validation property','',#3100);
#7000=PROPERTY_DEFINITION('geometric validation property','',#3101);
#7001=PROPERTY_DEFINITION('geometric validation property','',#3102);
#7002=PROPERTY_DEFINITION('geometric validation property','',#3103);
#7003=PROPERTY_DEFINITION('geometric validation property','',#3104);
#7004=PROPERTY_DEFINITION('geometric validation property','',#3105);
#7005=PROPERTY_DEFINITION('geometric validation property','',#3106);
#7006=PROPERTY_DEFINITION('geometric validation property','',#3107);
#7007=PROPERTY_DEFINITION('geometric validation property','',#3108);
#7008=PROPERTY_DEFINITION('geometric validation property','',#3109);
#7009=PROPERTY_DEFINITION('geometric validation property','',#3110);
#7010=PROPERTY_DEFINITION('geometric validation property','',#3111);
#7011=PROPERTY_DEFINITION('geometric validation property','',#3112);
#7012=PROPERTY_DEFINITION('geometric validation property','',#3113);
#7013=PROPERTY_DEFINITION('geometric validation property','',#3114);
#7014=PROPERTY_DEFINITION('geometric validation property','',#3115);
#7015=PROPERTY_DEFINITION('geometric validation property','',#3116);
#7016=PROPERTY_DEFINITION('geometric validation property','',#3117);
#7017=PROPERTY_DEFINITION('geometric validation property','',#3118);
#7018=PROPERTY_DEFINITION('geometric validation property','',#3119);
#7019=PROPERTY_DEFINITION('geometric validation property','',#3120);
#7020=PROPERTY_DEFINITION('geometric validation property','',#3121);
#7021=PROPERTY_DEFINITION('geometric validation property','',#3122);
#7022=PROPERTY_DEFINITION('geometric validation property','',#3123);
#7023=PROPERTY_DEFINITION('geometric validation property','',#3124);
#7024=PROPERTY_DEFINITION('geometric validation property','',#3125);
#7025=PROPERTY_DEFINITION('geometric validation property','',#3126);
#7026=PROPERTY_DEFINITION('geometric validation property','',#3127);
#7027=PROPERTY_DEFINITION('geometric validation property','',#3128);
#7028=PROPERTY_DEFINITION('geometric validation property','',#3129);
#7029=PROPERTY_DEFINITION('geometric validation property','',#3130);
#7030=PROPERTY_DEFINITION('geometric validation property','',#3131);
#7031=PROPERTY_DEFINITION('geometric validation property','',#3132);
#7032=PROPERTY_DEFINITION('geometric validation property','',#3133);
#7033=PROPERTY_DEFINITION('geometric validation property','',#3134);
#7034=PROPERTY_DEFINITION('geometric validation property','',#3135);
#7035=PROPERTY_DEFINITION('geometric validation property','',#3136);
#7036=PROPERTY_DEFINITION('geometric validation property','',#3137);
#7037=PROPERTY_DEFINITION('geometric validation property','',#3138);
#7038=PROPERTY_DEFINITION('geometric validation property','',#3139);
#7039=PROPERTY_DEFINITION('geometric validation property','',#3140);
#7040=PROPERTY_DEFINITION('geometric validation property','',#3141);
#7041=PROPERTY_DEFINITION('geometric validation property','',#3142);
#7042=PROPERTY_DEFINITION('geometric validation property','',#3143);
#7043=PROPERTY_DEFINITION('geometric validation property','',#3144);
#7044=PROPERTY_DEFINITION('geometric validation property','',#3145);
#7045=PROPERTY_DEFINITION('geometric validation property','',#3146);
#7046=PROPERTY_DEFINITION('geometric validation property','',#3147);
#7047=PROPERTY_DEFINITION('geometric validation property','',#3148);
#7048=PROPERTY_DEFINITION('geometric validation property','',#3149);
#7049=PROPERTY_DEFINITION('geometric validation property','',#3150);
#7050=PROPERTY_DEFINITION('geometric validation property','',#3151);
#7051=PROPERTY_DEFINITION('geometric validation property','',#3152);
#7052=PROPERTY_DEFINITION('geometric validation property','',#3153);
#7053=PROPERTY_DEFINITION('geometric validation property','',#3154);
#7054=PROPERTY_DEFINITION('geometric validation property','',#3155);
#7055=PROPERTY_DEFINITION('geometric validation property','',#3156);
#7056=PROPERTY_DEFINITION('geometric validation property','',#3157);
#7057=PROPERTY_DEFINITION('geometric validation property','',#3158);
#7058=PROPERTY_DEFINITION('geometric validation property','',#3159);
#7059=PROPERTY_DEFINITION('geometric validation property','',#3160);
#7060=PROPERTY_DEFINITION('geometric validation property','',#3161);
#7061=PROPERTY_DEFINITION('geometric validation property','',#3162);
#7062=PROPERTY_DEFINITION('geometric validation property','',#3163);
#7063=PROPERTY_DEFINITION('geometric validation property','',#3164);
#7064=PROPERTY_DEFINITION('geometric validation property','',#3165);
#7065=PROPERTY_DEFINITION('geometric validation property','',#3166);
#7066=PROPERTY_DEFINITION('geometric validation property','',#3167);
#7067=PROPERTY_DEFINITION('geometric validation property','',#3168);
#7068=PROPERTY_DEFINITION('geometric validation property','',#3169);
#7069=PROPERTY_DEFINITION('geometric validation property','',#3170);
#7070=PROPERTY_DEFINITION('geometric validation property','',#3171);
#7071=PROPERTY_DEFINITION('geometric validation property','',#3172);
#7072=PROPERTY_DEFINITION('geometric validation property','',#3173);
#7073=PROPERTY_DEFINITION('geometric validation property','',#3174);
#7074=PROPERTY_DEFINITION('geometric validation property','',#3175);
#7075=PROPERTY_DEFINITION('geometric validation property','',#3176);
#7076=PROPERTY_DEFINITION('geometric validation property','',#3177);
#7077=PROPERTY_DEFINITION('geometric validation property','',#3178);
#7078=PROPERTY_DEFINITION('geometric validation property','',#3179);
#7079=PROPERTY_DEFINITION('geometric validation property','',#3180);
#7080=PROPERTY_DEFINITION('geometric validation property','',#3181);
#7081=PROPERTY_DEFINITION('geometric validation property','',#3182);
#7082=PROPERTY_DEFINITION('geometric validation property','',#3183);
#7083=PROPERTY_DEFINITION('geometric validation property','',#3184);
#7084=PROPERTY_DEFINITION('geometric validation property','',#3185);
#7085=PROPERTY_DEFINITION('geometric validation property','',#3186);
#7086=PROPERTY_DEFINITION('geometric validation property','',#3187);
#7087=PROPERTY_DEFINITION('geometric validation property','',#3188);
#7088=PROPERTY_DEFINITION('geometric validation property','',#3189);
#7089=PROPERTY_DEFINITION('geometric validation property','',#3190);
#7090=PROPERTY_DEFINITION('geometric validation property','',#3191);
#7091=PROPERTY_DEFINITION('geometric validation property','',#3192);
#7092=PROPERTY_DEFINITION('geometric validation property','',#3193);
#7093=PROPERTY_DEFINITION('geometric validation property','',#3194);
#7094=PROPERTY_DEFINITION('geometric validation property','',#3195);
#7095=PROPERTY_DEFINITION('geometric validation property','',#3196);
#7096=PROPERTY_DEFINITION('geometric validation property','',#3197);
#7097=PROPERTY_DEFINITION('geometric validation property','',#3198);
#7098=PROPERTY_DEFINITION('geometric validation property','',#3199);
#7099=PROPERTY_DEFINITION('geometric validation property','',#3200);
#7100=PROPERTY_DEFINITION('geometric validation property','',#3201);
#7101=PROPERTY_DEFINITION('geometric validation property','',#3202);
#7102=PROPERTY_DEFINITION('geometric validation property','',#3203);
#7103=PROPERTY_DEFINITION('geometric validation property','',#3204);
#7104=PROPERTY_DEFINITION('geometric validation property','',#3205);
#7105=PROPERTY_DEFINITION('geometric validation property','',#3206);
#7106=PROPERTY_DEFINITION('geometric validation property','',#3207);
#7107=PROPERTY_DEFINITION('geometric validation property','',#3208);
#7108=PROPERTY_DEFINITION('geometric validation property','',#3209);
#7109=PROPERTY_DEFINITION('geometric validation property','',#3210);
#7110=PROPERTY_DEFINITION('geometric validation property','',#3211);
#7111=PROPERTY_DEFINITION('geometric validation property','',#3212);
#7112=PROPERTY_DEFINITION('geometric validation property','',#3213);
#7113=PROPERTY_DEFINITION('geometric validation property','',#3214);
#7114=PROPERTY_DEFINITION('geometric validation property','',#3215);
#7115=PROPERTY_DEFINITION('geometric validation property','',#3216);
#7116=PROPERTY_DEFINITION('geometric validation property','',#3217);
#7117=PROPERTY_DEFINITION('geometric validation property','',#3218);
#7118=PROPERTY_DEFINITION('geometric validation property','',#3219);
#7119=PROPERTY_DEFINITION('geometric validation property','',#3220);
#7120=PROPERTY_DEFINITION('geometric validation property','',#3221);
#7121=PROPERTY_DEFINITION('geometric validation property','',#3222);
#7122=PROPERTY_DEFINITION('geometric validation property','',#3223);
#7123=PROPERTY_DEFINITION('geometric validation property','',#3224);
#7124=PROPERTY_DEFINITION('geometric validation property','',#3225);
#7125=PROPERTY_DEFINITION('geometric validation property','',#3226);
#7126=PROPERTY_DEFINITION('geometric validation property','',#3227);
#7127=PROPERTY_DEFINITION('geometric validation property','',#3228);
#7128=PROPERTY_DEFINITION('geometric validation property','',#3229);
#7129=PROPERTY_DEFINITION('geometric validation property','',#3230);
#7130=PROPERTY_DEFINITION('geometric validation property','',#3231);
#7131=PROPERTY_DEFINITION('geometric validation property','',#3232);
#7132=PROPERTY_DEFINITION('geometric validation property','',#3233);
#7133=PROPERTY_DEFINITION('geometric validation property','',#3234);
#7134=PROPERTY_DEFINITION('geometric validation property','',#3235);
#7135=PROPERTY_DEFINITION('geometric validation property','',#3236);
#7136=PROPERTY_DEFINITION('geometric validation property','',#3237);
#7137=PROPERTY_DEFINITION('geometric validation property','',#3238);
#7138=PROPERTY_DEFINITION('geometric validation property','',#3239);
#7139=PROPERTY_DEFINITION('geometric validation property','',#3240);
#7140=PROPERTY_DEFINITION('geometric validation property','',#3241);
#7141=PROPERTY_DEFINITION('geometric validation property','',#3242);
#7142=PROPERTY_DEFINITION('geometric validation property','',#3243);
#7143=PROPERTY_DEFINITION('geometric validation property','',#3244);
#7144=PROPERTY_DEFINITION('geometric validation property','',#3245);
#7145=PROPERTY_DEFINITION('geometric validation property','',#3246);
#7146=PROPERTY_DEFINITION('geometric validation property','',#3247);
#7147=PROPERTY_DEFINITION('geometric validation property','',#3248);
#7148=PROPERTY_DEFINITION('geometric validation property','',#3249);
#7149=PROPERTY_DEFINITION('geometric validation property','',#3250);
#7150=PROPERTY_DEFINITION('geometric validation property','',#3251);
#7151=PROPERTY_DEFINITION('geometric validation property','',#3252);
#7152=PROPERTY_DEFINITION('geometric validation property','',#3253);
#7153=PROPERTY_DEFINITION('geometric validation property','',#3254);
#7154=PROPERTY_DEFINITION('geometric validation property','',#3255);
#7155=PROPERTY_DEFINITION('geometric validation property','',#3256);
#7156=PROPERTY_DEFINITION('geometric validation property','',#3257);
#7157=PROPERTY_DEFINITION('geometric validation property','',#3258);
#7158=PROPERTY_DEFINITION('geometric validation property','',#3259);
#7159=PROPERTY_DEFINITION('geometric validation property','',#3260);
#7160=PROPERTY_DEFINITION('geometric validation property','',#3261);
#7161=PROPERTY_DEFINITION('geometric validation property','',#3262);
#7162=PROPERTY_DEFINITION('geometric validation property','',#3263);
#7163=PROPERTY_DEFINITION('geometric validation property','',#3264);
#7164=PROPERTY_DEFINITION('geometric validation property','',#3265);
#7165=PROPERTY_DEFINITION('geometric validation property','',#3266);
#7166=PROPERTY_DEFINITION('geometric validation property','',#3267);
#7167=PROPERTY_DEFINITION('geometric validation property','',#3268);
#7168=PROPERTY_DEFINITION('geometric validation property','',#3269);
#7169=PROPERTY_DEFINITION('geometric validation property','',#3270);
#7170=PROPERTY_DEFINITION('geometric validation property','',#3271);
#7171=PROPERTY_DEFINITION('geometric validation property','',#3272);
#7172=PROPERTY_DEFINITION('geometric validation property','',#3273);
#7173=PROPERTY_DEFINITION('geometric validation property','',#3274);
#7174=PROPERTY_DEFINITION('geometric validation property','',#3275);
#7175=PROPERTY_DEFINITION('geometric validation property','',#3276);
#7176=PROPERTY_DEFINITION('geometric validation property','',#3277);
#7177=PROPERTY_DEFINITION('geometric validation property','',#3278);
#7178=PROPERTY_DEFINITION('geometric validation property','',#3279);
#7179=PROPERTY_DEFINITION('geometric validation property','',#3280);
#7180=PROPERTY_DEFINITION('geometric validation property','',#3281);
#7181=PROPERTY_DEFINITION('geometric validation property','',#3282);
#7182=PROPERTY_DEFINITION('geometric validation property','',#3283);
#7183=PROPERTY_DEFINITION('geometric validation property','',#3284);
#7184=PROPERTY_DEFINITION('geometric validation property','',#3285);
#7185=PROPERTY_DEFINITION('geometric validation property','',#3286);
#7186=PROPERTY_DEFINITION('geometric validation property','',#3287);
#7187=PROPERTY_DEFINITION('geometric validation property','',#3288);
#7188=PROPERTY_DEFINITION('geometric validation property','',#3289);
#7189=PROPERTY_DEFINITION('geometric validation property','',#3290);
#7190=PROPERTY_DEFINITION('geometric validation property','',#3291);
#7191=PROPERTY_DEFINITION('geometric validation property','',#3292);
#7192=PROPERTY_DEFINITION('geometric validation property','',#3293);
#7193=PROPERTY_DEFINITION('geometric validation property','',#3294);
#7194=PROPERTY_DEFINITION('geometric validation property','',#3295);
#7195=PROPERTY_DEFINITION('geometric validation property','',#3296);
#7196=PROPERTY_DEFINITION('geometric validation property','',#3297);
#7197=PROPERTY_DEFINITION('geometric validation property','',#3298);
#7198=PROPERTY_DEFINITION('geometric validation property','',#3299);
#7199=PROPERTY_DEFINITION('geometric validation property','',#3300);
#7200=PROPERTY_DEFINITION('geometric validation property','',#3301);
#7201=PROPERTY_DEFINITION('geometric validation property','',#3302);
#7202=PROPERTY_DEFINITION('geometric validation property','',#3303);
#7203=PROPERTY_DEFINITION('geometric validation property','',#3304);
#7204=PROPERTY_DEFINITION('geometric validation property','',#3305);
#7205=PROPERTY_DEFINITION('geometric validation property','',#3306);
#7206=PROPERTY_DEFINITION('geometric validation property','',#3307);
#7207=PROPERTY_DEFINITION('geometric validation property','',#3308);
#7208=PROPERTY_DEFINITION('geometric validation property','',#3309);
#7209=PROPERTY_DEFINITION('geometric validation property','',#3310);
#7210=PROPERTY_DEFINITION('geometric validation property','',#3311);
#7211=PROPERTY_DEFINITION('geometric validation property','',#3312);
#7212=PROPERTY_DEFINITION('geometric validation property','',#3313);
#7213=PROPERTY_DEFINITION('geometric validation property','',#3314);
#7214=PROPERTY_DEFINITION('geometric validation property','',#3315);
#7215=PROPERTY_DEFINITION('geometric validation property','',#3316);
#7216=PROPERTY_DEFINITION('geometric validation property','',#3317);
#7217=PROPERTY_DEFINITION('geometric validation property','',#3318);
#7218=PROPERTY_DEFINITION('geometric validation property','',#3319);
#7219=PROPERTY_DEFINITION('geometric validation property','',#3320);
#7220=PROPERTY_DEFINITION('geometric validation property','',#3321);
#7221=PROPERTY_DEFINITION('geometric validation property','',#3322);
#7222=PROPERTY_DEFINITION('geometric validation property','',#7318);
#7223=PROPERTY_DEFINITION('pmi validation property','',#10);
#7224=PROPERTY_DEFINITION('pmi validation property','',#11);
#7225=PROPERTY_DEFINITION('pmi validation property','',#12);
#7226=PROPERTY_DEFINITION('pmi validation property','',#13);
#7227=PROPERTY_DEFINITION('pmi validation property','',#14);
#7228=PROPERTY_DEFINITION('pmi validation property','',#15);
#7229=PROPERTY_DEFINITION('pmi validation property','',#16);
#7230=PROPERTY_DEFINITION('pmi validation property','',#17);
#7231=PROPERTY_DEFINITION('pmi validation property','',#18);
#7232=PROPERTY_DEFINITION('pmi validation property','',#19);
#7233=PROPERTY_DEFINITION('pmi validation property','',#20);
#7234=PROPERTY_DEFINITION('pmi validation property','',#21);
#7235=PROPERTY_DEFINITION('pmi validation property','',#22);
#7236=PROPERTY_DEFINITION('pmi validation property','',#23);
#7237=PROPERTY_DEFINITION('pmi validation property','',#24);
#7238=PROPERTY_DEFINITION('pmi validation property','',#25);
#7239=PROPERTY_DEFINITION('pmi validation property','',#26);
#7240=PROPERTY_DEFINITION('pmi validation property','',#27);
#7241=PROPERTY_DEFINITION('pmi validation property','',#28);
#7242=PROPERTY_DEFINITION('pmi validation property','',#29);
#7243=PROPERTY_DEFINITION('pmi validation property','',#30);
#7244=PROPERTY_DEFINITION('pmi validation property','',#31);
#7245=PROPERTY_DEFINITION('pmi validation property','',#32);
#7246=PROPERTY_DEFINITION('pmi validation property','',#33);
#7247=PROPERTY_DEFINITION('pmi validation property','',#34);
#7248=PROPERTY_DEFINITION('pmi validation property','',#35);
#7249=PROPERTY_DEFINITION('pmi validation property','',#36);
#7250=PROPERTY_DEFINITION('pmi validation property','',#37);
#7251=PROPERTY_DEFINITION('pmi validation property','',#38);
#7252=PROPERTY_DEFINITION('pmi validation property','',#39);
#7253=PROPERTY_DEFINITION('pmi validation property','',#40);
#7254=PROPERTY_DEFINITION('pmi validation property','',#7318);
#7255=GENERAL_PROPERTY('','LAYER',$);
#7256=GENERAL_PROPERTY('','Name',$);
#7257=GENERAL_PROPERTY('','DB_PART_DESC',$);
#7258=GENERAL_PROPERTY('','DB_PART_REV',$);
#7259=GENERAL_PROPERTY('','DB_PART_NAME',$);
#7260=GENERAL_PROPERTY('','DB_PART_NO',$);
#7261=GENERAL_PROPERTY('','DB_PART_TYPE',$);
#7262=GENERAL_PROPERTY('','DB_PART_MFKID',$);
#7263=GENERAL_PROPERTY('','NX_MaterialMultipleAssigned',$);
#7264=GENERAL_PROPERTY('','NX_MaterialMissingAssignments',$);
#7265=MECHANICAL_DESIGN_GEOMETRIC_PRESENTATION_REPRESENTATION('',(#506,
#507,#508,#509,#510,#511,#512,#513,#514,#515,#516,#517,#518,#519,#520,#521,
#522,#523,#524,#525,#526,#527,#528,#529,#530,#531,#532,#533,#534,#535,#536,
#537,#538,#539,#540,#541,#542,#543,#544,#545,#546,#547,#548,#549,#550,#551,
#552,#553,#554,#555,#556,#557,#558,#559,#560,#561,#562,#563,#564,#565,#566,
#567,#568,#569,#570,#571,#572,#573,#574,#575,#576,#577,#578,#579,#580,#581,
#582,#583,#584,#585,#586,#587,#588,#589,#590,#591,#592,#593,#594,#595,#596,
#597,#598,#599,#600,#601,#602,#603,#604,#605,#606,#607,#608,#609,#610,#611,
#612,#613,#614,#615,#616,#617,#618,#619,#620,#621,#622,#623,#624,#625,#626,
#627,#628,#629,#630,#631,#632,#633,#634,#635,#636,#637,#638,#639,#640,#641,
#642,#643,#644,#645,#646,#647,#648,#649,#650,#651,#652,#653,#654,#655,#656,
#657,#658,#659,#660,#661,#662,#663,#664,#665,#666,#667,#668,#669,#670,#671,
#672,#673,#674,#675,#676,#677,#678,#679,#680,#681,#682,#683,#684,#685,#686,
#687,#688,#689,#690,#691,#692,#693,#694,#695,#696,#697,#698,#699,#700,#701,
#702,#703,#704,#705,#706,#707,#708,#709,#710,#711,#712,#713,#714,#715,#716,
#717,#718,#719,#720,#721,#722,#723,#724,#725,#726,#727,#728,#729,#730,#731,
#732,#733,#734,#735,#736,#737,#738,#739,#740,#741,#742,#743,#744,#745,#746,
#747,#748,#749,#750,#751,#752,#753,#754),#7266);
#7266=(
GEOMETRIC_REPRESENTATION_CONTEXT(3)
GLOBAL_UNCERTAINTY_ASSIGNED_CONTEXT((#7267))
GLOBAL_UNIT_ASSIGNED_CONTEXT((#7270,#7269,#7268))
REPRESENTATION_CONTEXT('000684_B;1-Rotor Shaft Machined',
'TOP_LEVEL_ASSEMBLY_PART')
);
#7267=UNCERTAINTY_MEASURE_WITH_UNIT(LENGTH_MEASURE(0.005),#7270,
'DISTANCE_ACCURACY_VALUE','Maximum Tolerance applied to model');
#7268=(
NAMED_UNIT(*)
SI_UNIT($,.STERADIAN.)
SOLID_ANGLE_UNIT()
);
#7269=(
NAMED_UNIT(*)
PLANE_ANGLE_UNIT()
SI_UNIT($,.RADIAN.)
);
#7270=(
LENGTH_UNIT()
NAMED_UNIT(*)
SI_UNIT(.MILLI.,.METRE.)
);
#7271=(
LENGTH_UNIT()
NAMED_UNIT(*)
SI_UNIT(.MILLI.,.METRE.)
);
#7272=(
LENGTH_UNIT()
NAMED_UNIT(*)
SI_UNIT(.MILLI.,.METRE.)
);
#7273=(
LENGTH_UNIT()
NAMED_UNIT(*)
SI_UNIT(.MILLI.,.METRE.)
);
#7274=(
LENGTH_UNIT()
NAMED_UNIT(*)
SI_UNIT(.MILLI.,.METRE.)
);
#7275=(
LENGTH_UNIT()
NAMED_UNIT(*)
SI_UNIT(.MILLI.,.METRE.)
);
#7276=(
LENGTH_UNIT()
NAMED_UNIT(*)
SI_UNIT(.MILLI.,.METRE.)
);
#7277=(
LENGTH_UNIT()
NAMED_UNIT(*)
SI_UNIT(.MILLI.,.METRE.)
);
#7278=(
LENGTH_UNIT()
NAMED_UNIT(*)
SI_UNIT(.MILLI.,.METRE.)
);
#7279=(
LENGTH_UNIT()
NAMED_UNIT(*)
SI_UNIT(.MILLI.,.METRE.)
);
#7280=(
LENGTH_UNIT()
NAMED_UNIT(*)
SI_UNIT(.MILLI.,.METRE.)
);
#7281=(
LENGTH_UNIT()
NAMED_UNIT(*)
SI_UNIT(.MILLI.,.METRE.)
);
#7282=(
LENGTH_UNIT()
NAMED_UNIT(*)
SI_UNIT(.MILLI.,.METRE.)
);
#7283=(
LENGTH_UNIT()
NAMED_UNIT(*)
SI_UNIT(.MILLI.,.METRE.)
);
#7284=(
LENGTH_UNIT()
NAMED_UNIT(*)
SI_UNIT(.MILLI.,.METRE.)
);
#7285=(
LENGTH_UNIT()
NAMED_UNIT(*)
SI_UNIT(.MILLI.,.METRE.)
);
#7286=(
LENGTH_UNIT()
NAMED_UNIT(*)
SI_UNIT(.MILLI.,.METRE.)
);
#7287=(
LENGTH_UNIT()
NAMED_UNIT(*)
SI_UNIT(.MILLI.,.METRE.)
);
#7288=(
LENGTH_UNIT()
NAMED_UNIT(*)
SI_UNIT(.MILLI.,.METRE.)
);
#7289=(
LENGTH_UNIT()
NAMED_UNIT(*)
SI_UNIT(.MILLI.,.METRE.)
);
#7290=(
LENGTH_UNIT()
NAMED_UNIT(*)
SI_UNIT(.MILLI.,.METRE.)
);
#7291=(
LENGTH_UNIT()
NAMED_UNIT(*)
SI_UNIT(.MILLI.,.METRE.)
);
#7292=(
LENGTH_UNIT()
NAMED_UNIT(*)
SI_UNIT(.MILLI.,.METRE.)
);
#7293=(
LENGTH_UNIT()
NAMED_UNIT(*)
SI_UNIT(.MILLI.,.METRE.)
);
#7294=(
LENGTH_UNIT()
NAMED_UNIT(*)
SI_UNIT(.MILLI.,.METRE.)
);
#7295=(
LENGTH_UNIT()
NAMED_UNIT(*)
SI_UNIT(.MILLI.,.METRE.)
);
#7296=(
LENGTH_UNIT()
NAMED_UNIT(*)
SI_UNIT(.MILLI.,.METRE.)
);
#7297=(
LENGTH_UNIT()
NAMED_UNIT(*)
SI_UNIT(.MILLI.,.METRE.)
);
#7298=(
LENGTH_UNIT()
NAMED_UNIT(*)
SI_UNIT(.MILLI.,.METRE.)
);
#7299=(
LENGTH_UNIT()
NAMED_UNIT(*)
SI_UNIT(.MILLI.,.METRE.)
);
#7300=(
LENGTH_UNIT()
NAMED_UNIT(*)
SI_UNIT(.MILLI.,.METRE.)
);
#7301=(
LENGTH_UNIT()
NAMED_UNIT(*)
SI_UNIT(.MILLI.,.METRE.)
);
#7302=(
LENGTH_UNIT()
NAMED_UNIT(*)
SI_UNIT(.MILLI.,.METRE.)
);
#7303=(
LENGTH_UNIT()
NAMED_UNIT(*)
SI_UNIT(.MILLI.,.METRE.)
);
#7304=(
LENGTH_UNIT()
NAMED_UNIT(*)
SI_UNIT(.MILLI.,.METRE.)
);
#7305=(
LENGTH_UNIT()
NAMED_UNIT(*)
SI_UNIT(.MILLI.,.METRE.)
);
#7306=(
LENGTH_UNIT()
NAMED_UNIT(*)
SI_UNIT(.MILLI.,.METRE.)
);
#7307=(
LENGTH_UNIT()
NAMED_UNIT(*)
SI_UNIT(.MILLI.,.METRE.)
);
#7308=(
LENGTH_UNIT()
NAMED_UNIT(*)
SI_UNIT(.MILLI.,.METRE.)
);
#7309=(
LENGTH_UNIT()
NAMED_UNIT(*)
SI_UNIT(.MILLI.,.METRE.)
);
#7310=(
LENGTH_UNIT()
NAMED_UNIT(*)
SI_UNIT(.MILLI.,.METRE.)
);
#7311=(
LENGTH_UNIT()
NAMED_UNIT(*)
SI_UNIT(.MILLI.,.METRE.)
);
#7312=(
LENGTH_UNIT()
NAMED_UNIT(*)
SI_UNIT(.MILLI.,.METRE.)
);
#7313=(
LENGTH_UNIT()
NAMED_UNIT(*)
SI_UNIT(.MILLI.,.METRE.)
);
#7314=(
LENGTH_UNIT()
NAMED_UNIT(*)
SI_UNIT(.MILLI.,.METRE.)
);
#7315=(
LENGTH_UNIT()
NAMED_UNIT(*)
SI_UNIT(.MILLI.,.METRE.)
);
#7316=(
LENGTH_UNIT()
NAMED_UNIT(*)
SI_UNIT(.MILLI.,.METRE.)
);
#7317=(
LENGTH_UNIT()
NAMED_UNIT(*)
SI_UNIT(.MILLI.,.METRE.)
);
#7318=PRODUCT_DEFINITION_SHAPE('','',#7319);
#7319=PRODUCT_DEFINITION('','',#7321,#7320);
#7320=PRODUCT_DEFINITION_CONTEXT('',#7327,'design');
#7321=PRODUCT_DEFINITION_FORMATION_WITH_SPECIFIED_SOURCE('','',#7323,
 .NOT_KNOWN.);
#7322=PRODUCT_RELATED_PRODUCT_CATEGORY('','',(#7323));
#7323=PRODUCT('000684_B;1-Rotor Shaft Machined',
'000684_B;1-Rotor Shaft Machined','000684_B;1-Rotor Shaft Machined',(#7325));
#7324=PRODUCT_CATEGORY('','');
#7325=PRODUCT_CONTEXT('',#7327,'mechanical');
#7326=APPLICATION_PROTOCOL_DEFINITION('international standard',
'ap242_managed_model_based_3d_engineering',2011,#7327);
#7327=APPLICATION_CONTEXT('managed model based 3d engineering');
ENDSEC;
END-ISO-10303-21;
