ISO-10303-21;
HEADER;
/* Generated by software containing ST-Developer
 * from STEP Tools, Inc. (www.steptools.com) 
 */

FILE_DESCRIPTION(
/* description */ (
'CAx-IF Rec.Pracs.---Representation and Presentation of Product Manufa
cturing Information (PMI)---4.0---2014-10-13',
'CAx-IF Rec.Pracs.---3D Tessellated Geometry---0.4---2014-09-14','2;1',
'CAx-IF Rec.Pracs.---User Defined Attributes---1.5---2016-08-15'),
/* implementation_level */ '2;1');

FILE_NAME(
/* name */ '000686_A;1-Terminal Box_Machined',
/* time_stamp */ '2022-12-15T16:49:21+05:00',
/* author */ (''),
/* organization */ (''),
/* preprocessor_version */ 'ST-DEVELOPER v16.7',
/* originating_system */ 'SIEMENS PLM Software NX 1915',
/* authorisation */ $);

FILE_SCHEMA (('AP242_MANAGED_MODEL_BASED_3D_ENGINEERING_MIM_LF { 1 0 10303 442 1 1 4 }'));
ENDSEC;

DATA;
#10=CHARACTERIZED_ITEM_WITHIN_REPRESENTATION('','',#28,#59);
#11=CHARACTERIZED_ITEM_WITHIN_REPRESENTATION('','',#29,#59);
#12=CHARACTERIZED_ITEM_WITHIN_REPRESENTATION('','',#30,#59);
#13=MEASURE_REPRESENTATION_ITEM('tessellated curve length',
LENGTH_MEASURE(253.973319758802),#918);
#14=MEASURE_REPRESENTATION_ITEM('affected curve length',
LENGTH_MEASURE(352.4525601),#918);
#15=MEASURE_REPRESENTATION_ITEM('tessellated curve length',
LENGTH_MEASURE(186.321633093032),#919);
#16=MEASURE_REPRESENTATION_ITEM('affected curve length',
LENGTH_MEASURE(21.9911486),#919);
#17=MEASURE_REPRESENTATION_ITEM('tessellated curve length',
LENGTH_MEASURE(175.46442654577),#920);
#18=MEASURE_REPRESENTATION_ITEM('affected curve length',
LENGTH_MEASURE(21.9911486),#920);
#19=ANNOTATION_PLANE('PMI PLANE',(#290),#25,(#28));
#20=ANNOTATION_PLANE('PMI PLANE',(#292),#26,(#29));
#21=ANNOTATION_PLANE('PMI PLANE',(#294),#27,(#30));
#22=COLOUR();
#23=COLOUR();
#24=COLOUR();
#25=PLANE('',#613);
#26=PLANE('',#615);
#27=PLANE('',#617);
#28=DRAUGHTING_CALLOUT('Linear Dimension (7)',(#31));
#29=DRAUGHTING_CALLOUT('Linear Dimension (4)',(#32));
#30=DRAUGHTING_CALLOUT('Linear Dimension (5)',(#33));
#31=TESSELLATED_ANNOTATION_OCCURRENCE('Linear Dimension (7)',(#289),#41);
#32=TESSELLATED_ANNOTATION_OCCURRENCE('Linear Dimension (4)',(#291),#42);
#33=TESSELLATED_ANNOTATION_OCCURRENCE('Linear Dimension (5)',(#293),#43);
#34=CURVE_STYLE('',#38,POSITIVE_LENGTH_MEASURE(0.352777777777778),#37);
#35=CURVE_STYLE('',#39,POSITIVE_LENGTH_MEASURE(0.352777777777778),#37);
#36=CURVE_STYLE('',#40,POSITIVE_LENGTH_MEASURE(0.352777777777778),#37);
#37=DRAUGHTING_PRE_DEFINED_COLOUR('black');
#38=DRAUGHTING_PRE_DEFINED_CURVE_FONT('continuous');
#39=DRAUGHTING_PRE_DEFINED_CURVE_FONT('continuous');
#40=DRAUGHTING_PRE_DEFINED_CURVE_FONT('continuous');
#41=(
GEOMETRIC_REPRESENTATION_ITEM()
REPOSITIONED_TESSELLATED_ITEM(#612)
REPRESENTATION_ITEM('linear dimension')
TESSELLATED_GEOMETRIC_SET((#47,#44))
TESSELLATED_ITEM()
);
#42=(
GEOMETRIC_REPRESENTATION_ITEM()
REPOSITIONED_TESSELLATED_ITEM(#614)
REPRESENTATION_ITEM('linear dimension')
TESSELLATED_GEOMETRIC_SET((#48,#45))
TESSELLATED_ITEM()
);
#43=(
GEOMETRIC_REPRESENTATION_ITEM()
REPOSITIONED_TESSELLATED_ITEM(#616)
REPRESENTATION_ITEM('linear dimension')
TESSELLATED_GEOMETRIC_SET((#49,#46))
TESSELLATED_ITEM()
);
#44=COMPLEX_TRIANGULATED_SURFACE_SET('',#556,6,((1.,0.,0.)),(),((1,2,3),
(6,5,4)),());
#45=COMPLEX_TRIANGULATED_SURFACE_SET('',#558,6,((1.,0.,0.)),(),((1,3,2),
(6,4,5)),());
#46=COMPLEX_TRIANGULATED_SURFACE_SET('',#560,6,((1.,0.,0.)),(),((4,2,6),
(3,5,1)),());
#47=TESSELLATED_CURVE_SET('Linear Dimension (7)',#555,((1,2),(3,4),(5,6),
(7,8),(9,10),(11,12,13,14),(15,16,17,18,19,20,21,22,23,24,25,26,27,28,29,
30),(31,32,33,34,35),(36,37,38,39,40,41,42,43,44,45,46,47,48)));
#48=TESSELLATED_CURVE_SET('Linear Dimension (4)',#557,((1,2),(3,4),(5,6),
(7,8,9,10,11,12,13,14,15,16,17,18),(19,20,21,22,23,24,25),(26,27,28,29,
30,31),(32,33,34,35,36),(37,38,39,40,41,42,43,44,45,46,47,48,49)));
#49=TESSELLATED_CURVE_SET('Linear Dimension (5)',#559,((1,2),(3,4),(5,6),
(7,8,9,10,11,12,13,14,15,16,17,18,19,20,21,22),(23,24,25,26),(27,28,29,
30,31),(32,33,34,35,36,37,38,39,40,41,42,43,44)));
#50=MECHANICAL_DESIGN_AND_DRAUGHTING_RELATIONSHIP('','',#58,#59);
#51=MECHANICAL_DESIGN_AND_DRAUGHTING_RELATIONSHIP('','',#60,#59);
#52=MECHANICAL_DESIGN_AND_DRAUGHTING_RELATIONSHIP('','',#61,#59);
#53=MECHANICAL_DESIGN_AND_DRAUGHTING_RELATIONSHIP('','',#62,#59);
#54=MECHANICAL_DESIGN_AND_DRAUGHTING_RELATIONSHIP('','',#63,#59);
#55=MECHANICAL_DESIGN_AND_DRAUGHTING_RELATIONSHIP('','',#64,#59);
#56=MECHANICAL_DESIGN_AND_DRAUGHTING_RELATIONSHIP('','',#65,#59);
#57=MECHANICAL_DESIGN_AND_DRAUGHTING_RELATIONSHIP('','',#66,#59);
#58=DRAUGHTING_MODEL('Top',(#85,#76),#913);
#59=DRAUGHTING_MODEL('',(#77,#19,#20,#21),#913);
#60=DRAUGHTING_MODEL('Front',(#86,#78),#913);
#61=DRAUGHTING_MODEL('Right',(#87,#79),#913);
#62=DRAUGHTING_MODEL('Back',(#88,#80),#913);
#63=DRAUGHTING_MODEL('Bottom',(#89,#81),#913);
#64=DRAUGHTING_MODEL('Left',(#90,#82),#913);
#65=DRAUGHTING_MODEL('Isometric',(#91,#83,#28,#29,#30),#913);
#66=DRAUGHTING_MODEL('Trimetric',(#92,#84),#913);
#67=REPRESENTATION_MAP(#599,$);
#68=REPRESENTATION_MAP(#599,$);
#69=REPRESENTATION_MAP(#599,$);
#70=REPRESENTATION_MAP(#599,$);
#71=REPRESENTATION_MAP(#599,$);
#72=REPRESENTATION_MAP(#599,$);
#73=REPRESENTATION_MAP(#599,$);
#74=REPRESENTATION_MAP(#599,$);
#75=REPRESENTATION_MAP(#599,$);
#76=MAPPED_ITEM('',#67,#599);
#77=MAPPED_ITEM('',#68,#599);
#78=MAPPED_ITEM('',#69,#599);
#79=MAPPED_ITEM('',#70,#599);
#80=MAPPED_ITEM('',#71,#599);
#81=MAPPED_ITEM('',#72,#599);
#82=MAPPED_ITEM('',#73,#599);
#83=MAPPED_ITEM('',#74,#599);
#84=MAPPED_ITEM('',#75,#599);
#85=CAMERA_MODEL_D3('Top',#600,#93);
#86=CAMERA_MODEL_D3('Front',#602,#94);
#87=CAMERA_MODEL_D3('Right',#604,#95);
#88=CAMERA_MODEL_D3('Back',#606,#96);
#89=CAMERA_MODEL_D3('Bottom',#608,#97);
#90=CAMERA_MODEL_D3('Left',#610,#98);
#91=CAMERA_MODEL_D3('Isometric',#618,#99);
#92=CAMERA_MODEL_D3('Trimetric',#620,#100);
#93=VIEW_VOLUME(.PARALLEL.,#691,0.,0.,.F.,0.,.F.,.F.,#101);
#94=VIEW_VOLUME(.PARALLEL.,#694,0.,0.,.F.,0.,.F.,.F.,#102);
#95=VIEW_VOLUME(.PARALLEL.,#697,0.,0.,.F.,0.,.F.,.F.,#103);
#96=VIEW_VOLUME(.PARALLEL.,#700,0.,0.,.F.,0.,.F.,.F.,#104);
#97=VIEW_VOLUME(.PARALLEL.,#703,0.,0.,.F.,0.,.F.,.F.,#105);
#98=VIEW_VOLUME(.PARALLEL.,#706,0.,0.,.F.,0.,.F.,.F.,#106);
#99=VIEW_VOLUME(.PARALLEL.,#718,0.,0.,.F.,0.,.F.,.F.,#107);
#100=VIEW_VOLUME(.PARALLEL.,#721,0.,0.,.F.,0.,.F.,.F.,#108);
#101=PLANAR_BOX('',0.0573449193279923,0.0573449193279923,#601);
#102=PLANAR_BOX('',0.554530129983217,0.554530129983217,#603);
#103=PLANAR_BOX('',0.554530129983217,0.554530129983217,#605);
#104=PLANAR_BOX('',0.554530129983217,0.554530129983217,#607);
#105=PLANAR_BOX('',0.0573449193279923,0.0573449193279923,#609);
#106=PLANAR_BOX('',0.554530129983217,0.554530129983217,#611);
#107=PLANAR_BOX('',0.543994125665979,0.543994125665979,#619);
#108=PLANAR_BOX('',0.575923539769252,0.575923539769252,#621);
#109=SHAPE_ASPECT('','Solid',#921,.F.);
#110=SHAPE_ASPECT('','Solid',#921,.F.);
#111=SHAPE_ASPECT('','Solid',#921,.F.);
#112=SHAPE_ASPECT('','Solid',#921,.F.);
#113=SHAPE_ASPECT('','Solid',#921,.F.);
#114=SHAPE_ASPECT('','Solid',#921,.F.);
#115=SHAPE_ASPECT('','Solid',#921,.F.);
#116=SHAPE_ASPECT('','Solid',#921,.F.);
#117=SHAPE_ASPECT('','Solid',#921,.F.);
#118=SHAPE_ASPECT('','Solid',#921,.F.);
#119=SHAPE_ASPECT('','Solid',#921,.F.);
#120=SHAPE_ASPECT('','Solid',#921,.F.);
#121=SHAPE_ASPECT('','Solid',#921,.F.);
#122=SHAPE_ASPECT('','Solid',#921,.F.);
#123=SHAPE_ASPECT('','Solid',#921,.F.);
#124=SHAPE_ASPECT('','Solid',#921,.F.);
#125=SHAPE_ASPECT('','Solid',#921,.F.);
#126=SHAPE_ASPECT('','Solid',#921,.F.);
#127=SHAPE_ASPECT('','Solid',#921,.F.);
#128=SHAPE_ASPECT('','Solid',#921,.F.);
#129=SHAPE_ASPECT('','Solid',#921,.F.);
#130=SHAPE_ASPECT('','Solid',#921,.F.);
#131=SHAPE_ASPECT('','Solid',#921,.F.);
#132=SHAPE_ASPECT('','Solid',#921,.F.);
#133=SHAPE_ASPECT('','Solid',#921,.F.);
#134=SHAPE_ASPECT('','Solid',#921,.F.);
#135=SHAPE_ASPECT('','Solid',#921,.F.);
#136=SHAPE_ASPECT('','Solid',#921,.F.);
#137=SHAPE_ASPECT('','Solid',#921,.F.);
#138=SHAPE_ASPECT('','Solid',#921,.F.);
#139=SHAPE_ASPECT('','Solid',#921,.F.);
#140=SHAPE_ASPECT('','Solid',#921,.F.);
#141=SHAPE_ASPECT('','Solid',#921,.F.);
#142=SHAPE_ASPECT('','Solid',#921,.F.);
#143=SHAPE_ASPECT('','Solid',#921,.F.);
#144=SHAPE_ASPECT('','Solid',#921,.F.);
#145=SHAPE_REPRESENTATION_RELATIONSHIP('','',#598,#181);
#146=SHAPE_REPRESENTATION_RELATIONSHIP('','',#598,#182);
#147=SHAPE_REPRESENTATION_RELATIONSHIP('','',#598,#183);
#148=SHAPE_REPRESENTATION_RELATIONSHIP('','',#598,#184);
#149=SHAPE_REPRESENTATION_RELATIONSHIP('','',#598,#185);
#150=SHAPE_REPRESENTATION_RELATIONSHIP('','',#598,#186);
#151=SHAPE_REPRESENTATION_RELATIONSHIP('','',#598,#187);
#152=SHAPE_REPRESENTATION_RELATIONSHIP('','',#598,#188);
#153=SHAPE_REPRESENTATION_RELATIONSHIP('','',#598,#189);
#154=SHAPE_REPRESENTATION_RELATIONSHIP('','',#598,#190);
#155=SHAPE_REPRESENTATION_RELATIONSHIP('','',#598,#191);
#156=SHAPE_REPRESENTATION_RELATIONSHIP('','',#598,#192);
#157=SHAPE_REPRESENTATION_RELATIONSHIP('','',#598,#193);
#158=SHAPE_REPRESENTATION_RELATIONSHIP('','',#598,#194);
#159=SHAPE_REPRESENTATION_RELATIONSHIP('','',#598,#195);
#160=SHAPE_REPRESENTATION_RELATIONSHIP('','',#598,#196);
#161=SHAPE_REPRESENTATION_RELATIONSHIP('','',#598,#197);
#162=SHAPE_REPRESENTATION_RELATIONSHIP('','',#598,#198);
#163=SHAPE_REPRESENTATION_RELATIONSHIP('','',#598,#199);
#164=SHAPE_REPRESENTATION_RELATIONSHIP('','',#598,#200);
#165=SHAPE_REPRESENTATION_RELATIONSHIP('','',#598,#201);
#166=SHAPE_REPRESENTATION_RELATIONSHIP('','',#598,#202);
#167=SHAPE_REPRESENTATION_RELATIONSHIP('','',#598,#203);
#168=SHAPE_REPRESENTATION_RELATIONSHIP('','',#598,#204);
#169=SHAPE_REPRESENTATION_RELATIONSHIP('','',#598,#205);
#170=SHAPE_REPRESENTATION_RELATIONSHIP('','',#598,#206);
#171=SHAPE_REPRESENTATION_RELATIONSHIP('','',#598,#207);
#172=SHAPE_REPRESENTATION_RELATIONSHIP('','',#598,#208);
#173=SHAPE_REPRESENTATION_RELATIONSHIP('','',#598,#209);
#174=SHAPE_REPRESENTATION_RELATIONSHIP('','',#598,#210);
#175=SHAPE_REPRESENTATION_RELATIONSHIP('','',#598,#211);
#176=SHAPE_REPRESENTATION_RELATIONSHIP('','',#598,#212);
#177=SHAPE_REPRESENTATION_RELATIONSHIP('','',#598,#213);
#178=SHAPE_REPRESENTATION_RELATIONSHIP('','',#598,#214);
#179=SHAPE_REPRESENTATION_RELATIONSHIP('','',#598,#215);
#180=SHAPE_REPRESENTATION_RELATIONSHIP('','',#598,#216);
#181=TESSELLATED_SHAPE_REPRESENTATION('',(#561),#913);
#182=TESSELLATED_SHAPE_REPRESENTATION('',(#562),#913);
#183=TESSELLATED_SHAPE_REPRESENTATION('',(#563),#913);
#184=TESSELLATED_SHAPE_REPRESENTATION('',(#564),#913);
#185=TESSELLATED_SHAPE_REPRESENTATION('',(#565),#913);
#186=TESSELLATED_SHAPE_REPRESENTATION('',(#566),#913);
#187=TESSELLATED_SHAPE_REPRESENTATION('',(#567),#913);
#188=TESSELLATED_SHAPE_REPRESENTATION('',(#568),#913);
#189=TESSELLATED_SHAPE_REPRESENTATION('',(#569),#913);
#190=TESSELLATED_SHAPE_REPRESENTATION('',(#570),#913);
#191=TESSELLATED_SHAPE_REPRESENTATION('',(#571),#913);
#192=TESSELLATED_SHAPE_REPRESENTATION('',(#572),#913);
#193=TESSELLATED_SHAPE_REPRESENTATION('',(#573),#913);
#194=TESSELLATED_SHAPE_REPRESENTATION('',(#574),#913);
#195=TESSELLATED_SHAPE_REPRESENTATION('',(#575),#913);
#196=TESSELLATED_SHAPE_REPRESENTATION('',(#576),#913);
#197=TESSELLATED_SHAPE_REPRESENTATION('',(#577),#913);
#198=TESSELLATED_SHAPE_REPRESENTATION('',(#578),#913);
#199=TESSELLATED_SHAPE_REPRESENTATION('',(#579),#913);
#200=TESSELLATED_SHAPE_REPRESENTATION('',(#580),#913);
#201=TESSELLATED_SHAPE_REPRESENTATION('',(#581),#913);
#202=TESSELLATED_SHAPE_REPRESENTATION('',(#582),#913);
#203=TESSELLATED_SHAPE_REPRESENTATION('',(#583),#913);
#204=TESSELLATED_SHAPE_REPRESENTATION('',(#584),#913);
#205=TESSELLATED_SHAPE_REPRESENTATION('',(#585),#913);
#206=TESSELLATED_SHAPE_REPRESENTATION('',(#586),#913);
#207=TESSELLATED_SHAPE_REPRESENTATION('',(#587),#913);
#208=TESSELLATED_SHAPE_REPRESENTATION('',(#588),#913);
#209=TESSELLATED_SHAPE_REPRESENTATION('',(#589),#913);
#210=TESSELLATED_SHAPE_REPRESENTATION('',(#590),#913);
#211=TESSELLATED_SHAPE_REPRESENTATION('',(#591),#913);
#212=TESSELLATED_SHAPE_REPRESENTATION('',(#592),#913);
#213=TESSELLATED_SHAPE_REPRESENTATION('',(#593),#913);
#214=TESSELLATED_SHAPE_REPRESENTATION('',(#594),#913);
#215=TESSELLATED_SHAPE_REPRESENTATION('',(#595),#913);
#216=TESSELLATED_SHAPE_REPRESENTATION('',(#596),#913);
#217=STYLED_ITEM('',(#253),#483);
#218=STYLED_ITEM('',(#254),#484);
#219=STYLED_ITEM('',(#255),#485);
#220=STYLED_ITEM('',(#256),#486);
#221=STYLED_ITEM('',(#257),#487);
#222=STYLED_ITEM('',(#258),#488);
#223=STYLED_ITEM('',(#259),#489);
#224=STYLED_ITEM('',(#260),#490);
#225=STYLED_ITEM('',(#261),#491);
#226=STYLED_ITEM('',(#262),#492);
#227=STYLED_ITEM('',(#263),#493);
#228=STYLED_ITEM('',(#264),#494);
#229=STYLED_ITEM('',(#265),#495);
#230=STYLED_ITEM('',(#266),#496);
#231=STYLED_ITEM('',(#267),#497);
#232=STYLED_ITEM('',(#268),#498);
#233=STYLED_ITEM('',(#269),#499);
#234=STYLED_ITEM('',(#270),#500);
#235=STYLED_ITEM('',(#271),#501);
#236=STYLED_ITEM('',(#272),#502);
#237=STYLED_ITEM('',(#273),#503);
#238=STYLED_ITEM('',(#274),#504);
#239=STYLED_ITEM('',(#275),#505);
#240=STYLED_ITEM('',(#276),#506);
#241=STYLED_ITEM('',(#277),#507);
#242=STYLED_ITEM('',(#278),#508);
#243=STYLED_ITEM('',(#279),#509);
#244=STYLED_ITEM('',(#280),#510);
#245=STYLED_ITEM('',(#281),#511);
#246=STYLED_ITEM('',(#282),#512);
#247=STYLED_ITEM('',(#283),#513);
#248=STYLED_ITEM('',(#284),#514);
#249=STYLED_ITEM('',(#285),#515);
#250=STYLED_ITEM('',(#286),#516);
#251=STYLED_ITEM('',(#287),#517);
#252=STYLED_ITEM('',(#288),#518);
#253=PRESENTATION_STYLE_ASSIGNMENT((#295));
#254=PRESENTATION_STYLE_ASSIGNMENT((#296));
#255=PRESENTATION_STYLE_ASSIGNMENT((#297));
#256=PRESENTATION_STYLE_ASSIGNMENT((#298));
#257=PRESENTATION_STYLE_ASSIGNMENT((#299));
#258=PRESENTATION_STYLE_ASSIGNMENT((#300));
#259=PRESENTATION_STYLE_ASSIGNMENT((#301));
#260=PRESENTATION_STYLE_ASSIGNMENT((#302));
#261=PRESENTATION_STYLE_ASSIGNMENT((#303));
#262=PRESENTATION_STYLE_ASSIGNMENT((#304));
#263=PRESENTATION_STYLE_ASSIGNMENT((#305));
#264=PRESENTATION_STYLE_ASSIGNMENT((#306));
#265=PRESENTATION_STYLE_ASSIGNMENT((#307));
#266=PRESENTATION_STYLE_ASSIGNMENT((#308));
#267=PRESENTATION_STYLE_ASSIGNMENT((#309));
#268=PRESENTATION_STYLE_ASSIGNMENT((#310));
#269=PRESENTATION_STYLE_ASSIGNMENT((#311));
#270=PRESENTATION_STYLE_ASSIGNMENT((#312));
#271=PRESENTATION_STYLE_ASSIGNMENT((#313));
#272=PRESENTATION_STYLE_ASSIGNMENT((#314));
#273=PRESENTATION_STYLE_ASSIGNMENT((#315));
#274=PRESENTATION_STYLE_ASSIGNMENT((#316));
#275=PRESENTATION_STYLE_ASSIGNMENT((#317));
#276=PRESENTATION_STYLE_ASSIGNMENT((#318));
#277=PRESENTATION_STYLE_ASSIGNMENT((#319));
#278=PRESENTATION_STYLE_ASSIGNMENT((#320));
#279=PRESENTATION_STYLE_ASSIGNMENT((#321));
#280=PRESENTATION_STYLE_ASSIGNMENT((#322));
#281=PRESENTATION_STYLE_ASSIGNMENT((#323));
#282=PRESENTATION_STYLE_ASSIGNMENT((#324));
#283=PRESENTATION_STYLE_ASSIGNMENT((#325));
#284=PRESENTATION_STYLE_ASSIGNMENT((#326));
#285=PRESENTATION_STYLE_ASSIGNMENT((#327));
#286=PRESENTATION_STYLE_ASSIGNMENT((#328));
#287=PRESENTATION_STYLE_ASSIGNMENT((#329));
#288=PRESENTATION_STYLE_ASSIGNMENT((#330));
#289=PRESENTATION_STYLE_ASSIGNMENT((#34));
#290=PRESENTATION_STYLE_ASSIGNMENT((#439));
#291=PRESENTATION_STYLE_ASSIGNMENT((#35));
#292=PRESENTATION_STYLE_ASSIGNMENT((#440));
#293=PRESENTATION_STYLE_ASSIGNMENT((#36));
#294=PRESENTATION_STYLE_ASSIGNMENT((#441));
#295=SURFACE_STYLE_USAGE(.BOTH.,#331);
#296=SURFACE_STYLE_USAGE(.BOTH.,#332);
#297=SURFACE_STYLE_USAGE(.BOTH.,#333);
#298=SURFACE_STYLE_USAGE(.BOTH.,#334);
#299=SURFACE_STYLE_USAGE(.BOTH.,#335);
#300=SURFACE_STYLE_USAGE(.BOTH.,#336);
#301=SURFACE_STYLE_USAGE(.BOTH.,#337);
#302=SURFACE_STYLE_USAGE(.BOTH.,#338);
#303=SURFACE_STYLE_USAGE(.BOTH.,#339);
#304=SURFACE_STYLE_USAGE(.BOTH.,#340);
#305=SURFACE_STYLE_USAGE(.BOTH.,#341);
#306=SURFACE_STYLE_USAGE(.BOTH.,#342);
#307=SURFACE_STYLE_USAGE(.BOTH.,#343);
#308=SURFACE_STYLE_USAGE(.BOTH.,#344);
#309=SURFACE_STYLE_USAGE(.BOTH.,#345);
#310=SURFACE_STYLE_USAGE(.BOTH.,#346);
#311=SURFACE_STYLE_USAGE(.BOTH.,#347);
#312=SURFACE_STYLE_USAGE(.BOTH.,#348);
#313=SURFACE_STYLE_USAGE(.BOTH.,#349);
#314=SURFACE_STYLE_USAGE(.BOTH.,#350);
#315=SURFACE_STYLE_USAGE(.BOTH.,#351);
#316=SURFACE_STYLE_USAGE(.BOTH.,#352);
#317=SURFACE_STYLE_USAGE(.BOTH.,#353);
#318=SURFACE_STYLE_USAGE(.BOTH.,#354);
#319=SURFACE_STYLE_USAGE(.BOTH.,#355);
#320=SURFACE_STYLE_USAGE(.BOTH.,#356);
#321=SURFACE_STYLE_USAGE(.BOTH.,#357);
#322=SURFACE_STYLE_USAGE(.BOTH.,#358);
#323=SURFACE_STYLE_USAGE(.BOTH.,#359);
#324=SURFACE_STYLE_USAGE(.BOTH.,#360);
#325=SURFACE_STYLE_USAGE(.BOTH.,#361);
#326=SURFACE_STYLE_USAGE(.BOTH.,#362);
#327=SURFACE_STYLE_USAGE(.BOTH.,#363);
#328=SURFACE_STYLE_USAGE(.BOTH.,#364);
#329=SURFACE_STYLE_USAGE(.BOTH.,#365);
#330=SURFACE_STYLE_USAGE(.BOTH.,#366);
#331=SURFACE_SIDE_STYLE('',(#367));
#332=SURFACE_SIDE_STYLE('',(#368));
#333=SURFACE_SIDE_STYLE('',(#369));
#334=SURFACE_SIDE_STYLE('',(#370));
#335=SURFACE_SIDE_STYLE('',(#371));
#336=SURFACE_SIDE_STYLE('',(#372));
#337=SURFACE_SIDE_STYLE('',(#373));
#338=SURFACE_SIDE_STYLE('',(#374));
#339=SURFACE_SIDE_STYLE('',(#375));
#340=SURFACE_SIDE_STYLE('',(#376));
#341=SURFACE_SIDE_STYLE('',(#377));
#342=SURFACE_SIDE_STYLE('',(#378));
#343=SURFACE_SIDE_STYLE('',(#379));
#344=SURFACE_SIDE_STYLE('',(#380));
#345=SURFACE_SIDE_STYLE('',(#381));
#346=SURFACE_SIDE_STYLE('',(#382));
#347=SURFACE_SIDE_STYLE('',(#383));
#348=SURFACE_SIDE_STYLE('',(#384));
#349=SURFACE_SIDE_STYLE('',(#385));
#350=SURFACE_SIDE_STYLE('',(#386));
#351=SURFACE_SIDE_STYLE('',(#387));
#352=SURFACE_SIDE_STYLE('',(#388));
#353=SURFACE_SIDE_STYLE('',(#389));
#354=SURFACE_SIDE_STYLE('',(#390));
#355=SURFACE_SIDE_STYLE('',(#391));
#356=SURFACE_SIDE_STYLE('',(#392));
#357=SURFACE_SIDE_STYLE('',(#393));
#358=SURFACE_SIDE_STYLE('',(#394));
#359=SURFACE_SIDE_STYLE('',(#395));
#360=SURFACE_SIDE_STYLE('',(#396));
#361=SURFACE_SIDE_STYLE('',(#397));
#362=SURFACE_SIDE_STYLE('',(#398));
#363=SURFACE_SIDE_STYLE('',(#399));
#364=SURFACE_SIDE_STYLE('',(#400));
#365=SURFACE_SIDE_STYLE('',(#401));
#366=SURFACE_SIDE_STYLE('',(#402));
#367=SURFACE_STYLE_FILL_AREA(#403);
#368=SURFACE_STYLE_FILL_AREA(#404);
#369=SURFACE_STYLE_FILL_AREA(#405);
#370=SURFACE_STYLE_FILL_AREA(#406);
#371=SURFACE_STYLE_FILL_AREA(#407);
#372=SURFACE_STYLE_FILL_AREA(#408);
#373=SURFACE_STYLE_FILL_AREA(#409);
#374=SURFACE_STYLE_FILL_AREA(#410);
#375=SURFACE_STYLE_FILL_AREA(#411);
#376=SURFACE_STYLE_FILL_AREA(#412);
#377=SURFACE_STYLE_FILL_AREA(#413);
#378=SURFACE_STYLE_FILL_AREA(#414);
#379=SURFACE_STYLE_FILL_AREA(#415);
#380=SURFACE_STYLE_FILL_AREA(#416);
#381=SURFACE_STYLE_FILL_AREA(#417);
#382=SURFACE_STYLE_FILL_AREA(#418);
#383=SURFACE_STYLE_FILL_AREA(#419);
#384=SURFACE_STYLE_FILL_AREA(#420);
#385=SURFACE_STYLE_FILL_AREA(#421);
#386=SURFACE_STYLE_FILL_AREA(#422);
#387=SURFACE_STYLE_FILL_AREA(#423);
#388=SURFACE_STYLE_FILL_AREA(#424);
#389=SURFACE_STYLE_FILL_AREA(#425);
#390=SURFACE_STYLE_FILL_AREA(#426);
#391=SURFACE_STYLE_FILL_AREA(#427);
#392=SURFACE_STYLE_FILL_AREA(#428);
#393=SURFACE_STYLE_FILL_AREA(#429);
#394=SURFACE_STYLE_FILL_AREA(#430);
#395=SURFACE_STYLE_FILL_AREA(#431);
#396=SURFACE_STYLE_FILL_AREA(#432);
#397=SURFACE_STYLE_FILL_AREA(#433);
#398=SURFACE_STYLE_FILL_AREA(#434);
#399=SURFACE_STYLE_FILL_AREA(#435);
#400=SURFACE_STYLE_FILL_AREA(#436);
#401=SURFACE_STYLE_FILL_AREA(#437);
#402=SURFACE_STYLE_FILL_AREA(#438);
#403=FILL_AREA_STYLE('',(#442));
#404=FILL_AREA_STYLE('',(#443));
#405=FILL_AREA_STYLE('',(#444));
#406=FILL_AREA_STYLE('',(#445));
#407=FILL_AREA_STYLE('',(#446));
#408=FILL_AREA_STYLE('',(#447));
#409=FILL_AREA_STYLE('',(#448));
#410=FILL_AREA_STYLE('',(#449));
#411=FILL_AREA_STYLE('',(#450));
#412=FILL_AREA_STYLE('',(#451));
#413=FILL_AREA_STYLE('',(#452));
#414=FILL_AREA_STYLE('',(#453));
#415=FILL_AREA_STYLE('',(#454));
#416=FILL_AREA_STYLE('',(#455));
#417=FILL_AREA_STYLE('',(#456));
#418=FILL_AREA_STYLE('',(#457));
#419=FILL_AREA_STYLE('',(#458));
#420=FILL_AREA_STYLE('',(#459));
#421=FILL_AREA_STYLE('',(#460));
#422=FILL_AREA_STYLE('',(#461));
#423=FILL_AREA_STYLE('',(#462));
#424=FILL_AREA_STYLE('',(#463));
#425=FILL_AREA_STYLE('',(#464));
#426=FILL_AREA_STYLE('',(#465));
#427=FILL_AREA_STYLE('',(#466));
#428=FILL_AREA_STYLE('',(#467));
#429=FILL_AREA_STYLE('',(#468));
#430=FILL_AREA_STYLE('',(#469));
#431=FILL_AREA_STYLE('',(#470));
#432=FILL_AREA_STYLE('',(#471));
#433=FILL_AREA_STYLE('',(#472));
#434=FILL_AREA_STYLE('',(#473));
#435=FILL_AREA_STYLE('',(#474));
#436=FILL_AREA_STYLE('',(#475));
#437=FILL_AREA_STYLE('',(#476));
#438=FILL_AREA_STYLE('',(#477));
#439=FILL_AREA_STYLE('NULL',(#478));
#440=FILL_AREA_STYLE('NULL',(#479));
#441=FILL_AREA_STYLE('NULL',(#480));
#442=FILL_AREA_STYLE_COLOUR('',#481);
#443=FILL_AREA_STYLE_COLOUR('',#481);
#444=FILL_AREA_STYLE_COLOUR('',#481);
#445=FILL_AREA_STYLE_COLOUR('',#481);
#446=FILL_AREA_STYLE_COLOUR('',#482);
#447=FILL_AREA_STYLE_COLOUR('',#481);
#448=FILL_AREA_STYLE_COLOUR('',#481);
#449=FILL_AREA_STYLE_COLOUR('',#481);
#450=FILL_AREA_STYLE_COLOUR('',#481);
#451=FILL_AREA_STYLE_COLOUR('',#481);
#452=FILL_AREA_STYLE_COLOUR('',#481);
#453=FILL_AREA_STYLE_COLOUR('',#481);
#454=FILL_AREA_STYLE_COLOUR('',#481);
#455=FILL_AREA_STYLE_COLOUR('',#481);
#456=FILL_AREA_STYLE_COLOUR('',#481);
#457=FILL_AREA_STYLE_COLOUR('',#481);
#458=FILL_AREA_STYLE_COLOUR('',#482);
#459=FILL_AREA_STYLE_COLOUR('',#481);
#460=FILL_AREA_STYLE_COLOUR('',#481);
#461=FILL_AREA_STYLE_COLOUR('',#482);
#462=FILL_AREA_STYLE_COLOUR('',#481);
#463=FILL_AREA_STYLE_COLOUR('',#482);
#464=FILL_AREA_STYLE_COLOUR('',#481);
#465=FILL_AREA_STYLE_COLOUR('',#481);
#466=FILL_AREA_STYLE_COLOUR('',#482);
#467=FILL_AREA_STYLE_COLOUR('',#482);
#468=FILL_AREA_STYLE_COLOUR('',#481);
#469=FILL_AREA_STYLE_COLOUR('',#482);
#470=FILL_AREA_STYLE_COLOUR('',#481);
#471=FILL_AREA_STYLE_COLOUR('',#482);
#472=FILL_AREA_STYLE_COLOUR('',#481);
#473=FILL_AREA_STYLE_COLOUR('',#482);
#474=FILL_AREA_STYLE_COLOUR('',#481);
#475=FILL_AREA_STYLE_COLOUR('',#481);
#476=FILL_AREA_STYLE_COLOUR('',#481);
#477=FILL_AREA_STYLE_COLOUR('',#481);
#478=FILL_AREA_STYLE_COLOUR('NULL',#22);
#479=FILL_AREA_STYLE_COLOUR('NULL',#23);
#480=FILL_AREA_STYLE_COLOUR('NULL',#24);
#481=COLOUR_RGB('',0.501960784313725,0.635278858625162,0.705882352941177);
#482=COLOUR_RGB('',0.2,0.6,1.);
#483=COMPLEX_TRIANGULATED_FACE($,#519,16,((0.,0.996113330796496,-0.0880808277067684),
(0.,0.988685996671814,0.149999999950208),(0.,0.988685996671814,0.149999999950208),
(0.,0.947023539591721,-0.321164156560424),(0.,0.996113330796496,-0.0880808277067684),
(0.,0.844201862242769,-0.536025387258702),(0.,0.947023539591721,-0.321164156560424),
(0.,0.693482158658603,-0.720473799400231),(0.,0.844201862242769,-0.536025387258702),
(0.,0.503415909994759,-0.864044224310393),(0.,0.693482158658603,-0.720473799400231),
(0.,0.284787027744568,-0.95859081407471),(0.,0.503415909994759,-0.864044224310393),
(0.,0.0499999999886089,-0.998749217772479),(0.,0.284787027744568,-0.95859081407471),
(0.,0.0499999999886089,-0.998749217772479)),$,(9,10,2,11,1,12,3,13,4,14,
5,15,6,16,7,8),((1,2,3),(4,1,5),(6,4,7),(8,6,9),(10,8,11),(12,10,13),(14,
12,15),(15,16,14),(13,15,12),(11,13,10),(9,11,8),(7,9,6),(5,7,4),(3,5,1)),
());
#484=COMPLEX_TRIANGULATED_FACE($,#520,14,((0.,0.290880138745398,0.95675950211297),
(0.,0.0499999999886097,0.998749217772479),(0.,0.0499999999886097,0.998749217772479),
(0.,0.514369607729019,0.857568601713411),(0.,0.290880138745398,0.95675950211297),
(0.,0.707106781186548,0.707106781186547),(0.,0.514369607729019,0.857568601713411),
(0.,0.857568601713411,0.514369607729019),(0.,0.707106781186548,0.707106781186547),
(0.,0.95675950211297,0.290880138745398),(0.,0.857568601713411,0.514369607729019),
(0.,0.998749217772479,0.0499999999886093),(0.,0.95675950211297,0.290880138745398),
(0.,0.998749217772479,0.0499999999886093)),$,(13,14,7,12,6,11,5,10,4,9,
3,8,2,1),((1,2,3),(4,1,5),(6,4,7),(8,6,9),(10,8,11),(12,10,13),(13,14,12),
(11,13,10),(9,11,8),(7,9,6),(5,7,4),(3,5,1)),());
#485=COMPLEX_TRIANGULATED_FACE($,#521,10,((0.,0.669050513259028,0.743216933813965),
(0.,0.49999999983449,0.866025403879996),(0.,0.49999999983449,0.866025403879996),
(0.,0.808890283677197,0.587959615086464),(0.,0.669050513259028,0.743216933813965),
(0.,0.913413907214697,0.407031981675618),(0.,0.808890283677197,0.587959615086464),
(0.,0.978057882843219,0.208333333406441),(0.,0.913413907214697,0.407031981675618),
(0.,0.978057882843219,0.208333333406441)),$,(9,10,5,8,4,7,3,6,2,1),((1,
2,3),(4,1,5),(6,4,7),(8,6,9),(9,10,8),(7,9,6),(5,7,4),(3,5,1)),());
#486=COMPLEX_TRIANGULATED_FACE($,#522,4,((0.,0.,1.),(0.,0.,1.),(0.,0.,1.),
(0.,0.,1.)),$,(3,4,2,1),((1,2,3),(3,4,1)),());
#487=COMPLEX_TRIANGULATED_FACE($,#523,151,((1.,0.,0.),(1.,0.,0.),(1.,0.,
0.),(1.,0.,0.),(1.,0.,0.),(1.,0.,0.),(1.,0.,0.),(1.,0.,0.),(1.,0.,0.),(1.,
0.,0.),(1.,0.,0.),(1.,0.,0.),(1.,0.,0.),(1.,0.,0.),(1.,0.,0.),(1.,0.,0.),
(1.,0.,0.),(1.,0.,0.),(1.,0.,0.),(1.,0.,0.),(1.,0.,0.),(1.,0.,0.),(1.,0.,
0.),(1.,0.,0.),(1.,0.,0.),(1.,0.,0.),(1.,0.,0.),(1.,0.,0.),(1.,0.,0.),(1.,
0.,0.),(1.,0.,0.),(1.,0.,0.),(1.,0.,0.),(1.,0.,0.),(1.,0.,0.),(1.,0.,0.),
(1.,0.,0.),(1.,0.,0.),(1.,0.,0.),(1.,0.,0.),(1.,0.,0.),(1.,0.,0.),(1.,0.,
0.),(1.,0.,0.),(1.,0.,0.),(1.,0.,0.),(1.,0.,0.),(1.,0.,0.),(1.,0.,0.),(1.,
0.,0.),(1.,0.,0.),(1.,0.,0.),(1.,0.,0.),(1.,0.,0.),(1.,0.,0.),(1.,0.,0.),
(1.,0.,0.),(1.,0.,0.),(1.,0.,0.),(1.,0.,0.),(1.,0.,0.),(1.,0.,0.),(1.,0.,
0.),(1.,0.,0.),(1.,0.,0.),(1.,0.,0.),(1.,0.,0.),(1.,0.,0.),(1.,0.,0.),(1.,
0.,0.),(1.,0.,0.),(1.,0.,0.),(1.,0.,0.),(1.,0.,0.),(1.,0.,0.),(1.,0.,0.),
(1.,0.,0.),(1.,0.,0.),(1.,0.,0.),(1.,0.,0.),(1.,0.,0.),(1.,0.,0.),(1.,0.,
0.),(1.,0.,0.),(1.,0.,0.),(1.,0.,0.),(1.,0.,0.),(1.,0.,0.),(1.,0.,0.),(1.,
0.,0.),(1.,0.,0.),(1.,0.,0.),(1.,0.,0.),(1.,0.,0.),(1.,0.,0.),(1.,0.,0.),
(1.,0.,0.),(1.,0.,0.),(1.,0.,0.),(1.,0.,0.),(1.,0.,0.),(1.,0.,0.),(1.,0.,
0.),(1.,0.,0.),(1.,0.,0.),(1.,0.,0.),(1.,0.,0.),(1.,0.,0.),(1.,0.,0.),(1.,
0.,0.),(1.,0.,0.),(1.,0.,0.),(1.,0.,0.),(1.,0.,0.),(1.,0.,0.),(1.,0.,0.),
(1.,0.,0.),(1.,0.,0.),(1.,0.,0.),(1.,0.,0.),(1.,0.,0.),(1.,0.,0.),(1.,0.,
0.),(1.,0.,0.),(1.,0.,0.),(1.,0.,0.),(1.,0.,0.),(1.,0.,0.),(1.,0.,0.),(1.,
0.,0.),(1.,0.,0.),(1.,0.,0.),(1.,0.,0.),(1.,0.,0.),(1.,0.,0.),(1.,0.,0.),
(1.,0.,0.),(1.,0.,0.),(1.,0.,0.),(1.,0.,0.),(1.,0.,0.),(1.,0.,0.),(1.,0.,
0.),(1.,0.,0.),(1.,0.,0.),(1.,0.,0.),(1.,0.,0.),(1.,0.,0.),(1.,0.,0.),(1.,
0.,0.),(1.,0.,0.)),$,(81,79,96,87,85,103,83,99,78,110,105,147,114,58,76,
74,108,89,149,146,141,150,93,92,70,68,77,91,97,118,137,143,131,66,72,112,
116,121,133,129,135,123,127,119,101,139,62,64,125,148,132,136,88,90,109,
151,145,142,80,111,84,86,106,128,115,94,113,138,124,120,95,100,144,104,
82,102,98,117,134,140,122,60,71,73,61,65,130,126,107,69,67,63,75,57,43,
47,53,38,4,31,22,26,2,21,17,49,35,3,6,11,24,54,15,28,33,45,51,18,9,13,41,
37,42,46,56,52,39,30,23,27,1,7,20,16,5,25,48,55,34,10,14,29,32,44,50,8,
40,36,19,12,59),((1,2,3),(4,5,6),(7,8,6),(8,7,1),(9,10,11),(9,12,13),(14,
15,16),(17,18,4),(3,8,1),(13,10,9),(19,20,21),(22,23,24),(14,25,26),(14,
27,15),(28,18,17),(6,5,7),(9,29,3),(12,30,13),(21,31,19),(19,22,32),(24,
33,22),(26,34,14),(16,35,14),(24,36,37),(36,24,28),(3,2,9),(12,38,30),(19,
39,40),(32,20,19),(33,41,22),(35,25,14),(24,42,43),(37,44,24),(6,17,4),
(11,45,9),(31,39,19),(41,46,22),(151,14,47),(34,48,14),(44,42,24),(45,29,
9),(12,40,49),(46,32,22),(48,47,14),(14,12,9),(17,36,28),(40,12,19),(9,
27,14),(49,38,12),(43,33,24),(50,51,52),(53,54,55),(56,57,58),(52,56,50),
(50,59,60),(61,62,63),(63,62,53),(58,22,56),(50,64,51),(60,65,50),(55,63,
53),(66,67,55),(58,68,22),(50,69,64),(65,70,50),(59,71,72),(55,54,66),(56,
73,57),(70,69,50),(72,74,59),(75,76,77),(66,78,67),(68,79,22),(52,80,56),
(59,77,71),(77,59,75),(66,81,78),(82,83,84),(82,85,86),(22,87,88),(80,73,
56),(74,89,59),(63,76,61),(82,90,83),(86,91,82),(79,87,22),(75,61,76),(91,
90,82),(151,92,85),(22,81,66),(89,60,59),(82,93,59),(85,82,151),(88,81,
22),(84,93,82),(59,50,82),(151,82,94),(82,95,96),(94,97,151),(82,98,95),
(82,99,100),(99,101,102),(103,104,105),(97,106,151),(82,107,98),(102,100,
99),(108,109,110),(103,111,104),(82,112,94),(100,107,82),(110,113,108),
(103,114,111),(103,151,115),(106,116,151),(96,117,82),(99,108,118),(108,
119,109),(103,120,119),(115,114,103),(151,121,122),(117,112,82),(113,118,
108),(105,120,103),(116,121,151),(119,108,103),(118,101,99),(151,123,124),
(14,125,126),(151,127,123),(151,103,128),(103,129,130),(103,131,132),(131,
133,134),(135,136,133),(126,137,14),(151,138,125),(151,139,127),(130,128,
103),(132,140,103),(133,131,135),(125,14,151),(128,139,151),(140,141,103),
(135,142,136),(135,14,143),(137,144,14),(124,145,151),(131,146,132),(143,
142,135),(14,147,148),(145,138,151),(141,149,103),(134,150,131),(144,147,
14),(150,146,131),(149,129,103),(148,143,14),(122,115,151),(66,23,22),(47,
92,151)),());
#488=COMPLEX_TRIANGULATED_FACE($,#524,10,((0.,-0.699700700951065,-0.714436091675517),
(0.,-0.49999999983449,-0.866025403879996),(0.,-0.49999999983449,-0.866025403879996),
(0.,-0.8554184331922,-0.517937548508507),(0.,-0.699700700951065,-0.714436091675517),
(0.,-0.957364828243831,-0.288881611809509),(0.,-0.8554184331922,-0.517937548508507),
(0.,-0.999131567357065,-0.0416666666607058),(0.,-0.957364828243831,-0.288881611809509),
(0.,-0.999131567357065,-0.0416666666607058)),$,(7,6,1,8,2,9,3,10,4,5),((1,
2,3),(4,1,5),(6,4,7),(8,6,9),(9,10,8),(7,9,6),(5,7,4),(3,5,1)),());
#489=COMPLEX_TRIANGULATED_FACE($,#525,10,((0.,-0.913413907214697,0.407031981675618),
(0.,-0.978057882843219,0.208333333406441),(0.,-0.978057882843219,0.208333333406441),
(0.,-0.808890283677197,0.587959615086465),(0.,-0.913413907214697,0.407031981675618),
(0.,-0.669050513259027,0.743216933813965),(0.,-0.808890283677197,0.587959615086465),
(0.,-0.49999999983449,0.866025403879996),(0.,-0.669050513259027,0.743216933813965),
(0.,-0.49999999983449,0.866025403879996)),$,(9,10,5,8,4,7,3,6,2,1),((1,
2,3),(4,1,5),(6,4,7),(8,6,9),(9,10,8),(7,9,6),(5,7,4),(3,5,1)),());
#490=COMPLEX_TRIANGULATED_FACE($,#526,4,((0.,1.,0.),(0.,1.,0.),(0.,1.,0.),
(0.,1.,0.)),$,(1,2,4,3),((1,2,3),(3,4,1)),());
#491=COMPLEX_TRIANGULATED_FACE($,#527,4,((0.,0.,1.),(0.,0.,1.),(0.,0.,1.),
(0.,0.,1.)),$,(4,2,1,3),((1,2,3),(3,4,1)),());
#492=COMPLEX_TRIANGULATED_FACE($,#528,4,((0.,-1.,0.),(0.,-1.,0.),(0.,-1.,
0.),(0.,-1.,0.)),$,(4,2,1,3),((1,2,3),(3,4,1)),());
#493=COMPLEX_TRIANGULATED_FACE($,#529,4,((0.,-0.707106781186547,0.707106781186547),
(0.,-0.707106781186547,0.707106781186547),(0.,-0.707106781186547,0.707106781186547),
(0.,-0.707106781186547,0.707106781186547)),$,(4,2,1,3),((1,2,3),(3,4,1)),
());
#494=COMPLEX_TRIANGULATED_FACE($,#530,168,((1.,0.,0.),(1.,0.,0.),(1.,0.,
0.),(1.,0.,0.),(1.,0.,0.),(1.,0.,0.),(1.,0.,0.),(1.,0.,0.),(1.,0.,0.),(1.,
0.,0.),(1.,0.,0.),(1.,0.,0.),(1.,0.,0.),(1.,0.,0.),(1.,0.,0.),(1.,0.,0.),
(1.,0.,0.),(1.,0.,0.),(1.,0.,0.),(1.,0.,0.),(1.,0.,0.),(1.,0.,0.),(1.,0.,
0.),(1.,0.,0.),(1.,0.,0.),(1.,0.,0.),(1.,0.,0.),(1.,0.,0.),(1.,0.,0.),(1.,
0.,0.),(1.,0.,0.),(1.,0.,0.),(1.,0.,0.),(1.,0.,0.),(1.,0.,0.),(1.,0.,0.),
(1.,0.,0.),(1.,0.,0.),(1.,0.,0.),(1.,0.,0.),(1.,0.,0.),(1.,0.,0.),(1.,0.,
0.),(1.,0.,0.),(1.,0.,0.),(1.,0.,0.),(1.,0.,0.),(1.,0.,0.),(1.,0.,0.),(1.,
0.,0.),(1.,0.,0.),(1.,0.,0.),(1.,0.,0.),(1.,0.,0.),(1.,0.,0.),(1.,0.,0.),
(1.,0.,0.),(1.,0.,0.),(1.,0.,0.),(1.,0.,0.),(1.,0.,0.),(1.,0.,0.),(1.,0.,
0.),(1.,0.,0.),(1.,0.,0.),(1.,0.,0.),(1.,0.,0.),(1.,0.,0.),(1.,0.,0.),(1.,
0.,0.),(1.,0.,0.),(1.,0.,0.),(1.,0.,0.),(1.,0.,0.),(1.,0.,0.),(1.,0.,0.),
(1.,0.,0.),(1.,0.,0.),(1.,0.,0.),(1.,0.,0.),(1.,0.,0.),(1.,0.,0.),(1.,0.,
0.),(1.,0.,0.),(1.,0.,0.),(1.,0.,0.),(1.,0.,0.),(1.,0.,0.),(1.,0.,0.),(1.,
0.,0.),(1.,0.,0.),(1.,0.,0.),(1.,0.,0.),(1.,0.,0.),(1.,0.,0.),(1.,0.,0.),
(1.,0.,0.),(1.,0.,0.),(1.,0.,0.),(1.,0.,0.),(1.,0.,0.),(1.,0.,0.),(1.,0.,
0.),(1.,0.,0.),(1.,0.,0.),(1.,0.,0.),(1.,0.,0.),(1.,0.,0.),(1.,0.,0.),(1.,
0.,0.),(1.,0.,0.),(1.,0.,0.),(1.,0.,0.),(1.,0.,0.),(1.,0.,0.),(1.,0.,0.),
(1.,0.,0.),(1.,0.,0.),(1.,0.,0.),(1.,0.,0.),(1.,0.,0.),(1.,0.,0.),(1.,0.,
0.),(1.,0.,0.),(1.,0.,0.),(1.,0.,0.),(1.,0.,0.),(1.,0.,0.),(1.,0.,0.),(1.,
0.,0.),(1.,0.,0.),(1.,0.,0.),(1.,0.,0.),(1.,0.,0.),(1.,0.,0.),(1.,0.,0.),
(1.,0.,0.),(1.,0.,0.),(1.,0.,0.),(1.,0.,0.),(1.,0.,0.),(1.,0.,0.),(1.,0.,
0.),(1.,0.,0.),(1.,0.,0.),(1.,0.,0.),(1.,0.,0.),(1.,0.,0.),(1.,0.,0.),(1.,
0.,0.),(1.,0.,0.),(1.,0.,0.),(1.,0.,0.),(1.,0.,0.),(1.,0.,0.),(1.,0.,0.),
(1.,0.,0.),(1.,0.,0.),(1.,0.,0.),(1.,0.,0.),(1.,0.,0.),(1.,0.,0.),(1.,0.,
0.),(1.,0.,0.),(1.,0.,0.),(1.,0.,0.),(1.,0.,0.),(1.,0.,0.)),$,(123,107,
129,133,148,152,136,103,124,144,140,101,99,119,91,105,110,90,121,117,164,
127,166,162,158,97,114,95,93,154,157,87,89,109,132,146,142,150,160,138,
113,167,134,83,165,149,153,168,88,125,100,122,118,145,130,96,98,163,159,
141,137,102,104,128,116,126,131,155,120,106,111,94,112,108,135,139,147,
143,161,156,115,92,151,86,85,81,48,53,5,43,78,63,59,23,27,2,21,17,72,55,
51,74,76,38,31,25,29,36,70,3,19,7,11,35,46,62,40,15,12,9,33,66,45,68,61,
57,42,77,75,80,82,69,67,73,79,1,20,16,4,24,71,39,30,37,10,14,49,34,22,26,
6,28,64,58,47,65,32,44,54,52,56,8,13,41,60,18,50,84),((1,2,3),(4,5,6),(7,
4,1),(8,9,3),(4,10,5),(3,2,8),(4,11,10),(3,7,1),(12,13,14),(15,16,17),(18,
19,20),(18,21,22),(23,24,25),(7,11,4),(9,8,12),(26,27,14),(28,29,17),(17,
29,15),(22,19,18),(25,30,23),(23,4,31),(14,9,12),(14,13,26),(15,32,16),
(33,34,16),(21,35,22),(21,36,37),(23,38,36),(23,39,24),(6,31,4),(17,27,
28),(16,32,33),(21,40,35),(36,21,23),(31,39,23),(33,18,34),(20,41,18),(30,
38,23),(41,34,18),(26,28,27),(42,43,4),(44,21,18),(4,23,42),(37,40,21),
(45,46,47),(47,48,45),(45,49,50),(51,52,53),(45,54,46),(50,55,45),(56,57,
53),(53,57,51),(48,58,59),(45,60,54),(55,61,45),(51,62,52),(63,64,52),(65,
66,67),(59,42,48),(61,60,45),(52,62,63),(64,63,65),(59,68,42),(49,69,50),
(49,70,71),(72,73,74),(67,64,65),(75,76,67),(42,77,78),(48,79,58),(47,80,
48),(71,81,49),(49,82,74),(74,82,72),(67,66,75),(42,83,77),(80,79,48),(74,
70,49),(53,73,56),(68,83,42),(72,56,73),(81,69,49),(84,85,49),(42,76,75),
(49,45,84),(78,76,42),(86,87,88),(86,89,90),(91,92,93),(90,87,86),(89,94,
95),(96,97,98),(99,100,101),(102,103,93),(93,103,91),(89,104,90),(95,105,
89),(96,106,97),(107,96,108),(101,109,99),(91,86,92),(105,104,89),(89,110,
111),(110,112,113),(96,107,106),(96,114,108),(115,116,117),(93,100,102),
(111,94,89),(113,118,110),(96,119,120),(108,121,107),(121,108,115),(122,
123,117),(124,109,101),(86,125,92),(88,126,86),(110,120,112),(98,119,96),
(117,116,122),(123,122,124),(126,125,86),(120,110,96),(101,123,124),(118,
111,110),(84,89,86),(99,102,100),(117,121,115),(127,128,129),(127,130,131),
(127,132,133),(129,134,127),(131,135,127),(136,137,138),(139,140,137),(127,
141,132),(135,128,127),(142,143,144),(136,145,146),(137,136,139),(134,141,
127),(147,144,127),(144,147,142),(148,149,150),(136,151,145),(139,152,140),
(130,153,154),(130,127,155),(127,156,147),(150,143,148),(146,148,136),(139,
157,152),(139,130,158),(154,159,130),(155,160,130),(160,161,130),(142,148,
143),(136,162,151),(138,163,136),(158,164,139),(130,165,153),(148,166,149),
(163,162,136),(130,167,158),(161,165,130),(96,136,148),(146,166,148),(159,
167,130),(44,168,130),(133,156,127),(130,139,44),(164,157,139),(148,114,
96),(86,85,84),(75,43,42),(18,168,44)),());
#495=COMPLEX_TRIANGULATED_FACE($,#531,4,((0.,0.,1.),(0.,0.,1.),(0.,0.,1.),
(0.,0.,1.)),$,(1,3,4,2),((1,2,3),(3,4,1)),());
#496=COMPLEX_TRIANGULATED_FACE($,#532,14,((0.,-0.95675950211297,0.290880138745397),
(0.,-0.998749217772479,0.0499999999886097),(0.,-0.998749217772479,0.0499999999886097),
(0.,-0.857568601713412,0.514369607729018),(0.,-0.95675950211297,0.290880138745397),
(0.,-0.707106781186548,0.707106781186547),(0.,-0.857568601713412,0.514369607729018),
(0.,-0.514369607729019,0.857568601713411),(0.,-0.707106781186548,0.707106781186547),
(0.,-0.290880138745398,0.95675950211297),(0.,-0.514369607729019,0.857568601713411),
(0.,-0.0499999999886097,0.998749217772479),(0.,-0.290880138745398,0.95675950211297),
(0.,-0.0499999999886097,0.998749217772479)),$,(13,14,7,12,6,11,5,10,4,9,
3,8,2,1),((1,2,3),(4,1,5),(6,4,7),(8,6,9),(10,8,11),(12,10,13),(13,14,12),
(11,13,10),(9,11,8),(7,9,6),(5,7,4),(3,5,1)),());
#497=COMPLEX_TRIANGULATED_FACE($,#533,4,((0.,0.,-1.),(0.,0.,-1.),(0.,0.,
-1.),(0.,0.,-1.)),$,(4,3,1,2),((1,2,3),(3,4,1)),());
#498=COMPLEX_TRIANGULATED_FACE($,#534,4,((0.,0.707106781186547,0.707106781186547),
(0.,0.707106781186547,0.707106781186547),(0.,0.707106781186547,0.707106781186547),
(0.,0.707106781186547,0.707106781186547)),$,(4,2,1,3),((1,2,3),(3,4,1)),
());
#499=COMPLEX_TRIANGULATED_FACE($,#535,26,((0.,-0.971764121150474,0.235954429593187),
(0.,-0.877582561525323,0.479425539272422),(0.,-0.877582561525323,0.479425539272422),
(0.,-0.999721561835361,-0.0235965845296894),(0.,-0.971764121150474,0.235954429593187),
(0.,-0.959549630199163,-0.28153953041207),(0.,-0.999721561835361,-0.0235965845296894),
(0.,-0.853985976995633,-0.520296022562939),(0.,-0.959549630199163,-0.28153953041207),
(0.,-0.690224590738403,-0.723595200605977),(0.,-0.853985976995633,-0.520296022562939),
(0.,-0.479425539272421,-0.877582561525323),(0.,-0.690224590738403,-0.723595200605977),
(0.,-0.235954429593187,-0.971764121150474),(0.,-0.479425539272421,-0.877582561525323),
(0.,0.0235965845296902,-0.999721561835361),(0.,-0.235954429593187,-0.971764121150474),
(0.,0.281539530412069,-0.959549630199164),(0.,0.0235965845296902,-0.999721561835361),
(0.,0.520296022562939,-0.853985976995633),(0.,0.281539530412069,-0.959549630199164),
(0.,0.723595200605977,-0.690224590738403),(0.,0.520296022562939,-0.853985976995633),
(0.,0.877582561525323,-0.479425539272421),(0.,0.723595200605977,-0.690224590738403),
(0.,0.877582561525323,-0.479425539272421)),$,(12,10,23,13,25,11,26,9,24,
8,22,7,21,6,20,5,19,4,18,3,17,2,16,1,15,14),((1,2,3),(4,1,5),(6,4,7),(8,
6,9),(10,8,11),(12,10,13),(14,12,15),(16,14,17),(18,16,19),(20,18,21),(22,
20,23),(24,22,25),(25,26,24),(23,25,22),(21,23,20),(19,21,18),(17,19,16),
(15,17,14),(13,15,12),(11,13,10),(9,11,8),(7,9,6),(5,7,4),(3,5,1)),());
#500=COMPLEX_TRIANGULATED_FACE($,#536,10,((0.,0.957364828243831,-0.288881611809509),
(0.,0.999131567357065,-0.0416666666607061),(0.,0.999131567357065,-0.0416666666607061),
(0.,0.855418433192199,-0.517937548508508),(0.,0.957364828243831,-0.288881611809509),
(0.,0.699700700951065,-0.714436091675518),(0.,0.855418433192199,-0.517937548508508),
(0.,0.49999999983449,-0.866025403879996),(0.,0.699700700951065,-0.714436091675518),
(0.,0.49999999983449,-0.866025403879996)),$,(7,6,1,8,2,9,3,10,4,5),((1,
2,3),(4,1,5),(6,4,7),(8,6,9),(9,10,8),(7,9,6),(5,7,4),(3,5,1)),());
#501=COMPLEX_TRIANGULATED_FACE($,#537,4,((0.,-0.707106781186547,-0.707106781186547),
(0.,-0.707106781186547,-0.707106781186547),(0.,-0.707106781186547,-0.707106781186547),
(0.,-0.707106781186547,-0.707106781186547)),$,(3,1,2,4),((1,2,3),(3,4,1)),
());
#502=COMPLEX_TRIANGULATED_FACE($,#538,26,((0.,0.971764121150474,-0.235954429593188),
(0.,0.877582561525323,-0.479425539272423),(0.,0.877582561525323,-0.479425539272423),
(0.,0.999721561835361,0.0235965845296901),(0.,0.971764121150474,-0.235954429593188),
(0.,0.959549630199164,0.281539530412069),(0.,0.999721561835361,0.0235965845296901),
(0.,0.853985976995634,0.520296022562938),(0.,0.959549630199164,0.281539530412069),
(0.,0.690224590738405,0.723595200605975),(0.,0.853985976995634,0.520296022562938),
(0.,0.479425539272423,0.877582561525323),(0.,0.690224590738405,0.723595200605975),
(0.,0.235954429593188,0.971764121150474),(0.,0.479425539272423,0.877582561525323),
(0.,-0.0235965845296879,0.999721561835361),(0.,0.235954429593188,0.971764121150474),
(0.,-0.281539530412067,0.959549630199164),(0.,-0.0235965845296879,0.999721561835361),
(0.,-0.520296022562937,0.853985976995634),(0.,-0.281539530412067,0.959549630199164),
(0.,-0.723595200605974,0.690224590738406),(0.,-0.520296022562937,0.853985976995634),
(0.,-0.877582561525322,0.479425539272423),(0.,-0.723595200605974,0.690224590738406),
(0.,-0.877582561525322,0.479425539272423)),$,(2,4,17,1,15,3,14,5,16,6,18,
7,19,8,20,9,21,10,22,11,23,12,24,13,25,26),((1,2,3),(4,1,5),(6,4,7),(8,
6,9),(10,8,11),(12,10,13),(14,12,15),(16,14,17),(18,16,19),(20,18,21),(22,
20,23),(24,22,25),(25,26,24),(23,25,22),(21,23,20),(19,21,18),(17,19,16),
(15,17,14),(13,15,12),(11,13,10),(9,11,8),(7,9,6),(5,7,4),(3,5,1)),());
#503=COMPLEX_TRIANGULATED_FACE($,#539,16,((0.,-0.284787027744569,-0.958590814074709),
(0.,-0.04999999998861,-0.998749217772479),(0.,-0.04999999998861,-0.998749217772479),
(0.,-0.50341590999476,-0.864044224310392),(0.,-0.284787027744569,-0.958590814074709),
(0.,-0.693482158658604,-0.72047379940023),(0.,-0.50341590999476,-0.864044224310392),
(0.,-0.844201862242769,-0.536025387258701),(0.,-0.693482158658604,-0.72047379940023),
(0.,-0.947023539591721,-0.321164156560424),(0.,-0.844201862242769,-0.536025387258701),
(0.,-0.996113330796497,-0.0880808277067671),(0.,-0.947023539591721,-0.321164156560424),
(0.,-0.988685996671814,0.149999999950209),(0.,-0.996113330796497,-0.0880808277067671),
(0.,-0.988685996671814,0.149999999950209)),$,(10,9,1,11,2,12,3,13,4,14,
5,16,6,15,8,7),((1,2,3),(4,1,5),(6,4,7),(8,6,9),(10,8,11),(12,10,13),(14,
12,15),(15,16,14),(13,15,12),(11,13,10),(9,11,8),(7,9,6),(5,7,4),(3,5,1)),
());
#504=COMPLEX_TRIANGULATED_FACE($,#540,26,((0.,0.971764121150474,-0.235954429593188),
(0.,0.877582561525323,-0.479425539272423),(0.,0.877582561525323,-0.479425539272423),
(0.,0.999721561835361,0.0235965845296901),(0.,0.971764121150474,-0.235954429593188),
(0.,0.959549630199164,0.281539530412069),(0.,0.999721561835361,0.0235965845296901),
(0.,0.853985976995634,0.520296022562938),(0.,0.959549630199164,0.281539530412069),
(0.,0.690224590738405,0.723595200605975),(0.,0.853985976995634,0.520296022562938),
(0.,0.479425539272423,0.877582561525323),(0.,0.690224590738405,0.723595200605975),
(0.,0.235954429593188,0.971764121150474),(0.,0.479425539272423,0.877582561525323),
(0.,-0.0235965845296879,0.999721561835361),(0.,0.235954429593188,0.971764121150474),
(0.,-0.281539530412067,0.959549630199164),(0.,-0.0235965845296879,0.999721561835361),
(0.,-0.520296022562937,0.853985976995634),(0.,-0.281539530412067,0.959549630199164),
(0.,-0.723595200605974,0.690224590738406),(0.,-0.520296022562937,0.853985976995634),
(0.,-0.877582561525322,0.479425539272423),(0.,-0.723595200605974,0.690224590738406),
(0.,-0.877582561525322,0.479425539272423)),$,(2,4,17,1,15,3,14,5,16,6,18,
7,19,8,20,9,21,10,22,11,23,12,24,13,25,26),((1,2,3),(4,1,5),(6,4,7),(8,
6,9),(10,8,11),(12,10,13),(14,12,15),(16,14,17),(18,16,19),(20,18,21),(22,
20,23),(24,22,25),(25,26,24),(23,25,22),(21,23,20),(19,21,18),(17,19,16),
(15,17,14),(13,15,12),(11,13,10),(9,11,8),(7,9,6),(5,7,4),(3,5,1)),());
#505=COMPLEX_TRIANGULATED_FACE($,#541,4,((0.,-1.,0.),(0.,-1.,0.),(0.,-1.,
0.),(0.,-1.,0.)),$,(2,1,3,4),((1,2,3),(3,4,1)),());
#506=COMPLEX_TRIANGULATED_FACE($,#542,4,((0.,1.,0.),(0.,1.,0.),(0.,1.,0.),
(0.,1.,0.)),$,(2,4,3,1),((1,2,3),(3,4,1)),());
#507=COMPLEX_TRIANGULATED_FACE($,#543,26,((0.,-0.971764121150474,0.23595442959319),
(0.,-0.877582561525322,0.479425539272424),(0.,-0.877582561525322,0.479425539272424),
(0.,-0.999721561835361,-0.0235965845296876),(0.,-0.971764121150474,0.23595442959319),
(0.,-0.959549630199164,-0.281539530412067),(0.,-0.999721561835361,-0.0235965845296876),
(0.,-0.853985976995634,-0.520296022562938),(0.,-0.959549630199164,-0.281539530412067),
(0.,-0.690224590738406,-0.723595200605974),(0.,-0.853985976995634,-0.520296022562938),
(0.,-0.479425539272423,-0.877582561525323),(0.,-0.690224590738406,-0.723595200605974),
(0.,-0.235954429593188,-0.971764121150474),(0.,-0.479425539272423,-0.877582561525323),
(0.,0.0235965845296902,-0.999721561835361),(0.,-0.235954429593188,-0.971764121150474),
(0.,0.281539530412069,-0.959549630199164),(0.,0.0235965845296902,-0.999721561835361),
(0.,0.520296022562938,-0.853985976995634),(0.,0.281539530412069,-0.959549630199164),
(0.,0.723595200605974,-0.690224590738406),(0.,0.520296022562938,-0.853985976995634),
(0.,0.877582561525323,-0.479425539272423),(0.,0.723595200605974,-0.690224590738406),
(0.,0.877582561525323,-0.479425539272423)),$,(12,10,23,13,25,11,26,9,24,
8,22,7,21,6,20,5,19,4,18,3,17,2,16,1,15,14),((1,2,3),(4,1,5),(6,4,7),(8,
6,9),(10,8,11),(12,10,13),(14,12,15),(16,14,17),(18,16,19),(20,18,21),(22,
20,23),(24,22,25),(25,26,24),(23,25,22),(21,23,20),(19,21,18),(17,19,16),
(15,17,14),(13,15,12),(11,13,10),(9,11,8),(7,9,6),(5,7,4),(3,5,1)),());
#508=COMPLEX_TRIANGULATED_FACE($,#544,26,((0.,0.971764121150474,-0.235954429593189),
(0.,0.877582561525323,-0.479425539272423),(0.,0.877582561525323,-0.479425539272423),
(0.,0.999721561835361,0.0235965845296901),(0.,0.971764121150474,-0.235954429593189),
(0.,0.959549630199164,0.281539530412068),(0.,0.999721561835361,0.0235965845296901),
(0.,0.853985976995634,0.520296022562938),(0.,0.959549630199164,0.281539530412068),
(0.,0.690224590738406,0.723595200605975),(0.,0.853985976995634,0.520296022562938),
(0.,0.479425539272423,0.877582561525323),(0.,0.690224590738406,0.723595200605975),
(0.,0.235954429593189,0.971764121150474),(0.,0.479425539272423,0.877582561525323),
(0.,-0.0235965845296879,0.999721561835361),(0.,0.235954429593189,0.971764121150474),
(0.,-0.281539530412067,0.959549630199164),(0.,-0.0235965845296879,0.999721561835361),
(0.,-0.520296022562938,0.853985976995634),(0.,-0.281539530412067,0.959549630199164),
(0.,-0.723595200605974,0.690224590738406),(0.,-0.520296022562938,0.853985976995634),
(0.,-0.877582561525322,0.479425539272423),(0.,-0.723595200605974,0.690224590738406),
(0.,-0.877582561525322,0.479425539272423)),$,(2,4,17,1,15,3,14,5,16,6,18,
7,19,8,20,9,21,10,22,11,23,12,24,13,25,26),((1,2,3),(4,1,5),(6,4,7),(8,
6,9),(10,8,11),(12,10,13),(14,12,15),(16,14,17),(18,16,19),(20,18,21),(22,
20,23),(24,22,25),(25,26,24),(23,25,22),(21,23,20),(19,21,18),(17,19,16),
(15,17,14),(13,15,12),(11,13,10),(9,11,8),(7,9,6),(5,7,4),(3,5,1)),());
#509=COMPLEX_TRIANGULATED_FACE($,#545,4,((0.,0.707106781186547,-0.707106781186547),
(0.,0.707106781186547,-0.707106781186547),(0.,0.707106781186547,-0.707106781186547),
(0.,0.707106781186547,-0.707106781186547)),$,(3,1,2,4),((1,2,3),(3,4,1)),
());
#510=COMPLEX_TRIANGULATED_FACE($,#546,26,((0.,-0.971764121150474,0.23595442959319),
(0.,-0.877582561525322,0.479425539272424),(0.,-0.877582561525322,0.479425539272424),
(0.,-0.999721561835361,-0.0235965845296876),(0.,-0.971764121150474,0.23595442959319),
(0.,-0.959549630199164,-0.281539530412068),(0.,-0.999721561835361,-0.0235965845296876),
(0.,-0.853985976995634,-0.520296022562938),(0.,-0.959549630199164,-0.281539530412068),
(0.,-0.690224590738406,-0.723595200605974),(0.,-0.853985976995634,-0.520296022562938),
(0.,-0.479425539272421,-0.877582561525323),(0.,-0.690224590738406,-0.723595200605974),
(0.,-0.235954429593188,-0.971764121150474),(0.,-0.479425539272421,-0.877582561525323),
(0.,0.0235965845296902,-0.999721561835361),(0.,-0.235954429593188,-0.971764121150474),
(0.,0.281539530412069,-0.959549630199164),(0.,0.0235965845296902,-0.999721561835361),
(0.,0.520296022562939,-0.853985976995633),(0.,0.281539530412069,-0.959549630199164),
(0.,0.723595200605977,-0.690224590738403),(0.,0.520296022562939,-0.853985976995633),
(0.,0.877582561525323,-0.479425539272421),(0.,0.723595200605977,-0.690224590738403),
(0.,0.877582561525323,-0.479425539272421)),$,(12,10,23,13,25,11,26,9,24,
8,22,7,21,6,20,5,19,4,18,3,17,2,16,1,15,14),((1,2,3),(4,1,5),(6,4,7),(8,
6,9),(10,8,11),(12,10,13),(14,12,15),(16,14,17),(18,16,19),(20,18,21),(22,
20,23),(24,22,25),(25,26,24),(23,25,22),(21,23,20),(19,21,18),(17,19,16),
(15,17,14),(13,15,12),(11,13,10),(9,11,8),(7,9,6),(5,7,4),(3,5,1)),());
#511=COMPLEX_TRIANGULATED_FACE($,#547,48,((1.,0.,0.),(1.,0.,0.),(1.,0.,
0.),(1.,0.,0.),(1.,0.,0.),(1.,0.,0.),(1.,0.,0.),(1.,0.,0.),(1.,0.,0.),(1.,
0.,0.),(1.,0.,0.),(1.,0.,0.),(1.,0.,0.),(1.,0.,0.),(1.,0.,0.),(1.,0.,0.),
(1.,0.,0.),(1.,0.,0.),(1.,0.,0.),(1.,0.,0.),(1.,0.,0.),(1.,0.,0.),(1.,0.,
0.),(1.,0.,0.),(1.,0.,0.),(1.,0.,0.),(1.,0.,0.),(1.,0.,0.),(1.,0.,0.),(1.,
0.,0.),(1.,0.,0.),(1.,0.,0.),(1.,0.,0.),(1.,0.,0.),(1.,0.,0.),(1.,0.,0.),
(1.,0.,0.),(1.,0.,0.),(1.,0.,0.),(1.,0.,0.),(1.,0.,0.),(1.,0.,0.),(1.,0.,
0.),(1.,0.,0.),(1.,0.,0.),(1.,0.,0.),(1.,0.,0.),(1.,0.,0.)),$,(45,34,36,
28,12,14,32,43,41,46,48,47,38,16,44,40,18,10,39,37,42,20,24,3,1,2,4,13,
11,19,17,31,29,35,33,30,22,27,25,23,6,8,5,9,7,15,26,21),((1,2,3),(4,5,6),
(7,8,9),(10,11,12),(3,13,1),(6,14,4),(7,1,8),(1,15,10),(13,16,1),(14,17,
4),(18,19,20),(9,18,7),(1,21,15),(1,7,2),(4,22,23),(4,18,5),(24,25,26),
(27,28,29),(27,30,31),(18,32,33),(18,34,35),(9,19,18),(16,21,1),(18,4,36),
(17,22,4),(37,38,39),(40,41,42),(27,43,24),(27,44,45),(27,46,28),(27,40,
30),(31,46,27),(35,32,18),(12,1,10),(23,39,4),(39,23,37),(42,47,40),(45,
43,27),(29,44,27),(20,34,18),(37,48,38),(40,27,41),(36,7,18),(26,27,24),
(42,18,47),(33,47,18)),());
#512=COMPLEX_TRIANGULATED_FACE($,#548,26,((0.,-0.971764121150474,0.23595442959319),
(0.,-0.877582561525322,0.479425539272424),(0.,-0.877582561525322,0.479425539272424),
(0.,-0.999721561835361,-0.0235965845296876),(0.,-0.971764121150474,0.23595442959319),
(0.,-0.959549630199164,-0.281539530412067),(0.,-0.999721561835361,-0.0235965845296876),
(0.,-0.853985976995634,-0.520296022562938),(0.,-0.959549630199164,-0.281539530412067),
(0.,-0.690224590738406,-0.723595200605974),(0.,-0.853985976995634,-0.520296022562938),
(0.,-0.479425539272423,-0.877582561525323),(0.,-0.690224590738406,-0.723595200605974),
(0.,-0.23595442959319,-0.971764121150474),(0.,-0.479425539272423,-0.877582561525323),
(0.,0.0235965845296875,-0.999721561835361),(0.,-0.23595442959319,-0.971764121150474),
(0.,0.281539530412068,-0.959549630199164),(0.,0.0235965845296875,-0.999721561835361),
(0.,0.520296022562938,-0.853985976995634),(0.,0.281539530412068,-0.959549630199164),
(0.,0.723595200605974,-0.690224590738406),(0.,0.520296022562938,-0.853985976995634),
(0.,0.877582561525322,-0.479425539272424),(0.,0.723595200605974,-0.690224590738406),
(0.,0.877582561525322,-0.479425539272424)),$,(12,10,23,13,25,11,26,9,24,
8,22,7,21,6,20,5,19,4,18,3,17,2,16,1,15,14),((1,2,3),(4,1,5),(6,4,7),(8,
6,9),(10,8,11),(12,10,13),(14,12,15),(16,14,17),(18,16,19),(20,18,21),(22,
20,23),(24,22,25),(25,26,24),(23,25,22),(21,23,20),(19,21,18),(17,19,16),
(15,17,14),(13,15,12),(11,13,10),(9,11,8),(7,9,6),(5,7,4),(3,5,1)),());
#513=COMPLEX_TRIANGULATED_FACE($,#549,4,((0.,1.,0.),(0.,1.,0.),(0.,1.,0.),
(0.,1.,0.)),$,(3,2,1,4),((1,2,3),(3,4,1)),());
#514=COMPLEX_TRIANGULATED_FACE($,#550,26,((0.,0.971764121150474,-0.235954429593189),
(0.,0.877582561525323,-0.479425539272421),(0.,0.877582561525323,-0.479425539272421),
(0.,0.999721561835361,0.0235965845296901),(0.,0.971764121150474,-0.235954429593189),
(0.,0.959549630199163,0.28153953041207),(0.,0.999721561835361,0.0235965845296901),
(0.,0.853985976995634,0.520296022562938),(0.,0.959549630199163,0.28153953041207),
(0.,0.690224590738406,0.723595200605975),(0.,0.853985976995634,0.520296022562938),
(0.,0.479425539272422,0.877582561525323),(0.,0.690224590738406,0.723595200605975),
(0.,0.235954429593189,0.971764121150474),(0.,0.479425539272422,0.877582561525323),
(0.,-0.0235965845296879,0.999721561835361),(0.,0.235954429593189,0.971764121150474),
(0.,-0.281539530412067,0.959549630199164),(0.,-0.0235965845296879,0.999721561835361),
(0.,-0.520296022562938,0.853985976995634),(0.,-0.281539530412067,0.959549630199164),
(0.,-0.723595200605974,0.690224590738406),(0.,-0.520296022562938,0.853985976995634),
(0.,-0.877582561525322,0.479425539272424),(0.,-0.723595200605974,0.690224590738406),
(0.,-0.877582561525322,0.479425539272424)),$,(2,4,17,1,15,3,14,5,16,6,18,
7,19,8,20,9,21,10,22,11,23,12,24,13,25,26),((1,2,3),(4,1,5),(6,4,7),(8,
6,9),(10,8,11),(12,10,13),(14,12,15),(16,14,17),(18,16,19),(20,18,21),(22,
20,23),(24,22,25),(25,26,24),(23,25,22),(21,23,20),(19,21,18),(17,19,16),
(15,17,14),(13,15,12),(11,13,10),(9,11,8),(7,9,6),(5,7,4),(3,5,1)),());
#515=COMPLEX_TRIANGULATED_FACE($,#551,4,((0.,0.,-1.),(0.,0.,-1.),(0.,0.,
-1.),(0.,0.,-1.)),$,(3,2,1,4),((1,2,3),(3,4,1)),());
#516=COMPLEX_TRIANGULATED_FACE($,#552,32,((1.,0.,0.),(1.,0.,0.),(1.,0.,
0.),(1.,0.,0.),(1.,0.,0.),(1.,0.,0.),(1.,0.,0.),(1.,0.,0.),(1.,0.,0.),(1.,
0.,0.),(1.,0.,0.),(1.,0.,0.),(1.,0.,0.),(1.,0.,0.),(1.,0.,0.),(1.,0.,0.),
(1.,0.,0.),(1.,0.,0.),(1.,0.,0.),(1.,0.,0.),(1.,0.,0.),(1.,0.,0.),(1.,0.,
0.),(1.,0.,0.),(1.,0.,0.),(1.,0.,0.),(1.,0.,0.),(1.,0.,0.),(1.,0.,0.),(1.,
0.,0.),(1.,0.,0.),(1.,0.,0.)),$,(27,25,5,15,16,17,7,9,18,13,23,21,10,8,
11,22,24,29,12,28,30,20,31,32,1,2,6,19,26,3,14,4),((1,2,3),(4,5,6),(1,7,
8),(3,7,1),(9,10,4),(2,11,3),(12,13,14),(15,16,17),(9,15,10),(15,18,1),
(12,19,13),(15,20,21),(15,22,16),(6,9,4),(8,15,1),(15,23,24),(12,25,26),
(14,27,12),(19,12,28),(15,29,20),(9,22,15),(24,18,15),(26,30,12),(28,31,
19),(17,29,15),(30,3,12),(27,32,12),(11,12,3),(21,23,15),(32,25,12)),());
#517=COMPLEX_TRIANGULATED_FACE($,#553,4,((0.,0.,-1.),(0.,0.,-1.),(0.,0.,
-1.),(0.,0.,-1.)),$,(2,4,3,1),((1,2,3),(3,4,1)),());
#518=COMPLEX_TRIANGULATED_FACE($,#554,4,((0.,-1.,0.),(0.,-1.,0.),(0.,-1.,
0.),(0.,-1.,0.)),$,(4,2,1,3),((1,2,3),(3,4,1)),());
#519=COORDINATES_LIST('',16,((3.,36.5388666897658,-40.1191917227317),(3.,
36.6131400310296,-42.4999999998438),(3.,37.0297646019254,-37.7883584336641),
(3.,38.0579813756492,-35.6397461261919),(3.,39.5651784118342,-33.7952620043564),
(3.,41.4658408989056,-32.3595577549277),(3.,43.6521297219056,-31.4140918570692),
(3.,46.,-31.01250782),(48.,36.5388666897658,-40.1191917227317),(48.,36.6131400310296,
-42.4999999998438),(48.,37.0297646019254,-37.7883584336641),(48.,38.0579813756492,
-35.6397461261919),(48.,39.5651784118342,-33.7952620043564),(48.,41.4658408989056,
-32.3595577549277),(48.,43.6521297219056,-31.4140918570692),(48.,46.,-31.01250782)));
#520=COORDINATES_LIST('',14,((3.,36.51250782,42.5),(3.,36.9324049766907,
40.0911986118834),(3.,37.9243139809123,37.8563039215381),(3.,39.4289321865237,
35.9289321865237),(3.,41.356303921538,34.4243139809123),(3.,43.5911986118834,
33.4324049766907),(3.,46.,33.01250782),(48.,36.51250782,42.5),(48.,36.9324049766907,
40.0911986118834),(48.,37.9243139809123,37.8563039215381),(48.,39.4289321865237,
35.9289321865237),(48.,41.356303921538,34.4243139809123),(48.,43.5911986118834,
33.4324049766907),(48.,46.,33.01250782)));
#521=COORDINATES_LIST('',10,((0.,34.76330541,40.5),(0.,35.5390331172701,
38.1156162216066),(0.,36.7933165992799,35.9444846214383),(0.,38.4713938437091,
34.0813967973621),(0.,40.5000000040916,32.6076951570869),(43.,34.76330541,
40.5),(43.,35.5390331172701,38.1156162216066),(43.,36.7933165992799,35.9444846214383),
(43.,38.4713938437091,34.0813967973621),(43.,40.5000000040916,32.6076951570869)));
#522=COORDINATES_LIST('',4,((0.,-34.51042119,-40.5),(0.,34.51042119,-40.5),
(43.,-34.51042119,-40.5),(43.,34.51042119,-40.5)));
#523=COORDINATES_LIST('',151,((0.,-53.5,-48.),(0.,-53.5,1.),(0.,-53.5,48.),
(0.,-51.5,50.),(0.,-51.5,-50.),(0.,-49.9922238434768,43.2342206553021),
(0.,-49.9922238434767,-40.7657793446979),(0.,-49.9424739670536,-41.6342640678062),
(0.,-49.9424739670536,42.3657359321937),(0.,-49.8405874114666,-39.953428026323),
(0.,-49.8405874114666,44.046571973677),(0.,-49.6809394235142,-42.4613401925873),
(0.,-49.6809394235142,41.5386598074127),(0.,-49.5715389666302,-39.3220106149108),
(0.,-49.5715389666302,44.6779893850892),(0.,-49.2256871230483,-43.1955932472224),
(0.,-49.2256871230483,40.8044067527776),(0.,-49.0671258942629,45.3798316147602),
(0.,-49.0671258942628,-38.6201683852398),(0.,-48.6350223518424,-43.7741652622315),
(0.,-48.6350223518424,40.2258347377685),(0.,-48.4026035608867,45.9382012142009),
(0.,-48.4026035608866,-38.0617987857991),(0.,-47.8906897606233,39.7878127989148),
(0.,-47.8906897606232,-44.2121872010852),(0.,-47.6192135847753,46.3162993697128),
(0.,-47.6192135847752,-37.6837006302872),(0.,-47.0581862724574,39.5446322202764),
(0.,-47.0581862724574,-44.4553677797236),(0.,-46.8116394531148,-37.5132404224235),
(0.,-46.8116394531148,46.4867595775765),(0.,-46.1883605468852,-44.4867595775765),
(0.,-46.1883605468852,39.5132404224235),(0.,-45.9418137275426,-37.5446322202764),
(0.,-45.9418137275425,46.4553677797236),(0.,-45.3807864152248,-44.3162993697128),
(0.,-45.3807864152248,39.6837006302872),(0.,-45.1093102393767,46.2121872010852),
(0.,-45.1093102393767,-37.7878127989148),(0.,-44.5973964391133,-43.9382012142009),
(0.,-44.5973964391133,40.0617987857991),(0.,-44.3649776481576,-38.2258347377685),
(0.,-44.3649776481576,45.7741652622315),(0.,-43.9328741057371,-43.3798316147602),
(0.,-43.9328741057371,40.6201683852398),(0.,-43.7743128769517,-38.8044067527776),
(0.,-43.7743128769517,45.1955932472224),(0.,-43.4284610333698,-42.6779893850892),
(0.,-43.4284610333698,41.3220106149108),(0.,-43.3190605764858,-39.5386598074127),
(0.,-43.3190605764858,44.4613401925873),(0.,-43.1594125885334,-42.046571973677),
(0.,-43.1594125885334,41.953428026323),(0.,-43.0575260329464,43.6342640678062),
(0.,-43.0575260329464,-40.3657359321938),(0.,-43.0077761565233,-41.2342206553022),
(0.,-43.0077761565233,42.7657793446978),(0.,-41.74143933428,-50.),(0.,-41.74143933428,
1.),(0.,-41.74143933428,50.),(0.,-40.50000000004,32.6076951544693),(0.,
-40.5,-30.60769515),(0.,-40.5,1.),(0.,-40.1145399596691,-30.8394496853115),
(0.,-39.114238805243,33.5392825830048),(0.,-38.7766468944118,-31.8091811369537),
(0.,-37.8861529165112,34.6419620745328),(0.,-37.5948784234366,-32.9482971842247),
(0.,-36.8180355230152,35.9106004349101),(0.,-36.5687239879368,-34.2628031165417),
(0.,-35.9260851069174,37.3213582855875),(0.,-35.7258517965717,-35.7118025141116),
(0.,-35.2468176732324,38.8258054077408),(0.,-35.1009036191462,-37.2312941137907),
(0.,-34.76330541,40.5),(0.,-34.6938916179703,-38.829858798678),(0.,-34.5104211911573,
-40.4999999999582),(0.,34.51042119,-40.5),(0.,34.5371268671264,-40.0510273814533),
(0.,34.76330541,40.5),(0.,34.7763238174333,-38.4160589532161),(0.,35.2217661353314,
38.8943839239337),(0.,35.2379744289981,-36.840926958437),(0.,35.8916275632793,
37.3859467596848),(0.,35.9271633942179,-35.3223956476603),(0.,36.7687147424585,
35.9784539050543),(0.,36.8204758233159,-33.9039367342047),(0.,37.835350867674,
34.6946701871322),(0.,37.8772555869417,-32.6459099152692),(0.,39.0567387106555,
33.5842751552485),(0.,39.1051118996955,-31.5443488883168),(0.,40.4999999997998,
-30.6076951540532),(0.,40.5,1.),(0.,40.5,32.60769515),(0.,43.0077761565233,
43.2342206553021),(0.,43.0077761565233,-40.7657793446979),(0.,43.0575260329464,
-41.6342640678063),(0.,43.0575260329464,42.3657359321938),(0.,43.1594125885334,
-39.953428026323),(0.,43.1594125885334,44.046571973677),(0.,43.3190605764858,
-42.4613401925873),(0.,43.3190605764858,41.5386598074127),(0.,43.4284610333698,
-39.3220106149108),(0.,43.4284610333698,44.6779893850892),(0.,43.7743128769517,
-43.1955932472224),(0.,43.7743128769517,40.8044067527776),(0.,43.9328741057371,
45.3798316147602),(0.,43.9328741057372,-38.6201683852398),(0.,44.3649776481576,
40.2258347377685),(0.,44.3649776481577,-43.7741652622315),(0.,44.5973964391133,
45.9382012142009),(0.,44.5973964391133,-38.0617987857991),(0.,45.1093102393768,
39.7878127989148),(0.,45.1093102393768,-44.2121872010852),(0.,45.3807864152247,
46.3162993697128),(0.,45.3807864152248,-37.6837006302872),(0.,45.9418137275426,
39.5446322202764),(0.,45.9418137275426,-44.4553677797236),(0.,46.1883605468852,
-37.5132404224235),(0.,46.1883605468852,46.4867595775765),(0.,46.8116394531148,
-44.4867595775765),(0.,46.8116394531148,39.5132404224235),(0.,47.0581862724575,
-37.5446322202764),(0.,47.0581862724575,46.4553677797236),(0.,47.6192135847752,
-44.3162993697128),(0.,47.6192135847753,39.6837006302872),(0.,47.8906897606233,
-37.7878127989148),(0.,47.8906897606233,46.2121872010852),(0.,48.4026035608867,
-43.9382012142009),(0.,48.4026035608867,40.0617987857991),(0.,48.6350223518424,
-38.2258347377685),(0.,48.6350223518424,45.7741652622315),(0.,49.0671258942629,
-43.3798316147602),(0.,49.0671258942629,40.6201683852398),(0.,49.2256871230483,
-38.8044067527776),(0.,49.2256871230483,45.1955932472224),(0.,49.5715389666302,
-42.6779893850892),(0.,49.5715389666302,41.3220106149108),(0.,49.6809394235142,
-39.5386598074127),(0.,49.6809394235142,44.4613401925873),(0.,49.8405874114666,
-42.046571973677),(0.,49.8405874114666,41.953428026323),(0.,49.9424739670536,
-40.3657359321937),(0.,49.9424739670536,43.6342640678062),(0.,49.9922238434767,
42.7657793446978),(0.,49.9922238434767,-41.2342206553022),(0.,51.5,-50.),
(0.,51.5,50.),(0.,53.5,-48.),(0.,53.5,1.),(0.,53.5,48.)));
#524=COORDINATES_LIST('',10,((0.,-40.5000000011278,-30.6076951519533),(0.,
-38.103591587386,-32.4267668986673),(0.,-36.2349788002251,-34.7847494170088),
(0.,-35.0116220594305,-37.53342065779),(0.,-34.51042119,-40.5),(43.,-40.5000000011278,
-30.6076951519533),(43.,-38.103591587386,-32.4267668986673),(43.,-36.2349788002251,
-34.7847494170088),(43.,-35.0116220594305,-37.53342065779),(43.,-34.51042119,
-40.5)));
#525=COORDINATES_LIST('',10,((0.,-40.5,32.60769515),(0.,-38.471393838234,
34.0813967912802),(0.,-36.7933165926605,35.9444846166269),(0.,-35.5390331097953,
38.1156162182758),(0.,-34.7633054019963,40.4999999982952),(43.,-40.5,32.60769515),
(43.,-38.471393838234,34.0813967912802),(43.,-36.7933165926605,35.9444846166269),
(43.,-35.5390331097953,38.1156162182758),(43.,-34.7633054019963,40.4999999982952)));
#526=COORDINATES_LIST('',4,((0.,-40.5,-30.60769515),(0.,-40.5,32.60769515),
(43.,-40.5,-30.60769515),(43.,-40.5,32.60769515)));
#527=COORDINATES_LIST('',4,((3.,-36.61314003,-42.5),(3.,36.61314003,-42.5),
(48.,-36.61314003,-42.5),(48.,36.61314003,-42.5)));
#528=COORDINATES_LIST('',4,((3.,46.,-31.01250782),(3.,46.,33.01250782),
(48.,46.,-31.01250782),(48.,46.,33.01250782)));
#529=COORDINATES_LIST('',4,((0.,-53.4999999987272,47.9999999987272),(0.,
-51.4999999987272,49.9999999987272),(3.,-53.4999999987272,47.9999999987272),
(3.,-51.4999999987272,49.9999999987272)));
#530=COORDINATES_LIST('',168,((3.,-53.5,-48.),(3.,-53.5,1.),(3.,-53.5,48.),
(3.,-51.5,-50.),(3.,-51.5,50.),(3.,-49.9922662919635,-40.7658573370716),
(3.,-49.9922662919635,43.2341426629285),(3.,-49.9424983599112,-41.633873965859),
(3.,-49.9424983599112,42.366126034141),(3.,-49.8404291711619,-39.9531383693883),
(3.,-49.8404291711619,44.0468616306117),(3.,-49.6807017171306,41.538066062447),
(3.,-49.6807017171305,-42.4619339375531),(3.,-49.5715389666302,-39.3220106149108),
(3.,-49.5715389666302,44.6779893850892),(3.,-49.2256871230483,-43.1955932472224),
(3.,-49.2256871230483,40.8044067527776),(3.,-49.0668013000118,-38.6197078907228),
(3.,-49.0668013000118,45.3802921092772),(3.,-48.6358684242488,-43.773482870198),
(3.,-48.6358684242488,40.226517129802),(3.,-48.4021158688106,-38.06153830058),
(3.,-48.4021158688106,45.93846169942),(3.,-47.8913044385704,-44.2119733104822),
(3.,-47.8913044385704,39.7880266895177),(3.,-47.6190290163018,-37.6835996678382),
(3.,-47.6190290163018,46.3164003321618),(3.,-47.0593175458666,-44.4551425068195),
(3.,-47.0593175458666,39.5448574931805),(3.,-46.8109945780372,-37.513182844916),
(3.,-46.8109945780372,46.486817155084),(3.,-46.1890054219628,-44.486817155084),
(3.,-46.1890054219628,39.513182844916),(3.,-46.,-31.01250782),(3.,-46.,
1.),(3.,-45.999999999958,33.0125078222816),(3.,-45.9406824541334,-37.5448574931805),
(3.,-45.9406824541334,46.4551425068195),(3.,-45.7027356776554,-31.0316670408983),
(3.,-45.3809709836983,39.6835996678382),(3.,-45.3809709836983,-44.3164003321618),
(3.,-45.1086955614296,-37.7880266895178),(3.,-45.1086955614295,46.2119733104822),
(3.,-44.5978841311895,-43.9384616994201),(3.,-44.5978841311895,40.06153830058),
(3.,-44.4930817631933,33.2020449951282),(3.,-44.3641315757512,-38.226517129802),
(3.,-44.3641315757512,45.773482870198),(3.,-44.2837777579646,-31.2463673411246),
(3.,-43.9331986999883,-43.3802921092772),(3.,-43.9331986999883,40.6197078907228),
(3.,-43.7743128769517,-38.8044067527776),(3.,-43.7743128769517,45.1955932472224),
(3.,-43.4284610333698,-42.6779893850892),(3.,-43.4284610333698,41.3220106149108),
(3.,-43.3192982828695,-39.5380660624469),(3.,-43.3192982828695,44.4619339375531),
(3.,-43.1595708288381,-42.0468616306117),(3.,-43.1595708288381,41.9531383693883),
(3.,-43.0575016400888,-40.366126034141),(3.,-43.0575016400888,43.6338739658591),
(3.,-43.0419170024988,33.6164059792526),(3.,-43.0077337080365,42.7658573370715),
(3.,-43.0077337080365,-41.2341426629285),(3.,-42.8490668456217,-31.689075861429),
(3.,-41.6603065081719,34.2483144905081),(3.,-41.4781159568802,-32.3517570539684),
(3.,-40.3965738808399,35.077093893001),(3.,-40.2359205834968,-33.2019460055804),
(3.,-39.2702414973266,36.0911740271641),(3.,-39.2499751455362,-34.1113785669365),
(3.,-38.3083965012619,37.2618556406845),(3.,-38.2883928287739,-35.2914527568844),
(3.,-37.5391432116051,38.5606153643967),(3.,-37.5248356654018,-36.584818505314),
(3.,-36.9694697496846,39.9687489655465),(3.,-36.9625427828273,-37.9930475668207),
(3.,-36.6216837523678,41.4385505959721),(3.,-36.6146730158143,-39.4796133885695),
(3.,-36.6131400332745,-42.4999999996609),(3.,-36.51250782,42.5),(3.,-36.4979224273689,
-40.9816373720724),(3.,0.,-50.),(3.,0.,-42.5),(3.,0.,42.5),(3.,0.,50.),
(3.,36.5003589323789,-40.771593368997),(3.,36.51250782,42.5),(3.,36.5726861674299,
-42.2048786050294),(3.,36.61314003,-42.5),(3.,36.648329476464,-39.277441116359),
(3.,36.702044995128,40.9930817632036),(3.,37.0245660743687,-37.8019416332477),
(3.,37.1164059792545,39.5419170025),(3.,37.6102048911452,-36.4152557368195),
(3.,37.7483144905109,38.1603065081614),(3.,38.3049563952429,-35.2678777093868),
(3.,38.5770938930031,36.8965738808348),(3.,39.269777262715,-34.0904498604712),
(3.,39.591174027168,35.7702414973228),(3.,40.385073975929,-33.0845036678536),
(3.,40.7618556406863,34.8083965012606),(3.,41.6530321601991,-32.252900145491),
(3.,42.0606153643987,34.0391432116041),(3.,43.0077337080365,-40.7658573370715),
(3.,43.0077337080365,43.2341426629285),(3.,43.0404794974212,-31.6158120796363),
(3.,43.0575016400888,42.366126034141),(3.,43.0575016400888,-41.6338739658591),
(3.,43.1595708288381,-39.9531383693883),(3.,43.1595708288381,44.0468616306117),
(3.,43.3192982828694,41.538066062447),(3.,43.3192982828695,-42.4619339375531),
(3.,43.4284610333698,-39.3220106149108),(3.,43.4284610333698,44.6779893850892),
(3.,43.4687489655486,33.469469749684),(3.,43.7743128769517,-43.1955932472224),
(3.,43.7743128769517,40.8044067527776),(3.,43.9331986999883,-38.6197078907228),
(3.,43.9331986999883,45.3802921092772),(3.,44.3641315757512,-43.773482870198),
(3.,44.3641315757512,40.226517129802),(3.,44.4891247800343,-31.2021291187959),
(3.,44.5978841311895,-38.0615383005799),(3.,44.5978841311895,45.9384616994201),
(3.,44.9385505959743,33.1216837523675),(3.,45.1086955614295,-44.2119733104822),
(3.,45.1086955614296,39.7880266895178),(3.,45.3809709836983,-37.6835996678382),
(3.,45.3809709836983,46.3164003321618),(3.,45.9406824541334,39.5448574931805),
(3.,45.9406824541334,-44.4551425068195),(3.,45.9999999997188,-31.0125078222639),
(3.,46.,1.),(3.,46.,33.01250782),(3.,46.1890054219628,-37.513182844916),
(3.,46.1890054219628,46.486817155084),(3.,46.8109945780372,-44.486817155084),
(3.,46.8109945780372,39.513182844916),(3.,47.0593175458666,-37.5448574931805),
(3.,47.0593175458666,46.4551425068195),(3.,47.6190290163017,-44.3164003321618),
(3.,47.6190290163018,39.6835996678382),(3.,47.8913044385704,-37.7880266895178),
(3.,47.8913044385704,46.2119733104822),(3.,48.4021158688106,-43.93846169942),
(3.,48.4021158688107,40.06153830058),(3.,48.6358684242488,-38.226517129802),
(3.,48.6358684242488,45.773482870198),(3.,49.0668013000118,-43.3802921092772),
(3.,49.0668013000118,40.6197078907229),(3.,49.2256871230483,-38.8044067527776),
(3.,49.2256871230483,45.1955932472224),(3.,49.5715389666302,-42.6779893850892),
(3.,49.5715389666302,41.3220106149108),(3.,49.6807017171305,44.4619339375531),
(3.,49.6807017171305,-39.5380660624469),(3.,49.8404291711619,-42.0468616306117),
(3.,49.8404291711619,41.9531383693883),(3.,49.9424983599112,-40.3661260341409),
(3.,49.9424983599112,43.6338739658591),(3.,49.9922662919635,-41.2341426629285),
(3.,49.9922662919635,42.7658573370716),(3.,51.5,-50.),(3.,51.5,50.),(3.,
53.5,-48.),(3.,53.5,1.),(3.,53.5,48.)));
#531=COORDINATES_LIST('',4,((0.,-51.5,-50.),(0.,51.5,-50.),(3.,-51.5,-50.),
(3.,51.5,-50.)));
#532=COORDINATES_LIST('',14,((3.,-46.,33.01250782),(3.,-43.5911986118834,
33.4324049766907),(3.,-41.356303921538,34.4243139809123),(3.,-39.4289321865237,
35.9289321865237),(3.,-37.9243139809123,37.8563039215381),(3.,-36.9324049766907,
40.0911986118834),(3.,-36.51250782,42.5),(48.,-46.,33.01250782),(48.,-43.5911986118834,
33.4324049766907),(48.,-41.356303921538,34.4243139809123),(48.,-39.4289321865237,
35.9289321865237),(48.,-37.9243139809123,37.8563039215381),(48.,-36.9324049766907,
40.0911986118834),(48.,-36.51250782,42.5)));
#533=COORDINATES_LIST('',4,((0.,-34.76330541,40.5),(0.,34.76330541,40.5),
(43.,-34.76330541,40.5),(43.,34.76330541,40.5)));
#534=COORDINATES_LIST('',4,((0.,51.4999999987272,49.9999999987272),(0.,
53.4999999987272,47.9999999987272),(3.,51.4999999987272,49.9999999987272),
(3.,53.4999999987272,47.9999999987272)));
#535=COORDINATES_LIST('',26,((0.,43.42846103,44.67798939),(0.,43.9674167940356,
45.4157860712506),(0.,44.6789639182661,45.9889509240208),(0.,45.5146116420623,
46.3584237107938),(0.,46.4174119540207,46.4990254717339),(0.,47.3258405048295,
46.4011744291883),(0.,48.17798939,46.07153897),(0.,48.9157860712506,45.5325832059644),
(0.,49.4889509240208,44.8210360817339),(0.,49.57153897,41.32201061),(0.,
49.8584237107938,43.9853883579377),(0.,49.9011744291883,42.1741594951706),
(0.,49.9990254717339,43.0825880459793),(3.,43.42846103,44.67798939),(3.,
43.9674167940356,45.4157860712506),(3.,44.6789639182661,45.9889509240208),
(3.,45.5146116420623,46.3584237107938),(3.,46.4174119540207,46.4990254717339),
(3.,47.3258405048295,46.4011744291883),(3.,48.17798939,46.07153897),(3.,
48.9157860712506,45.5325832059644),(3.,49.4889509240208,44.8210360817339),
(3.,49.57153897,41.32201061),(3.,49.8584237107938,43.9853883579377),(3.,
49.9011744291883,42.1741594951706),(3.,49.9990254717339,43.0825880459793)));
#536=COORDINATES_LIST('',10,((0.,34.5104211877464,-40.499999999906),(0.,
35.0116220572712,-37.5334206571384),(0.,36.2349787982957,-34.7847494158405),
(0.,38.1035915858079,-32.4267668970559),(0.,40.5,-30.60769515),(43.,34.5104211877464,
-40.499999999906),(43.,35.0116220572712,-37.5334206571384),(43.,36.2349787982957,
-34.7847494158405),(43.,38.1035915858079,-32.4267668970559),(43.,40.5,-30.60769515)));
#537=COORDINATES_LIST('',4,((0.,-53.4999999987272,-47.9999999987272),(0.,
-51.4999999987272,-49.9999999987272),(3.,-53.4999999987272,-47.9999999987272),
(3.,-51.4999999987272,-49.9999999987272)));
#538=COORDINATES_LIST('',26,((0.,43.0009745282661,-41.0825880459793),(0.,
43.0988255708117,-40.1741594951705),(0.,43.1415762892062,-41.9853883579377),
(0.,43.42846103,-39.32201061),(0.,43.5110490759792,-42.8210360817339),(0.,
44.0842139287494,-43.5325832059644),(0.,44.82201061,-44.07153897),(0.,45.6741594951705,
-44.4011744291883),(0.,46.5825880459792,-44.4990254717339),(0.,47.4853883579377,
-44.3584237107938),(0.,48.3210360817339,-43.9889509240208),(0.,49.0325832059644,
-43.4157860712506),(0.,49.57153897,-42.67798939),(3.,43.0009745282661,-41.0825880459793),
(3.,43.0988255708117,-40.1741594951705),(3.,43.1415762892062,-41.9853883579377),
(3.,43.42846103,-39.32201061),(3.,43.5110490759792,-42.8210360817339),(3.,
44.0842139287494,-43.5325832059644),(3.,44.82201061,-44.07153897),(3.,45.6741594951705,
-44.4011744291883),(3.,46.5825880459792,-44.4990254717339),(3.,47.4853883579377,
-44.3584237107938),(3.,48.3210360817339,-43.9889509240208),(3.,49.0325832059644,
-43.4157860712506),(3.,49.57153897,-42.67798939)));
#539=COORDINATES_LIST('',16,((3.,-45.9999999999479,-31.0125078189599),(3.,
-43.652129721609,-31.4140918560709),(3.,-41.4658408983813,-32.3595577540279),
(3.,-39.565178411112,-33.7952620036061),(3.,-38.05798137477,-35.6397461256337),
(3.,-37.0297646009392,-37.7883584333297),(3.,-36.61314003,-42.5),(3.,-36.5388666887285,
-40.11919172264),(48.,-45.9999999999479,-31.0125078189599),(48.,-43.652129721609,
-31.4140918560709),(48.,-41.4658408983813,-32.3595577540279),(48.,-39.565178411112,
-33.7952620036061),(48.,-38.05798137477,-35.6397461256337),(48.,-37.0297646009392,
-37.7883584333297),(48.,-36.61314003,-42.5),(48.,-36.5388666887285,-40.11919172264)));
#540=COORDINATES_LIST('',26,((0.,-49.9990254717339,-41.0825880459793),(0.,
-49.9011744291883,-40.1741594951705),(0.,-49.8584237107938,-41.9853883579377),
(0.,-49.57153897,-39.32201061),(0.,-49.4889509240208,-42.8210360817339),
(0.,-48.9157860712506,-43.5325832059644),(0.,-48.17798939,-44.07153897),
(0.,-47.3258405048295,-44.4011744291883),(0.,-46.4174119540208,-44.4990254717339),
(0.,-45.5146116420623,-44.3584237107938),(0.,-44.6789639182661,-43.9889509240208),
(0.,-43.9674167940356,-43.4157860712506),(0.,-43.42846103,-42.67798939),
(3.,-49.9990254717339,-41.0825880459793),(3.,-49.9011744291883,-40.1741594951705),
(3.,-49.8584237107938,-41.9853883579377),(3.,-49.57153897,-39.32201061),
(3.,-49.4889509240208,-42.8210360817339),(3.,-48.9157860712506,-43.5325832059644),
(3.,-48.17798939,-44.07153897),(3.,-47.3258405048295,-44.4011744291883),
(3.,-46.4174119540208,-44.4990254717339),(3.,-45.5146116420623,-44.3584237107938),
(3.,-44.6789639182661,-43.9889509240208),(3.,-43.9674167940356,-43.4157860712506),
(3.,-43.42846103,-42.67798939)));
#541=COORDINATES_LIST('',4,((0.,40.5,-30.60769515),(0.,40.5,32.60769515),
(43.,40.5,-30.60769515),(43.,40.5,32.60769515)));
#542=COORDINATES_LIST('',4,((0.,53.5,-48.),(0.,53.5,48.),(3.,53.5,-48.),
(3.,53.5,48.)));
#543=COORDINATES_LIST('',26,((0.,-49.57153897,-39.32201061),(0.,-49.0325832059644,
-38.5842139287494),(0.,-48.3210360817339,-38.0110490759793),(0.,-47.4853883579377,
-37.6415762892062),(0.,-46.5825880459793,-37.5009745282661),(0.,-45.6741594951705,
-37.5988255708117),(0.,-44.82201061,-37.92846103),(0.,-44.0842139287494,
-38.4674167940356),(0.,-43.5110490759792,-39.1789639182661),(0.,-43.42846103,
-42.67798939),(0.,-43.1415762892062,-40.0146116420623),(0.,-43.0988255708117,
-41.8258405048295),(0.,-43.0009745282661,-40.9174119540208),(3.,-49.57153897,
-39.32201061),(3.,-49.0325832059644,-38.5842139287494),(3.,-48.3210360817339,
-38.0110490759793),(3.,-47.4853883579377,-37.6415762892062),(3.,-46.5825880459793,
-37.5009745282661),(3.,-45.6741594951705,-37.5988255708117),(3.,-44.82201061,
-37.92846103),(3.,-44.0842139287494,-38.4674167940356),(3.,-43.5110490759792,
-39.1789639182661),(3.,-43.42846103,-42.67798939),(3.,-43.1415762892062,
-40.0146116420623),(3.,-43.0988255708117,-41.8258405048295),(3.,-43.0009745282661,
-40.9174119540208)));
#544=COORDINATES_LIST('',26,((0.,43.0009745282661,42.9174119540208),(0.,
43.0988255708117,43.8258405048295),(0.,43.1415762892062,42.0146116420623),
(0.,43.42846103,44.67798939),(0.,43.5110490759792,41.1789639182661),(0.,
44.0842139287494,40.4674167940356),(0.,44.82201061,39.92846103),(0.,45.6741594951705,
39.5988255708117),(0.,46.5825880459792,39.5009745282661),(0.,47.4853883579377,
39.6415762892062),(0.,48.3210360817339,40.0110490759793),(0.,49.0325832059644,
40.5842139287494),(0.,49.57153897,41.32201061),(3.,43.0009745282661,42.9174119540208),
(3.,43.0988255708117,43.8258405048295),(3.,43.1415762892062,42.0146116420623),
(3.,43.42846103,44.67798939),(3.,43.5110490759792,41.1789639182661),(3.,
44.0842139287494,40.4674167940356),(3.,44.82201061,39.92846103),(3.,45.6741594951705,
39.5988255708117),(3.,46.5825880459792,39.5009745282661),(3.,47.4853883579377,
39.6415762892062),(3.,48.3210360817339,40.0110490759793),(3.,49.0325832059644,
40.5842139287494),(3.,49.57153897,41.32201061)));
#545=COORDINATES_LIST('',4,((0.,51.4999999987272,-49.9999999987272),(0.,
53.4999999987272,-47.9999999987272),(3.,51.4999999987272,-49.9999999987272),
(3.,53.4999999987272,-47.9999999987272)));
#546=COORDINATES_LIST('',26,((0.,-49.57153897,44.67798939),(0.,-49.0325832059644,
45.4157860712506),(0.,-48.3210360817339,45.9889509240208),(0.,-47.4853883579377,
46.3584237107938),(0.,-46.5825880459793,46.4990254717339),(0.,-45.6741594951705,
46.4011744291883),(0.,-44.82201061,46.07153897),(0.,-44.0842139287494,45.5325832059644),
(0.,-43.5110490759792,44.8210360817339),(0.,-43.42846103,41.32201061),(0.,
-43.1415762892062,43.9853883579377),(0.,-43.0988255708117,42.1741594951705),
(0.,-43.0009745282661,43.0825880459792),(3.,-49.57153897,44.67798939),(3.,
-49.0325832059644,45.4157860712506),(3.,-48.3210360817339,45.9889509240208),
(3.,-47.4853883579377,46.3584237107938),(3.,-46.5825880459793,46.4990254717339),
(3.,-45.6741594951705,46.4011744291883),(3.,-44.82201061,46.07153897),(3.,
-44.0842139287494,45.5325832059644),(3.,-43.5110490759792,44.8210360817339),
(3.,-43.42846103,41.32201061),(3.,-43.1415762892062,43.9853883579377),(3.,
-43.0988255708117,42.1741594951705),(3.,-43.0009745282661,43.0825880459792)));
#547=COORDINATES_LIST('',48,((48.,-46.,33.01250782),(48.,-45.9999999997188,
-31.0125078222639),(48.,-44.9385505959743,33.1216837523675),(48.,-44.4891247800343,
-31.2021291187959),(48.,-43.4687489655486,33.469469749684),(48.,-43.0404794974212,
-31.6158120796363),(48.,-42.0606153643987,34.0391432116041),(48.,-41.6530321601991,
-32.252900145491),(48.,-40.7618556406863,34.8083965012606),(48.,-40.385073975929,
-33.0845036678536),(48.,-39.591174027168,35.7702414973228),(48.,-39.269777262715,
-34.0904498604712),(48.,-38.5770938930031,36.8965738808348),(48.,-38.3049563952429,
-35.2678777093868),(48.,-37.7483144905109,38.1603065081614),(48.,-37.6102048911452,
-36.4152557368195),(48.,-37.1164059792545,39.5419170025),(48.,-37.0245660743687,
-37.8019416332477),(48.,-36.702044995128,40.9930817632036),(48.,-36.648329476464,
-39.277441116359),(48.,-36.61314003,-42.5),(48.,-36.5726861674299,-42.2048786050294),
(48.,-36.5125078222816,42.499999999958),(48.,-36.5003589323789,-40.771593368997),
(48.,36.4979224273689,-40.9816373720724),(48.,36.51250782,42.5),(48.,36.61314003,
-42.5),(48.,36.6146730158143,-39.4796133885695),(48.,36.6216837523678,41.4385505959721),
(48.,36.9625427828273,-37.9930475668207),(48.,36.9694697496846,39.9687489655465),
(48.,37.5248356654018,-36.584818505314),(48.,37.5391432116051,38.5606153643967),
(48.,38.2883928287739,-35.2914527568844),(48.,38.3083965012619,37.2618556406845),
(48.,39.2499751455362,-34.1113785669365),(48.,39.2702414973266,36.0911740271641),
(48.,40.2359205834968,-33.2019460055804),(48.,40.3965738808399,35.077093893001),
(48.,41.4781159568802,-32.3517570539684),(48.,41.6603065081719,34.2483144905081),
(48.,42.8490668456217,-31.689075861429),(48.,43.0419170024988,33.6164059792526),
(48.,44.2837777579646,-31.2463673411246),(48.,44.4930817631933,33.2020449951282),
(48.,45.7027356776554,-31.0316670408983),(48.,45.999999999958,33.0125078222816),
(48.,46.,-31.01250782)));
#548=COORDINATES_LIST('',26,((0.,43.42846103,-39.32201061),(0.,43.9674167940356,
-38.5842139287494),(0.,44.6789639182661,-38.0110490759793),(0.,45.5146116420623,
-37.6415762892062),(0.,46.4174119540208,-37.5009745282661),(0.,47.3258405048295,
-37.5988255708117),(0.,48.17798939,-37.92846103),(0.,48.9157860712506,-38.4674167940356),
(0.,49.4889509240208,-39.1789639182661),(0.,49.57153897,-42.67798939),(0.,
49.8584237107938,-40.0146116420623),(0.,49.9011744291883,-41.8258405048295),
(0.,49.9990254717339,-40.9174119540208),(3.,43.42846103,-39.32201061),(3.,
43.9674167940356,-38.5842139287494),(3.,44.6789639182661,-38.0110490759793),
(3.,45.5146116420623,-37.6415762892062),(3.,46.4174119540208,-37.5009745282661),
(3.,47.3258405048295,-37.5988255708117),(3.,48.17798939,-37.92846103),(3.,
48.9157860712506,-38.4674167940356),(3.,49.4889509240208,-39.1789639182661),
(3.,49.57153897,-42.67798939),(3.,49.8584237107938,-40.0146116420623),(3.,
49.9011744291883,-41.8258405048295),(3.,49.9990254717339,-40.9174119540208)));
#549=COORDINATES_LIST('',4,((3.,-46.,33.01250782),(3.,-46.,-31.01250782),
(48.,-46.,-31.01250782),(48.,-46.,33.01250782)));
#550=COORDINATES_LIST('',26,((0.,-49.9990254717339,42.9174119540208),(0.,
-49.9011744291883,43.8258405048295),(0.,-49.8584237107938,42.0146116420623),
(0.,-49.57153897,44.67798939),(0.,-49.4889509240208,41.1789639182661),(0.,
-48.9157860712506,40.4674167940356),(0.,-48.17798939,39.92846103),(0.,-47.3258405048295,
39.5988255708117),(0.,-46.4174119540208,39.5009745282661),(0.,-45.5146116420623,
39.6415762892062),(0.,-44.6789639182661,40.0110490759793),(0.,-43.9674167940356,
40.5842139287494),(0.,-43.42846103,41.32201061),(3.,-49.9990254717339,42.9174119540208),
(3.,-49.9011744291883,43.8258405048295),(3.,-49.8584237107938,42.0146116420623),
(3.,-49.57153897,44.67798939),(3.,-49.4889509240208,41.1789639182661),(3.,
-48.9157860712506,40.4674167940356),(3.,-48.17798939,39.92846103),(3.,-47.3258405048295,
39.5988255708117),(3.,-46.4174119540208,39.5009745282661),(3.,-45.5146116420623,
39.6415762892062),(3.,-44.6789639182661,40.0110490759793),(3.,-43.9674167940356,
40.5842139287494),(3.,-43.42846103,41.32201061)));
#551=COORDINATES_LIST('',4,((3.,36.51250782,42.5),(3.,-36.51250782,42.5),
(48.,-36.51250782,42.5),(48.,36.51250782,42.5)));
#552=COORDINATES_LIST('',32,((43.,-40.5,32.60769515),(43.,-40.4999999997998,
-30.6076951540532),(43.,-39.1051118996955,-31.5443488883168),(43.,-39.0567387106555,
33.5842751552485),(43.,-37.8772555869417,-32.6459099152692),(43.,-37.835350867674,
34.6946701871322),(43.,-36.8204758233159,-33.9039367342047),(43.,-36.7687147424585,
35.9784539050543),(43.,-35.9271633942179,-35.3223956476603),(43.,-35.8916275632793,
37.3859467596848),(43.,-35.2379744289981,-36.840926958437),(43.,-35.2217661353314,
38.8943839239337),(43.,-34.7763238174333,-38.4160589532161),(43.,-34.7633054055116,
40.5000000004664),(43.,-34.5371268671264,-40.0510273814533),(43.,-34.51042119,
-40.5),(43.,34.51042119,-40.5),(43.,34.6938916179703,-38.829858798678),
(43.,34.76330541,40.5),(43.,35.1009036191462,-37.2312941137907),(43.,35.2468176732324,
38.8258054077408),(43.,35.7258517965717,-35.7118025141116),(43.,35.9260851069174,
37.3213582855875),(43.,36.5687239879368,-34.2628031165417),(43.,36.8180355230152,
35.9106004349101),(43.,37.5948784234366,-32.9482971842247),(43.,37.8861529165112,
34.6419620745328),(43.,38.7766468944118,-31.8091811369537),(43.,39.114238805243,
33.5392825830048),(43.,40.1145399596691,-30.8394496853115),(43.,40.5,-30.60769515),
(43.,40.50000000004,32.6076951544693)));
#553=COORDINATES_LIST('',4,((0.,-51.5,50.),(0.,51.5,50.),(3.,-51.5,50.),
(3.,51.5,50.)));
#554=COORDINATES_LIST('',4,((0.,-53.5,-48.),(0.,-53.5,48.),(3.,-53.5,-48.),
(3.,-53.5,48.)));
#555=COORDINATES_LIST('',48,((0.,-50.0000007450581,0.),(-3.6711371599415E-15,
-112.000100314617,0.),(48.0000004172325,-42.5000004470348,0.),(48.0000004172325,
-112.000100314617,0.),(48.0000004172325,-110.000103712082,0.),(-25.3538247197866,
-110.000103712082,0.),(0.,-50.0000007450581,0.),(0.,-50.0000007450581,-6.38727098703384),
(48.0000004172325,-42.5000004470348,0.),(48.0000004172325,-42.5000004470348,
-5.950927734375),(-22.2184080630541,-106.864683330059,0.),(-24.9892417341471,
-106.864683330059,0.),(-22.9111164808273,-104.786559939384,0.),(-22.9111164808273,
-108.250096440315,0.),(-20.5194503068924,-106.500096619129,0.),(-21.1757011711597,
-106.171973049641,0.),(-21.1757011711597,-105.114683508873,0.),(-20.5194503068924,
-104.786559939384,0.),(-19.09757591784,-104.786559939384,0.),(-18.4048675000668,
-105.114683508873,0.),(-18.4048675000668,-106.171973049641,0.),(-19.09757591784,
-106.500096619129,0.),(-20.5194503068924,-106.500096619129,0.),(-21.2121587246656,
-106.864683330059,0.),(-21.2121587246656,-107.885517179966,0.),(-20.5194503068924,
-108.250096440315,0.),(-19.09757591784,-108.250096440315,0.),(-18.4048675000668,
-107.921972870827,0.),(-18.4048675000668,-106.864683330059,0.),(-19.09757591784,
-106.500096619129,0.),(-16.3413248956203,-108.250096440315,0.),(-15.6486164778471,
-108.250096440315,0.),(-15.6486164778471,-107.557393610477,0.),(-16.3413248956203,
-107.557393610477,0.),(-16.3413248956203,-108.250096440315,0.),(-11.8350749835372,
-108.250096440315,0.),(-11.142366565764,-107.885517179966,0.),(-10.7777835801244,
-106.864683330059,0.),(-10.7777835801244,-106.171973049641,0.),(-11.142366565764,
-105.114683508873,0.),(-11.8350749835372,-104.786559939384,0.),(-12.5277834013104,
-104.786559939384,0.),(-13.2204918190837,-105.114683508873,0.),(-13.5850757360458,
-106.171973049641,0.),(-13.5486172512174,-106.864683330059,0.),(-13.2204918190837,
-107.885517179966,0.),(-12.5277834013104,-108.250096440315,0.),(-11.8350749835372,
-108.250096440315,0.)));
#556=COORDINATES_LIST('',6,((-3.5527136788005E-15,-110.000099182129,0.),
(3.5,-110.937919616699,0.),(3.5,-109.062278747559,0.),(44.5,-110.937919616699,
0.),(44.5,-109.062278747559,0.),(48.,-110.000099182129,0.)));
#557=COORDINATES_LIST('',49,((-4.60328616504689E-15,-5.50848686656623E-15,
2.1466107828082E-14),(-16.4039433002472,23.1986772269011,2.77555756156289E-14),
(75.9341791272163,53.6935739219189,2.1466107828082E-14),(59.5302395522594,
76.8922492861748,1.73472347597681E-14),(-15.2492420747876,21.5656850486994,
2.08166817117217E-14),(60.6849417090416,75.2592608332634,2.08166817117217E-14),
(15.5206313356757,46.3149659335613,1.38777878078145E-14),(16.4563916623592,
46.1282581090927,2.42861286636753E-14),(17.6173485815525,46.949177980423,
2.42861286636753E-14),(17.7830066531897,47.9147061705589,1.38777878078145E-14),
(16.5832005441189,49.6114902198315,2.60208521396521E-14),(15.6176714226604,
49.7771464288235,2.42861286636753E-14),(14.4567154347897,48.9562265574932,
2.42861286636753E-14),(14.3208252266049,48.0117462575436,2.60208521396521E-14),
(14.6909924224019,47.425102442503,2.25514051876985E-14),(15.6565215438604,
47.259446233511,1.90819582357449E-14),(16.8174784630537,48.0803661048412,
2.42861286636753E-14),(16.9831365346909,49.0458942949772,1.73472347597681E-14),
(18.8448671251535,48.2190325856209,2.77555756156289E-14),(19.5701364427805,
48.3300052583218,2.42861286636753E-14),(20.7310914993286,49.150925129652,
2.42861286636753E-14),(21.1072433739901,49.8187765479088,2.77555756156289E-14),
(20.4968154430389,50.6820492446423,2.42861286636753E-14),(19.7207294404507,
50.5797937512398,1.90819582357449E-14),(18.857454881072,49.9693676829338,
1.90819582357449E-14),(19.7207294404507,50.5797937512398,1.90819582357449E-14),
(20.096879452467,51.2476451694965,1.73472347597681E-14),(19.486453384161,
52.11091786623,1.38777878078145E-14),(18.731415271759,51.9788973033428,
2.42861286636753E-14),(17.5704602152109,51.1579774320126,2.42861286636753E-14),
(17.1943083405495,50.4901297390461,1.38777878078145E-14),(22.9815617203712,
50.7422499358654,2.42861286636753E-14),(23.5471557825804,51.1421822011471,
2.42861286636753E-14),(23.1472197920084,51.7077781260014,1.90819582357449E-14),
(22.5816257297993,51.3078421354294,1.90819582357449E-14),(22.9815617203712,
50.7422499358654,2.42861286636753E-14),(26.6608987003565,53.3439330756664,
2.42861286636753E-14),(27.0160008221865,54.0415495634079,1.38777878078145E-14),
(26.7243031412363,55.0855472683907,2.42861286636753E-14),(26.3243671506643,
55.6511431932449,1.73472347597681E-14),(25.4162587225437,56.3039258122444,
1.73472347597681E-14),(24.6612224727869,56.1719015240669,1.73472347597681E-14),
(24.0956284105778,55.7719692587852,1.73472347597681E-14),(23.7194765359163,
55.1041178405285,1.73472347597681E-14),(24.032223969698,54.0303513407707,
1.73472347597681E-14),(24.4619268923998,53.4858070313931,2.42861286636753E-14),
(25.3192186355591,52.841741591692,1.90819582357449E-14),(26.0953046381474,
52.9439970850945,2.42861286636753E-14),(26.6608987003565,53.3439330756664,
2.42861286636753E-14)));
#558=COORDINATES_LIST('',6,((-15.2492414229517,21.5656840362399,-6.74349574444899E-7),
(-12.9329563428361,24.352140088109,1.34869915409397E-6),(-11.8500519939169,
22.8206820711147,1.73472347597681E-15),(57.2857496169484,74.0042632384168,
1.34869915409397E-6),(58.3686539658675,72.4728052214226,1.73472347597681E-15),
(60.6849406033268,75.2592590708751,-6.74349574444899E-7)));
#559=COORDINATES_LIST('',44,((-7.97312278686595E-15,83.9999988675117,5.26607511937283E-10),
(-27.3416601121426,83.9999988675117,5.26611360854995E-10),(-5.21319414123276E-15,
-2.77555789243514E-14,5.26603771439788E-10),(-27.3416601121426,-2.77555789243514E-14,
5.26604801431851E-10),(-25.341659784317,83.9999988675117,5.26621769195851E-10),
(-25.341659784317,-2.77555789243514E-14,5.26610005602279E-10),(-28.8416594266891,
35.5687513947487,5.26614125570535E-10),(-29.1697848588228,34.9125005304813,
5.26612824527928E-10),(-30.2270762622356,34.9125005304813,5.26609355080976E-10),
(-30.5552016943693,35.5687513947487,5.26615860294011E-10),(-30.5552016943693,
36.9906239211559,5.26615751873794E-10),(-30.2270762622356,37.6833342015743,
5.26620793413896E-10),(-29.1697848588228,37.6833342015743,5.26622528137372E-10),
(-28.8416594266891,36.9906239211559,5.26614017150318E-10),(-28.8416594266891,
35.5687513947487,5.26614125570535E-10),(-28.4770764410496,34.8760411143303,
5.26619492371289E-10),(-27.4562425911427,34.8760411143303,5.26607349306957E-10),
(-27.0916596055031,35.5687513947487,5.26617595017487E-10),(-27.0916596055031,
36.9906239211559,5.26615751873794E-10),(-27.4197850376368,37.6833342015743,
5.26612119796516E-10),(-28.4770764410496,37.6833342015743,5.26613854519992E-10),
(-28.8416594266891,36.9906239211559,5.26614017150318E-10),(-28.4770764410496,
41.4968766272068,5.26609300870867E-10),(-28.4770764410496,38.7260429561138,
5.26623829179979E-10),(-30.5552016943693,40.8041663467884,5.26611198224669E-10),
(-27.0916596055031,40.8041663467884,5.26611198224669E-10),(-27.0916596055031,
43.5604155063629,5.26612824527928E-10),(-27.0916596055031,44.2531257867813,
5.2660919245065E-10),(-27.7843680232763,44.2531257867813,5.2660919245065E-10),
(-27.7843680232763,43.5604155063629,5.26612824527928E-10),(-27.0916596055031,
43.5604155063629,5.26612824527928E-10),(-27.0916596055031,48.0666682124138,
5.26620251312809E-10),(-27.4562425911427,48.7593747675419,5.26614884512056E-10),
(-28.4770764410496,49.1239577531815,5.26617540807378E-10),(-29.1697848588228,
49.1239577531815,5.26617540807378E-10),(-30.2270762622356,48.7593747675419,
5.26609680341628E-10),(-30.5552016943693,48.0666682124138,5.26620251312809E-10),
(-30.5552016943693,47.3739579319954,5.26611740325755E-10),(-30.2270762622356,
46.6812513768673,5.26611902956081E-10),(-29.1697848588228,46.3166683912277,
5.26610981384235E-10),(-28.4770764410496,46.3531240820885,5.26616456605206E-10),
(-27.4562425911427,46.6812513768673,5.26606698785653E-10),(-27.0916596055031,
47.3739579319954,5.26608270878803E-10),(-27.0916596055031,48.0666682124138,
5.26620251312809E-10)));
#560=COORDINATES_LIST('',6,((-26.2794798593643,3.5,-1.34850041088836E-6),
(-26.2794798593643,80.5,-1.34780740538817E-6),(-25.3416585320308,6.06919437155225E-18,
-6.74188302407508E-7),(-25.3416585320308,84.,-6.73432296407296E-7),(-24.4038372046974,
3.5,1.86808308089575E-10),(-24.4038372046974,80.5,8.79813808284221E-10)));
#561=TESSELLATED_SHELL('PARTBODY',(#483),$);
#562=TESSELLATED_SHELL('PARTBODY',(#484),$);
#563=TESSELLATED_SHELL('PARTBODY',(#485),$);
#564=TESSELLATED_SHELL('PARTBODY',(#486),$);
#565=TESSELLATED_SHELL('PARTBODY',(#487),$);
#566=TESSELLATED_SHELL('PARTBODY',(#488),$);
#567=TESSELLATED_SHELL('PARTBODY',(#489),$);
#568=TESSELLATED_SHELL('PARTBODY',(#490),$);
#569=TESSELLATED_SHELL('PARTBODY',(#491),$);
#570=TESSELLATED_SHELL('PARTBODY',(#492),$);
#571=TESSELLATED_SHELL('PARTBODY',(#493),$);
#572=TESSELLATED_SHELL('PARTBODY',(#494),$);
#573=TESSELLATED_SHELL('PARTBODY',(#495),$);
#574=TESSELLATED_SHELL('PARTBODY',(#496),$);
#575=TESSELLATED_SHELL('PARTBODY',(#497),$);
#576=TESSELLATED_SHELL('PARTBODY',(#498),$);
#577=TESSELLATED_SHELL('PARTBODY',(#499),$);
#578=TESSELLATED_SHELL('PARTBODY',(#500),$);
#579=TESSELLATED_SHELL('PARTBODY',(#501),$);
#580=TESSELLATED_SHELL('PARTBODY',(#502),$);
#581=TESSELLATED_SHELL('PARTBODY',(#503),$);
#582=TESSELLATED_SHELL('PARTBODY',(#504),$);
#583=TESSELLATED_SHELL('PARTBODY',(#505),$);
#584=TESSELLATED_SHELL('PARTBODY',(#506),$);
#585=TESSELLATED_SHELL('PARTBODY',(#507),$);
#586=TESSELLATED_SHELL('PARTBODY',(#508),$);
#587=TESSELLATED_SHELL('PARTBODY',(#509),$);
#588=TESSELLATED_SHELL('PARTBODY',(#510),$);
#589=TESSELLATED_SHELL('PARTBODY',(#511),$);
#590=TESSELLATED_SHELL('PARTBODY',(#512),$);
#591=TESSELLATED_SHELL('PARTBODY',(#513),$);
#592=TESSELLATED_SHELL('PARTBODY',(#514),$);
#593=TESSELLATED_SHELL('PARTBODY',(#515),$);
#594=TESSELLATED_SHELL('PARTBODY',(#516),$);
#595=TESSELLATED_SHELL('PARTBODY',(#517),$);
#596=TESSELLATED_SHELL('PARTBODY',(#518),$);
#597=SHAPE_DEFINITION_REPRESENTATION(#921,#598);
#598=SHAPE_REPRESENTATION('000686_A;1-Terminal Box_Machined',(#599),#913);
#599=AXIS2_PLACEMENT_3D('',#652,#622,#623);
#600=AXIS2_PLACEMENT_3D('',#690,#624,#625);
#601=AXIS2_PLACEMENT_3D('',#692,#624,#625);
#602=AXIS2_PLACEMENT_3D('',#693,#626,#627);
#603=AXIS2_PLACEMENT_3D('',#695,#626,#627);
#604=AXIS2_PLACEMENT_3D('',#696,#628,#629);
#605=AXIS2_PLACEMENT_3D('',#698,#628,#629);
#606=AXIS2_PLACEMENT_3D('',#699,#630,#631);
#607=AXIS2_PLACEMENT_3D('',#701,#630,#631);
#608=AXIS2_PLACEMENT_3D('',#702,#632,#633);
#609=AXIS2_PLACEMENT_3D('',#704,#632,#633);
#610=AXIS2_PLACEMENT_3D('',#705,#634,#635);
#611=AXIS2_PLACEMENT_3D('',#707,#634,#635);
#612=AXIS2_PLACEMENT_3D('Linear Dimension (7)',#708,#636,#637);
#613=AXIS2_PLACEMENT_3D('PMI PLANE',#709,#638,#639);
#614=AXIS2_PLACEMENT_3D('Linear Dimension (4)',#711,#640,#641);
#615=AXIS2_PLACEMENT_3D('PMI PLANE',#712,#642,#643);
#616=AXIS2_PLACEMENT_3D('Linear Dimension (5)',#714,#644,#645);
#617=AXIS2_PLACEMENT_3D('PMI PLANE',#715,#646,#647);
#618=AXIS2_PLACEMENT_3D('',#717,#648,#649);
#619=AXIS2_PLACEMENT_3D('',#719,#648,#649);
#620=AXIS2_PLACEMENT_3D('',#720,#650,#651);
#621=AXIS2_PLACEMENT_3D('',#722,#650,#651);
#622=DIRECTION('',(0.,0.,1.));
#623=DIRECTION('',(1.,0.,0.));
#624=DIRECTION('',(0.,0.,1.));
#625=DIRECTION('',(1.,0.,0.));
#626=DIRECTION('',(0.,-1.,0.));
#627=DIRECTION('',(1.,0.,0.));
#628=DIRECTION('',(1.,0.,0.));
#629=DIRECTION('',(0.,1.,0.));
#630=DIRECTION('',(0.,1.,0.));
#631=DIRECTION('',(-1.,0.,0.));
#632=DIRECTION('',(0.,0.,-1.));
#633=DIRECTION('',(1.,0.,0.));
#634=DIRECTION('',(-1.,0.,0.));
#635=DIRECTION('',(0.,-1.,0.));
#636=DIRECTION('',(0.,-1.,0.));
#637=DIRECTION('',(1.,0.,0.));
#638=DIRECTION('',(0.,-1.,0.));
#639=DIRECTION('',(1.,0.,0.));
#640=DIRECTION('',(0.707106781186548,0.,0.707106781186548));
#641=DIRECTION('',(0.408248290463863,0.816496580927726,-0.408248290463863));
#642=DIRECTION('',(0.707106781186548,0.,0.707106781186548));
#643=DIRECTION('',(0.408248290463863,0.816496580927726,-0.408248290463863));
#644=DIRECTION('',(0.707106781182048,-0.707106781191048,9.0000714310993E-12));
#645=DIRECTION('',(0.707106781191048,0.707106781182048,5.72774106578955E-23));
#646=DIRECTION('',(0.707106781182048,-0.707106781191048,9.0000714310993E-12));
#647=DIRECTION('',(0.707106781191048,0.707106781182048,5.72774106578955E-23));
#648=DIRECTION('',(0.577350269189626,-0.577350269189626,0.577350269189626));
#649=DIRECTION('',(0.707106765322401,0.707106797050693,3.17282912720707E-8));
#650=DIRECTION('',(0.718873086818576,-0.585048618558824,0.375419230954334));
#651=DIRECTION('',(0.631219072032975,0.775604591980882,-2.04699331651792E-8));
#652=CARTESIAN_POINT('',(0.,0.,0.));
#653=CARTESIAN_POINT('centre point',(0.,0.,0.));
#654=CARTESIAN_POINT('centre point',(0.,0.,0.));
#655=CARTESIAN_POINT('centre point',(0.,0.,0.));
#656=CARTESIAN_POINT('centre point',(0.,0.,0.));
#657=CARTESIAN_POINT('centre point',(0.,0.,0.));
#658=CARTESIAN_POINT('centre point',(0.,0.,0.));
#659=CARTESIAN_POINT('centre point',(0.,0.,0.));
#660=CARTESIAN_POINT('centre point',(0.,0.,0.));
#661=CARTESIAN_POINT('centre point',(0.,0.,0.));
#662=CARTESIAN_POINT('centre point',(0.,0.,0.));
#663=CARTESIAN_POINT('centre point',(0.,0.,0.));
#664=CARTESIAN_POINT('centre point',(0.,0.,0.));
#665=CARTESIAN_POINT('centre point',(0.,0.,0.));
#666=CARTESIAN_POINT('centre point',(0.,0.,0.));
#667=CARTESIAN_POINT('centre point',(0.,0.,0.));
#668=CARTESIAN_POINT('centre point',(0.,0.,0.));
#669=CARTESIAN_POINT('centre point',(0.,0.,0.));
#670=CARTESIAN_POINT('centre point',(0.,0.,0.));
#671=CARTESIAN_POINT('centre point',(0.,0.,0.));
#672=CARTESIAN_POINT('centre point',(0.,0.,0.));
#673=CARTESIAN_POINT('centre point',(0.,0.,0.));
#674=CARTESIAN_POINT('centre point',(0.,0.,0.));
#675=CARTESIAN_POINT('centre point',(0.,0.,0.));
#676=CARTESIAN_POINT('centre point',(0.,0.,0.));
#677=CARTESIAN_POINT('centre point',(0.,0.,0.));
#678=CARTESIAN_POINT('centre point',(0.,0.,0.));
#679=CARTESIAN_POINT('centre point',(0.,0.,0.));
#680=CARTESIAN_POINT('centre point',(0.,0.,0.));
#681=CARTESIAN_POINT('centre point',(0.,0.,0.));
#682=CARTESIAN_POINT('centre point',(0.,0.,0.));
#683=CARTESIAN_POINT('centre point',(0.,0.,0.));
#684=CARTESIAN_POINT('centre point',(0.,0.,0.));
#685=CARTESIAN_POINT('centre point',(0.,0.,0.));
#686=CARTESIAN_POINT('centre point',(0.,0.,0.));
#687=CARTESIAN_POINT('centre point',(0.,0.,0.));
#688=CARTESIAN_POINT('centre point',(0.,0.,0.));
#689=CARTESIAN_POINT('centre point',(0.,0.,0.));
#690=CARTESIAN_POINT('',(0.,0.,0.));
#691=CARTESIAN_POINT('',(0.,0.,0.114998954772949));
#692=CARTESIAN_POINT('',(-0.0286724596639962,-0.0286724596639962,0.));
#693=CARTESIAN_POINT('',(0.,0.,0.));
#694=CARTESIAN_POINT('',(0.,-1.11204943847656,0.));
#695=CARTESIAN_POINT('',(-0.277265064991609,-0.277265064991609,0.));
#696=CARTESIAN_POINT('',(0.,0.,0.));
#697=CARTESIAN_POINT('',(1.11204943847656,0.,0.));
#698=CARTESIAN_POINT('',(-0.277265064991609,-0.277265064991609,0.));
#699=CARTESIAN_POINT('',(0.,0.,0.));
#700=CARTESIAN_POINT('',(0.,1.11204943847656,0.));
#701=CARTESIAN_POINT('',(-0.277265064991609,-0.277265064991609,0.));
#702=CARTESIAN_POINT('',(0.,0.,0.));
#703=CARTESIAN_POINT('',(0.,0.,-0.114998954772949));
#704=CARTESIAN_POINT('',(-0.0286724596639962,-0.0286724596639962,0.));
#705=CARTESIAN_POINT('',(0.,0.,0.));
#706=CARTESIAN_POINT('',(-1.11204943847656,0.,0.));
#707=CARTESIAN_POINT('',(-0.277265064991609,-0.277265064991609,0.));
#708=CARTESIAN_POINT('',(0.,0.,0.));
#709=CARTESIAN_POINT('',(0.,0.,0.));
#710=CARTESIAN_POINT('tessellated curve centre point',(14.8806506967349,
0.150036963791975,-90.3740982521157));
#711=CARTESIAN_POINT('',(3.,-46.5,43.));
#712=CARTESIAN_POINT('',(3.,-46.5,43.));
#713=CARTESIAN_POINT('tessellated curve centre point',(-13.5123718751767,
-0.122727814643783,59.5123720978983));
#714=CARTESIAN_POINT('',(3.,-46.5,-41.));
#715=CARTESIAN_POINT('',(3.,-46.5,-41.));
#716=CARTESIAN_POINT('tessellated curve centre point',(-12.8527940903044,
-62.3527951039663,0.79994921902724));
#717=CARTESIAN_POINT('',(0.,0.,0.));
#718=CARTESIAN_POINT('',(0.629843322753906,-0.629843322753906,0.629843322753906));
#719=CARTESIAN_POINT('',(-0.27199706283299,-0.27199706283299,0.));
#720=CARTESIAN_POINT('',(0.,0.,0.));
#721=CARTESIAN_POINT('',(0.830263606434755,-0.67570282556274,0.433591033427811));
#722=CARTESIAN_POINT('',(-0.287961769884626,-0.287961769884626,0.));
#723=INTEGER_REPRESENTATION_ITEM('',0.);
#724=INTEGER_REPRESENTATION_ITEM('',1.);
#725=INTEGER_REPRESENTATION_ITEM('number of annotations',3.);
#726=INTEGER_REPRESENTATION_ITEM('number of views',8.);
#727=INTEGER_REPRESENTATION_ITEM('number of dimensional locations',3.);
#728=PROPERTY_DEFINITION_REPRESENTATION(#851,#779);
#729=PROPERTY_DEFINITION_REPRESENTATION(#852,#780);
#730=PROPERTY_DEFINITION_REPRESENTATION(#853,#781);
#731=PROPERTY_DEFINITION_REPRESENTATION(#854,#782);
#732=PROPERTY_DEFINITION_REPRESENTATION(#855,#783);
#733=PROPERTY_DEFINITION_REPRESENTATION(#856,#784);
#734=PROPERTY_DEFINITION_REPRESENTATION(#857,#785);
#735=PROPERTY_DEFINITION_REPRESENTATION(#858,#786);
#736=PROPERTY_DEFINITION_REPRESENTATION(#859,#787);
#737=PROPERTY_DEFINITION_REPRESENTATION(#860,#788);
#738=PROPERTY_DEFINITION_REPRESENTATION(#861,#789);
#739=PROPERTY_DEFINITION_REPRESENTATION(#862,#790);
#740=PROPERTY_DEFINITION_REPRESENTATION(#863,#791);
#741=PROPERTY_DEFINITION_REPRESENTATION(#864,#792);
#742=PROPERTY_DEFINITION_REPRESENTATION(#865,#793);
#743=PROPERTY_DEFINITION_REPRESENTATION(#866,#794);
#744=PROPERTY_DEFINITION_REPRESENTATION(#867,#795);
#745=PROPERTY_DEFINITION_REPRESENTATION(#868,#796);
#746=PROPERTY_DEFINITION_REPRESENTATION(#869,#797);
#747=PROPERTY_DEFINITION_REPRESENTATION(#870,#798);
#748=PROPERTY_DEFINITION_REPRESENTATION(#871,#799);
#749=PROPERTY_DEFINITION_REPRESENTATION(#872,#800);
#750=PROPERTY_DEFINITION_REPRESENTATION(#873,#801);
#751=PROPERTY_DEFINITION_REPRESENTATION(#874,#802);
#752=PROPERTY_DEFINITION_REPRESENTATION(#875,#803);
#753=PROPERTY_DEFINITION_REPRESENTATION(#876,#804);
#754=PROPERTY_DEFINITION_REPRESENTATION(#877,#805);
#755=PROPERTY_DEFINITION_REPRESENTATION(#878,#806);
#756=PROPERTY_DEFINITION_REPRESENTATION(#879,#807);
#757=PROPERTY_DEFINITION_REPRESENTATION(#880,#808);
#758=PROPERTY_DEFINITION_REPRESENTATION(#881,#809);
#759=PROPERTY_DEFINITION_REPRESENTATION(#882,#810);
#760=PROPERTY_DEFINITION_REPRESENTATION(#883,#811);
#761=PROPERTY_DEFINITION_REPRESENTATION(#884,#812);
#762=PROPERTY_DEFINITION_REPRESENTATION(#885,#813);
#763=PROPERTY_DEFINITION_REPRESENTATION(#886,#814);
#764=PROPERTY_DEFINITION_REPRESENTATION(#887,#815);
#765=PROPERTY_DEFINITION_REPRESENTATION(#888,#816);
#766=PROPERTY_DEFINITION_REPRESENTATION(#889,#817);
#767=PROPERTY_DEFINITION_REPRESENTATION(#890,#818);
#768=PROPERTY_DEFINITION_REPRESENTATION(#891,#819);
#769=PROPERTY_DEFINITION_REPRESENTATION(#892,#820);
#770=PROPERTY_DEFINITION_REPRESENTATION(#893,#821);
#771=PROPERTY_DEFINITION_REPRESENTATION(#894,#822);
#772=PROPERTY_DEFINITION_REPRESENTATION(#895,#823);
#773=PROPERTY_DEFINITION_REPRESENTATION(#896,#824);
#774=PROPERTY_DEFINITION_REPRESENTATION(#897,#825);
#775=PROPERTY_DEFINITION_REPRESENTATION(#898,#826);
#776=PROPERTY_DEFINITION_REPRESENTATION(#899,#827);
#777=PROPERTY_DEFINITION_REPRESENTATION(#900,#828);
#778=PROPERTY_DEFINITION_REPRESENTATION(#901,#829);
#779=REPRESENTATION('',(#830),#913);
#780=REPRESENTATION('',(#831),#913);
#781=REPRESENTATION('',(#832),#913);
#782=REPRESENTATION('',(#833),#913);
#783=REPRESENTATION('',(#834),#913);
#784=REPRESENTATION('',(#835),#913);
#785=REPRESENTATION('',(#836),#913);
#786=REPRESENTATION('',(#837),#913);
#787=REPRESENTATION('',(#723),#913);
#788=REPRESENTATION('',(#724),#913);
#789=REPRESENTATION('',(#653),#913);
#790=REPRESENTATION('',(#654),#913);
#791=REPRESENTATION('',(#655),#913);
#792=REPRESENTATION('',(#656),#913);
#793=REPRESENTATION('',(#657),#913);
#794=REPRESENTATION('',(#658),#913);
#795=REPRESENTATION('',(#659),#913);
#796=REPRESENTATION('',(#660),#913);
#797=REPRESENTATION('',(#661),#913);
#798=REPRESENTATION('',(#662),#913);
#799=REPRESENTATION('',(#663),#913);
#800=REPRESENTATION('',(#664),#913);
#801=REPRESENTATION('',(#665),#913);
#802=REPRESENTATION('',(#666),#913);
#803=REPRESENTATION('',(#667),#913);
#804=REPRESENTATION('',(#668),#913);
#805=REPRESENTATION('',(#669),#913);
#806=REPRESENTATION('',(#670),#913);
#807=REPRESENTATION('',(#671),#913);
#808=REPRESENTATION('',(#672),#913);
#809=REPRESENTATION('',(#673),#913);
#810=REPRESENTATION('',(#674),#913);
#811=REPRESENTATION('',(#675),#913);
#812=REPRESENTATION('',(#676),#913);
#813=REPRESENTATION('',(#677),#913);
#814=REPRESENTATION('',(#678),#913);
#815=REPRESENTATION('',(#679),#913);
#816=REPRESENTATION('',(#680),#913);
#817=REPRESENTATION('',(#681),#913);
#818=REPRESENTATION('',(#682),#913);
#819=REPRESENTATION('',(#683),#913);
#820=REPRESENTATION('',(#684),#913);
#821=REPRESENTATION('',(#685),#913);
#822=REPRESENTATION('',(#686),#913);
#823=REPRESENTATION('',(#687),#913);
#824=REPRESENTATION('',(#688),#913);
#825=REPRESENTATION('',(#689),#913);
#826=REPRESENTATION('',(#13,#14,#710,#838),#913);
#827=REPRESENTATION('',(#15,#16,#713,#839),#913);
#828=REPRESENTATION('',(#17,#18,#716,#840),#913);
#829=REPRESENTATION('',(#725,#726,#727),#913);
#830=DESCRIPTIVE_REPRESENTATION_ITEM('','1');
#831=DESCRIPTIVE_REPRESENTATION_ITEM('',
'000686_A;1-Terminal Box_Machined');
#832=DESCRIPTIVE_REPRESENTATION_ITEM('','000686');
#833=DESCRIPTIVE_REPRESENTATION_ITEM('','A');
#834=DESCRIPTIVE_REPRESENTATION_ITEM('','Terminal Box_Machined');
#835=DESCRIPTIVE_REPRESENTATION_ITEM('','000686');
#836=DESCRIPTIVE_REPRESENTATION_ITEM('','Item');
#837=DESCRIPTIVE_REPRESENTATION_ITEM('','000686');
#838=DESCRIPTIVE_REPRESENTATION_ITEM('equivalent unicode string',
'DIM\\w48.0');
#839=DESCRIPTIVE_REPRESENTATION_ITEM('equivalent unicode string',
'DIM\\w93.0');
#840=DESCRIPTIVE_REPRESENTATION_ITEM('equivalent unicode string',
'DIM\\w84.0');
#841=GENERAL_PROPERTY_ASSOCIATION('',$,#902,#851);
#842=GENERAL_PROPERTY_ASSOCIATION('',$,#903,#852);
#843=GENERAL_PROPERTY_ASSOCIATION('',$,#904,#853);
#844=GENERAL_PROPERTY_ASSOCIATION('',$,#905,#854);
#845=GENERAL_PROPERTY_ASSOCIATION('',$,#906,#855);
#846=GENERAL_PROPERTY_ASSOCIATION('',$,#907,#856);
#847=GENERAL_PROPERTY_ASSOCIATION('',$,#908,#857);
#848=GENERAL_PROPERTY_ASSOCIATION('',$,#909,#858);
#849=GENERAL_PROPERTY_ASSOCIATION('',$,#910,#859);
#850=GENERAL_PROPERTY_ASSOCIATION('',$,#911,#860);
#851=PROPERTY_DEFINITION('LAYER',$,#922);
#852=PROPERTY_DEFINITION('Name',$,#922);
#853=PROPERTY_DEFINITION('DB_PART_DESC',$,#922);
#854=PROPERTY_DEFINITION('DB_PART_REV',$,#922);
#855=PROPERTY_DEFINITION('DB_PART_NAME',$,#922);
#856=PROPERTY_DEFINITION('DB_PART_NO',$,#922);
#857=PROPERTY_DEFINITION('DB_PART_TYPE',$,#922);
#858=PROPERTY_DEFINITION('DB_PART_MFKID',$,#922);
#859=PROPERTY_DEFINITION('NX_MaterialMultipleAssigned',$,#922);
#860=PROPERTY_DEFINITION('NX_MaterialMissingAssignments',$,#922);
#861=PROPERTY_DEFINITION('geometric validation property','',#109);
#862=PROPERTY_DEFINITION('geometric validation property','',#110);
#863=PROPERTY_DEFINITION('geometric validation property','',#111);
#864=PROPERTY_DEFINITION('geometric validation property','',#112);
#865=PROPERTY_DEFINITION('geometric validation property','',#113);
#866=PROPERTY_DEFINITION('geometric validation property','',#114);
#867=PROPERTY_DEFINITION('geometric validation property','',#115);
#868=PROPERTY_DEFINITION('geometric validation property','',#116);
#869=PROPERTY_DEFINITION('geometric validation property','',#117);
#870=PROPERTY_DEFINITION('geometric validation property','',#118);
#871=PROPERTY_DEFINITION('geometric validation property','',#119);
#872=PROPERTY_DEFINITION('geometric validation property','',#120);
#873=PROPERTY_DEFINITION('geometric validation property','',#121);
#874=PROPERTY_DEFINITION('geometric validation property','',#122);
#875=PROPERTY_DEFINITION('geometric validation property','',#123);
#876=PROPERTY_DEFINITION('geometric validation property','',#124);
#877=PROPERTY_DEFINITION('geometric validation property','',#125);
#878=PROPERTY_DEFINITION('geometric validation property','',#126);
#879=PROPERTY_DEFINITION('geometric validation property','',#127);
#880=PROPERTY_DEFINITION('geometric validation property','',#128);
#881=PROPERTY_DEFINITION('geometric validation property','',#129);
#882=PROPERTY_DEFINITION('geometric validation property','',#130);
#883=PROPERTY_DEFINITION('geometric validation property','',#131);
#884=PROPERTY_DEFINITION('geometric validation property','',#132);
#885=PROPERTY_DEFINITION('geometric validation property','',#133);
#886=PROPERTY_DEFINITION('geometric validation property','',#134);
#887=PROPERTY_DEFINITION('geometric validation property','',#135);
#888=PROPERTY_DEFINITION('geometric validation property','',#136);
#889=PROPERTY_DEFINITION('geometric validation property','',#137);
#890=PROPERTY_DEFINITION('geometric validation property','',#138);
#891=PROPERTY_DEFINITION('geometric validation property','',#139);
#892=PROPERTY_DEFINITION('geometric validation property','',#140);
#893=PROPERTY_DEFINITION('geometric validation property','',#141);
#894=PROPERTY_DEFINITION('geometric validation property','',#142);
#895=PROPERTY_DEFINITION('geometric validation property','',#143);
#896=PROPERTY_DEFINITION('geometric validation property','',#144);
#897=PROPERTY_DEFINITION('geometric validation property','',#921);
#898=PROPERTY_DEFINITION('pmi validation property','',#10);
#899=PROPERTY_DEFINITION('pmi validation property','',#11);
#900=PROPERTY_DEFINITION('pmi validation property','',#12);
#901=PROPERTY_DEFINITION('pmi validation property','',#921);
#902=GENERAL_PROPERTY('','LAYER',$);
#903=GENERAL_PROPERTY('','Name',$);
#904=GENERAL_PROPERTY('','DB_PART_DESC',$);
#905=GENERAL_PROPERTY('','DB_PART_REV',$);
#906=GENERAL_PROPERTY('','DB_PART_NAME',$);
#907=GENERAL_PROPERTY('','DB_PART_NO',$);
#908=GENERAL_PROPERTY('','DB_PART_TYPE',$);
#909=GENERAL_PROPERTY('','DB_PART_MFKID',$);
#910=GENERAL_PROPERTY('','NX_MaterialMultipleAssigned',$);
#911=GENERAL_PROPERTY('','NX_MaterialMissingAssignments',$);
#912=MECHANICAL_DESIGN_GEOMETRIC_PRESENTATION_REPRESENTATION('',(#217,#218,
#219,#220,#221,#222,#223,#224,#225,#226,#227,#228,#229,#230,#231,#232,#233,
#234,#235,#236,#237,#238,#239,#240,#241,#242,#243,#244,#245,#246,#247,#248,
#249,#250,#251,#252),#913);
#913=(
GEOMETRIC_REPRESENTATION_CONTEXT(3)
GLOBAL_UNCERTAINTY_ASSIGNED_CONTEXT((#914))
GLOBAL_UNIT_ASSIGNED_CONTEXT((#917,#916,#915))
REPRESENTATION_CONTEXT('000686_A;1-Terminal Box_Machined',
'TOP_LEVEL_ASSEMBLY_PART')
);
#914=UNCERTAINTY_MEASURE_WITH_UNIT(LENGTH_MEASURE(0.005),#917,
'DISTANCE_ACCURACY_VALUE','Maximum Tolerance applied to model');
#915=(
NAMED_UNIT(*)
SI_UNIT($,.STERADIAN.)
SOLID_ANGLE_UNIT()
);
#916=(
NAMED_UNIT(*)
PLANE_ANGLE_UNIT()
SI_UNIT($,.RADIAN.)
);
#917=(
LENGTH_UNIT()
NAMED_UNIT(*)
SI_UNIT(.MILLI.,.METRE.)
);
#918=(
LENGTH_UNIT()
NAMED_UNIT(*)
SI_UNIT(.MILLI.,.METRE.)
);
#919=(
LENGTH_UNIT()
NAMED_UNIT(*)
SI_UNIT(.MILLI.,.METRE.)
);
#920=(
LENGTH_UNIT()
NAMED_UNIT(*)
SI_UNIT(.MILLI.,.METRE.)
);
#921=PRODUCT_DEFINITION_SHAPE('','',#922);
#922=PRODUCT_DEFINITION('','',#924,#923);
#923=PRODUCT_DEFINITION_CONTEXT('',#930,'design');
#924=PRODUCT_DEFINITION_FORMATION_WITH_SPECIFIED_SOURCE('','',#926,
 .NOT_KNOWN.);
#925=PRODUCT_RELATED_PRODUCT_CATEGORY('','',(#926));
#926=PRODUCT('000686_A;1-Terminal Box_Machined',
'000686_A;1-Terminal Box_Machined','000686_A;1-Terminal Box_Machined',(#928));
#927=PRODUCT_CATEGORY('','');
#928=PRODUCT_CONTEXT('',#930,'mechanical');
#929=APPLICATION_PROTOCOL_DEFINITION('international standard',
'ap242_managed_model_based_3d_engineering',2011,#930);
#930=APPLICATION_CONTEXT('managed model based 3d engineering');
ENDSEC;
END-ISO-10303-21;
