ISO-10303-21;
HEADER;
/* Generated by software containing ST-Developer
 * from STEP Tools, Inc. (www.steptools.com) 
 */

FILE_DESCRIPTION(
/* description */ (
'CAx-IF Rec.Pracs.---Representation and Presentation of Product Manufa
cturing Information (PMI)---4.0---2014-10-13',
'CAx-IF Rec.Pracs.---3D Tessellated Geometry---0.4---2014-09-14','2;1',
'CAx-IF Rec.Pracs.---User Defined Attributes---1.5---2016-08-15'),
/* implementation_level */ '2;1');

FILE_NAME(
/* name */ '000678_A;1-SKF_6306-2Z7097_Prt2',
/* time_stamp */ '2022-12-15T16:50:22+05:00',
/* author */ (''),
/* organization */ (''),
/* preprocessor_version */ 'ST-DEVELOPER v16.7',
/* originating_system */ 'SIEMENS PLM Software NX 1915',
/* authorisation */ $);

FILE_SCHEMA (('AP242_MANAGED_MODEL_BASED_3D_ENGINEERING_MIM_LF { 1 0 10303 442 1 1 4 }'));
ENDSEC;

DATA;
#10=MECHANICAL_DESIGN_AND_DRAUGHTING_RELATIONSHIP('','',#18,#19);
#11=MECHANICAL_DESIGN_AND_DRAUGHTING_RELATIONSHIP('','',#20,#19);
#12=MECHANICAL_DESIGN_AND_DRAUGHTING_RELATIONSHIP('','',#21,#19);
#13=MECHANICAL_DESIGN_AND_DRAUGHTING_RELATIONSHIP('','',#22,#19);
#14=MECHANICAL_DESIGN_AND_DRAUGHTING_RELATIONSHIP('','',#23,#19);
#15=MECHANICAL_DESIGN_AND_DRAUGHTING_RELATIONSHIP('','',#24,#19);
#16=MECHANICAL_DESIGN_AND_DRAUGHTING_RELATIONSHIP('','',#25,#19);
#17=MECHANICAL_DESIGN_AND_DRAUGHTING_RELATIONSHIP('','',#26,#19);
#18=DRAUGHTING_MODEL('Top',(#45,#36),#745);
#19=DRAUGHTING_MODEL('',(#37),#745);
#20=DRAUGHTING_MODEL('Front',(#46,#38),#745);
#21=DRAUGHTING_MODEL('Right',(#47,#39),#745);
#22=DRAUGHTING_MODEL('Back',(#48,#40),#745);
#23=DRAUGHTING_MODEL('Bottom',(#49,#41),#745);
#24=DRAUGHTING_MODEL('Left',(#50,#42),#745);
#25=DRAUGHTING_MODEL('Isometric',(#51,#43),#745);
#26=DRAUGHTING_MODEL('Trimetric',(#52,#44),#745);
#27=REPRESENTATION_MAP(#488,$);
#28=REPRESENTATION_MAP(#488,$);
#29=REPRESENTATION_MAP(#488,$);
#30=REPRESENTATION_MAP(#488,$);
#31=REPRESENTATION_MAP(#488,$);
#32=REPRESENTATION_MAP(#488,$);
#33=REPRESENTATION_MAP(#488,$);
#34=REPRESENTATION_MAP(#488,$);
#35=REPRESENTATION_MAP(#488,$);
#36=MAPPED_ITEM('',#27,#488);
#37=MAPPED_ITEM('',#28,#488);
#38=MAPPED_ITEM('',#29,#488);
#39=MAPPED_ITEM('',#30,#488);
#40=MAPPED_ITEM('',#31,#488);
#41=MAPPED_ITEM('',#32,#488);
#42=MAPPED_ITEM('',#33,#488);
#43=MAPPED_ITEM('',#34,#488);
#44=MAPPED_ITEM('',#35,#488);
#45=CAMERA_MODEL_D3('Top',#489,#53);
#46=CAMERA_MODEL_D3('Front',#491,#54);
#47=CAMERA_MODEL_D3('Right',#493,#55);
#48=CAMERA_MODEL_D3('Back',#495,#56);
#49=CAMERA_MODEL_D3('Bottom',#497,#57);
#50=CAMERA_MODEL_D3('Left',#499,#58);
#51=CAMERA_MODEL_D3('Isometric',#501,#59);
#52=CAMERA_MODEL_D3('Trimetric',#503,#60);
#53=VIEW_VOLUME(.PARALLEL.,#558,0.,0.,.F.,0.,.F.,.F.,#61);
#54=VIEW_VOLUME(.PARALLEL.,#561,0.,0.,.F.,0.,.F.,.F.,#62);
#55=VIEW_VOLUME(.PARALLEL.,#564,0.,0.,.F.,0.,.F.,.F.,#63);
#56=VIEW_VOLUME(.PARALLEL.,#567,0.,0.,.F.,0.,.F.,.F.,#64);
#57=VIEW_VOLUME(.PARALLEL.,#570,0.,0.,.F.,0.,.F.,.F.,#65);
#58=VIEW_VOLUME(.PARALLEL.,#573,0.,0.,.F.,0.,.F.,.F.,#66);
#59=VIEW_VOLUME(.PARALLEL.,#576,0.,0.,.F.,0.,.F.,.F.,#67);
#60=VIEW_VOLUME(.PARALLEL.,#579,0.,0.,.F.,0.,.F.,.F.,#68);
#61=PLANAR_BOX('',0.0573449193279923,0.0573449193279923,#490);
#62=PLANAR_BOX('',0.554530129983217,0.554530129983217,#492);
#63=PLANAR_BOX('',0.554530129983217,0.554530129983217,#494);
#64=PLANAR_BOX('',0.554530129983217,0.554530129983217,#496);
#65=PLANAR_BOX('',0.0573449193279923,0.0573449193279923,#498);
#66=PLANAR_BOX('',0.554530129983217,0.554530129983217,#500);
#67=PLANAR_BOX('',0.543994125665979,0.543994125665979,#502);
#68=PLANAR_BOX('',0.575923539769252,0.575923539769252,#504);
#69=SHAPE_ASPECT('','Solid',#750,.F.);
#70=SHAPE_ASPECT('','Solid',#750,.F.);
#71=SHAPE_ASPECT('','Solid',#750,.F.);
#72=SHAPE_ASPECT('','Solid',#750,.F.);
#73=SHAPE_ASPECT('','Solid',#750,.F.);
#74=SHAPE_ASPECT('','Solid',#750,.F.);
#75=SHAPE_ASPECT('','Solid',#750,.F.);
#76=SHAPE_ASPECT('','Solid',#750,.F.);
#77=SHAPE_ASPECT('','Solid',#750,.F.);
#78=SHAPE_ASPECT('','Solid',#750,.F.);
#79=SHAPE_ASPECT('','Solid',#750,.F.);
#80=SHAPE_ASPECT('','Solid',#750,.F.);
#81=SHAPE_ASPECT('','Solid',#750,.F.);
#82=SHAPE_ASPECT('','Solid',#750,.F.);
#83=SHAPE_ASPECT('','Solid',#750,.F.);
#84=SHAPE_ASPECT('','Solid',#750,.F.);
#85=SHAPE_ASPECT('','Solid',#750,.F.);
#86=SHAPE_ASPECT('','Solid',#750,.F.);
#87=SHAPE_ASPECT('','Solid',#750,.F.);
#88=SHAPE_ASPECT('','Solid',#750,.F.);
#89=SHAPE_ASPECT('','Solid',#750,.F.);
#90=SHAPE_ASPECT('','Solid',#750,.F.);
#91=SHAPE_ASPECT('','Solid',#750,.F.);
#92=SHAPE_ASPECT('','Solid',#750,.F.);
#93=SHAPE_ASPECT('','Solid',#750,.F.);
#94=SHAPE_ASPECT('','Solid',#750,.F.);
#95=SHAPE_ASPECT('','Solid',#750,.F.);
#96=SHAPE_ASPECT('','Solid',#750,.F.);
#97=SHAPE_ASPECT('','Solid',#750,.F.);
#98=SHAPE_ASPECT('','Solid',#750,.F.);
#99=SHAPE_ASPECT('','Solid',#750,.F.);
#100=SHAPE_ASPECT('','Solid',#750,.F.);
#101=SHAPE_REPRESENTATION_RELATIONSHIP('','',#487,#133);
#102=SHAPE_REPRESENTATION_RELATIONSHIP('','',#487,#134);
#103=SHAPE_REPRESENTATION_RELATIONSHIP('','',#487,#135);
#104=SHAPE_REPRESENTATION_RELATIONSHIP('','',#487,#136);
#105=SHAPE_REPRESENTATION_RELATIONSHIP('','',#487,#137);
#106=SHAPE_REPRESENTATION_RELATIONSHIP('','',#487,#138);
#107=SHAPE_REPRESENTATION_RELATIONSHIP('','',#487,#139);
#108=SHAPE_REPRESENTATION_RELATIONSHIP('','',#487,#140);
#109=SHAPE_REPRESENTATION_RELATIONSHIP('','',#487,#141);
#110=SHAPE_REPRESENTATION_RELATIONSHIP('','',#487,#142);
#111=SHAPE_REPRESENTATION_RELATIONSHIP('','',#487,#143);
#112=SHAPE_REPRESENTATION_RELATIONSHIP('','',#487,#144);
#113=SHAPE_REPRESENTATION_RELATIONSHIP('','',#487,#145);
#114=SHAPE_REPRESENTATION_RELATIONSHIP('','',#487,#146);
#115=SHAPE_REPRESENTATION_RELATIONSHIP('','',#487,#147);
#116=SHAPE_REPRESENTATION_RELATIONSHIP('','',#487,#148);
#117=SHAPE_REPRESENTATION_RELATIONSHIP('','',#487,#149);
#118=SHAPE_REPRESENTATION_RELATIONSHIP('','',#487,#150);
#119=SHAPE_REPRESENTATION_RELATIONSHIP('','',#487,#151);
#120=SHAPE_REPRESENTATION_RELATIONSHIP('','',#487,#152);
#121=SHAPE_REPRESENTATION_RELATIONSHIP('','',#487,#153);
#122=SHAPE_REPRESENTATION_RELATIONSHIP('','',#487,#154);
#123=SHAPE_REPRESENTATION_RELATIONSHIP('','',#487,#155);
#124=SHAPE_REPRESENTATION_RELATIONSHIP('','',#487,#156);
#125=SHAPE_REPRESENTATION_RELATIONSHIP('','',#487,#157);
#126=SHAPE_REPRESENTATION_RELATIONSHIP('','',#487,#158);
#127=SHAPE_REPRESENTATION_RELATIONSHIP('','',#487,#159);
#128=SHAPE_REPRESENTATION_RELATIONSHIP('','',#487,#160);
#129=SHAPE_REPRESENTATION_RELATIONSHIP('','',#487,#161);
#130=SHAPE_REPRESENTATION_RELATIONSHIP('','',#487,#162);
#131=SHAPE_REPRESENTATION_RELATIONSHIP('','',#487,#163);
#132=SHAPE_REPRESENTATION_RELATIONSHIP('','',#487,#164);
#133=TESSELLATED_SHAPE_REPRESENTATION('',(#454),#745);
#134=TESSELLATED_SHAPE_REPRESENTATION('',(#455),#745);
#135=TESSELLATED_SHAPE_REPRESENTATION('',(#456),#745);
#136=TESSELLATED_SHAPE_REPRESENTATION('',(#457),#745);
#137=TESSELLATED_SHAPE_REPRESENTATION('',(#458),#745);
#138=TESSELLATED_SHAPE_REPRESENTATION('',(#459),#745);
#139=TESSELLATED_SHAPE_REPRESENTATION('',(#460),#745);
#140=TESSELLATED_SHAPE_REPRESENTATION('',(#461),#745);
#141=TESSELLATED_SHAPE_REPRESENTATION('',(#462),#745);
#142=TESSELLATED_SHAPE_REPRESENTATION('',(#463),#745);
#143=TESSELLATED_SHAPE_REPRESENTATION('',(#464),#745);
#144=TESSELLATED_SHAPE_REPRESENTATION('',(#465),#745);
#145=TESSELLATED_SHAPE_REPRESENTATION('',(#466),#745);
#146=TESSELLATED_SHAPE_REPRESENTATION('',(#467),#745);
#147=TESSELLATED_SHAPE_REPRESENTATION('',(#468),#745);
#148=TESSELLATED_SHAPE_REPRESENTATION('',(#469),#745);
#149=TESSELLATED_SHAPE_REPRESENTATION('',(#470),#745);
#150=TESSELLATED_SHAPE_REPRESENTATION('',(#471),#745);
#151=TESSELLATED_SHAPE_REPRESENTATION('',(#472),#745);
#152=TESSELLATED_SHAPE_REPRESENTATION('',(#473),#745);
#153=TESSELLATED_SHAPE_REPRESENTATION('',(#474),#745);
#154=TESSELLATED_SHAPE_REPRESENTATION('',(#475),#745);
#155=TESSELLATED_SHAPE_REPRESENTATION('',(#476),#745);
#156=TESSELLATED_SHAPE_REPRESENTATION('',(#477),#745);
#157=TESSELLATED_SHAPE_REPRESENTATION('',(#478),#745);
#158=TESSELLATED_SHAPE_REPRESENTATION('',(#479),#745);
#159=TESSELLATED_SHAPE_REPRESENTATION('',(#480),#745);
#160=TESSELLATED_SHAPE_REPRESENTATION('',(#481),#745);
#161=TESSELLATED_SHAPE_REPRESENTATION('',(#482),#745);
#162=TESSELLATED_SHAPE_REPRESENTATION('',(#483),#745);
#163=TESSELLATED_SHAPE_REPRESENTATION('',(#484),#745);
#164=TESSELLATED_SHAPE_REPRESENTATION('',(#485),#745);
#165=STYLED_ITEM('',(#197),#390);
#166=STYLED_ITEM('',(#198),#391);
#167=STYLED_ITEM('',(#199),#392);
#168=STYLED_ITEM('',(#200),#393);
#169=STYLED_ITEM('',(#201),#394);
#170=STYLED_ITEM('',(#202),#395);
#171=STYLED_ITEM('',(#203),#396);
#172=STYLED_ITEM('',(#204),#397);
#173=STYLED_ITEM('',(#205),#398);
#174=STYLED_ITEM('',(#206),#399);
#175=STYLED_ITEM('',(#207),#400);
#176=STYLED_ITEM('',(#208),#401);
#177=STYLED_ITEM('',(#209),#402);
#178=STYLED_ITEM('',(#210),#403);
#179=STYLED_ITEM('',(#211),#404);
#180=STYLED_ITEM('',(#212),#405);
#181=STYLED_ITEM('',(#213),#406);
#182=STYLED_ITEM('',(#214),#407);
#183=STYLED_ITEM('',(#215),#408);
#184=STYLED_ITEM('',(#216),#409);
#185=STYLED_ITEM('',(#217),#410);
#186=STYLED_ITEM('',(#218),#411);
#187=STYLED_ITEM('',(#219),#412);
#188=STYLED_ITEM('',(#220),#413);
#189=STYLED_ITEM('',(#221),#414);
#190=STYLED_ITEM('',(#222),#415);
#191=STYLED_ITEM('',(#223),#416);
#192=STYLED_ITEM('',(#224),#417);
#193=STYLED_ITEM('',(#225),#418);
#194=STYLED_ITEM('',(#226),#419);
#195=STYLED_ITEM('',(#227),#420);
#196=STYLED_ITEM('',(#228),#421);
#197=PRESENTATION_STYLE_ASSIGNMENT((#229));
#198=PRESENTATION_STYLE_ASSIGNMENT((#230));
#199=PRESENTATION_STYLE_ASSIGNMENT((#231));
#200=PRESENTATION_STYLE_ASSIGNMENT((#232));
#201=PRESENTATION_STYLE_ASSIGNMENT((#233));
#202=PRESENTATION_STYLE_ASSIGNMENT((#234));
#203=PRESENTATION_STYLE_ASSIGNMENT((#235));
#204=PRESENTATION_STYLE_ASSIGNMENT((#236));
#205=PRESENTATION_STYLE_ASSIGNMENT((#237));
#206=PRESENTATION_STYLE_ASSIGNMENT((#238));
#207=PRESENTATION_STYLE_ASSIGNMENT((#239));
#208=PRESENTATION_STYLE_ASSIGNMENT((#240));
#209=PRESENTATION_STYLE_ASSIGNMENT((#241));
#210=PRESENTATION_STYLE_ASSIGNMENT((#242));
#211=PRESENTATION_STYLE_ASSIGNMENT((#243));
#212=PRESENTATION_STYLE_ASSIGNMENT((#244));
#213=PRESENTATION_STYLE_ASSIGNMENT((#245));
#214=PRESENTATION_STYLE_ASSIGNMENT((#246));
#215=PRESENTATION_STYLE_ASSIGNMENT((#247));
#216=PRESENTATION_STYLE_ASSIGNMENT((#248));
#217=PRESENTATION_STYLE_ASSIGNMENT((#249));
#218=PRESENTATION_STYLE_ASSIGNMENT((#250));
#219=PRESENTATION_STYLE_ASSIGNMENT((#251));
#220=PRESENTATION_STYLE_ASSIGNMENT((#252));
#221=PRESENTATION_STYLE_ASSIGNMENT((#253));
#222=PRESENTATION_STYLE_ASSIGNMENT((#254));
#223=PRESENTATION_STYLE_ASSIGNMENT((#255));
#224=PRESENTATION_STYLE_ASSIGNMENT((#256));
#225=PRESENTATION_STYLE_ASSIGNMENT((#257));
#226=PRESENTATION_STYLE_ASSIGNMENT((#258));
#227=PRESENTATION_STYLE_ASSIGNMENT((#259));
#228=PRESENTATION_STYLE_ASSIGNMENT((#260));
#229=SURFACE_STYLE_USAGE(.BOTH.,#261);
#230=SURFACE_STYLE_USAGE(.BOTH.,#262);
#231=SURFACE_STYLE_USAGE(.BOTH.,#263);
#232=SURFACE_STYLE_USAGE(.BOTH.,#264);
#233=SURFACE_STYLE_USAGE(.BOTH.,#265);
#234=SURFACE_STYLE_USAGE(.BOTH.,#266);
#235=SURFACE_STYLE_USAGE(.BOTH.,#267);
#236=SURFACE_STYLE_USAGE(.BOTH.,#268);
#237=SURFACE_STYLE_USAGE(.BOTH.,#269);
#238=SURFACE_STYLE_USAGE(.BOTH.,#270);
#239=SURFACE_STYLE_USAGE(.BOTH.,#271);
#240=SURFACE_STYLE_USAGE(.BOTH.,#272);
#241=SURFACE_STYLE_USAGE(.BOTH.,#273);
#242=SURFACE_STYLE_USAGE(.BOTH.,#274);
#243=SURFACE_STYLE_USAGE(.BOTH.,#275);
#244=SURFACE_STYLE_USAGE(.BOTH.,#276);
#245=SURFACE_STYLE_USAGE(.BOTH.,#277);
#246=SURFACE_STYLE_USAGE(.BOTH.,#278);
#247=SURFACE_STYLE_USAGE(.BOTH.,#279);
#248=SURFACE_STYLE_USAGE(.BOTH.,#280);
#249=SURFACE_STYLE_USAGE(.BOTH.,#281);
#250=SURFACE_STYLE_USAGE(.BOTH.,#282);
#251=SURFACE_STYLE_USAGE(.BOTH.,#283);
#252=SURFACE_STYLE_USAGE(.BOTH.,#284);
#253=SURFACE_STYLE_USAGE(.BOTH.,#285);
#254=SURFACE_STYLE_USAGE(.BOTH.,#286);
#255=SURFACE_STYLE_USAGE(.BOTH.,#287);
#256=SURFACE_STYLE_USAGE(.BOTH.,#288);
#257=SURFACE_STYLE_USAGE(.BOTH.,#289);
#258=SURFACE_STYLE_USAGE(.BOTH.,#290);
#259=SURFACE_STYLE_USAGE(.BOTH.,#291);
#260=SURFACE_STYLE_USAGE(.BOTH.,#292);
#261=SURFACE_SIDE_STYLE('',(#293));
#262=SURFACE_SIDE_STYLE('',(#294));
#263=SURFACE_SIDE_STYLE('',(#295));
#264=SURFACE_SIDE_STYLE('',(#296));
#265=SURFACE_SIDE_STYLE('',(#297));
#266=SURFACE_SIDE_STYLE('',(#298));
#267=SURFACE_SIDE_STYLE('',(#299));
#268=SURFACE_SIDE_STYLE('',(#300));
#269=SURFACE_SIDE_STYLE('',(#301));
#270=SURFACE_SIDE_STYLE('',(#302));
#271=SURFACE_SIDE_STYLE('',(#303));
#272=SURFACE_SIDE_STYLE('',(#304));
#273=SURFACE_SIDE_STYLE('',(#305));
#274=SURFACE_SIDE_STYLE('',(#306));
#275=SURFACE_SIDE_STYLE('',(#307));
#276=SURFACE_SIDE_STYLE('',(#308));
#277=SURFACE_SIDE_STYLE('',(#309));
#278=SURFACE_SIDE_STYLE('',(#310));
#279=SURFACE_SIDE_STYLE('',(#311));
#280=SURFACE_SIDE_STYLE('',(#312));
#281=SURFACE_SIDE_STYLE('',(#313));
#282=SURFACE_SIDE_STYLE('',(#314));
#283=SURFACE_SIDE_STYLE('',(#315));
#284=SURFACE_SIDE_STYLE('',(#316));
#285=SURFACE_SIDE_STYLE('',(#317));
#286=SURFACE_SIDE_STYLE('',(#318));
#287=SURFACE_SIDE_STYLE('',(#319));
#288=SURFACE_SIDE_STYLE('',(#320));
#289=SURFACE_SIDE_STYLE('',(#321));
#290=SURFACE_SIDE_STYLE('',(#322));
#291=SURFACE_SIDE_STYLE('',(#323));
#292=SURFACE_SIDE_STYLE('',(#324));
#293=SURFACE_STYLE_FILL_AREA(#325);
#294=SURFACE_STYLE_FILL_AREA(#326);
#295=SURFACE_STYLE_FILL_AREA(#327);
#296=SURFACE_STYLE_FILL_AREA(#328);
#297=SURFACE_STYLE_FILL_AREA(#329);
#298=SURFACE_STYLE_FILL_AREA(#330);
#299=SURFACE_STYLE_FILL_AREA(#331);
#300=SURFACE_STYLE_FILL_AREA(#332);
#301=SURFACE_STYLE_FILL_AREA(#333);
#302=SURFACE_STYLE_FILL_AREA(#334);
#303=SURFACE_STYLE_FILL_AREA(#335);
#304=SURFACE_STYLE_FILL_AREA(#336);
#305=SURFACE_STYLE_FILL_AREA(#337);
#306=SURFACE_STYLE_FILL_AREA(#338);
#307=SURFACE_STYLE_FILL_AREA(#339);
#308=SURFACE_STYLE_FILL_AREA(#340);
#309=SURFACE_STYLE_FILL_AREA(#341);
#310=SURFACE_STYLE_FILL_AREA(#342);
#311=SURFACE_STYLE_FILL_AREA(#343);
#312=SURFACE_STYLE_FILL_AREA(#344);
#313=SURFACE_STYLE_FILL_AREA(#345);
#314=SURFACE_STYLE_FILL_AREA(#346);
#315=SURFACE_STYLE_FILL_AREA(#347);
#316=SURFACE_STYLE_FILL_AREA(#348);
#317=SURFACE_STYLE_FILL_AREA(#349);
#318=SURFACE_STYLE_FILL_AREA(#350);
#319=SURFACE_STYLE_FILL_AREA(#351);
#320=SURFACE_STYLE_FILL_AREA(#352);
#321=SURFACE_STYLE_FILL_AREA(#353);
#322=SURFACE_STYLE_FILL_AREA(#354);
#323=SURFACE_STYLE_FILL_AREA(#355);
#324=SURFACE_STYLE_FILL_AREA(#356);
#325=FILL_AREA_STYLE('',(#357));
#326=FILL_AREA_STYLE('',(#358));
#327=FILL_AREA_STYLE('',(#359));
#328=FILL_AREA_STYLE('',(#360));
#329=FILL_AREA_STYLE('',(#361));
#330=FILL_AREA_STYLE('',(#362));
#331=FILL_AREA_STYLE('',(#363));
#332=FILL_AREA_STYLE('',(#364));
#333=FILL_AREA_STYLE('',(#365));
#334=FILL_AREA_STYLE('',(#366));
#335=FILL_AREA_STYLE('',(#367));
#336=FILL_AREA_STYLE('',(#368));
#337=FILL_AREA_STYLE('',(#369));
#338=FILL_AREA_STYLE('',(#370));
#339=FILL_AREA_STYLE('',(#371));
#340=FILL_AREA_STYLE('',(#372));
#341=FILL_AREA_STYLE('',(#373));
#342=FILL_AREA_STYLE('',(#374));
#343=FILL_AREA_STYLE('',(#375));
#344=FILL_AREA_STYLE('',(#376));
#345=FILL_AREA_STYLE('',(#377));
#346=FILL_AREA_STYLE('',(#378));
#347=FILL_AREA_STYLE('',(#379));
#348=FILL_AREA_STYLE('',(#380));
#349=FILL_AREA_STYLE('',(#381));
#350=FILL_AREA_STYLE('',(#382));
#351=FILL_AREA_STYLE('',(#383));
#352=FILL_AREA_STYLE('',(#384));
#353=FILL_AREA_STYLE('',(#385));
#354=FILL_AREA_STYLE('',(#386));
#355=FILL_AREA_STYLE('',(#387));
#356=FILL_AREA_STYLE('',(#388));
#357=FILL_AREA_STYLE_COLOUR('',#389);
#358=FILL_AREA_STYLE_COLOUR('',#389);
#359=FILL_AREA_STYLE_COLOUR('',#389);
#360=FILL_AREA_STYLE_COLOUR('',#389);
#361=FILL_AREA_STYLE_COLOUR('',#389);
#362=FILL_AREA_STYLE_COLOUR('',#389);
#363=FILL_AREA_STYLE_COLOUR('',#389);
#364=FILL_AREA_STYLE_COLOUR('',#389);
#365=FILL_AREA_STYLE_COLOUR('',#389);
#366=FILL_AREA_STYLE_COLOUR('',#389);
#367=FILL_AREA_STYLE_COLOUR('',#389);
#368=FILL_AREA_STYLE_COLOUR('',#389);
#369=FILL_AREA_STYLE_COLOUR('',#389);
#370=FILL_AREA_STYLE_COLOUR('',#389);
#371=FILL_AREA_STYLE_COLOUR('',#389);
#372=FILL_AREA_STYLE_COLOUR('',#389);
#373=FILL_AREA_STYLE_COLOUR('',#389);
#374=FILL_AREA_STYLE_COLOUR('',#389);
#375=FILL_AREA_STYLE_COLOUR('',#389);
#376=FILL_AREA_STYLE_COLOUR('',#389);
#377=FILL_AREA_STYLE_COLOUR('',#389);
#378=FILL_AREA_STYLE_COLOUR('',#389);
#379=FILL_AREA_STYLE_COLOUR('',#389);
#380=FILL_AREA_STYLE_COLOUR('',#389);
#381=FILL_AREA_STYLE_COLOUR('',#389);
#382=FILL_AREA_STYLE_COLOUR('',#389);
#383=FILL_AREA_STYLE_COLOUR('',#389);
#384=FILL_AREA_STYLE_COLOUR('',#389);
#385=FILL_AREA_STYLE_COLOUR('',#389);
#386=FILL_AREA_STYLE_COLOUR('',#389);
#387=FILL_AREA_STYLE_COLOUR('',#389);
#388=FILL_AREA_STYLE_COLOUR('',#389);
#389=COLOUR_RGB('',0.694102388036927,0.694102388036927,0.694102388036927);
#390=COMPLEX_TRIANGULATED_FACE($,#422,115,((0.,0.130526192220053,0.99144486137381),
(0.,0.271440449865076,0.962455236453647),(0.,0.406736643075802,0.9135454576426),
(0.,0.533614515915613,0.845727821703972),(0.,0.649448048330185,0.76040596560003),
(0.,0.751839807478978,0.659345815100068),(0.,0.838670567945425,0.544639035015026),
(0.,0.908143173825082,0.418659737537427),(0.,0.958819734868193,0.284015344703921),
(0.,0.98965138681967,0.143492621991178),(0.,1.,0.),(0.,0.98965138681967,
-0.14349262199118),(0.,0.958819734868193,-0.284015344703923),(0.,0.908143173825081,
-0.418659737537429),(0.,0.838670567945423,-0.544639035015028),(0.,0.751839807478977,
-0.65934581510007),(0.,0.649448048330183,-0.760405965600031),(0.,0.533614515915611,
-0.845727821703974),(0.,0.4067366430758,-0.913545457642601),(0.,0.271440449865074,
-0.962455236453647),(-0.201980205951614,0.,-0.979389603990028),(0.,0.130526192220051,
-0.99144486137381),(-0.436724333101916,0.,-0.899595385090812),(-0.644622175849676,
0.,-0.764501308306813),(-0.785750388748712,0.,-0.618543714365644),(-0.785750388748712,
0.0807361557577942,-0.613251987142888),(-0.785750388748713,0.167897784088624,
-0.595320636866703),(-0.785750388748713,0.251584393976718,-0.565067800612116),
(-0.785750388748713,0.330063904713867,-0.52311962817914),(-0.785750388748712,
0.40171200810167,-0.470344330388038),(-0.785750388748713,0.465045787125996,
-0.40783420952344),(-0.785750388748713,0.518754408226106,-0.336883051706715),
(-0.785750388748713,0.56172625191357,-0.258959349111747),(-0.785750388748713,
0.593071920212453,-0.175675906250004),(-0.785750388748712,0.612142644730549,
-0.0887564593904899),(-0.785750388748712,0.618543714365644,0.),(-0.785750388748713,
0.612142644730549,0.0887564593904885),(-0.785750388748712,0.593071920212454,
0.175675906250002),(-0.785750388748713,0.56172625191357,0.258959349111746),
(-0.785750388748712,0.518754408226107,0.336883051706714),(-0.785750388748713,
0.465045787125998,0.407834209523439),(-0.785750388748713,0.40171200810167,
0.470344330388036),(-0.785750388748712,0.330063904713868,0.52311962817914),
(-0.785750388748713,0.251584393976719,0.565067800612116),(-0.785750388748713,
0.167897784088626,0.595320636866703),(-0.785750388748713,0.0807361557577959,
0.613251987142887),(-0.644622175849676,0.,0.764501308306813),(-0.436724333101916,
0.,0.899595385090812),(-0.201980205951614,0.,0.979389603990028),(0.,0.,
1.),(-0.785750389230693,0.,0.618543713753373),(0.,0.,-1.),(-0.644622175849676,
0.0997874447205359,-0.757960893634345),(-0.644622175849676,0.207516579049239,
-0.735798287455556),(-0.436724333101916,0.244186576025595,-0.865820289070187),
(-0.644622175849676,0.310950695767771,-0.698406697565515),(-0.436724333101916,
0.365898407058319,-0.821821277765958),(-0.644622175849676,0.407948995548992,
-0.646560026164159),(-0.436724333101916,0.480037155935152,-0.760812845447799),
(-0.644622175849676,0.496503882625732,-0.581331355545529),(-0.436724333101916,
0.584240467134068,-0.684057697449311),(-0.644622175849676,0.574782516454821,
-0.504070738270625),(-0.436724333101916,0.676351621135653,-0.593144452442962),
(-0.644622175849676,0.641164746432695,-0.416377254823948),(-0.436724333101916,
0.754464172535194,-0.489954762439832),(-0.644622175849676,0.694276644519176,
-0.320065917082751),(-0.436724333101916,0.816961408174766,-0.376624367812001),
(-0.644622175849676,0.733018941737125,-0.217130102605359),(-0.436724333101916,
0.862549808621422,-0.255498893390625),(-0.644622175849676,0.75658977999129,
-0.109700297244632),(-0.436724333101916,0.890285820431698,-0.129085300537845),
(-0.644622175849676,0.764501308306813,0.),(-0.436724333101916,0.899595385090812,
0.),(-0.644622175849676,0.75658977999129,0.109700297244632),(-0.436724333101916,
0.890285820431698,0.129085300537845),(-0.644622175849676,0.733018941737125,
0.217130102605359),(-0.436724333101916,0.862549808621422,0.255498893390625),
(-0.644622175849676,0.694276644519176,0.320065917082751),(-0.436724333101916,
0.816961408174766,0.376624367812001),(-0.644622175849676,0.641164746432695,
0.416377254823949),(-0.436724333101916,0.754464172535194,0.489954762439832),
(-0.644622175849676,0.574782516454821,0.504070738270625),(-0.436724333101916,
0.676351621135653,0.593144452442962),(-0.644622175849676,0.496503882625732,
0.58133135554553),(-0.436724333101916,0.584240467134068,0.684057697449311),
(-0.644622175849676,0.407948995548992,0.646560026164159),(-0.436724333101916,
0.480037155935152,0.7608128454478),(-0.644622175849676,0.310950695767771,
0.698406697565515),(-0.436724333101916,0.365898407058319,0.821821277765958),
(-0.644622175849676,0.207516579049239,0.735798287455557),(-0.436724333101916,
0.244186576025595,0.865820289070188),(-0.644622175849676,0.0997874447205359,
0.757960893634345),(-0.436724333101916,0.117420760154635,0.89189922186388),
(-0.436724333101916,0.117420760154635,-0.89189922186388),(-0.201980205951614,
0.26584595470023,-0.942618652888466),(-0.201980205951614,0.398353639790241,
-0.894716923987475),(-0.201980205951614,0.522616509425921,-0.828297036382003),
(-0.201980205951614,0.636062666866195,-0.744733697520669),(-0.201980205951614,
0.736344091310774,-0.645756436743338),(-0.201980205951614,0.821385235418161,
-0.533413808820878),(-0.201980205951614,0.889425983378793,-0.410030994553351),
(-0.201980205951614,0.939058080430383,-0.278161675976666),(-0.201980205951614,
0.969254279825499,-0.140535182227432),(-0.201980205951614,0.979389603990028,
0.),(-0.201980205951614,0.969254279825499,0.140535182227432),(-0.201980205951614,
0.939058080430383,0.278161675976666),(-0.201980205951614,0.889425983378793,
0.410030994553351),(-0.201980205951614,0.821385235418161,0.533413808820878),
(-0.201980205951614,0.736344091310774,0.645756436743339),(-0.201980205951614,
0.636062666866195,0.744733697520669),(-0.201980205951614,0.522616509425921,
0.828297036382003),(-0.201980205951614,0.398353639790241,0.894716923987476),
(-0.201980205951614,0.26584595470023,0.942618652888466),(-0.201980205951614,
0.127835995708722,0.971010790158845),(-0.201980205951614,0.127835995708722,
-0.971010790158844)),$,(20,18,16,14,12,10,8,6,4,2,1,3,5,7,9,11,13,15,17,
19,46,21,69,92,114,113,111,109,107,105,103,101,99,97,95,93,94,96,98,100,
102,104,106,108,110,112,91,68,45,22,115,23,90,88,65,86,63,84,61,82,59,80,
57,78,55,76,53,74,50,72,49,70,47,71,48,73,51,75,52,77,54,79,56,81,58,83,
60,85,62,87,64,89,67,66,42,40,38,36,34,32,30,28,26,24,25,27,29,31,33,35,
37,39,41,44,43),((53,54,55),(54,56,57),(56,58,59),(58,60,61),(60,62,63),
(62,64,65),(64,66,67),(66,68,69),(68,70,71),(70,72,73),(72,74,75),(74,76,
77),(76,78,79),(78,80,81),(80,82,83),(82,84,85),(84,86,87),(86,88,89),(88,
90,91),(90,92,93),(94,55,95),(55,57,96),(57,59,97),(59,61,98),(61,63,99),
(63,65,100),(65,67,101),(67,69,102),(69,71,103),(71,73,104),(73,75,105),
(75,77,106),(77,79,107),(79,81,108),(81,83,109),(83,85,110),(85,87,111),
(87,89,112),(89,91,113),(91,93,114),(113,114,1),(112,113,2),(111,112,3),
(110,111,4),(109,110,5),(108,109,6),(107,108,7),(106,107,8),(105,106,9),
(104,105,10),(103,104,11),(102,103,12),(101,102,13),(100,101,14),(99,100,
15),(98,99,16),(97,98,17),(96,97,18),(95,96,19),(115,95,20),(21,115,22),
(23,94,115),(24,53,94),(25,26,53),(26,27,54),(27,28,56),(28,29,58),(29,
30,60),(30,31,62),(31,32,64),(32,33,66),(33,34,68),(34,35,70),(35,36,72),
(36,37,74),(37,38,76),(38,39,78),(39,40,80),(40,41,82),(41,42,84),(42,43,
86),(43,44,88),(44,45,90),(45,46,92),(47,92,46),(92,47,48),(93,48,49),(114,
49,50),(50,1,114),(49,114,93),(48,93,92),(46,51,47),(92,90,45),(90,88,44),
(88,86,43),(86,84,42),(84,82,41),(82,80,40),(80,78,39),(78,76,38),(76,74,
37),(74,72,36),(72,70,35),(70,68,34),(68,66,33),(66,64,32),(64,62,31),(62,
60,30),(60,58,29),(58,56,28),(56,54,27),(54,53,26),(53,24,25),(94,23,24),
(115,21,23),(22,52,21),(20,22,115),(19,20,95),(18,19,96),(17,18,97),(16,
17,98),(15,16,99),(14,15,100),(13,14,101),(12,13,102),(11,12,103),(10,11,
104),(9,10,105),(8,9,106),(7,8,107),(6,7,108),(5,6,109),(4,5,110),(3,4,
111),(2,3,112),(1,2,113),(114,113,91),(113,112,89),(112,111,87),(111,110,
85),(110,109,83),(109,108,81),(108,107,79),(107,106,77),(106,105,75),(105,
104,73),(104,103,71),(103,102,69),(102,101,67),(101,100,65),(100,99,63),
(99,98,61),(98,97,59),(97,96,57),(96,95,55),(95,115,94),(93,91,90),(91,
89,88),(89,87,86),(87,85,84),(85,83,82),(83,81,80),(81,79,78),(79,77,76),
(77,75,74),(75,73,72),(73,71,70),(71,69,68),(69,67,66),(67,65,64),(65,63,
62),(63,61,60),(61,59,58),(59,57,56),(57,55,54),(55,94,53)),());
#391=COMPLEX_TRIANGULATED_FACE($,#423,184,((0.,0.130526192220051,-0.99144486137381),
(0.,0.271440449865073,-0.962455236453648),(0.,0.4067366430758,-0.913545457642601),
(0.,0.533614515915609,-0.845727821703975),(0.,0.649448048330183,-0.760405965600032),
(0.,0.751839807478978,-0.659345815100068),(0.,0.838670567945423,-0.544639035015028),
(0.,0.908143173825082,-0.418659737537428),(0.,0.958819734868193,-0.284015344703924),
(0.,0.98965138681967,-0.14349262199118),(0.,1.,0.),(0.,0.98965138681967,
0.143492621991178),(0.,0.958819734868193,0.284015344703921),(0.,0.908143173825082,
0.418659737537428),(0.,0.838670567945425,0.544639035015026),(0.,0.751839807478978,
0.659345815100068),(0.,0.649448048330186,0.760405965600029),(0.,0.533614515915614,
0.845727821703972),(0.,0.406736643075802,0.9135454576426),(0.,0.271440449865076,
0.962455236453647),(0.,0.130526192220054,0.99144486137381),(0.,0.,1.),(0.167506220364729,
0.,0.985871019017763),(0.403317147669667,0.,0.915060259434101),(0.614678603464303,
0.,0.788777671110925),(0.788777654002373,0.,0.614678625418612),(0.915060248208441,
0.,0.403317173138841),(0.985871014355507,0.,0.167506247804802),(1.,0.,0.),
(1.,0.,0.),(1.,0.,0.),(1.,0.,0.),(1.,0.,0.),(1.,0.,0.),(1.,0.,0.),(1.,0.,
0.),(1.,0.,0.),(1.,0.,0.),(1.,0.,0.),(1.,0.,0.),(1.,0.,0.),(1.,0.,0.),(1.,
0.,0.),(1.,0.,0.),(1.,0.,0.),(1.,0.,0.),(1.,0.,0.),(1.,0.,0.),(1.,0.,0.),
(0.985871014355507,0.,-0.167506247804802),(1.,0.,0.),(0.915060248208441,
0.,-0.403317173138841),(0.788777654002373,0.,-0.614678625418612),(0.614678603464303,
0.,-0.788777671110925),(0.403317147669667,0.,-0.915060259434101),(0.167506220364729,
0.,-0.985871019017763),(0.,0.,-1.),(1.,0.,0.),(0.16750622036473,0.128681990132491,
-0.977436755782523),(0.16750622036473,0.267605272911121,-0.948856724721539),
(0.403317147669667,0.248384368474444,-0.880704538362983),(0.16750622036473,
0.400989868781003,-0.900637991245159),(0.403317147669667,0.372188538134297,
-0.835949143475283),(0.16750622036473,0.526075086568394,-0.833778549394969),
(0.403317147669667,0.488289437371542,-0.773891919939075),(0.16750622036473,
0.640272009206375,-0.749662204173288),(0.403317147669667,0.594284099593988,
-0.695817280157202),(0.16750622036473,0.741217077137418,-0.650029930617802),
(0.403317147669667,0.687978729284597,-0.603341152622258),(0.16750622036473,
0.826821007440561,-0.536943840447116),(0.403317147669667,0.767434107483884,
-0.498377536678789),(0.16750622036473,0.895312036192958,-0.412744502067733),
(0.403317147669667,0.831005728243687,-0.383098888045612),(0.16750622036473,
0.945272589068847,-0.280002497299937),(0.403317147669667,0.877377835339024,
-0.259891155008037),(0.16750622036473,0.975668621196251,-0.141465217463975),
(0.403317147669667,0.905590654772525,-0.131304395906128),(0.16750622036473,
0.985871019017763,0.),(0.403317147669667,0.915060259434101,0.),(0.16750622036473,
0.975668621196251,0.141465217463975),(0.403317147669667,0.905590654772525,
0.131304395906128),(0.16750622036473,0.945272589068847,0.280002497299937),
(0.403317147669667,0.877377835339024,0.259891155008037),(0.16750622036473,
0.895312036192958,0.412744502067733),(0.403317147669667,0.831005728243687,
0.383098888045612),(0.16750622036473,0.826821007440561,0.536943840447116),
(0.403317147669667,0.767434107483885,0.498377536678789),(0.16750622036473,
0.741217077137418,0.650029930617803),(0.403317147669667,0.687978729284598,
0.603341152622258),(0.16750622036473,0.640272009206376,0.749662204173289),
(0.403317147669667,0.594284099593988,0.695817280157203),(0.16750622036473,
0.526075086568394,0.833778549394969),(0.403317147669667,0.488289437371542,
0.773891919939075),(0.16750622036473,0.400989868781003,0.90063799124516),
(0.403317147669667,0.372188538134297,0.835949143475283),(0.16750622036473,
0.267605272911121,0.948856724721539),(0.403317147669667,0.248384368474444,
0.880704538362984),(0.16750622036473,0.128681990132491,0.977436755782523),
(0.403317147669667,0.119439331315826,0.907231792063325),(0.403317147669667,
0.119439331315826,-0.907231792063325),(0.614678603464304,0.214106165889875,
-0.759163199958422),(0.614678603464304,0.320824782080805,-0.720584258533294),
(0.614678603464304,0.420903215134899,-0.667091221597375),(0.614678603464304,
0.512270119069417,-0.599791246644846),(0.614678603464304,0.593034452391753,
-0.520077256491366),(0.614678603464304,0.661524617413268,-0.429599109635254),
(0.614678603464304,0.716323057685031,-0.330229452762683),(0.614678603464304,
0.756295597484527,-0.224024962155326),(0.614678603464304,0.780614916107316,
-0.113183776195803),(0.614678603464304,0.788777671110924,0.),(0.614678603464304,
0.780614916107316,0.113183776195803),(0.614678603464304,0.756295597484527,
0.224024962155326),(0.614678603464304,0.716323057685031,0.330229452762683),
(0.614678603464304,0.661524617413268,0.429599109635254),(0.614678603464304,
0.593034452391753,0.520077256491366),(0.614678603464304,0.512270119069417,
0.599791246644846),(0.614678603464304,0.420903215134899,0.667091221597375),
(0.614678603464304,0.320824782080805,0.720584258533294),(0.614678603464304,
0.214106165889875,0.759163199958422),(0.614678603464304,0.102956145918309,
0.782029568789327),(0.614678603464304,0.102956145918309,-0.782029568789327),
(0.788777654002371,0.166848642606074,-0.591600661770274),(0.788777654002371,
0.250012320673214,-0.561536866161171),(0.788777654002371,0.328001437146427,
-0.519850814923276),(0.788777654002371,0.399201833628398,-0.46740529369514),
(0.788777654002371,0.462139859396172,-0.405285779301225),(0.788777654002371,
0.515512871883741,-0.334777973392357),(0.788777654002371,0.558216197770097,
-0.257341191987624),(0.788777654002371,0.58936599665302,-0.174578161680401),
(0.788777654002371,0.608317554093939,-0.0882018476432507),(0.788777654002371,
0.614678625418613,0.),(0.788777654002371,0.608317554093939,0.0882018476432507),
(0.788777654002371,0.58936599665302,0.174578161680401),(0.788777654002371,
0.558216197770097,0.257341191987624),(0.788777654002371,0.515512871883741,
0.334777973392357),(0.788777654002371,0.462139859396172,0.405285779301225),
(0.788777654002371,0.399201833628398,0.46740529369514),(0.788777654002371,
0.328001437146427,0.519850814923276),(0.788777654002371,0.250012320673214,
0.561536866161172),(0.788777654002371,0.166848642606074,0.591600661770274),
(0.788777654002371,0.0802316604149469,0.609419964567601),(0.788777654002371,
0.0802316604149469,-0.609419964567601),(0.91506024820844,0.109476594915117,
-0.388174725239162),(0.91506024820844,0.164043873097314,-0.368448571510244),
(0.91506024820844,0.215215898104936,-0.341096554294518),(0.91506024820844,
0.261933550953068,-0.306684784483717),(0.91506024820844,0.303229905805673,
-0.265925490267086),(0.91506024820844,0.338250242658496,-0.219662275983328),
(0.91506024820844,0.366269737672469,-0.168852661850645),(0.91506024820844,
0.386708465016774,-0.11454826595404),(0.91506024820844,0.399143399725045,
-0.057873038667763),(0.91506024820844,0.403317173138843,0.),(0.91506024820844,
0.399143399725045,0.057873038667763),(0.91506024820844,0.386708465016774,
0.11454826595404),(0.91506024820844,0.366269737672469,0.168852661850645),
(0.91506024820844,0.338250242658496,0.219662275983328),(0.91506024820844,
0.303229905805673,0.265925490267086),(0.91506024820844,0.261933550953068,
0.306684784483717),(0.91506024820844,0.215215898104937,0.341096554294518),
(0.91506024820844,0.164043873097314,0.368448571510244),(0.91506024820844,
0.109476594915118,0.388174725239162),(0.91506024820844,0.0526434548667684,
0.399866738812317),(0.91506024820844,0.0526434548667684,-0.399866738812317),
(0.985871014355507,0.0454679712593462,-0.161217265338435),(0.985871014355507,
0.0681309289263485,-0.153024571808833),(0.985871014355507,0.0893837653352002,
-0.141664694077762),(0.985871014355507,0.108786605719941,-0.127372750106049),
(0.985871014355507,0.125937865101089,-0.110444543493212),(0.985871014355507,
0.140482559980861,-0.0912304411633957),(0.985871014355507,0.152119655516984,
-0.0701281217418381),(0.985871014355507,0.160608296108967,-0.0475743447103417),
(0.985871014355507,0.165772790440982,-0.0240359106974154),(0.985871014355507,
0.167506247804803,0.),(0.985871014355507,0.165772790440982,0.0240359106974154),
(0.985871014355507,0.160608296108967,0.0475743447103417),(0.985871014355507,
0.152119655516984,0.0701281217418381),(0.985871014355507,0.140482559980861,
0.0912304411633957),(0.985871014355507,0.125937865101089,0.110444543493212),
(0.985871014355507,0.108786605719941,0.127372750106049),(0.985871014355507,
0.0893837653352002,0.141664694077762),(0.985871014355507,0.0681309289263486,
0.153024571808833),(0.985871014355507,0.0454679712593462,0.161217265338435),
(0.985871014355507,0.0218639526990292,0.16607320863408),(0.985871014355507,
0.0218639526990292,-0.16607320863408)),$,(182,180,178,176,174,172,170,168,
166,164,162,163,165,167,169,171,173,175,177,179,181,183,160,137,114,91,
68,45,22,20,18,16,14,12,10,8,6,4,2,1,3,5,7,9,11,13,15,17,19,46,21,69,92,
115,138,161,184,23,158,157,134,155,132,153,130,151,128,149,126,147,124,
145,122,143,120,141,117,139,116,140,118,142,119,144,121,146,123,148,125,
150,127,152,129,154,131,156,133,159,136,135,111,109,107,105,103,101,99,
97,95,93,94,96,98,100,102,104,106,108,110,112,113,88,86,84,82,80,78,76,
74,72,70,71,73,75,77,79,81,83,85,87,90,89,65,63,61,59,57,55,53,51,49,47,
48,50,52,54,56,58,60,62,64,67,66,42,40,38,36,34,32,30,28,25,24,26,27,29,
31,33,35,37,39,41,44,43),((59,60,61),(60,62,63),(62,64,65),(64,66,67),(66,
68,69),(68,70,71),(70,72,73),(72,74,75),(74,76,77),(76,78,79),(78,80,81),
(80,82,83),(82,84,85),(84,86,87),(86,88,89),(88,90,91),(90,92,93),(92,94,
95),(94,96,97),(96,98,99),(100,61,101),(61,63,102),(63,65,103),(65,67,104),
(67,69,105),(69,71,106),(71,73,107),(73,75,108),(75,77,109),(77,79,110),
(79,81,111),(81,83,112),(83,85,113),(85,87,114),(87,89,115),(89,91,116),
(91,93,117),(93,95,118),(95,97,119),(97,99,120),(121,101,122),(101,102,
123),(102,103,124),(103,104,125),(104,105,126),(105,106,127),(106,107,128),
(107,108,129),(108,109,130),(109,110,131),(110,111,132),(111,112,133),(112,
113,134),(113,114,135),(114,115,136),(115,116,137),(116,117,138),(117,118,
139),(118,119,140),(119,120,141),(142,122,143),(122,123,144),(123,124,145),
(124,125,146),(125,126,147),(126,127,148),(127,128,149),(128,129,150),(129,
130,151),(130,131,152),(131,132,153),(132,133,154),(133,134,155),(134,135,
156),(135,136,157),(136,137,158),(137,138,159),(138,139,160),(139,140,161),
(140,141,162),(163,143,164),(143,144,165),(144,145,166),(145,146,167),(146,
147,168),(147,148,169),(148,149,170),(149,150,171),(150,151,172),(151,152,
173),(152,153,174),(153,154,175),(154,155,176),(155,156,177),(156,157,178),
(157,158,179),(158,159,180),(159,160,181),(160,161,182),(161,162,183),(1,
2,60),(2,3,62),(3,4,64),(4,5,66),(5,6,68),(6,7,70),(7,8,72),(8,9,74),(9,
10,76),(10,11,78),(11,12,80),(12,13,82),(13,14,84),(14,15,86),(15,16,88),
(16,17,90),(17,18,92),(18,19,94),(19,20,96),(20,21,98),(21,22,23),(98,23,
24),(99,24,25),(120,25,26),(141,26,27),(162,27,28),(183,28,29),(182,183,
30),(181,182,31),(180,181,32),(179,180,33),(178,179,34),(177,178,35),(176,
177,36),(175,176,37),(174,175,38),(173,174,39),(172,173,40),(171,172,41),
(170,171,42),(169,170,43),(168,169,44),(167,168,45),(166,167,46),(165,166,
47),(164,165,48),(184,164,49),(50,184,51),(52,163,184),(53,142,163),(54,
121,142),(55,100,121),(56,59,100),(57,1,59),(59,56,57),(100,55,56),(121,
54,55),(142,53,54),(163,52,53),(184,50,52),(51,58,50),(49,51,184),(48,49,
164),(47,48,165),(46,47,166),(45,46,167),(44,45,168),(43,44,169),(42,43,
170),(41,42,171),(40,41,172),(39,40,173),(38,39,174),(37,38,175),(36,37,
176),(35,36,177),(34,35,178),(33,34,179),(32,33,180),(31,32,181),(30,31,
182),(29,30,183),(28,183,162),(27,162,141),(26,141,120),(25,120,99),(24,
99,98),(23,98,21),(98,96,20),(96,94,19),(94,92,18),(92,90,17),(90,88,16),
(88,86,15),(86,84,14),(84,82,13),(82,80,12),(80,78,11),(78,76,10),(76,74,
9),(74,72,8),(72,70,7),(70,68,6),(68,66,5),(66,64,4),(64,62,3),(62,60,2),
(60,59,1),(183,182,161),(182,181,160),(181,180,159),(180,179,158),(179,
178,157),(178,177,156),(177,176,155),(176,175,154),(175,174,153),(174,173,
152),(173,172,151),(172,171,150),(171,170,149),(170,169,148),(169,168,147),
(168,167,146),(167,166,145),(166,165,144),(165,164,143),(164,184,163),(162,
161,140),(161,160,139),(160,159,138),(159,158,137),(158,157,136),(157,156,
135),(156,155,134),(155,154,133),(154,153,132),(153,152,131),(152,151,130),
(151,150,129),(150,149,128),(149,148,127),(148,147,126),(147,146,125),(146,
145,124),(145,144,123),(144,143,122),(143,163,142),(141,140,119),(140,139,
118),(139,138,117),(138,137,116),(137,136,115),(136,135,114),(135,134,113),
(134,133,112),(133,132,111),(132,131,110),(131,130,109),(130,129,108),(129,
128,107),(128,127,106),(127,126,105),(126,125,104),(125,124,103),(124,123,
102),(123,122,101),(122,142,121),(120,119,97),(119,118,95),(118,117,93),
(117,116,91),(116,115,89),(115,114,87),(114,113,85),(113,112,83),(112,111,
81),(111,110,79),(110,109,77),(109,108,75),(108,107,73),(107,106,71),(106,
105,69),(105,104,67),(104,103,65),(103,102,63),(102,101,61),(101,121,100),
(99,97,96),(97,95,94),(95,93,92),(93,91,90),(91,89,88),(89,87,86),(87,85,
84),(85,83,82),(83,81,80),(81,79,78),(79,77,76),(77,75,74),(75,73,72),(73,
71,70),(71,69,68),(69,67,66),(67,65,64),(65,63,62),(63,61,60),(61,100,59)),
());
#392=COMPLEX_TRIANGULATED_FACE($,#424,184,((0.,-0.130526192220053,-0.99144486137381),
(0.,-0.271440449865074,-0.962455236453647),(0.,-0.4067366430758,-0.913545457642601),
(0.,-0.533614515915611,-0.845727821703973),(0.,-0.649448048330184,-0.76040596560003),
(0.,-0.751839807478978,-0.659345815100068),(0.,-0.838670567945423,-0.544639035015028),
(0.,-0.908143173825082,-0.418659737537428),(0.,-0.958819734868193,-0.284015344703921),
(0.,-0.98965138681967,-0.143492621991179),(0.,-1.,0.),(0.,-0.98965138681967,
0.14349262199118),(0.,-0.958819734868193,0.284015344703923),(0.,-0.908143173825081,
0.41865973753743),(0.,-0.838670567945425,0.544639035015026),(0.,-0.751839807478978,
0.659345815100068),(0.,-0.649448048330184,0.76040596560003),(0.,-0.533614515915611,
0.845727821703973),(0.,-0.4067366430758,0.913545457642601),(0.,-0.271440449865074,
0.962455236453647),(-0.167506220364729,0.,0.985871019017763),(0.,-0.130526192220051,
0.99144486137381),(-0.403317147669665,0.,0.915060259434102),(-0.614678603464303,
0.,0.788777671110925),(-0.788777654002365,0.,0.614678625418622),(-0.915060248208439,
0.,0.403317173138847),(-0.985871014355505,0.,0.167506247804813),(-1.,0.,
0.),(-1.,0.,0.),(-1.,0.,0.),(-1.,0.,0.),(-1.,0.,0.),(-1.,0.,0.),(-1.,0.,
0.),(-1.,0.,0.),(-1.,0.,0.),(-1.,0.,0.),(-1.,0.,0.),(-1.,0.,0.),(-1.,0.,
0.),(-1.,0.,0.),(-1.,0.,0.),(-1.,0.,0.),(-1.,0.,0.),(-1.,0.,0.),(-1.,0.,
0.),(-1.,0.,0.),(-1.,0.,0.),(-1.,0.,0.),(-0.985871014355505,0.,-0.167506247804813),
(-0.915060248208439,0.,-0.403317173138847),(-0.788777654002365,0.,-0.614678625418622),
(-0.614678603464303,0.,-0.788777671110925),(-0.403317147669665,0.,-0.915060259434102),
(-0.167506220364729,0.,-0.985871019017763),(0.,0.,-1.),(-1.,0.,0.),(0.,
0.,1.),(-0.985871014355505,-0.0218639526990307,0.16607320863409),(-0.985871014355505,
-0.0454679712593492,0.161217265338445),(-0.915060248208438,-0.109476594915119,
0.388174725239166),(-0.985871014355505,-0.0681309289263529,0.153024571808843),
(-0.915060248208438,-0.164043873097316,0.368448571510249),(-0.985871014355505,
-0.089383765335206,0.141664694077771),(-0.915060248208438,-0.215215898104939,
0.341096554294522),(-0.985871014355505,-0.108786605719948,0.127372750106057),
(-0.915060248208438,-0.261933550953072,0.30668478448372),(-0.985871014355505,
-0.125937865101097,0.110444543493219),(-0.915060248208438,-0.303229905805677,
0.265925490267089),(-0.985871014355505,-0.14048255998087,0.0912304411634016),
(-0.915060248208438,-0.338250242658501,0.219662275983331),(-0.985871014355505,
-0.152119655516994,0.0701281217418426),(-0.915060248208438,-0.366269737672473,
0.168852661850647),(-0.985871014355505,-0.160608296108977,0.0475743447103447),
(-0.915060248208438,-0.386708465016779,0.114548265954041),(-0.985871014355505,
-0.165772790440993,0.0240359106974169),(-0.915060248208438,-0.39914339972505,
0.0578730386677637),(-0.985871014355505,-0.167506247804813,0.),(-0.915060248208438,
-0.403317173138848,0.),(-0.985871014355505,-0.165772790440993,-0.0240359106974169),
(-0.915060248208438,-0.39914339972505,-0.0578730386677638),(-0.985871014355505,
-0.160608296108977,-0.0475743447103448),(-0.915060248208438,-0.386708465016779,
-0.114548265954042),(-0.985871014355505,-0.152119655516994,-0.0701281217418426),
(-0.915060248208438,-0.366269737672473,-0.168852661850648),(-0.985871014355505,
-0.14048255998087,-0.0912304411634016),(-0.915060248208438,-0.338250242658501,
-0.219662275983331),(-0.985871014355505,-0.125937865101097,-0.110444543493219),
(-0.915060248208438,-0.303229905805677,-0.265925490267089),(-0.985871014355505,
-0.108786605719948,-0.127372750106057),(-0.915060248208438,-0.261933550953072,
-0.306684784483721),(-0.985871014355505,-0.089383765335206,-0.141664694077771),
(-0.915060248208438,-0.215215898104939,-0.341096554294522),(-0.985871014355505,
-0.0681309289263529,-0.153024571808843),(-0.915060248208438,-0.164043873097316,
-0.368448571510249),(-0.985871014355505,-0.0454679712593491,-0.161217265338445),
(-0.915060248208438,-0.109476594915119,-0.388174725239167),(-0.985871014355505,
-0.0218639526990306,-0.16607320863409),(-0.915060248208438,-0.052643454866769,
-0.399866738812322),(-0.915060248208438,-0.0526434548667691,0.399866738812322),
(-0.788777654002365,-0.166848642606076,0.591600661770282),(-0.788777654002365,
-0.250012320673217,0.561536866161179),(-0.788777654002365,-0.328001437146431,
0.519850814923283),(-0.788777654002365,-0.399201833628404,0.467405293695147),
(-0.788777654002365,-0.462139859396179,0.405285779301231),(-0.788777654002365,
-0.515512871883748,0.334777973392361),(-0.788777654002365,-0.558216197770105,
0.257341191987627),(-0.788777654002365,-0.589365996653028,0.174578161680403),
(-0.788777654002365,-0.608317554093947,0.0882018476432519),(-0.788777654002365,
-0.614678625418622,0.),(-0.788777654002365,-0.608317554093947,-0.0882018476432521),
(-0.788777654002365,-0.589365996653028,-0.174578161680403),(-0.788777654002365,
-0.558216197770105,-0.257341191987627),(-0.788777654002365,-0.515512871883748,
-0.334777973392362),(-0.788777654002365,-0.462139859396179,-0.405285779301231),
(-0.788777654002365,-0.399201833628404,-0.467405293695147),(-0.788777654002365,
-0.328001437146431,-0.519850814923284),(-0.788777654002365,-0.250012320673217,
-0.56153686616118),(-0.788777654002365,-0.166848642606076,-0.591600661770282),
(-0.788777654002365,-0.0802316604149479,-0.60941996456761),(-0.788777654002365,
-0.0802316604149481,0.609419964567609),(-0.614678603464301,-0.214106165889876,
0.759163199958424),(-0.614678603464301,-0.320824782080806,0.720584258533296),
(-0.614678603464301,-0.420903215134901,0.667091221597377),(-0.614678603464301,
-0.512270119069419,0.599791246644848),(-0.614678603464301,-0.593034452391755,
0.520077256491368),(-0.614678603464301,-0.66152461741327,0.429599109635255),
(-0.614678603464301,-0.716323057685033,0.330229452762684),(-0.614678603464301,
-0.75629559748453,0.224024962155327),(-0.614678603464301,-0.780614916107318,
0.113183776195803),(-0.614678603464301,-0.788777671110927,0.),(-0.614678603464301,
-0.780614916107318,-0.113183776195803),(-0.614678603464301,-0.75629559748453,
-0.224024962155327),(-0.614678603464301,-0.716323057685033,-0.330229452762685),
(-0.614678603464301,-0.66152461741327,-0.429599109635256),(-0.614678603464301,
-0.593034452391755,-0.520077256491368),(-0.614678603464301,-0.512270119069419,
-0.599791246644848),(-0.614678603464301,-0.420903215134901,-0.667091221597377),
(-0.614678603464301,-0.320824782080806,-0.720584258533297),(-0.614678603464301,
-0.214106165889875,-0.759163199958425),(-0.614678603464301,-0.102956145918309,
-0.78202956878933),(-0.614678603464301,-0.102956145918309,0.78202956878933),
(-0.403317147669665,-0.248384368474444,0.880704538362985),(-0.403317147669665,
-0.372188538134298,0.835949143475284),(-0.403317147669665,-0.488289437371542,
0.773891919939076),(-0.403317147669665,-0.594284099593989,0.695817280157203),
(-0.403317147669665,-0.687978729284599,0.603341152622259),(-0.403317147669665,
-0.767434107483886,0.49837753667879),(-0.403317147669665,-0.831005728243688,
0.383098888045612),(-0.403317147669665,-0.877377835339026,0.259891155008037),
(-0.403317147669665,-0.905590654772527,0.131304395906128),(-0.403317147669665,
-0.915060259434102,0.),(-0.403317147669665,-0.905590654772527,-0.131304395906128),
(-0.403317147669665,-0.877377835339026,-0.259891155008038),(-0.403317147669665,
-0.831005728243688,-0.383098888045612),(-0.403317147669665,-0.767434107483886,
-0.49837753667879),(-0.403317147669665,-0.687978729284599,-0.603341152622259),
(-0.403317147669665,-0.594284099593989,-0.695817280157204),(-0.403317147669665,
-0.488289437371542,-0.773891919939076),(-0.403317147669665,-0.372188538134298,
-0.835949143475284),(-0.403317147669665,-0.248384368474444,-0.880704538362985),
(-0.403317147669665,-0.119439331315826,-0.907231792063327),(-0.403317147669665,
-0.119439331315826,0.907231792063326),(-0.16750622036473,-0.267605272911121,
0.948856724721539),(-0.16750622036473,-0.400989868781003,0.90063799124516),
(-0.16750622036473,-0.526075086568394,0.833778549394969),(-0.16750622036473,
-0.640272009206376,0.749662204173289),(-0.16750622036473,-0.741217077137418,
0.650029930617802),(-0.16750622036473,-0.826821007440561,0.536943840447116),
(-0.16750622036473,-0.895312036192959,0.412744502067733),(-0.16750622036473,
-0.945272589068847,0.280002497299937),(-0.16750622036473,-0.975668621196251,
0.141465217463975),(-0.16750622036473,-0.985871019017763,0.),(-0.16750622036473,
-0.975668621196251,-0.141465217463975),(-0.16750622036473,-0.945272589068847,
-0.280002497299938),(-0.16750622036473,-0.895312036192959,-0.412744502067734),
(-0.16750622036473,-0.826821007440561,-0.536943840447116),(-0.16750622036473,
-0.741217077137418,-0.650029930617803),(-0.16750622036473,-0.640272009206376,
-0.749662204173289),(-0.16750622036473,-0.526075086568394,-0.83377854939497),
(-0.16750622036473,-0.400989868781003,-0.90063799124516),(-0.16750622036473,
-0.267605272911121,-0.94885672472154),(-0.16750622036473,-0.12868199013249,
-0.977436755782524),(-0.16750622036473,-0.128681990132491,0.977436755782523)),
$,(4,6,8,10,12,14,16,18,20,22,23,21,19,17,15,13,11,9,7,5,24,3,47,70,93,
116,139,162,163,165,167,169,171,173,175,177,179,181,183,182,180,178,176,
174,172,170,168,166,164,140,117,94,71,48,25,2,184,1,142,144,121,146,123,
148,125,150,127,151,129,153,130,156,132,157,134,160,136,161,138,159,137,
158,135,155,133,154,131,152,128,149,126,147,124,145,122,143,120,141,118,
119,98,100,102,104,106,107,110,112,113,115,114,111,109,108,105,103,101,
99,97,95,96,75,77,79,81,83,85,86,88,90,92,91,89,87,84,82,80,78,76,74,72,
73,52,54,56,58,59,61,63,65,68,69,67,66,64,62,60,57,55,53,51,49,50,29,31,
33,34,37,38,40,43,44,46,45,42,41,39,36,35,32,30,28,26,27),((59,60,61),(60,
62,63),(62,64,65),(64,66,67),(66,68,69),(68,70,71),(70,72,73),(72,74,75),
(74,76,77),(76,78,79),(78,80,81),(80,82,83),(82,84,85),(84,86,87),(86,88,
89),(88,90,91),(90,92,93),(92,94,95),(94,96,97),(96,98,99),(100,61,101),
(61,63,102),(63,65,103),(65,67,104),(67,69,105),(69,71,106),(71,73,107),
(73,75,108),(75,77,109),(77,79,110),(79,81,111),(81,83,112),(83,85,113),
(85,87,114),(87,89,115),(89,91,116),(91,93,117),(93,95,118),(95,97,119),
(97,99,120),(121,101,122),(101,102,123),(102,103,124),(103,104,125),(104,
105,126),(105,106,127),(106,107,128),(107,108,129),(108,109,130),(109,110,
131),(110,111,132),(111,112,133),(112,113,134),(113,114,135),(114,115,136),
(115,116,137),(116,117,138),(117,118,139),(118,119,140),(119,120,141),(142,
122,143),(122,123,144),(123,124,145),(124,125,146),(125,126,147),(126,127,
148),(127,128,149),(128,129,150),(129,130,151),(130,131,152),(131,132,153),
(132,133,154),(133,134,155),(134,135,156),(135,136,157),(136,137,158),(137,
138,159),(138,139,160),(139,140,161),(140,141,162),(163,143,164),(143,144,
165),(144,145,166),(145,146,167),(146,147,168),(147,148,169),(148,149,170),
(149,150,171),(150,151,172),(151,152,173),(152,153,174),(153,154,175),(154,
155,176),(155,156,177),(156,157,178),(157,158,179),(158,159,180),(159,160,
181),(160,161,182),(161,162,183),(182,183,1),(181,182,2),(180,181,3),(179,
180,4),(178,179,5),(177,178,6),(176,177,7),(175,176,8),(174,175,9),(173,
174,10),(172,173,11),(171,172,12),(170,171,13),(169,170,14),(168,169,15),
(167,168,16),(166,167,17),(165,166,18),(164,165,19),(184,164,20),(21,184,
22),(23,163,184),(24,142,163),(25,121,142),(26,100,121),(27,59,100),(28,
29,59),(29,30,60),(30,31,62),(31,32,64),(32,33,66),(33,34,68),(34,35,70),
(35,36,72),(36,37,74),(37,38,76),(38,39,78),(39,40,80),(40,41,82),(41,42,
84),(42,43,86),(43,44,88),(44,45,90),(45,46,92),(46,47,94),(47,48,96),(48,
49,98),(50,98,49),(98,50,51),(99,51,52),(120,52,53),(141,53,54),(162,54,
55),(183,55,56),(56,1,183),(55,183,162),(54,162,141),(53,141,120),(52,120,
99),(51,99,98),(49,57,50),(98,96,48),(96,94,47),(94,92,46),(92,90,45),(90,
88,44),(88,86,43),(86,84,42),(84,82,41),(82,80,40),(80,78,39),(78,76,38),
(76,74,37),(74,72,36),(72,70,35),(70,68,34),(68,66,33),(66,64,32),(64,62,
31),(62,60,30),(60,59,29),(59,27,28),(100,26,27),(121,25,26),(142,24,25),
(163,23,24),(184,21,23),(22,58,21),(20,22,184),(19,20,164),(18,19,165),
(17,18,166),(16,17,167),(15,16,168),(14,15,169),(13,14,170),(12,13,171),
(11,12,172),(10,11,173),(9,10,174),(8,9,175),(7,8,176),(6,7,177),(5,6,178),
(4,5,179),(3,4,180),(2,3,181),(1,2,182),(183,182,161),(182,181,160),(181,
180,159),(180,179,158),(179,178,157),(178,177,156),(177,176,155),(176,175,
154),(175,174,153),(174,173,152),(173,172,151),(172,171,150),(171,170,149),
(170,169,148),(169,168,147),(168,167,146),(167,166,145),(166,165,144),(165,
164,143),(164,184,163),(162,161,140),(161,160,139),(160,159,138),(159,158,
137),(158,157,136),(157,156,135),(156,155,134),(155,154,133),(154,153,132),
(153,152,131),(152,151,130),(151,150,129),(150,149,128),(149,148,127),(148,
147,126),(147,146,125),(146,145,124),(145,144,123),(144,143,122),(143,163,
142),(141,140,119),(140,139,118),(139,138,117),(138,137,116),(137,136,115),
(136,135,114),(135,134,113),(134,133,112),(133,132,111),(132,131,110),(131,
130,109),(130,129,108),(129,128,107),(128,127,106),(127,126,105),(126,125,
104),(125,124,103),(124,123,102),(123,122,101),(122,142,121),(120,119,97),
(119,118,95),(118,117,93),(117,116,91),(116,115,89),(115,114,87),(114,113,
85),(113,112,83),(112,111,81),(111,110,79),(110,109,77),(109,108,75),(108,
107,73),(107,106,71),(106,105,69),(105,104,67),(104,103,65),(103,102,63),
(102,101,61),(101,121,100),(99,97,96),(97,95,94),(95,93,92),(93,91,90),
(91,89,88),(89,87,86),(87,85,84),(85,83,82),(83,81,80),(81,79,78),(79,77,
76),(77,75,74),(75,73,72),(73,71,70),(71,69,68),(69,67,66),(67,65,64),(65,
63,62),(63,61,60),(61,100,59)),());
#393=COMPLEX_TRIANGULATED_FACE($,#425,184,((0.,0.130526192220054,0.99144486137381),
(0.,0.271440449865076,0.962455236453647),(0.,0.406736643075802,0.9135454576426),
(0.,0.533614515915612,0.845727821703973),(0.,0.649448048330185,0.76040596560003),
(0.,0.751839807478978,0.659345815100068),(0.,0.838670567945426,0.544639035015024),
(0.,0.908143173825082,0.418659737537428),(0.,0.958819734868193,0.284015344703921),
(0.,0.98965138681967,0.143492621991178),(0.,1.,0.),(0.,0.98965138681967,
-0.14349262199118),(0.,0.958819734868193,-0.284015344703924),(0.,0.908143173825081,
-0.41865973753743),(0.,0.838670567945423,-0.544639035015028),(0.,0.751839807478978,
-0.659345815100068),(0.,0.649448048330183,-0.760405965600032),(0.,0.533614515915609,
-0.845727821703975),(0.,0.4067366430758,-0.913545457642601),(0.,0.271440449865073,
-0.962455236453648),(-0.167506220364729,0.,-0.985871019017763),(0.,0.130526192220051,
-0.99144486137381),(-0.403317147669665,0.,-0.915060259434102),(-0.614678603464303,
0.,-0.788777671110925),(-0.788777654002369,0.,-0.614678625418617),(-0.915060248208439,
0.,-0.403317173138847),(-0.985871014355506,0.,-0.167506247804808),(-1.,
0.,0.),(-1.,0.,0.),(-1.,0.,0.),(-1.,0.,0.),(-1.,0.,0.),(-1.,0.,0.),(-1.,
0.,0.),(-1.,0.,0.),(-1.,0.,0.),(-1.,0.,0.),(-1.,0.,0.),(-1.,0.,0.),(-1.,
0.,0.),(-1.,0.,0.),(-1.,0.,0.),(-1.,0.,0.),(-1.,0.,0.),(-1.,0.,0.),(-1.,
0.,0.),(-1.,0.,0.),(-1.,0.,0.),(-1.,0.,0.),(-0.985871014355506,0.,0.167506247804808),
(-0.915060248208439,0.,0.403317173138847),(-0.788777654002369,0.,0.614678625418617),
(-0.614678603464303,0.,0.788777671110925),(-0.403317147669665,0.,0.915060259434102),
(-0.167506220364729,0.,0.985871019017763),(0.,0.,1.),(-1.,0.,0.),(0.,0.,
-1.),(-0.985871014355506,0.0218639526990299,-0.166073208634085),(-0.985871014355506,
0.0454679712593477,-0.16121726533844),(-0.915060248208438,0.109476594915119,
-0.388174725239166),(-0.985871014355506,0.0681309289263507,-0.153024571808838),
(-0.915060248208438,0.164043873097316,-0.368448571510249),(-0.985871014355506,
0.089383765335203,-0.141664694077766),(-0.915060248208438,0.215215898104939,
-0.341096554294522),(-0.985871014355506,0.108786605719945,-0.127372750106053),
(-0.915060248208438,0.261933550953071,-0.30668478448372),(-0.985871014355506,
0.125937865101093,-0.110444543493215),(-0.915060248208438,0.303229905805677,
-0.265925490267089),(-0.985871014355506,0.140482559980865,-0.0912304411633986),
(-0.915060248208438,0.3382502426585,-0.219662275983331),(-0.985871014355506,
0.152119655516989,-0.0701281217418403),(-0.915060248208438,0.366269737672473,
-0.168852661850647),(-0.985871014355506,0.160608296108972,-0.0475743447103432),
(-0.915060248208438,0.386708465016779,-0.114548265954041),(-0.985871014355506,
0.165772790440987,-0.0240359106974161),(-0.915060248208438,0.39914339972505,
-0.0578730386677637),(-0.985871014355506,0.167506247804808,0.),(-0.915060248208438,
0.403317173138848,0.),(-0.985871014355506,0.165772790440988,0.0240359106974161),
(-0.915060248208438,0.39914339972505,0.0578730386677637),(-0.985871014355506,
0.160608296108972,0.0475743447103432),(-0.915060248208438,0.386708465016779,
0.114548265954042),(-0.985871014355506,0.152119655516989,0.0701281217418403),
(-0.915060248208438,0.366269737672473,0.168852661850647),(-0.985871014355506,
0.140482559980865,0.0912304411633986),(-0.915060248208438,0.3382502426585,
0.219662275983331),(-0.985871014355506,0.125937865101093,0.110444543493215),
(-0.915060248208438,0.303229905805677,0.265925490267089),(-0.985871014355506,
0.108786605719945,0.127372750106053),(-0.915060248208438,0.261933550953071,
0.30668478448372),(-0.985871014355506,0.089383765335203,0.141664694077766),
(-0.915060248208438,0.215215898104939,0.341096554294522),(-0.985871014355506,
0.0681309289263507,0.153024571808838),(-0.915060248208438,0.164043873097316,
0.368448571510249),(-0.985871014355506,0.0454679712593477,0.16121726533844),
(-0.915060248208438,0.109476594915119,0.388174725239166),(-0.985871014355506,
0.0218639526990299,0.166073208634085),(-0.915060248208438,0.052643454866769,
0.399866738812322),(-0.915060248208438,0.052643454866769,-0.399866738812322),
(-0.788777654002367,0.166848642606075,-0.591600661770279),(-0.788777654002367,
0.250012320673216,-0.561536866161176),(-0.788777654002367,0.328001437146429,
-0.51985081492328),(-0.788777654002367,0.399201833628401,-0.467405293695144),
(-0.788777654002367,0.462139859396176,-0.405285779301228),(-0.788777654002367,
0.515512871883745,-0.334777973392359),(-0.788777654002367,0.558216197770102,
-0.257341191987626),(-0.788777654002367,0.589365996653024,-0.174578161680402),
(-0.788777654002367,0.608317554093944,-0.0882018476432514),(-0.788777654002367,
0.614678625418618,0.),(-0.788777654002367,0.608317554093944,0.0882018476432515),
(-0.788777654002367,0.589365996653024,0.174578161680402),(-0.788777654002367,
0.558216197770102,0.257341191987626),(-0.788777654002367,0.515512871883745,
0.334777973392359),(-0.788777654002367,0.462139859396176,0.405285779301229),
(-0.788777654002367,0.399201833628401,0.467405293695144),(-0.788777654002367,
0.328001437146429,0.51985081492328),(-0.788777654002367,0.250012320673216,
0.561536866161176),(-0.788777654002367,0.166848642606075,0.591600661770279),
(-0.788777654002367,0.0802316604149475,0.609419964567606),(-0.788777654002367,
0.0802316604149475,-0.609419964567606),(-0.614678603464301,0.214106165889875,
-0.759163199958424),(-0.614678603464301,0.320824782080806,-0.720584258533296),
(-0.614678603464301,0.4209032151349,-0.667091221597377),(-0.614678603464301,
0.512270119069418,-0.599791246644847),(-0.614678603464301,0.593034452391755,
-0.520077256491368),(-0.614678603464301,0.661524617413269,-0.429599109635255),
(-0.614678603464301,0.716323057685033,-0.330229452762684),(-0.614678603464301,
0.756295597484529,-0.224024962155327),(-0.614678603464301,0.780614916107318,
-0.113183776195803),(-0.614678603464301,0.788777671110926,0.),(-0.614678603464301,
0.780614916107318,0.113183776195803),(-0.614678603464301,0.756295597484529,
0.224024962155327),(-0.614678603464301,0.716323057685033,0.330229452762684),
(-0.614678603464301,0.66152461741327,0.429599109635255),(-0.614678603464301,
0.593034452391755,0.520077256491368),(-0.614678603464301,0.512270119069419,
0.599791246644848),(-0.614678603464301,0.4209032151349,0.667091221597377),
(-0.614678603464301,0.320824782080806,0.720584258533296),(-0.614678603464301,
0.214106165889875,0.759163199958424),(-0.614678603464301,0.102956145918309,
0.782029568789329),(-0.614678603464301,0.102956145918309,-0.782029568789329),
(-0.403317147669664,0.248384368474444,-0.880704538362984),(-0.403317147669664,
0.372188538134297,-0.835949143475284),(-0.403317147669664,0.488289437371542,
-0.773891919939076),(-0.403317147669664,0.594284099593989,-0.695817280157203),
(-0.403317147669664,0.687978729284598,-0.603341152622258),(-0.403317147669664,
0.767434107483885,-0.49837753667879),(-0.403317147669664,0.831005728243688,
-0.383098888045612),(-0.403317147669664,0.877377835339025,-0.259891155008037),
(-0.403317147669664,0.905590654772526,-0.131304395906128),(-0.403317147669664,
0.915060259434102,0.),(-0.403317147669664,0.905590654772526,0.131304395906128),
(-0.403317147669664,0.877377835339026,0.259891155008037),(-0.403317147669664,
0.831005728243688,0.383098888045612),(-0.403317147669664,0.767434107483885,
0.49837753667879),(-0.403317147669664,0.687978729284598,0.603341152622259),
(-0.403317147669664,0.594284099593989,0.695817280157203),(-0.403317147669664,
0.488289437371542,0.773891919939076),(-0.403317147669664,0.372188538134297,
0.835949143475284),(-0.403317147669664,0.248384368474444,0.880704538362985),
(-0.403317147669664,0.119439331315826,0.907231792063326),(-0.403317147669664,
0.119439331315826,-0.907231792063326),(-0.16750622036473,0.267605272911121,
-0.948856724721539),(-0.16750622036473,0.400989868781003,-0.90063799124516),
(-0.16750622036473,0.526075086568394,-0.833778549394969),(-0.16750622036473,
0.640272009206376,-0.749662204173289),(-0.16750622036473,0.741217077137418,
-0.650029930617802),(-0.16750622036473,0.826821007440561,-0.536943840447116),
(-0.16750622036473,0.895312036192958,-0.412744502067733),(-0.16750622036473,
0.945272589068847,-0.280002497299937),(-0.16750622036473,0.975668621196251,
-0.141465217463975),(-0.16750622036473,0.985871019017763,0.),(-0.16750622036473,
0.975668621196251,0.141465217463975),(-0.16750622036473,0.945272589068847,
0.280002497299938),(-0.16750622036473,0.895312036192959,0.412744502067734),
(-0.16750622036473,0.826821007440561,0.536943840447116),(-0.16750622036473,
0.741217077137418,0.650029930617803),(-0.16750622036473,0.640272009206376,
0.749662204173289),(-0.16750622036473,0.526075086568394,0.833778549394969),
(-0.16750622036473,0.400989868781003,0.90063799124516),(-0.16750622036473,
0.267605272911121,0.94885672472154),(-0.16750622036473,0.128681990132491,
0.977436755782524),(-0.16750622036473,0.128681990132491,-0.977436755782523)),
$,(20,18,16,14,12,10,8,6,4,2,1,3,5,7,9,11,13,15,17,19,46,21,69,92,115,138,
161,183,182,180,178,176,174,172,170,168,166,164,162,163,165,167,169,171,
173,175,177,179,181,160,137,114,91,68,45,22,184,23,158,157,134,155,132,
153,130,151,128,149,126,147,124,145,122,143,120,140,118,139,116,141,117,
142,119,144,121,146,123,148,125,150,127,152,129,154,131,156,133,159,136,
135,111,109,107,105,103,101,99,97,95,93,94,96,98,100,102,104,106,108,110,
113,112,88,86,84,82,80,78,76,74,72,70,71,73,75,77,79,81,83,85,87,89,90,
65,63,61,59,57,55,53,51,48,47,49,50,52,54,56,58,60,62,64,67,66,42,40,38,
36,34,32,30,28,26,24,25,27,29,31,33,35,37,39,41,43,44),((59,60,61),(60,
62,63),(62,64,65),(64,66,67),(66,68,69),(68,70,71),(70,72,73),(72,74,75),
(74,76,77),(76,78,79),(78,80,81),(80,82,83),(82,84,85),(84,86,87),(86,88,
89),(88,90,91),(90,92,93),(92,94,95),(94,96,97),(96,98,99),(100,61,101),
(61,63,102),(63,65,103),(65,67,104),(67,69,105),(69,71,106),(71,73,107),
(73,75,108),(75,77,109),(77,79,110),(79,81,111),(81,83,112),(83,85,113),
(85,87,114),(87,89,115),(89,91,116),(91,93,117),(93,95,118),(95,97,119),
(97,99,120),(121,101,122),(101,102,123),(102,103,124),(103,104,125),(104,
105,126),(105,106,127),(106,107,128),(107,108,129),(108,109,130),(109,110,
131),(110,111,132),(111,112,133),(112,113,134),(113,114,135),(114,115,136),
(115,116,137),(116,117,138),(117,118,139),(118,119,140),(119,120,141),(142,
122,143),(122,123,144),(123,124,145),(124,125,146),(125,126,147),(126,127,
148),(127,128,149),(128,129,150),(129,130,151),(130,131,152),(131,132,153),
(132,133,154),(133,134,155),(134,135,156),(135,136,157),(136,137,158),(137,
138,159),(138,139,160),(139,140,161),(140,141,162),(163,143,164),(143,144,
165),(144,145,166),(145,146,167),(146,147,168),(147,148,169),(148,149,170),
(149,150,171),(150,151,172),(151,152,173),(152,153,174),(153,154,175),(154,
155,176),(155,156,177),(156,157,178),(157,158,179),(158,159,180),(159,160,
181),(160,161,182),(161,162,183),(182,183,1),(181,182,2),(180,181,3),(179,
180,4),(178,179,5),(177,178,6),(176,177,7),(175,176,8),(174,175,9),(173,
174,10),(172,173,11),(171,172,12),(170,171,13),(169,170,14),(168,169,15),
(167,168,16),(166,167,17),(165,166,18),(164,165,19),(184,164,20),(21,184,
22),(23,163,184),(24,142,163),(25,121,142),(26,100,121),(27,59,100),(28,
29,59),(29,30,60),(30,31,62),(31,32,64),(32,33,66),(33,34,68),(34,35,70),
(35,36,72),(36,37,74),(37,38,76),(38,39,78),(39,40,80),(40,41,82),(41,42,
84),(42,43,86),(43,44,88),(44,45,90),(45,46,92),(46,47,94),(47,48,96),(48,
49,98),(50,98,49),(98,50,51),(99,51,52),(120,52,53),(141,53,54),(162,54,
55),(183,55,56),(56,1,183),(55,183,162),(54,162,141),(53,141,120),(52,120,
99),(51,99,98),(49,57,50),(98,96,48),(96,94,47),(94,92,46),(92,90,45),(90,
88,44),(88,86,43),(86,84,42),(84,82,41),(82,80,40),(80,78,39),(78,76,38),
(76,74,37),(74,72,36),(72,70,35),(70,68,34),(68,66,33),(66,64,32),(64,62,
31),(62,60,30),(60,59,29),(59,27,28),(100,26,27),(121,25,26),(142,24,25),
(163,23,24),(184,21,23),(22,58,21),(20,22,184),(19,20,164),(18,19,165),
(17,18,166),(16,17,167),(15,16,168),(14,15,169),(13,14,170),(12,13,171),
(11,12,172),(10,11,173),(9,10,174),(8,9,175),(7,8,176),(6,7,177),(5,6,178),
(4,5,179),(3,4,180),(2,3,181),(1,2,182),(183,182,161),(182,181,160),(181,
180,159),(180,179,158),(179,178,157),(178,177,156),(177,176,155),(176,175,
154),(175,174,153),(174,173,152),(173,172,151),(172,171,150),(171,170,149),
(170,169,148),(169,168,147),(168,167,146),(167,166,145),(166,165,144),(165,
164,143),(164,184,163),(162,161,140),(161,160,139),(160,159,138),(159,158,
137),(158,157,136),(157,156,135),(156,155,134),(155,154,133),(154,153,132),
(153,152,131),(152,151,130),(151,150,129),(150,149,128),(149,148,127),(148,
147,126),(147,146,125),(146,145,124),(145,144,123),(144,143,122),(143,163,
142),(141,140,119),(140,139,118),(139,138,117),(138,137,116),(137,136,115),
(136,135,114),(135,134,113),(134,133,112),(133,132,111),(132,131,110),(131,
130,109),(130,129,108),(129,128,107),(128,127,106),(127,126,105),(126,125,
104),(125,124,103),(124,123,102),(123,122,101),(122,142,121),(120,119,97),
(119,118,95),(118,117,93),(117,116,91),(116,115,89),(115,114,87),(114,113,
85),(113,112,83),(112,111,81),(111,110,79),(110,109,77),(109,108,75),(108,
107,73),(107,106,71),(106,105,69),(105,104,67),(104,103,65),(103,102,63),
(102,101,61),(101,121,100),(99,97,96),(97,95,94),(95,93,92),(93,91,90),
(91,89,88),(89,87,86),(87,85,84),(85,83,82),(83,81,80),(81,79,78),(79,77,
76),(77,75,74),(75,73,72),(73,71,70),(71,69,68),(69,67,66),(67,65,64),(65,
63,62),(63,61,60),(61,100,59)),());
#394=COMPLEX_TRIANGULATED_FACE($,#426,194,((-1.,0.,0.),(-1.,0.,0.),(-1.,
0.,0.),(-1.,0.,0.),(-1.,0.,0.),(-1.,0.,0.),(-1.,0.,0.),(-1.,0.,0.),(-1.,
0.,0.),(-1.,0.,0.),(-1.,0.,0.),(-1.,0.,0.),(-0.985871018518237,0.,0.167506223304727),
(-0.915060256467321,0.,0.403317154400802),(-0.788777663900895,0.,0.614678612716473),
(-0.614678612716478,0.,0.788777663900891),(-0.403317154400801,0.,0.915060256467321),
(-0.167506223304731,0.,0.985871018518237),(0.,0.,1.),(0.,0.119097160094867,
0.992882604569814),(0.,0.25477072568338,0.967001487762436),(0.,0.385583992277395,
0.922672739870115),(0.,0.50904141575037,0.860742027003945),(0.,0.622787780488111,
0.78239081057659),(0.,0.724653130187045,0.68911380838735),(0.,0.812694164433094,
0.582690479668576),(0.,0.885231311332455,0.465151078077459),(0.,0.940880768954225,
0.338737920245292),(0.,0.978580904325472,0.205862608769882),(0.,0.997612506361225,
0.0690600257144058),(0.,1.,0.),(0.,0.997612506361225,-0.0690600257144062),
(0.,0.978580904325472,-0.205862608769883),(0.,0.940880768954225,-0.338737920245293),
(0.,0.885231311332455,-0.465151078077459),(0.,0.812694164433092,-0.582690479668578),
(0.,0.724653130187045,-0.68911380838735),(0.,0.622787780488111,-0.782390810576589),
(0.,0.50904141575037,-0.860742027003944),(0.,0.385583992277396,-0.922672739870115),
(0.,0.254770725683381,-0.967001487762435),(-0.167506223304731,0.,-0.985871018518237),
(0.,0.119097160094869,-0.992882604569814),(-0.403317154400801,0.,-0.915060256467321),
(-0.614678612716478,0.,-0.788777663900891),(-0.788777663900895,0.,-0.614678612716473),
(-0.915060256467321,0.,-0.403317154400802),(-0.985871018518237,0.,-0.167506223304727),
(-1.,0.,0.),(-1.,0.,0.),(-1.,0.,0.),(-1.,0.,0.),(-1.,0.,0.),(-1.,0.,0.),
(-1.,0.,0.),(-1.,0.,0.),(-1.,0.,0.),(-1.,0.,0.),(-1.,0.,0.),(-1.,0.,0.),
(-1.,0.,0.),(0.,0.,-1.),(-0.985871018518238,0.01994951549381,-0.16631401527645),
(-0.985871018518238,0.0426756820678279,-0.161978767145137),(-0.915060256467321,
0.102753404107249,-0.390008288345687),(-0.985871018518238,0.0645877183131456,
-0.154553426001868),(-0.915060256467321,0.15551263854782,-0.372129743887606),
(-0.985871018518238,0.085267605058036,-0.144179646183086),(-0.915060256467321,
0.205305135272595,-0.347152025004409),(-0.985871018518238,0.104320829029897,
-0.131055329828008),(-0.915060256467321,0.251180995422057,-0.315551635351086),
(-0.985871018518238,0.121383909043581,-0.115430851470102),(-0.915060256467321,
0.292265038394673,-0.277931420257085),(-0.985871018518238,0.136131330185978,
-0.0976042816049028),(-0.915060256467321,0.327773497797293,-0.235009066156368),
(-0.985871018518238,0.14828175371239,-0.0779157003548771),(-0.915060256467321,
0.357028973473096,-0.187603409176666),(-0.985871018518238,0.15760338418757,
-0.0567407097103865),(-0.915060256467321,0.379473354365056,-0.136618814080977),
(-0.985871018518238,0.163918391481684,-0.0344832681147013),(-0.915060256467321,
0.394678465683512,-0.083027921566594),(-0.985871018518238,0.167106303262131,
-0.0115679840887474),(-0.915060256467321,0.402354237260261,-0.0278530930539803),
(-0.985871018518238,0.167106303262131,0.0115679840887475),(-0.915060256467321,
0.402354237260261,0.0278530930539804),(-0.985871018518238,0.163918391481684,
0.0344832681147014),(-0.915060256467321,0.394678465683512,0.0830279215665941),
(-0.985871018518238,0.157603384187569,0.0567407097103865),(-0.915060256467321,
0.379473354365056,0.136618814080977),(-0.985871018518238,0.14828175371239,
0.0779157003548772),(-0.915060256467321,0.357028973473096,0.187603409176666),
(-0.985871018518238,0.136131330185978,0.0976042816049029),(-0.915060256467321,
0.327773497797292,0.235009066156368),(-0.985871018518238,0.121383909043581,
0.115430851470102),(-0.915060256467321,0.292265038394673,0.277931420257085),
(-0.985871018518238,0.104320829029897,0.131055329828008),(-0.915060256467321,
0.251180995422056,0.315551635351086),(-0.985871018518238,0.0852676050580359,
0.144179646183086),(-0.915060256467321,0.205305135272595,0.347152025004409),
(-0.985871018518238,0.0645877183131455,0.154553426001867),(-0.915060256467321,
0.15551263854782,0.372129743887606),(-0.985871018518238,0.0426756820678278,
0.161978767145137),(-0.915060256467321,0.102753404107249,0.390008288345687),
(-0.985871018518238,0.0199495154938099,0.16631401527645),(-0.915060256467321,
0.0480339277066793,0.400446586729154),(-0.915060256467321,0.0480339277066796,
-0.400446586729154),(-0.788777663900894,0.15660211622383,-0.594395132992579),
(-0.788777663900894,0.237010233458749,-0.567147199734669),(-0.788777663900894,
0.312896871248668,-0.529079715065549),(-0.788777663900894,0.382814328927204,
-0.480918898047334),(-0.788777663900894,0.445428780764024,-0.423583519743301),
(-0.788777663900894,0.499545721556507,-0.358167375685777),(-0.788777663900894,
0.544132754383018,-0.285918419376224),(-0.788777663900894,0.578339285792392,
-0.208214954890839),(-0.788777663900894,0.601512752701613,-0.126539342768865),
(-0.788777663900894,0.613211071438722,-0.0424497208002948),(-0.788777663900894,
0.613211071438721,0.042449720800295),(-0.788777663900894,0.601512752701613,
0.126539342768865),(-0.788777663900894,0.578339285792392,0.208214954890839),
(-0.788777663900894,0.544132754383018,0.285918419376224),(-0.788777663900894,
0.499545721556507,0.358167375685777),(-0.788777663900894,0.445428780764023,
0.423583519743301),(-0.788777663900894,0.382814328927204,0.480918898047334),
(-0.788777663900894,0.312896871248667,0.529079715065549),(-0.788777663900894,
0.237010233458749,0.567147199734669),(-0.788777663900894,0.15660211622383,
0.594395132992579),(-0.788777663900894,0.0732064771455859,0.610303701967291),
(-0.788777663900894,0.0732064771455862,-0.610303701967292),(-0.614678612716478,
0.200957457834873,-0.762749174505939),(-0.614678612716478,0.304140040666144,
-0.727783648299783),(-0.614678612716478,0.40152049874438,-0.678934085281488),
(-0.614678612716478,0.491241090599434,-0.617132395824125),(-0.614678612716478,
0.571590203167406,-0.543557579941618),(-0.614678612716478,0.641035004487422,
-0.459613235330269),(-0.614678612716478,0.698250685764736,-0.366900780726918),
(-0.614678612716478,0.742145734944987,-0.267188905405727),(-0.614678612716478,
0.771882759651866,-0.16237982763005),(-0.614678612716478,0.786894462245919,
-0.0544730057519443),(-0.614678612716478,0.786894462245919,0.0544730057519446),
(-0.614678612716478,0.771882759651866,0.16237982763005),(-0.614678612716478,
0.742145734944987,0.267188905405727),(-0.614678612716478,0.698250685764736,
0.366900780726918),(-0.614678612716478,0.641035004487422,0.459613235330269),
(-0.614678612716478,0.571590203167406,0.543557579941619),(-0.614678612716478,
0.491241090599434,0.617132395824125),(-0.614678612716478,0.401520498744379,
0.678934085281488),(-0.614678612716478,0.304140040666143,0.727783648299783),
(-0.614678612716478,0.200957457834872,0.762749174505939),(-0.614678612716478,
0.0939411797168613,0.783163621360409),(-0.614678612716478,0.0939411797168617,
-0.783163621360409),(-0.403317154400803,0.233130565584201,-0.884864629396174),
(-0.403317154400803,0.352832586863048,-0.844301153980953),(-0.403317154400803,
0.465803568449023,-0.78763081998243),(-0.403317154400803,0.569888346138165,
-0.715934735783887),(-0.403317154400803,0.663101279158805,-0.630580658238099),
(-0.403317154400803,0.743664130535642,-0.533196899766593),(-0.403317154400803,
0.810039990780779,-0.425641264801609),(-0.403317154400803,0.860962597744423,
-0.309965608174863),(-0.403317154400803,0.895460493286089,-0.188376691577999),
(-0.403317154400803,0.912875555925909,-0.0631940848418637),(-0.403317154400803,
0.912875555925909,0.0631940848418641),(-0.403317154400803,0.895460493286089,
0.188376691577999),(-0.403317154400803,0.860962597744423,0.309965608174863),
(-0.403317154400803,0.810039990780779,0.42564126480161),(-0.403317154400803,
0.743664130535641,0.533196899766593),(-0.403317154400803,0.663101279158805,
0.630580658238099),(-0.403317154400803,0.569888346138165,0.715934735783887),
(-0.403317154400803,0.465803568449022,0.78763081998243),(-0.403317154400803,
0.352832586863047,0.844301153980952),(-0.403317154400803,0.233130565584201,
0.884864629396174),(-0.403317154400803,0.108981077860941,0.908547410779595),
(-0.403317154400803,0.108981077860941,-0.908547410779595),(-0.167506223304731,
0.251171074818106,-0.953338741649002),(-0.167506223304731,0.380136083190845,
-0.909636313814762),(-0.167506223304731,0.501849179013784,-0.848580618843829),
(-0.167506223304731,0.613988423470527,-0.77133642530245),(-0.167506223304731,
0.714414519529932,-0.679377332149816),(-0.167506223304731,0.801211623633481,
-0.574457656671739),(-0.167506223304731,0.872723894527561,-0.458578967109079),
(-0.167506223304731,0.927587081993124,-0.333951898442974),(-0.167506223304731,
0.96475455284985,-0.202953979782784),(-0.167506223304731,0.983517257732871,
-0.0680842778899566),(-0.167506223304731,0.983517257732871,0.0680842778899571),
(-0.167506223304731,0.96475455284985,0.202953979782784),(-0.167506223304731,
0.927587081993123,0.333951898442975),(-0.167506223304731,0.872723894527561,
0.45857896710908),(-0.167506223304731,0.801211623633481,0.574457656671739),
(-0.167506223304731,0.714414519529931,0.679377332149816),(-0.167506223304731,
0.613988423470527,0.771336425302449),(-0.167506223304731,0.501849179013783,
0.848580618843829),(-0.167506223304731,0.380136083190844,0.909636313814762),
(-0.167506223304731,0.251171074818106,0.953338741649001),(-0.167506223304731,
0.117414438525358,0.978854184636281),(-0.167506223304731,0.117414438525359,
-0.978854184636282)),$,(171,173,175,177,179,182,184,186,188,190,192,193,
168,144,120,96,72,48,24,23,21,19,17,15,12,10,8,6,4,2,1,3,5,7,9,11,13,14,
16,18,20,49,22,73,97,121,145,169,194,191,189,187,185,183,181,180,178,176,
174,172,170,25,166,164,140,162,138,160,136,158,134,156,132,154,130,152,
128,150,126,148,124,147,122,146,123,149,125,151,127,153,129,155,131,157,
133,159,135,161,137,163,139,165,141,167,143,142,116,114,112,110,108,106,
104,102,100,98,99,101,103,105,107,109,111,113,115,117,119,118,92,90,88,
86,84,82,80,78,76,75,74,77,79,81,83,85,87,89,91,93,95,94,68,66,64,62,60,
58,56,54,52,51,50,53,55,57,59,61,63,65,67,69,71,70,44,42,40,38,36,34,32,
30,28,27,26,29,31,33,35,37,39,41,43,45,47,46),((63,64,65),(64,66,67),(66,
68,69),(68,70,71),(70,72,73),(72,74,75),(74,76,77),(76,78,79),(78,80,81),
(80,82,83),(82,84,85),(84,86,87),(86,88,89),(88,90,91),(90,92,93),(92,94,
95),(94,96,97),(96,98,99),(98,100,101),(100,102,103),(102,104,105),(106,
65,107),(65,67,108),(67,69,109),(69,71,110),(71,73,111),(73,75,112),(75,
77,113),(77,79,114),(79,81,115),(81,83,116),(83,85,117),(85,87,118),(87,
89,119),(89,91,120),(91,93,121),(93,95,122),(95,97,123),(97,99,124),(99,
101,125),(101,103,126),(103,105,127),(128,107,129),(107,108,130),(108,109,
131),(109,110,132),(110,111,133),(111,112,134),(112,113,135),(113,114,136),
(114,115,137),(115,116,138),(116,117,139),(117,118,140),(118,119,141),(119,
120,142),(120,121,143),(121,122,144),(122,123,145),(123,124,146),(124,125,
147),(125,126,148),(126,127,149),(150,129,151),(129,130,152),(130,131,153),
(131,132,154),(132,133,155),(133,134,156),(134,135,157),(135,136,158),(136,
137,159),(137,138,160),(138,139,161),(139,140,162),(140,141,163),(141,142,
164),(142,143,165),(143,144,166),(144,145,167),(145,146,168),(146,147,169),
(147,148,170),(148,149,171),(172,151,173),(151,152,174),(152,153,175),(153,
154,176),(154,155,177),(155,156,178),(156,157,179),(157,158,180),(158,159,
181),(159,160,182),(160,161,183),(161,162,184),(162,163,185),(163,164,186),
(164,165,187),(165,166,188),(166,167,189),(167,168,190),(168,169,191),(169,
170,192),(170,171,193),(1,2,86),(2,3,88),(3,4,90),(4,5,92),(5,6,94),(6,
7,96),(7,8,98),(8,9,100),(9,10,102),(10,11,104),(11,12,13),(104,13,14),
(105,14,15),(127,15,16),(149,16,17),(171,17,18),(193,18,19),(192,193,20),
(191,192,21),(190,191,22),(189,190,23),(188,189,24),(187,188,25),(186,187,
26),(185,186,27),(184,185,28),(183,184,29),(183,30,31),(31,182,183),(181,
182,32),(180,181,33),(179,180,34),(178,179,35),(177,178,36),(176,177,37),
(175,176,38),(174,175,39),(173,174,40),(194,173,41),(42,194,43),(44,172,
194),(45,150,172),(46,128,150),(47,106,128),(48,63,106),(49,50,63),(50,
51,64),(51,52,66),(52,53,68),(53,54,70),(54,55,72),(55,56,74),(56,57,76),
(57,58,78),(58,59,80),(59,60,82),(84,82,61),(82,60,61),(61,1,84),(82,80,
59),(80,78,58),(78,76,57),(76,74,56),(74,72,55),(72,70,54),(70,68,53),(68,
66,52),(66,64,51),(64,63,50),(63,48,49),(106,47,48),(128,46,47),(150,45,
46),(172,44,45),(194,42,44),(43,62,42),(41,43,194),(40,41,173),(39,40,174),
(38,39,175),(37,38,176),(36,37,177),(35,36,178),(34,35,179),(33,34,180),
(32,33,181),(31,32,182),(29,30,183),(28,29,184),(27,28,185),(26,27,186),
(25,26,187),(24,25,188),(23,24,189),(22,23,190),(21,22,191),(20,21,192),
(19,20,193),(18,193,171),(17,171,149),(16,149,127),(15,127,105),(14,105,
104),(13,104,11),(104,102,10),(102,100,9),(100,98,8),(98,96,7),(96,94,6),
(94,92,5),(92,90,4),(90,88,3),(88,86,2),(86,84,1),(193,192,170),(192,191,
169),(191,190,168),(190,189,167),(189,188,166),(188,187,165),(187,186,164),
(186,185,163),(185,184,162),(184,183,161),(183,182,160),(182,181,159),(181,
180,158),(180,179,157),(179,178,156),(178,177,155),(177,176,154),(176,175,
153),(175,174,152),(174,173,151),(173,194,172),(171,170,148),(170,169,147),
(169,168,146),(168,167,145),(167,166,144),(166,165,143),(165,164,142),(164,
163,141),(163,162,140),(162,161,139),(161,160,138),(160,159,137),(159,158,
136),(158,157,135),(157,156,134),(156,155,133),(155,154,132),(154,153,131),
(153,152,130),(152,151,129),(151,172,150),(149,148,126),(148,147,125),(147,
146,124),(146,145,123),(145,144,122),(144,143,121),(143,142,120),(142,141,
119),(141,140,118),(140,139,117),(139,138,116),(138,137,115),(137,136,114),
(136,135,113),(135,134,112),(134,133,111),(133,132,110),(132,131,109),(131,
130,108),(130,129,107),(129,150,128),(127,126,103),(126,125,101),(125,124,
99),(124,123,97),(123,122,95),(122,121,93),(121,120,91),(120,119,89),(119,
118,87),(118,117,85),(117,116,83),(116,115,81),(115,114,79),(114,113,77),
(113,112,75),(112,111,73),(111,110,71),(110,109,69),(109,108,67),(108,107,
65),(107,128,106),(105,103,102),(103,101,100),(101,99,98),(99,97,96),(97,
95,94),(95,93,92),(93,91,90),(91,89,88),(89,87,86),(87,85,84),(85,83,82),
(83,81,80),(81,79,78),(79,77,76),(77,75,74),(75,73,72),(73,71,70),(71,69,
68),(69,67,66),(67,65,64),(65,106,63)),());
#395=COMPLEX_TRIANGULATED_FACE($,#427,34,((-0.9848077530421,0.,0.173648177497406),
(-0.9848077530421,0.0361034861909081,0.169853548190886),(-0.9848077530421,
0.0361034861909081,0.169853548190886),(-0.9848077530421,0.0706290767915257,
0.158635503780672),(-0.9848077530421,0.0706290767915257,0.158635503780672),
(-0.9848077530421,0.102067837820441,0.140484326637639),(-0.9848077530421,
0.102067837820441,0.140484326637639),(-0.9848077530421,0.129045744560777,
0.11619331030195),(-0.9848077530421,0.129045744560777,0.11619331030195),
(-0.9848077530421,0.150383733033623,0.0868240887487031),(-0.9848077530421,
0.150383733033623,0.0868240887487031),(-0.9848077530421,0.165149230751686,
0.0536602378889359),(-0.9848077530421,0.165149230751686,0.0536602378889359),
(-0.9848077530421,0.172696914611967,0.0181511771430327),(-0.9848077530421,
0.172696914611967,0.0181511771430327),(-0.9848077530421,0.173648177497406,
0.),(-0.9848077530421,0.173648177497406,0.),(-0.9848077530421,0.172696914611967,
-0.0181511771430325),(-0.9848077530421,0.172696914611967,-0.0181511771430325),
(-0.9848077530421,0.165149230751686,-0.0536602378889358),(-0.9848077530421,
0.165149230751686,-0.0536602378889358),(-0.9848077530421,0.150383733033623,
-0.0868240887487031),(-0.9848077530421,0.150383733033623,-0.0868240887487031),
(-0.9848077530421,0.129045744560778,-0.11619331030195),(-0.9848077530421,
0.129045744560778,-0.11619331030195),(-0.9848077530421,0.102067837820441,
-0.140484326637639),(-0.9848077530421,0.102067837820441,-0.140484326637639),
(-0.9848077530421,0.0706290767915258,-0.158635503780672),(-0.9848077530421,
0.0706290767915258,-0.158635503780672),(-0.9848077530421,0.0361034861909082,
-0.169853548190886),(-0.9848077530421,0.0361034861909082,-0.169853548190886),
(-0.9848077530421,0.,-0.173648177497406),(-0.9848077530421,0.,-0.173648177497406),
(-0.9848077530421,0.,0.173648177497406)),$,(17,14,31,12,29,10,27,8,25,6,
23,4,21,2,19,1,18,3,20,5,22,7,24,9,26,11,28,13,30,15,32,16,33,34),((1,2,
3),(2,4,5),(4,6,7),(6,8,9),(8,10,11),(10,12,13),(12,14,15),(16,17,15),(16,
18,19),(19,17,16),(18,20,21),(20,22,23),(22,24,25),(24,26,27),(26,28,29),
(28,30,31),(30,32,33),(33,31,30),(31,29,28),(29,27,26),(27,25,24),(25,23,
22),(23,21,20),(21,19,18),(15,14,16),(15,13,12),(13,11,10),(11,9,8),(9,
7,6),(7,5,4),(5,3,2),(3,34,1)),());
#396=COMPLEX_TRIANGULATED_FACE($,#428,34,((0.,-0.195090322016128,0.98078528040323),
(0.,0.,1.),(0.,0.,1.),(0.,-0.38268343236509,0.923879532511287),(0.,-0.195090322016128,
0.98078528040323),(0.,-0.555570233019602,0.831469612302545),(0.,-0.38268343236509,
0.923879532511287),(0.,-0.707106781186548,0.707106781186547),(0.,-0.555570233019602,
0.831469612302545),(0.,-0.831469612302545,0.555570233019602),(0.,-0.707106781186548,
0.707106781186547),(0.,-0.923879532511287,0.38268343236509),(0.,-0.831469612302545,
0.555570233019602),(0.,-0.98078528040323,0.195090322016128),(0.,-0.923879532511287,
0.38268343236509),(0.,-1.,0.),(0.,-0.98078528040323,0.195090322016128),
(0.,-0.98078528040323,-0.195090322016128),(0.,-1.,0.),(0.,-0.923879532511287,
-0.38268343236509),(0.,-0.98078528040323,-0.195090322016128),(0.,-0.831469612302545,
-0.555570233019602),(0.,-0.923879532511287,-0.38268343236509),(0.,-0.707106781186547,
-0.707106781186547),(0.,-0.831469612302545,-0.555570233019602),(0.,-0.555570233019602,
-0.831469612302545),(0.,-0.707106781186547,-0.707106781186547),(0.,-0.38268343236509,
-0.923879532511287),(0.,-0.555570233019602,-0.831469612302545),(0.,-0.195090322016128,
-0.98078528040323),(0.,-0.38268343236509,-0.923879532511287),(0.,0.,-1.),
(0.,-0.195090322016128,-0.98078528040323),(0.,0.,-1.)),$,(3,2,19,6,20,7,
23,9,24,11,26,13,28,15,30,17,32,16,34,14,33,12,31,10,29,8,27,5,25,4,22,
1,21,18),((1,2,3),(4,1,5),(6,4,7),(8,6,9),(10,8,11),(12,10,13),(14,12,15),
(16,14,17),(18,16,19),(20,18,21),(22,20,23),(24,22,25),(26,24,27),(28,26,
29),(30,28,31),(32,30,33),(33,34,32),(31,33,30),(29,31,28),(27,29,26),(25,
27,24),(23,25,22),(21,23,20),(19,21,18),(17,19,16),(15,17,14),(13,15,12),
(11,13,10),(9,11,8),(7,9,6),(5,7,4),(3,5,1)),());
#397=COMPLEX_TRIANGULATED_FACE($,#429,184,((0.,-0.130526192220052,-0.99144486137381),
(0.,-0.271440449865076,-0.962455236453647),(0.,-0.4067366430758,-0.913545457642601),
(0.,-0.533614515915612,-0.845727821703973),(0.,-0.649448048330186,-0.760405965600029),
(0.,-0.751839807478978,-0.659345815100068),(0.,-0.838670567945423,-0.544639035015029),
(0.,-0.908143173825081,-0.41865973753743),(0.,-0.958819734868193,-0.284015344703923),
(0.,-0.98965138681967,-0.143492621991179),(0.,-1.,0.),(0.,-0.98965138681967,
0.143492621991179),(0.,-0.958819734868193,0.284015344703923),(0.,-0.908143173825081,
0.41865973753743),(0.,-0.838670567945425,0.544639035015026),(0.,-0.751839807478976,
0.65934581510007),(0.,-0.649448048330186,0.760405965600029),(0.,-0.533614515915612,
0.845727821703973),(0.,-0.4067366430758,0.913545457642601),(0.,-0.271440449865074,
0.962455236453647),(-0.167506223304734,0.,0.985871018518236),(0.,-0.130526192220051,
0.99144486137381),(-0.403317154400801,0.,0.915060256467322),(-0.614678612716474,
0.,0.788777663900894),(-0.788777663900885,0.,0.614678612716485),(-0.915060256467313,
0.,0.403317154400821),(-0.985871018518234,0.,0.167506223304747),(-1.,0.,
0.),(-1.,0.,0.),(-1.,0.,0.),(-1.,0.,0.),(-1.,0.,0.),(-1.,0.,0.),(-1.,0.,
0.),(-1.,0.,0.),(-1.,0.,0.),(-1.,0.,0.),(-1.,0.,0.),(-1.,0.,0.),(-1.,0.,
0.),(-1.,0.,0.),(-1.,0.,0.),(-1.,0.,0.),(-1.,0.,0.),(-1.,0.,0.),(-1.,0.,
0.),(-1.,0.,0.),(-1.,0.,0.),(-1.,0.,0.),(-1.,0.,0.),(-0.985871018518234,
0.,-0.167506223304747),(-0.915060256467313,0.,-0.403317154400821),(-0.788777663900885,
0.,-0.614678612716485),(-0.614678612716474,0.,-0.788777663900894),(-0.403317154400801,
0.,-0.915060256467322),(-0.167506223304734,0.,-0.985871018518236),(0.,0.,
-1.),(0.,0.,1.),(-0.985871018518234,-0.0218639495011303,0.166073184343626),
(-0.985871018518234,-0.0454679646090402,0.161217241758228),(-0.915060256467314,
-0.10947658982886,0.388174707204653),(-0.985871018518234,-0.0681309189612783,
0.153024549426919),(-0.915060256467314,-0.164043865475874,0.368448554392208),
(-0.985871018518234,-0.089383752261615,0.141664673357383),(-0.915060256467314,
-0.215215888106055,0.34109653844725),(-0.985871018518234,-0.108786589808428,
0.127372731476061),(-0.915060256467314,-0.261933538783696,0.306684770235212),
(-0.985871018518234,-0.125937846680972,0.110444527339203),(-0.915060256467314,
-0.303229891717681,0.265925477912249),(-0.985871018518234,-0.140482539433385,
0.0912304278197092),(-0.915060256467314,-0.338250226943468,0.219662265777869),
(-0.985871018518234,-0.152119633267426,0.0701281114846513),(-0.915060256467314,
-0.366269720655661,0.168852654005789),(-0.985871018518234,-0.16060827261783,
0.04757433775195),(-0.915060256467314,-0.386708447050388,0.114548260632154),
(-0.985871018518234,-0.165772766194468,0.0240359071818381),(-0.915060256467314,
-0.399143381180934,0.0578730359789948),(-0.985871018518234,-0.167506223304747,
0.),(-0.915060256467314,-0.403317154400819,0.),(-0.985871018518234,-0.165772766194468,
-0.0240359071818382),(-0.915060256467314,-0.399143381180934,-0.057873035978995),
(-0.985871018518234,-0.16060827261783,-0.0475743377519501),(-0.915060256467314,
-0.386708447050388,-0.114548260632154),(-0.985871018518234,-0.152119633267426,
-0.0701281114846513),(-0.915060256467314,-0.36626972065566,-0.16885265400579),
(-0.985871018518234,-0.140482539433385,-0.0912304278197092),(-0.915060256467314,
-0.338250226943468,-0.219662265777869),(-0.985871018518234,-0.125937846680972,
-0.110444527339203),(-0.915060256467314,-0.303229891717681,-0.265925477912249),
(-0.985871018518234,-0.108786589808428,-0.127372731476061),(-0.915060256467314,
-0.261933538783696,-0.306684770235212),(-0.985871018518234,-0.089383752261615,
-0.141664673357383),(-0.915060256467314,-0.215215888106055,-0.34109653844725),
(-0.985871018518234,-0.0681309189612782,-0.153024549426919),(-0.915060256467314,
-0.164043865475873,-0.368448554392208),(-0.985871018518234,-0.0454679646090401,
-0.161217241758228),(-0.915060256467314,-0.10947658982886,-0.388174707204653),
(-0.985871018518234,-0.0218639495011303,-0.166073184343626),(-0.915060256467314,
-0.0526434524209655,-0.3998667202346),(-0.915060256467314,-0.0526434524209656,
0.3998667202346),(-0.788777663900886,-0.166848639158202,0.591600649545044),
(-0.788777663900886,-0.250012315506793,0.5615368545572),(-0.788777663900886,
-0.328001430368387,0.519850804180732),(-0.788777663900886,-0.399201825379026,
0.467405284036366),(-0.788777663900886,-0.462139849846207,0.40528577092613),
(-0.788777663900886,-0.515512861230839,0.334777966474282),(-0.788777663900886,
-0.558216186234746,0.257341186669754),(-0.788777663900886,-0.589365984473968,
0.174578158072801),(-0.788777663900886,-0.60831754152326,0.0882018458205889),
(-0.788777663900886,-0.614678612716484,0.),(-0.788777663900886,-0.60831754152326,
-0.0882018458205891),(-0.788777663900886,-0.589365984473968,-0.174578158072801),
(-0.788777663900886,-0.558216186234746,-0.257341186669754),(-0.788777663900886,
-0.515512861230839,-0.334777966474282),(-0.788777663900886,-0.462139849846206,
-0.40528577092613),(-0.788777663900886,-0.399201825379026,-0.467405284036366),
(-0.788777663900886,-0.328001430368386,-0.519850804180733),(-0.788777663900886,
-0.250012315506793,-0.5615368545572),(-0.788777663900886,-0.166848639158202,
-0.591600649545044),(-0.788777663900886,-0.0802316587569863,-0.609419951974141),
(-0.788777663900886,-0.0802316587569865,0.609419951974141),(-0.614678612716473,
-0.214106163932781,0.759163193019091),(-0.614678612716473,-0.320824779148222,
0.720584251946604),(-0.614678612716473,-0.420903211287523,0.667091215499652),
(-0.614678612716473,-0.512270114386877,0.599791241162296),(-0.614678612716473,
-0.593034446970966,0.520077251737463),(-0.614678612716473,-0.661524611366428,
0.42959910570839),(-0.614678612716473,-0.716323051137291,0.330229449744134),
(-0.614678612716473,-0.756295590571408,0.224024960107567),(-0.614678612716473,
-0.7806149089719,0.113183775161216),(-0.614678612716473,-0.788777663900894,
0.),(-0.614678612716473,-0.7806149089719,-0.113183775161217),(-0.614678612716473,
-0.756295590571408,-0.224024960107567),(-0.614678612716473,-0.716323051137291,
-0.330229449744134),(-0.614678612716473,-0.661524611366428,-0.429599105708391),
(-0.614678612716473,-0.593034446970966,-0.520077251737464),(-0.614678612716473,
-0.512270114386877,-0.599791241162296),(-0.614678612716473,-0.420903211287523,
-0.667091215499652),(-0.614678612716473,-0.320824779148221,-0.720584251946604),
(-0.614678612716473,-0.214106163932781,-0.759163193019091),(-0.614678612716473,
-0.102956144977211,-0.78202956164098),(-0.614678612716473,-0.102956144977211,
0.78202956164098),(-0.403317154400802,-0.24838436766914,0.880704535507591),
(-0.403317154400802,-0.372188536927599,0.835949140764995),(-0.403317154400802,
-0.488289435788425,0.773891917429987),(-0.403317154400802,-0.594284097667219,
0.695817277901245),(-0.403317154400802,-0.687978727054055,0.603341150666124),
(-0.403317154400802,-0.767434104995734,0.498377535062965),(-0.403317154400802,
-0.831005725549426,0.38309888680354),(-0.403317154400802,-0.877377832494418,
0.259891154165426),(-0.403317154400802,-0.905590651836448,0.131304395480417),
(-0.403317154400802,-0.915060256467322,0.),(-0.403317154400802,-0.905590651836448,
-0.131304395480417),(-0.403317154400802,-0.877377832494418,-0.259891154165426),
(-0.403317154400802,-0.831005725549426,-0.383098886803541),(-0.403317154400802,
-0.767434104995734,-0.498377535062966),(-0.403317154400802,-0.687978727054055,
-0.603341150666125),(-0.403317154400802,-0.594284097667219,-0.695817277901246),
(-0.403317154400802,-0.488289435788425,-0.773891917429987),(-0.403317154400802,
-0.372188536927599,-0.835949140764995),(-0.403317154400802,-0.24838436766914,
-0.880704535507591),(-0.403317154400802,-0.119439330928583,-0.907231789121927),
(-0.403317154400802,-0.119439330928583,0.907231789121927),(-0.167506223304735,
-0.267605272775529,0.948856724240767),(-0.167506223304735,-0.400989868577828,
0.900637990788819),(-0.167506223304735,-0.52607508630184,0.833778548972505),
(-0.167506223304735,-0.640272008881959,0.749662203793445),(-0.167506223304735,
-0.741217076761854,0.650029930288441),(-0.167506223304735,-0.826821007021623,
0.536943840175054),(-0.167506223304735,-0.895312035739317,0.412744501858602),
(-0.167506223304735,-0.945272588589891,0.280002497158064),(-0.167506223304735,
-0.975668620701894,0.141465217392296),(-0.167506223304735,-0.985871018518237,
0.),(-0.167506223304735,-0.975668620701893,-0.141465217392296),(-0.167506223304735,
-0.945272588589891,-0.280002497158064),(-0.167506223304735,-0.895312035739317,
-0.412744501858602),(-0.167506223304735,-0.826821007021623,-0.536943840175054),
(-0.167506223304735,-0.741217076761854,-0.650029930288442),(-0.167506223304735,
-0.640272008881959,-0.749662203793446),(-0.167506223304735,-0.52607508630184,
-0.833778548972506),(-0.167506223304735,-0.400989868577827,-0.90063799078882),
(-0.167506223304735,-0.267605272775529,-0.948856724240768),(-0.167506223304735,
-0.128681990067289,-0.97743675528727),(-0.167506223304735,-0.128681990067289,
0.97743675528727)),$,(4,6,8,10,12,14,16,18,20,22,23,21,19,17,15,13,11,9,
7,5,24,3,47,70,93,116,139,162,164,166,168,170,172,174,176,178,180,182,184,
183,181,179,177,175,173,171,169,167,165,163,140,117,94,71,48,25,2,1,142,
144,121,146,123,148,125,150,126,152,129,154,130,156,132,157,134,159,136,
161,138,160,137,158,135,155,133,153,131,151,128,149,127,147,124,145,122,
143,120,141,118,119,98,100,102,104,106,107,109,111,113,115,114,112,110,
108,105,103,101,99,97,95,96,75,77,79,81,83,85,86,88,91,92,90,89,87,84,82,
80,78,76,74,72,73,52,54,56,58,59,61,63,65,67,69,68,66,64,62,60,57,55,53,
51,49,50,29,31,33,35,36,38,40,42,44,46,45,43,41,39,37,34,32,30,28,26,27),
((59,60,61),(60,62,63),(62,64,65),(64,66,67),(66,68,69),(68,70,71),(70,
72,73),(72,74,75),(74,76,77),(76,78,79),(78,80,81),(80,82,83),(82,84,85),
(84,86,87),(86,88,89),(88,90,91),(90,92,93),(92,94,95),(94,96,97),(96,98,
99),(100,61,101),(61,63,102),(63,65,103),(65,67,104),(67,69,105),(69,71,
106),(71,73,107),(73,75,108),(75,77,109),(77,79,110),(79,81,111),(81,83,
112),(83,85,113),(85,87,114),(87,89,115),(89,91,116),(91,93,117),(93,95,
118),(95,97,119),(97,99,120),(121,101,122),(101,102,123),(102,103,124),
(103,104,125),(104,105,126),(105,106,127),(106,107,128),(107,108,129),(108,
109,130),(109,110,131),(110,111,132),(111,112,133),(112,113,134),(113,114,
135),(114,115,136),(115,116,137),(116,117,138),(117,118,139),(118,119,140),
(119,120,141),(142,122,143),(122,123,144),(123,124,145),(124,125,146),(125,
126,147),(126,127,148),(127,128,149),(128,129,150),(129,130,151),(130,131,
152),(131,132,153),(132,133,154),(133,134,155),(134,135,156),(135,136,157),
(136,137,158),(137,138,159),(138,139,160),(139,140,161),(140,141,162),(163,
143,164),(143,144,165),(144,145,166),(145,146,167),(146,147,168),(147,148,
169),(148,149,170),(149,150,171),(150,151,172),(151,152,173),(152,153,174),
(153,154,175),(154,155,176),(155,156,177),(156,157,178),(157,158,179),(158,
159,180),(159,160,181),(160,161,182),(161,162,183),(182,183,1),(181,182,
2),(180,181,3),(179,180,4),(178,179,5),(177,178,6),(176,177,7),(175,176,
8),(174,175,9),(173,174,10),(172,173,11),(171,172,12),(170,171,13),(169,
170,14),(168,169,15),(167,168,16),(166,167,17),(165,166,18),(164,165,19),
(184,164,20),(21,184,22),(23,163,184),(24,142,163),(25,121,142),(26,100,
121),(27,59,100),(28,29,59),(29,30,60),(30,31,62),(31,32,64),(32,33,66),
(33,34,68),(34,35,70),(35,36,72),(36,37,74),(37,38,76),(38,39,78),(39,40,
80),(40,41,82),(41,42,84),(42,43,86),(43,44,88),(44,45,90),(45,46,92),(46,
47,94),(47,48,96),(48,49,98),(49,50,51),(98,51,52),(99,52,53),(120,53,54),
(141,54,55),(162,55,56),(183,56,57),(57,1,183),(56,183,162),(55,162,141),
(54,141,120),(53,120,99),(52,99,98),(51,98,49),(98,96,48),(96,94,47),(94,
92,46),(92,90,45),(90,88,44),(88,86,43),(86,84,42),(84,82,41),(82,80,40),
(80,78,39),(78,76,38),(76,74,37),(74,72,36),(72,70,35),(70,68,34),(68,66,
33),(66,64,32),(64,62,31),(62,60,30),(60,59,29),(59,27,28),(100,26,27),
(121,25,26),(142,24,25),(163,23,24),(184,21,23),(22,58,21),(20,22,184),
(19,20,164),(18,19,165),(17,18,166),(16,17,167),(15,16,168),(14,15,169),
(13,14,170),(12,13,171),(11,12,172),(10,11,173),(9,10,174),(8,9,175),(7,
8,176),(6,7,177),(5,6,178),(4,5,179),(3,4,180),(2,3,181),(1,2,182),(183,
182,161),(182,181,160),(181,180,159),(180,179,158),(179,178,157),(178,177,
156),(177,176,155),(176,175,154),(175,174,153),(174,173,152),(173,172,151),
(172,171,150),(171,170,149),(170,169,148),(169,168,147),(168,167,146),(167,
166,145),(166,165,144),(165,164,143),(164,184,163),(162,161,140),(161,160,
139),(160,159,138),(159,158,137),(158,157,136),(157,156,135),(156,155,134),
(155,154,133),(154,153,132),(153,152,131),(152,151,130),(151,150,129),(150,
149,128),(149,148,127),(148,147,126),(147,146,125),(146,145,124),(145,144,
123),(144,143,122),(143,163,142),(141,140,119),(140,139,118),(139,138,117),
(138,137,116),(137,136,115),(136,135,114),(135,134,113),(134,133,112),(133,
132,111),(132,131,110),(131,130,109),(130,129,108),(129,128,107),(128,127,
106),(127,126,105),(126,125,104),(125,124,103),(124,123,102),(123,122,101),
(122,142,121),(120,119,97),(119,118,95),(118,117,93),(117,116,91),(116,
115,89),(115,114,87),(114,113,85),(113,112,83),(112,111,81),(111,110,79),
(110,109,77),(109,108,75),(108,107,73),(107,106,71),(106,105,69),(105,104,
67),(104,103,65),(103,102,63),(102,101,61),(101,121,100),(99,97,96),(97,
95,94),(95,93,92),(93,91,90),(91,89,88),(89,87,86),(87,85,84),(85,83,82),
(83,81,80),(81,79,78),(79,77,76),(77,75,74),(75,73,72),(73,71,70),(71,69,
68),(69,67,66),(67,65,64),(65,63,62),(63,61,60),(61,100,59)),());
#398=COMPLEX_TRIANGULATED_FACE($,#430,34,((0.,-0.20791169081776,0.978147600733806),
(0.,0.,1.),(0.,0.,1.),(0.,-0.4067366430758,0.913545457642601),(0.,-0.20791169081776,
0.978147600733806),(0.,-0.587785252292473,0.809016994374947),(0.,-0.4067366430758,
0.913545457642601),(0.,-0.743144825477394,0.669130606358858),(0.,-0.587785252292473,
0.809016994374947),(0.,-0.866025403784439,0.5),(0.,-0.743144825477394,0.669130606358858),
(0.,-0.951056516295154,0.309016994374947),(0.,-0.866025403784439,0.5),(0.,
-0.994521895368273,0.104528463267653),(0.,-0.951056516295154,0.309016994374947),
(0.,-0.994521895368273,-0.104528463267654),(0.,-1.,0.),(0.,-1.,0.),(0.,
-0.994521895368273,0.104528463267653),(0.,-0.951056516295154,-0.309016994374948),
(0.,-0.994521895368273,-0.104528463267654),(0.,-0.866025403784438,-0.5),
(0.,-0.951056516295154,-0.309016994374948),(0.,-0.743144825477394,-0.669130606358858),
(0.,-0.866025403784438,-0.5),(0.,-0.587785252292473,-0.809016994374947),
(0.,-0.743144825477394,-0.669130606358858),(0.,-0.4067366430758,-0.913545457642601),
(0.,-0.587785252292473,-0.809016994374947),(0.,-0.207911690817759,-0.978147600733806),
(0.,-0.4067366430758,-0.913545457642601),(0.,0.,-1.),(0.,-0.207911690817759,
-0.978147600733806),(0.,0.,-1.)),$,(4,2,27,6,28,8,29,10,30,11,31,14,32,
16,33,15,17,25,34,13,24,12,23,9,22,7,21,5,20,3,19,1,18,26),((1,2,3),(4,
1,5),(6,4,7),(8,6,9),(10,8,11),(12,10,13),(14,12,15),(16,17,18),(14,19,
18),(18,17,14),(20,16,21),(22,20,23),(24,22,25),(26,24,27),(28,26,29),(30,
28,31),(32,30,33),(33,34,32),(31,33,30),(29,31,28),(27,29,26),(25,27,24),
(23,25,22),(21,23,20),(18,21,16),(15,19,14),(13,15,12),(11,13,10),(9,11,
8),(7,9,6),(5,7,4),(3,5,1)),());
#399=COMPLEX_TRIANGULATED_FACE($,#431,34,((0.984807752744025,0.,0.17364817918787),
(0.984807752744025,-0.0361034865423753,0.169853549844409),(0.984807752744025,
-0.0361034865423753,0.169853549844409),(0.984807752744025,-0.0706290774790992,
0.158635505324987),(0.984807752744025,-0.0706290774790992,0.158635505324987),
(0.984807752744025,-0.102067838814071,0.140484328005253),(0.984807752744025,
-0.102067838814071,0.140484328005253),(0.984807752744025,-0.129045745817037,
0.116193311433091),(0.984807752744025,-0.129045745817037,0.116193311433091),
(0.984807752744025,-0.150383734497608,0.086824089593935),(0.984807752744025,
-0.150383734497608,0.086824089593935),(0.984807752744025,-0.165149232359412,
0.0536602384113179),(0.984807752744025,-0.165149232359412,0.0536602384113179),
(0.984807752744025,-0.17269691629317,0.0181511773197342),(0.984807752744025,
-0.17269691629317,0.0181511773197342),(0.984807752744025,-0.17364817918787,
0.),(0.984807752744025,-0.17364817918787,0.),(0.984807752744025,-0.17269691629317,
-0.0181511773197341),(0.984807752744025,-0.17269691629317,-0.0181511773197341),
(0.984807752744025,-0.165149232359412,-0.0536602384113178),(0.984807752744025,
-0.165149232359412,-0.0536602384113178),(0.984807752744025,-0.150383734497608,
-0.0868240895939349),(0.984807752744025,-0.150383734497608,-0.0868240895939349),
(0.984807752744025,-0.129045745817037,-0.116193311433091),(0.984807752744025,
-0.129045745817037,-0.116193311433091),(0.984807752744025,-0.102067838814071,
-0.140484328005253),(0.984807752744025,-0.102067838814071,-0.140484328005253),
(0.984807752744025,-0.0706290774790993,-0.158635505324987),(0.984807752744025,
-0.0706290774790993,-0.158635505324987),(0.984807752744025,-0.0361034865423753,
-0.169853549844409),(0.984807752744025,-0.0361034865423753,-0.169853549844409),
(0.984807752744025,0.,-0.17364817918787),(0.984807752744025,0.,-0.17364817918787),
(0.984807752744025,0.,0.17364817918787)),$,(18,20,3,22,5,24,7,26,9,28,11,
30,13,32,15,34,17,33,16,31,14,29,12,27,10,25,8,23,6,21,4,19,2,1),((1,2,
3),(2,4,5),(4,6,7),(6,8,9),(8,10,11),(10,12,13),(12,14,15),(16,17,15),(16,
18,19),(19,17,16),(18,20,21),(20,22,23),(22,24,25),(24,26,27),(26,28,29),
(28,30,31),(30,32,33),(33,31,30),(31,29,28),(29,27,26),(27,25,24),(25,23,
22),(23,21,20),(21,19,18),(15,14,16),(15,13,12),(13,11,10),(11,9,8),(9,
7,6),(7,5,4),(5,3,2),(3,34,1)),());
#400=COMPLEX_TRIANGULATED_FACE($,#432,184,((0.,0.130526192220051,-0.99144486137381),
(0.,0.271440449865073,-0.962455236453648),(0.,0.4067366430758,-0.913545457642601),
(0.,0.533614515915612,-0.845727821703973),(0.,0.649448048330184,-0.760405965600031),
(0.,0.751839807478978,-0.659345815100068),(0.,0.838670567945423,-0.544639035015029),
(0.,0.908143173825081,-0.41865973753743),(0.,0.958819734868193,-0.284015344703924),
(0.,0.98965138681967,-0.14349262199118),(0.,1.,0.),(0.,0.98965138681967,
0.143492621991178),(0.,0.958819734868193,0.284015344703921),(0.,0.908143173825082,
0.418659737537427),(0.,0.838670567945426,0.544639035015024),(0.,0.751839807478979,
0.659345815100067),(0.,0.649448048330186,0.760405965600029),(0.,0.533614515915614,
0.845727821703972),(0.,0.406736643075802,0.9135454576426),(0.,0.271440449865076,
0.962455236453647),(0.,0.130526192220054,0.99144486137381),(0.,0.,1.),(0.167506223304736,
0.,0.985871018518236),(0.4033171544008,0.,0.915060256467322),(0.614678612716473,
0.,0.788777663900894),(0.788777663900889,0.,0.61467861271648),(0.915060256467315,
0.,0.403317154400815),(0.985871018518234,0.,0.167506223304748),(1.,0.,0.),
(1.,0.,0.),(1.,0.,0.),(1.,0.,0.),(1.,0.,0.),(1.,0.,0.),(1.,0.,0.),(1.,0.,
0.),(1.,0.,0.),(1.,0.,0.),(1.,0.,0.),(1.,0.,0.),(1.,0.,0.),(1.,0.,0.),(1.,
0.,0.),(1.,0.,0.),(1.,0.,0.),(1.,0.,0.),(1.,0.,0.),(1.,0.,0.),(1.,0.,0.),
(0.985871018518234,0.,-0.167506223304748),(1.,0.,0.),(0.915060256467315,
0.,-0.403317154400815),(0.788777663900889,0.,-0.61467861271648),(0.614678612716473,
0.,-0.788777663900894),(0.4033171544008,0.,-0.915060256467322),(0.167506223304736,
0.,-0.985871018518236),(0.,0.,-1.),(1.,0.,0.),(0.167506223304735,0.128681990067289,
-0.97743675528727),(0.167506223304735,0.267605272775529,-0.948856724240767),
(0.403317154400802,0.24838436766914,-0.880704535507591),(0.167506223304735,
0.400989868577827,-0.900637990788819),(0.403317154400802,0.372188536927599,
-0.835949140764994),(0.167506223304735,0.52607508630184,-0.833778548972505),
(0.403317154400802,0.488289435788425,-0.773891917429987),(0.167506223304735,
0.640272008881959,-0.749662203793445),(0.403317154400802,0.594284097667219,
-0.695817277901245),(0.167506223304735,0.741217076761854,-0.650029930288441),
(0.403317154400802,0.687978727054054,-0.603341150666124),(0.167506223304735,
0.826821007021623,-0.536943840175054),(0.403317154400802,0.767434104995734,
-0.498377535062965),(0.167506223304735,0.895312035739317,-0.412744501858602),
(0.403317154400802,0.831005725549426,-0.38309888680354),(0.167506223304735,
0.945272588589891,-0.280002497158064),(0.403317154400802,0.877377832494418,
-0.259891154165426),(0.167506223304735,0.975668620701893,-0.141465217392296),
(0.403317154400802,0.905590651836448,-0.131304395480417),(0.167506223304735,
0.985871018518236,0.),(0.403317154400802,0.915060256467321,0.),(0.167506223304735,
0.975668620701893,0.141465217392296),(0.403317154400802,0.905590651836448,
0.131304395480417),(0.167506223304735,0.945272588589891,0.280002497158064),
(0.403317154400802,0.877377832494418,0.259891154165426),(0.167506223304735,
0.895312035739317,0.412744501858602),(0.403317154400802,0.831005725549426,
0.38309888680354),(0.167506223304735,0.826821007021623,0.536943840175054),
(0.403317154400802,0.767434104995734,0.498377535062965),(0.167506223304735,
0.741217076761854,0.650029930288442),(0.403317154400802,0.687978727054054,
0.603341150666124),(0.167506223304735,0.640272008881959,0.749662203793446),
(0.403317154400802,0.594284097667219,0.695817277901246),(0.167506223304735,
0.52607508630184,0.833778548972506),(0.403317154400802,0.488289435788425,
0.773891917429987),(0.167506223304735,0.400989868577827,0.900637990788819),
(0.403317154400802,0.372188536927599,0.835949140764995),(0.167506223304735,
0.267605272775529,0.948856724240768),(0.403317154400802,0.24838436766914,
0.880704535507591),(0.167506223304735,0.128681990067289,0.97743675528727),
(0.403317154400802,0.119439330928583,0.907231789121927),(0.403317154400802,
0.119439330928583,-0.907231789121926),(0.614678612716476,0.21410616393278,
-0.759163193019089),(0.614678612716476,0.320824779148221,-0.720584251946602),
(0.614678612716476,0.420903211287521,-0.66709121549965),(0.614678612716476,
0.512270114386876,-0.599791241162295),(0.614678612716476,0.593034446970964,
-0.520077251737462),(0.614678612716476,0.661524611366426,-0.429599105708389),
(0.614678612716476,0.716323051137289,-0.330229449744133),(0.614678612716476,
0.756295590571406,-0.224024960107567),(0.614678612716476,0.780614908971898,
-0.113183775161216),(0.614678612716476,0.788777663900892,0.),(0.614678612716476,
0.780614908971898,0.113183775161216),(0.614678612716476,0.756295590571406,
0.224024960107567),(0.614678612716476,0.716323051137289,0.330229449744133),
(0.614678612716476,0.661524611366426,0.429599105708389),(0.614678612716476,
0.593034446970964,0.520077251737462),(0.614678612716476,0.512270114386876,
0.599791241162295),(0.614678612716476,0.420903211287521,0.66709121549965),
(0.614678612716476,0.320824779148221,0.720584251946602),(0.614678612716476,
0.21410616393278,0.759163193019089),(0.614678612716476,0.102956144977211,
0.782029561640978),(0.614678612716476,0.102956144977211,-0.782029561640978),
(0.788777663900888,0.166848639158201,-0.59160064954504),(0.788777663900888,
0.250012315506791,-0.561536854557196),(0.788777663900888,0.328001430368385,
-0.519850804180729),(0.788777663900888,0.399201825379023,-0.467405284036363),
(0.788777663900888,0.462139849846204,-0.405285770926127),(0.788777663900888,
0.515512861230836,-0.33477796647428),(0.788777663900888,0.558216186234743,
-0.257341186669752),(0.788777663900888,0.589365984473965,-0.1745781580728),
(0.788777663900888,0.608317541523256,-0.0882018458205885),(0.788777663900888,
0.614678612716481,0.),(0.788777663900888,0.608317541523256,0.0882018458205885),
(0.788777663900888,0.589365984473965,0.1745781580728),(0.788777663900888,
0.558216186234743,0.257341186669752),(0.788777663900888,0.515512861230836,
0.33477796647428),(0.788777663900888,0.462139849846204,0.405285770926128),
(0.788777663900888,0.399201825379023,0.467405284036363),(0.788777663900888,
0.328001430368385,0.51985080418073),(0.788777663900888,0.250012315506791,
0.561536854557197),(0.788777663900888,0.166848639158201,0.591600649545041),
(0.788777663900888,0.0802316587569859,0.609419951974138),(0.788777663900888,
0.080231658756986,-0.609419951974137),(0.915060256467315,0.109476589828859,
-0.388174707204649),(0.915060256467315,0.164043865475872,-0.368448554392204),
(0.915060256467315,0.215215888106053,-0.341096538447246),(0.915060256467315,
0.261933538783693,-0.306684770235209),(0.915060256467315,0.303229891717678,
-0.265925477912246),(0.915060256467315,0.338250226943464,-0.219662265777867),
(0.915060256467315,0.366269720655657,-0.168852654005788),(0.915060256467315,
0.386708447050384,-0.114548260632153),(0.915060256467315,0.39914338118093,
-0.0578730359789943),(0.915060256467315,0.403317154400815,0.),(0.915060256467315,
0.39914338118093,0.0578730359789943),(0.915060256467315,0.386708447050384,
0.114548260632153),(0.915060256467315,0.366269720655657,0.168852654005788),
(0.915060256467315,0.338250226943464,0.219662265777867),(0.915060256467315,
0.303229891717678,0.265925477912246),(0.915060256467315,0.261933538783693,
0.306684770235209),(0.915060256467315,0.215215888106053,0.341096538447247),
(0.915060256467315,0.164043865475872,0.368448554392204),(0.915060256467315,
0.109476589828859,0.388174707204649),(0.915060256467315,0.052643452420965,
0.399866720234596),(0.915060256467315,0.052643452420965,-0.399866720234596),
(0.985871018518234,0.0454679646090403,-0.161217241758228),(0.985871018518234,
0.0681309189612784,-0.153024549426919),(0.985871018518234,0.0893837522616152,
-0.141664673357384),(0.985871018518234,0.108786589808428,-0.127372731476061),
(0.985871018518234,0.125937846680972,-0.110444527339203),(0.985871018518234,
0.140482539433386,-0.0912304278197094),(0.985871018518234,0.152119633267426,
-0.0701281114846515),(0.985871018518234,0.16060827261783,-0.0475743377519501),
(0.985871018518234,0.165772766194469,-0.0240359071818382),(0.985871018518234,
0.167506223304748,0.),(0.985871018518234,0.165772766194469,0.0240359071818382),
(0.985871018518234,0.16060827261783,0.0475743377519501),(0.985871018518234,
0.152119633267426,0.0701281114846515),(0.985871018518234,0.140482539433386,
0.0912304278197094),(0.985871018518234,0.125937846680972,0.110444527339203),
(0.985871018518234,0.108786589808428,0.127372731476061),(0.985871018518234,
0.0893837522616152,0.141664673357384),(0.985871018518234,0.0681309189612784,
0.153024549426919),(0.985871018518234,0.0454679646090403,0.161217241758228),
(0.985871018518234,0.0218639495011304,0.166073184343626),(0.985871018518234,
0.0218639495011303,-0.166073184343626)),$,(182,180,178,176,174,172,170,
168,166,164,162,163,165,167,169,171,173,175,177,179,181,183,160,137,114,
91,68,45,22,20,18,16,14,12,10,8,6,4,2,1,3,5,7,9,11,13,15,17,19,46,21,69,
92,115,138,161,184,23,158,157,134,155,132,153,130,151,128,149,126,147,124,
145,122,143,120,141,118,139,116,140,117,142,119,144,121,146,123,148,125,
150,127,152,129,154,131,156,133,159,135,136,111,109,107,105,103,101,99,
97,95,93,94,96,98,100,102,104,106,108,110,113,112,88,86,84,82,80,78,76,
74,72,70,71,73,75,77,79,81,83,85,87,90,89,65,63,61,59,57,55,53,51,49,47,
48,50,52,54,56,58,60,62,64,66,67,42,40,38,36,34,32,30,28,26,24,25,27,29,
31,33,35,37,39,41,43,44),((59,60,61),(60,62,63),(62,64,65),(64,66,67),(66,
68,69),(68,70,71),(70,72,73),(72,74,75),(74,76,77),(76,78,79),(78,80,81),
(80,82,83),(82,84,85),(84,86,87),(86,88,89),(88,90,91),(90,92,93),(92,94,
95),(94,96,97),(96,98,99),(100,61,101),(61,63,102),(63,65,103),(65,67,104),
(67,69,105),(69,71,106),(71,73,107),(73,75,108),(75,77,109),(77,79,110),
(79,81,111),(81,83,112),(83,85,113),(85,87,114),(87,89,115),(89,91,116),
(91,93,117),(93,95,118),(95,97,119),(97,99,120),(121,101,122),(101,102,
123),(102,103,124),(103,104,125),(104,105,126),(105,106,127),(106,107,128),
(107,108,129),(108,109,130),(109,110,131),(110,111,132),(111,112,133),(112,
113,134),(113,114,135),(114,115,136),(115,116,137),(116,117,138),(117,118,
139),(118,119,140),(119,120,141),(142,122,143),(122,123,144),(123,124,145),
(124,125,146),(125,126,147),(126,127,148),(127,128,149),(128,129,150),(129,
130,151),(130,131,152),(131,132,153),(132,133,154),(133,134,155),(134,135,
156),(135,136,157),(136,137,158),(137,138,159),(138,139,160),(139,140,161),
(140,141,162),(163,143,164),(143,144,165),(144,145,166),(145,146,167),(146,
147,168),(147,148,169),(148,149,170),(149,150,171),(150,151,172),(151,152,
173),(152,153,174),(153,154,175),(154,155,176),(155,156,177),(156,157,178),
(157,158,179),(158,159,180),(159,160,181),(160,161,182),(161,162,183),(1,
2,60),(2,3,62),(3,4,64),(4,5,66),(5,6,68),(6,7,70),(7,8,72),(8,9,74),(9,
10,76),(10,11,78),(11,12,80),(12,13,82),(13,14,84),(14,15,86),(15,16,88),
(16,17,90),(17,18,92),(18,19,94),(19,20,96),(20,21,98),(21,22,23),(98,23,
24),(99,24,25),(120,25,26),(141,26,27),(162,27,28),(183,28,29),(182,183,
30),(181,182,31),(180,181,32),(179,180,33),(178,179,34),(177,178,35),(176,
177,36),(175,176,37),(174,175,38),(173,174,39),(172,173,40),(171,172,41),
(170,171,42),(169,170,43),(168,169,44),(167,168,45),(166,167,46),(165,166,
47),(164,165,48),(184,164,49),(50,184,51),(52,163,184),(53,142,163),(54,
121,142),(55,100,121),(56,59,100),(57,1,59),(59,56,57),(100,55,56),(121,
54,55),(142,53,54),(163,52,53),(184,50,52),(51,58,50),(49,51,184),(48,49,
164),(47,48,165),(46,47,166),(45,46,167),(44,45,168),(43,44,169),(42,43,
170),(41,42,171),(40,41,172),(39,40,173),(38,39,174),(37,38,175),(36,37,
176),(35,36,177),(34,35,178),(33,34,179),(32,33,180),(31,32,181),(30,31,
182),(29,30,183),(28,183,162),(27,162,141),(26,141,120),(25,120,99),(24,
99,98),(23,98,21),(98,96,20),(96,94,19),(94,92,18),(92,90,17),(90,88,16),
(88,86,15),(86,84,14),(84,82,13),(82,80,12),(80,78,11),(78,76,10),(76,74,
9),(74,72,8),(72,70,7),(70,68,6),(68,66,5),(66,64,4),(64,62,3),(62,60,2),
(60,59,1),(183,182,161),(182,181,160),(181,180,159),(180,179,158),(179,
178,157),(178,177,156),(177,176,155),(176,175,154),(175,174,153),(174,173,
152),(173,172,151),(172,171,150),(171,170,149),(170,169,148),(169,168,147),
(168,167,146),(167,166,145),(166,165,144),(165,164,143),(164,184,163),(162,
161,140),(161,160,139),(160,159,138),(159,158,137),(158,157,136),(157,156,
135),(156,155,134),(155,154,133),(154,153,132),(153,152,131),(152,151,130),
(151,150,129),(150,149,128),(149,148,127),(148,147,126),(147,146,125),(146,
145,124),(145,144,123),(144,143,122),(143,163,142),(141,140,119),(140,139,
118),(139,138,117),(138,137,116),(137,136,115),(136,135,114),(135,134,113),
(134,133,112),(133,132,111),(132,131,110),(131,130,109),(130,129,108),(129,
128,107),(128,127,106),(127,126,105),(126,125,104),(125,124,103),(124,123,
102),(123,122,101),(122,142,121),(120,119,97),(119,118,95),(118,117,93),
(117,116,91),(116,115,89),(115,114,87),(114,113,85),(113,112,83),(112,111,
81),(111,110,79),(110,109,77),(109,108,75),(108,107,73),(107,106,71),(106,
105,69),(105,104,67),(104,103,65),(103,102,63),(102,101,61),(101,121,100),
(99,97,96),(97,95,94),(95,93,92),(93,91,90),(91,89,88),(89,87,86),(87,85,
84),(85,83,82),(83,81,80),(81,79,78),(79,77,76),(77,75,74),(75,73,72),(73,
71,70),(71,69,68),(69,67,66),(67,65,64),(65,63,62),(63,61,60),(61,100,59)),
());
#401=COMPLEX_TRIANGULATED_FACE($,#433,194,((-1.,0.,0.),(-1.,0.,0.),(-1.,
0.,0.),(-1.,0.,0.),(-1.,0.,0.),(-1.,0.,0.),(-1.,0.,0.),(-1.,0.,0.),(-1.,
0.,0.),(-1.,0.,0.),(-1.,0.,0.),(-1.,0.,0.),(-0.985871018518237,0.,-0.167506223304727),
(-0.915060256467321,0.,-0.403317154400802),(-0.788777663900895,0.,-0.614678612716473),
(-0.614678612716478,0.,-0.788777663900891),(-0.403317154400801,0.,-0.915060256467321),
(-0.167506223304731,0.,-0.985871018518237),(0.,0.,-1.),(0.,-0.11909716009487,
-0.992882604569813),(0.,-0.254770725683382,-0.967001487762435),(0.,-0.385583992277396,
-0.922672739870115),(0.,-0.509041415750372,-0.860742027003943),(0.,-0.622787780488113,
-0.782390810576588),(0.,-0.724653130187047,-0.689113808387348),(0.,-0.812694164433094,
-0.582690479668576),(0.,-0.885231311332455,-0.465151078077459),(0.,-0.940880768954225,
-0.338737920245292),(0.,-0.978580904325472,-0.205862608769882),(0.,-0.997612506361225,
-0.0690600257144062),(0.,-1.,0.),(0.,-0.997612506361225,0.0690600257144054),
(0.,-0.978580904325472,0.205862608769881),(0.,-0.940880768954226,0.33873792024529),
(0.,-0.885231311332456,0.465151078077458),(0.,-0.812694164433094,0.582690479668577),
(0.,-0.724653130187047,0.689113808387348),(0.,-0.622787780488113,0.782390810576587),
(0.,-0.509041415750371,0.860742027003944),(0.,-0.385583992277396,0.922672739870115),
(0.,-0.254770725683382,0.967001487762435),(-0.167506223304731,0.,0.985871018518237),
(0.,-0.11909716009487,0.992882604569813),(-0.403317154400801,0.,0.915060256467321),
(-0.614678612716478,0.,0.788777663900891),(-0.788777663900895,0.,0.614678612716473),
(-0.915060256467321,0.,0.403317154400802),(-0.985871018518237,0.,0.167506223304727),
(-1.,0.,0.),(-1.,0.,0.),(-1.,0.,0.),(-1.,0.,0.),(-1.,0.,0.),(-1.,0.,0.),
(-1.,0.,0.),(-1.,0.,0.),(-1.,0.,0.),(-1.,0.,0.),(-1.,0.,0.),(-1.,0.,0.),
(-1.,0.,0.),(0.,0.,1.),(-0.985871018518238,-0.0199495154938101,0.16631401527645),
(-0.985871018518238,-0.0426756820678279,0.161978767145138),(-0.915060256467321,
-0.102753404107249,0.390008288345687),(-0.985871018518238,-0.0645877183131457,
0.154553426001868),(-0.915060256467321,-0.15551263854782,0.372129743887606),
(-0.985871018518238,-0.085267605058036,0.144179646183086),(-0.915060256467321,
-0.205305135272595,0.347152025004409),(-0.985871018518238,-0.104320829029897,
0.131055329828008),(-0.915060256467321,-0.251180995422057,0.315551635351086),
(-0.985871018518238,-0.121383909043581,0.115430851470102),(-0.915060256467321,
-0.292265038394673,0.277931420257085),(-0.985871018518238,-0.136131330185978,
0.0976042816049028),(-0.915060256467321,-0.327773497797293,0.235009066156368),
(-0.985871018518238,-0.14828175371239,0.0779157003548771),(-0.915060256467321,
-0.357028973473096,0.187603409176666),(-0.985871018518238,-0.15760338418757,
0.0567407097103865),(-0.915060256467321,-0.379473354365057,0.136618814080977),
(-0.985871018518238,-0.163918391481684,0.0344832681147013),(-0.915060256467321,
-0.394678465683513,0.083027921566594),(-0.985871018518238,-0.167106303262132,
0.0115679840887474),(-0.915060256467321,-0.402354237260261,0.0278530930539802),
(-0.985871018518238,-0.167106303262132,-0.0115679840887475),(-0.915060256467321,
-0.402354237260261,-0.0278530930539805),(-0.985871018518238,-0.163918391481684,
-0.0344832681147014),(-0.915060256467321,-0.394678465683513,-0.0830279215665942),
(-0.985871018518238,-0.15760338418757,-0.0567407097103866),(-0.915060256467321,
-0.379473354365056,-0.136618814080977),(-0.985871018518238,-0.14828175371239,
-0.0779157003548772),(-0.915060256467321,-0.357028973473096,-0.187603409176666),
(-0.985871018518238,-0.136131330185978,-0.0976042816049029),(-0.915060256467321,
-0.327773497797293,-0.235009066156368),(-0.985871018518238,-0.121383909043581,
-0.115430851470102),(-0.915060256467321,-0.292265038394673,-0.277931420257085),
(-0.985871018518238,-0.104320829029897,-0.131055329828008),(-0.915060256467321,
-0.251180995422057,-0.315551635351086),(-0.985871018518238,-0.0852676050580359,
-0.144179646183086),(-0.915060256467321,-0.205305135272595,-0.347152025004409),
(-0.985871018518238,-0.0645877183131455,-0.154553426001868),(-0.915060256467321,
-0.15551263854782,-0.372129743887606),(-0.985871018518238,-0.0426756820678278,
-0.161978767145137),(-0.915060256467321,-0.102753404107249,-0.390008288345687),
(-0.985871018518238,-0.0199495154938099,-0.16631401527645),(-0.915060256467321,
-0.0480339277066793,-0.400446586729154),(-0.915060256467321,-0.0480339277066796,
0.400446586729154),(-0.788777663900894,-0.156602116223831,0.59439513299258),
(-0.788777663900894,-0.23701023345875,0.56714719973467),(-0.788777663900894,
-0.312896871248668,0.529079715065549),(-0.788777663900894,-0.382814328927205,
0.480918898047334),(-0.788777663900894,-0.445428780764024,0.423583519743301),
(-0.788777663900894,-0.499545721556508,0.358167375685777),(-0.788777663900894,
-0.544132754383018,0.285918419376224),(-0.788777663900894,-0.578339285792392,
0.208214954890839),(-0.788777663900894,-0.601512752701613,0.126539342768865),
(-0.788777663900894,-0.613211071438722,0.0424497208002948),(-0.788777663900894,
-0.613211071438722,-0.0424497208002951),(-0.788777663900894,-0.601512752701613,
-0.126539342768865),(-0.788777663900894,-0.578339285792392,-0.208214954890839),
(-0.788777663900894,-0.544132754383018,-0.285918419376224),(-0.788777663900894,
-0.499545721556507,-0.358167375685777),(-0.788777663900894,-0.445428780764024,
-0.423583519743301),(-0.788777663900894,-0.382814328927204,-0.480918898047334),
(-0.788777663900894,-0.312896871248667,-0.529079715065549),(-0.788777663900894,
-0.237010233458749,-0.56714719973467),(-0.788777663900894,-0.15660211622383,
-0.594395132992579),(-0.788777663900894,-0.0732064771455859,-0.610303701967292),
(-0.788777663900894,-0.0732064771455863,0.610303701967292),(-0.614678612716478,
-0.200957457834873,0.762749174505939),(-0.614678612716478,-0.304140040666144,
0.727783648299783),(-0.614678612716478,-0.40152049874438,0.678934085281488),
(-0.614678612716478,-0.491241090599434,0.617132395824125),(-0.614678612716478,
-0.571590203167407,0.543557579941619),(-0.614678612716478,-0.641035004487422,
0.459613235330269),(-0.614678612716478,-0.698250685764736,0.366900780726918),
(-0.614678612716478,-0.742145734944987,0.267188905405727),(-0.614678612716478,
-0.771882759651867,0.16237982763005),(-0.614678612716478,-0.786894462245919,
0.0544730057519442),(-0.614678612716478,-0.786894462245919,-0.0544730057519447),
(-0.614678612716478,-0.771882759651867,-0.16237982763005),(-0.614678612716478,
-0.742145734944987,-0.267188905405727),(-0.614678612716478,-0.698250685764736,
-0.366900780726919),(-0.614678612716478,-0.641035004487422,-0.459613235330269),
(-0.614678612716478,-0.571590203167406,-0.543557579941619),(-0.614678612716478,
-0.491241090599434,-0.617132395824125),(-0.614678612716478,-0.401520498744379,
-0.678934085281488),(-0.614678612716478,-0.304140040666143,-0.727783648299783),
(-0.614678612716478,-0.200957457834872,-0.762749174505939),(-0.614678612716478,
-0.0939411797168612,-0.783163621360409),(-0.614678612716478,-0.0939411797168618,
0.78316362136041),(-0.403317154400803,-0.233130565584201,0.884864629396175),
(-0.403317154400803,-0.352832586863048,0.844301153980953),(-0.403317154400803,
-0.465803568449023,0.78763081998243),(-0.403317154400803,-0.569888346138166,
0.715934735783888),(-0.403317154400803,-0.663101279158806,0.630580658238099),
(-0.403317154400803,-0.743664130535642,0.533196899766593),(-0.403317154400803,
-0.810039990780779,0.42564126480161),(-0.403317154400803,-0.860962597744424,
0.309965608174863),(-0.403317154400803,-0.895460493286089,0.188376691577999),
(-0.403317154400803,-0.912875555925909,0.0631940848418636),(-0.403317154400803,
-0.912875555925909,-0.0631940848418642),(-0.403317154400803,-0.895460493286089,
-0.188376691578),(-0.403317154400803,-0.860962597744423,-0.309965608174864),
(-0.403317154400803,-0.810039990780779,-0.42564126480161),(-0.403317154400803,
-0.743664130535642,-0.533196899766594),(-0.403317154400803,-0.663101279158805,
-0.630580658238099),(-0.403317154400803,-0.569888346138165,-0.715934735783888),
(-0.403317154400803,-0.465803568449022,-0.78763081998243),(-0.403317154400803,
-0.352832586863047,-0.844301153980953),(-0.403317154400803,-0.233130565584201,
-0.884864629396174),(-0.403317154400803,-0.10898107786094,-0.908547410779595),
(-0.403317154400803,-0.108981077860941,0.908547410779595),(-0.167506223304731,
-0.251171074818106,0.953338741649002),(-0.167506223304731,-0.380136083190845,
0.909636313814762),(-0.167506223304731,-0.501849179013784,0.848580618843829),
(-0.167506223304731,-0.613988423470528,0.77133642530245),(-0.167506223304731,
-0.714414519529932,0.679377332149816),(-0.167506223304731,-0.801211623633482,
0.574457656671739),(-0.167506223304731,-0.872723894527562,0.458578967109079),
(-0.167506223304731,-0.927587081993124,0.333951898442974),(-0.167506223304731,
-0.96475455284985,0.202953979782784),(-0.167506223304731,-0.983517257732872,
0.0680842778899565),(-0.167506223304731,-0.983517257732872,-0.0680842778899572),
(-0.167506223304731,-0.96475455284985,-0.202953979782784),(-0.167506223304731,
-0.927587081993124,-0.333951898442975),(-0.167506223304731,-0.872723894527561,
-0.45857896710908),(-0.167506223304731,-0.801211623633481,-0.574457656671739),
(-0.167506223304731,-0.714414519529931,-0.679377332149816),(-0.167506223304731,
-0.613988423470527,-0.77133642530245),(-0.167506223304731,-0.501849179013783,
-0.848580618843829),(-0.167506223304731,-0.380136083190844,-0.909636313814762),
(-0.167506223304731,-0.251171074818106,-0.953338741649002),(-0.167506223304731,
-0.117414438525358,-0.978854184636281),(-0.167506223304731,-0.117414438525359,
0.978854184636282)),$,(193,190,188,186,184,182,181,179,177,175,173,171,
147,123,99,75,51,27,2,4,6,8,10,12,13,15,17,19,21,24,25,23,22,20,18,16,14,
11,9,7,5,26,3,50,74,98,122,146,170,172,174,176,178,180,183,185,187,189,
191,192,194,1,149,151,127,153,129,155,131,157,133,159,135,161,137,163,139,
165,141,167,143,168,145,169,144,166,142,164,140,162,138,160,136,158,134,
156,132,154,130,152,128,150,126,148,124,125,103,105,107,109,111,113,115,
117,119,120,121,118,116,114,112,110,108,106,104,102,100,101,79,81,83,85,
87,89,91,93,95,96,97,94,92,90,88,86,84,82,80,78,76,77,55,57,59,61,63,65,
67,69,71,73,72,70,68,66,64,62,60,58,56,54,52,53,31,33,35,37,39,41,43,45,
47,49,48,46,44,42,40,38,36,34,32,30,28,29),((63,64,65),(64,66,67),(66,68,
69),(68,70,71),(70,72,73),(72,74,75),(74,76,77),(76,78,79),(78,80,81),(80,
82,83),(82,84,85),(84,86,87),(86,88,89),(88,90,91),(90,92,93),(92,94,95),
(94,96,97),(96,98,99),(98,100,101),(100,102,103),(102,104,105),(106,65,
107),(65,67,108),(67,69,109),(69,71,110),(71,73,111),(73,75,112),(75,77,
113),(77,79,114),(79,81,115),(81,83,116),(83,85,117),(85,87,118),(87,89,
119),(89,91,120),(91,93,121),(93,95,122),(95,97,123),(97,99,124),(99,101,
125),(101,103,126),(103,105,127),(128,107,129),(107,108,130),(108,109,131),
(109,110,132),(110,111,133),(111,112,134),(112,113,135),(113,114,136),(114,
115,137),(115,116,138),(116,117,139),(117,118,140),(118,119,141),(119,120,
142),(120,121,143),(121,122,144),(122,123,145),(123,124,146),(124,125,147),
(125,126,148),(126,127,149),(150,129,151),(129,130,152),(130,131,153),(131,
132,154),(132,133,155),(133,134,156),(134,135,157),(135,136,158),(136,137,
159),(137,138,160),(138,139,161),(139,140,162),(140,141,163),(141,142,164),
(142,143,165),(143,144,166),(144,145,167),(145,146,168),(146,147,169),(147,
148,170),(148,149,171),(172,151,173),(151,152,174),(152,153,175),(153,154,
176),(154,155,177),(155,156,178),(156,157,179),(157,158,180),(158,159,181),
(159,160,182),(160,161,183),(161,162,184),(162,163,185),(163,164,186),(164,
165,187),(165,166,188),(166,167,189),(167,168,190),(168,169,191),(169,170,
192),(170,171,193),(1,2,86),(2,3,88),(3,4,90),(4,5,92),(5,6,94),(6,7,96),
(7,8,98),(8,9,100),(9,10,102),(10,11,104),(11,12,13),(104,13,14),(105,14,
15),(127,15,16),(149,16,17),(171,17,18),(193,18,19),(192,193,20),(191,192,
21),(190,191,22),(189,190,23),(188,189,24),(187,188,25),(186,187,26),(185,
186,27),(184,185,28),(183,184,29),(183,30,31),(31,182,183),(181,182,32),
(180,181,33),(179,180,34),(178,179,35),(177,178,36),(176,177,37),(175,176,
38),(174,175,39),(173,174,40),(194,173,41),(42,194,43),(44,172,194),(45,
150,172),(46,128,150),(47,106,128),(48,63,106),(49,50,63),(50,51,64),(51,
52,66),(52,53,68),(53,54,70),(54,55,72),(55,56,74),(56,57,76),(57,58,78),
(58,59,80),(59,60,82),(84,82,61),(82,60,61),(61,1,84),(82,80,59),(80,78,
58),(78,76,57),(76,74,56),(74,72,55),(72,70,54),(70,68,53),(68,66,52),(66,
64,51),(64,63,50),(63,48,49),(106,47,48),(128,46,47),(150,45,46),(172,44,
45),(194,42,44),(43,62,42),(41,43,194),(40,41,173),(39,40,174),(38,39,175),
(37,38,176),(36,37,177),(35,36,178),(34,35,179),(33,34,180),(32,33,181),
(31,32,182),(29,30,183),(28,29,184),(27,28,185),(26,27,186),(25,26,187),
(24,25,188),(23,24,189),(22,23,190),(21,22,191),(20,21,192),(19,20,193),
(18,193,171),(17,171,149),(16,149,127),(15,127,105),(14,105,104),(13,104,
11),(104,102,10),(102,100,9),(100,98,8),(98,96,7),(96,94,6),(94,92,5),(92,
90,4),(90,88,3),(88,86,2),(86,84,1),(193,192,170),(192,191,169),(191,190,
168),(190,189,167),(189,188,166),(188,187,165),(187,186,164),(186,185,163),
(185,184,162),(184,183,161),(183,182,160),(182,181,159),(181,180,158),(180,
179,157),(179,178,156),(178,177,155),(177,176,154),(176,175,153),(175,174,
152),(174,173,151),(173,194,172),(171,170,148),(170,169,147),(169,168,146),
(168,167,145),(167,166,144),(166,165,143),(165,164,142),(164,163,141),(163,
162,140),(162,161,139),(161,160,138),(160,159,137),(159,158,136),(158,157,
135),(157,156,134),(156,155,133),(155,154,132),(154,153,131),(153,152,130),
(152,151,129),(151,172,150),(149,148,126),(148,147,125),(147,146,124),(146,
145,123),(145,144,122),(144,143,121),(143,142,120),(142,141,119),(141,140,
118),(140,139,117),(139,138,116),(138,137,115),(137,136,114),(136,135,113),
(135,134,112),(134,133,111),(133,132,110),(132,131,109),(131,130,108),(130,
129,107),(129,150,128),(127,126,103),(126,125,101),(125,124,99),(124,123,
97),(123,122,95),(122,121,93),(121,120,91),(120,119,89),(119,118,87),(118,
117,85),(117,116,83),(116,115,81),(115,114,79),(114,113,77),(113,112,75),
(112,111,73),(111,110,71),(110,109,69),(109,108,67),(108,107,65),(107,128,
106),(105,103,102),(103,101,100),(101,99,98),(99,97,96),(97,95,94),(95,
93,92),(93,91,90),(91,89,88),(89,87,86),(87,85,84),(85,83,82),(83,81,80),
(81,79,78),(79,77,76),(77,75,74),(75,73,72),(73,71,70),(71,69,68),(69,67,
66),(67,65,64),(65,106,63)),());
#402=COMPLEX_TRIANGULATED_FACE($,#434,34,((-0.9848077530421,0.,-0.173648177497406),
(-0.9848077530421,-0.0361034861909081,-0.169853548190886),(-0.9848077530421,
-0.0361034861909081,-0.169853548190886),(-0.9848077530421,-0.0706290767915257,
-0.158635503780672),(-0.9848077530421,-0.0706290767915257,-0.158635503780672),
(-0.9848077530421,-0.102067837820441,-0.140484326637639),(-0.9848077530421,
-0.102067837820441,-0.140484326637639),(-0.9848077530421,-0.129045744560778,
-0.11619331030195),(-0.9848077530421,-0.129045744560778,-0.11619331030195),
(-0.9848077530421,-0.150383733033623,-0.0868240887487031),(-0.9848077530421,
-0.150383733033623,-0.0868240887487031),(-0.9848077530421,-0.165149230751686,
-0.0536602378889359),(-0.9848077530421,-0.165149230751686,-0.0536602378889359),
(-0.9848077530421,-0.172696914611967,-0.0181511771430326),(-0.9848077530421,
-0.172696914611967,-0.0181511771430326),(-0.9848077530421,-0.173648177497406,
0.),(-0.9848077530421,-0.173648177497406,0.),(-0.9848077530421,-0.172696914611967,
0.0181511771430326),(-0.9848077530421,-0.172696914611967,0.0181511771430326),
(-0.9848077530421,-0.165149230751686,0.0536602378889358),(-0.9848077530421,
-0.165149230751686,0.0536602378889358),(-0.9848077530421,-0.150383733033623,
0.0868240887487031),(-0.9848077530421,-0.150383733033623,0.0868240887487031),
(-0.9848077530421,-0.129045744560778,0.11619331030195),(-0.9848077530421,
-0.129045744560778,0.11619331030195),(-0.9848077530421,-0.102067837820441,
0.140484326637639),(-0.9848077530421,-0.102067837820441,0.140484326637639),
(-0.9848077530421,-0.0706290767915258,0.158635503780672),(-0.9848077530421,
-0.0706290767915258,0.158635503780672),(-0.9848077530421,-0.0361034861909082,
0.169853548190886),(-0.9848077530421,-0.0361034861909082,0.169853548190886),
(-0.9848077530421,0.,0.173648177497406),(-0.9848077530421,0.,0.173648177497406),
(-0.9848077530421,0.,-0.173648177497406)),$,(1,3,20,5,22,7,24,9,26,12,29,
14,31,16,33,17,34,15,32,13,30,11,28,10,27,8,25,6,23,4,21,2,19,18),((1,2,
3),(2,4,5),(4,6,7),(6,8,9),(8,10,11),(10,12,13),(12,14,15),(16,17,15),(16,
18,19),(19,17,16),(18,20,21),(20,22,23),(22,24,25),(24,26,27),(26,28,29),
(28,30,31),(30,32,33),(33,31,30),(31,29,28),(29,27,26),(27,25,24),(25,23,
22),(23,21,20),(21,19,18),(15,14,16),(15,13,12),(13,11,10),(11,9,8),(9,
7,6),(7,5,4),(5,3,2),(3,34,1)),());
#403=COMPLEX_TRIANGULATED_FACE($,#435,34,((0.,0.20791169081776,-0.978147600733806),
(0.,0.,-1.),(0.,0.,-1.),(0.,0.406736643075801,-0.913545457642601),(0.,0.20791169081776,
-0.978147600733806),(0.,0.587785252292473,-0.809016994374947),(0.,0.406736643075801,
-0.913545457642601),(0.,0.743144825477395,-0.669130606358858),(0.,0.587785252292473,
-0.809016994374947),(0.,0.866025403784439,-0.499999999999999),(0.,0.743144825477395,
-0.669130606358858),(0.,0.951056516295154,-0.309016994374947),(0.,0.866025403784439,
-0.499999999999999),(0.,0.994521895368273,-0.104528463267653),(0.,0.951056516295154,
-0.309016994374947),(0.,1.,0.),(0.,0.994521895368273,0.104528463267654),
(0.,0.994521895368273,0.104528463267654),(0.,1.,0.),(0.,0.994521895368273,
-0.104528463267653),(0.,0.951056516295154,0.309016994374948),(0.,0.866025403784438,
0.5),(0.,0.951056516295154,0.309016994374948),(0.,0.743144825477394,0.669130606358858),
(0.,0.866025403784438,0.5),(0.,0.587785252292473,0.809016994374948),(0.,
0.743144825477394,0.669130606358858),(0.,0.4067366430758,0.913545457642601),
(0.,0.587785252292473,0.809016994374948),(0.,0.207911690817759,0.978147600733806),
(0.,0.4067366430758,0.913545457642601),(0.,0.,1.),(0.,0.207911690817759,
0.978147600733806),(0.,0.,1.)),$,(15,16,33,14,31,13,29,12,27,11,25,10,23,
9,21,18,19,2,1,20,3,4,22,5,24,6,26,7,28,8,30,17,32,34),((1,2,3),(4,1,5),
(6,4,7),(8,6,9),(10,8,11),(12,10,13),(14,12,15),(16,17,18),(16,19,14),(14,
20,16),(21,18,17),(22,21,23),(24,22,25),(26,24,27),(28,26,29),(30,28,31),
(32,30,33),(33,34,32),(31,33,30),(29,31,28),(27,29,26),(25,27,24),(23,25,
22),(17,23,21),(18,19,16),(15,20,14),(13,15,12),(11,13,10),(9,11,8),(7,
9,6),(5,7,4),(3,5,1)),());
#404=COMPLEX_TRIANGULATED_FACE($,#436,115,((0.,-0.130526192220052,-0.99144486137381),
(0.,-0.271440449865075,-0.962455236453647),(0.,-0.406736643075801,-0.913545457642601),
(0.,-0.533614515915612,-0.845727821703973),(0.,-0.649448048330184,-0.760405965600031),
(0.,-0.751839807478977,-0.659345815100069),(0.,-0.838670567945424,-0.544639035015027),
(0.,-0.908143173825081,-0.418659737537428),(0.,-0.958819734868193,-0.284015344703922),
(0.,-0.98965138681967,-0.143492621991179),(0.,-1.,0.),(0.,-0.98965138681967,
0.143492621991179),(0.,-0.958819734868193,0.284015344703923),(0.,-0.908143173825081,
0.418659737537428),(0.,-0.838670567945424,0.544639035015027),(0.,-0.751839807478978,
0.659345815100069),(0.,-0.649448048330184,0.760405965600031),(0.,-0.533614515915612,
0.845727821703973),(0.,-0.4067366430758,0.913545457642601),(0.,-0.271440449865074,
0.962455236453647),(-0.201980205951614,0.,0.979389603990028),(0.,-0.130526192220052,
0.99144486137381),(-0.436724333101916,0.,0.899595385090812),(-0.644622175849676,
0.,0.764501308306813),(-0.785750388748712,0.,0.618543714365644),(-0.785750388748712,
-0.0807361557577947,0.613251987142888),(-0.785750388748713,-0.167897784088624,
0.595320636866703),(-0.785750388748713,-0.251584393976719,0.565067800612116),
(-0.785750388748713,-0.330063904713867,0.52311962817914),(-0.785750388748713,
-0.40171200810167,0.470344330388037),(-0.785750388748713,-0.465045787125997,
0.407834209523439),(-0.785750388748712,-0.518754408226108,0.336883051706715),
(-0.785750388748713,-0.56172625191357,0.258959349111746),(-0.785750388748712,
-0.593071920212455,0.175675906250003),(-0.785750388748713,-0.612142644730549,
0.0887564593904893),(-0.785750388748712,-0.618543714365644,0.),(-0.785750388748713,
-0.612142644730549,-0.0887564593904892),(-0.785750388748713,-0.593071920212454,
-0.175675906250003),(-0.785750388748711,-0.561726251913572,-0.258959349111747),
(-0.785750388748712,-0.518754408226108,-0.336883051706715),(-0.785750388748713,
-0.465045787125997,-0.407834209523439),(-0.785750388748712,-0.401712008101671,
-0.470344330388037),(-0.785750388748712,-0.330063904713868,-0.523119628179141),
(-0.785750388748713,-0.251584393976719,-0.565067800612116),(-0.785750388748713,
-0.167897784088625,-0.595320636866703),(-0.785750388748712,-0.0807361557577952,
-0.613251987142888),(-0.644622175849676,0.,-0.764501308306813),(-0.436724333101916,
0.,-0.899595385090812),(-0.201980205951614,0.,-0.979389603990028),(0.,0.,
-1.),(-0.785750389230693,0.,-0.618543713753373),(0.,0.,1.),(-0.644622175849676,
-0.0997874447205361,0.757960893634345),(-0.644622175849676,-0.207516579049239,
0.735798287455557),(-0.436724333101916,-0.244186576025595,0.865820289070188),
(-0.644622175849676,-0.310950695767771,0.698406697565515),(-0.436724333101916,
-0.365898407058319,0.821821277765958),(-0.644622175849676,-0.407948995548992,
0.646560026164159),(-0.436724333101916,-0.480037155935152,0.7608128454478),
(-0.644622175849676,-0.496503882625732,0.581331355545529),(-0.436724333101916,
-0.584240467134068,0.684057697449311),(-0.644622175849676,-0.574782516454821,
0.504070738270625),(-0.436724333101916,-0.676351621135653,0.593144452442962),
(-0.644622175849676,-0.641164746432695,0.416377254823948),(-0.436724333101916,
-0.754464172535194,0.489954762439832),(-0.644622175849676,-0.694276644519177,
0.320065917082751),(-0.436724333101916,-0.816961408174767,0.376624367812001),
(-0.644622175849676,-0.733018941737126,0.217130102605359),(-0.436724333101916,
-0.862549808621423,0.255498893390625),(-0.644622175849676,-0.75658977999129,
0.109700297244632),(-0.436724333101916,-0.890285820431698,0.129085300537845),
(-0.644622175849676,-0.764501308306814,0.),(-0.436724333101916,-0.899595385090812,
0.),(-0.644622175849676,-0.75658977999129,-0.109700297244632),(-0.436724333101916,
-0.890285820431698,-0.129085300537845),(-0.644622175849676,-0.733018941737126,
-0.21713010260536),(-0.436724333101916,-0.862549808621423,-0.255498893390625),
(-0.644622175849676,-0.694276644519176,-0.320065917082751),(-0.436724333101916,
-0.816961408174767,-0.376624367812001),(-0.644622175849676,-0.641164746432695,
-0.416377254823949),(-0.436724333101916,-0.754464172535194,-0.489954762439832),
(-0.644622175849676,-0.574782516454821,-0.504070738270625),(-0.436724333101916,
-0.676351621135653,-0.593144452442962),(-0.644622175849676,-0.496503882625732,
-0.58133135554553),(-0.436724333101916,-0.584240467134068,-0.684057697449311),
(-0.644622175849676,-0.407948995548992,-0.646560026164159),(-0.436724333101916,
-0.480037155935152,-0.7608128454478),(-0.644622175849676,-0.310950695767771,
-0.698406697565515),(-0.436724333101916,-0.365898407058319,-0.821821277765958),
(-0.644622175849676,-0.207516579049239,-0.735798287455557),(-0.436724333101916,
-0.244186576025595,-0.865820289070188),(-0.644622175849676,-0.0997874447205359,
-0.757960893634346),(-0.436724333101916,-0.117420760154634,-0.89189922186388),
(-0.436724333101916,-0.117420760154635,0.89189922186388),(-0.201980205951614,
-0.26584595470023,0.942618652888466),(-0.201980205951614,-0.398353639790241,
0.894716923987476),(-0.201980205951614,-0.522616509425921,0.828297036382003),
(-0.201980205951614,-0.636062666866195,0.744733697520669),(-0.201980205951614,
-0.736344091310775,0.645756436743339),(-0.201980205951614,-0.821385235418161,
0.533413808820878),(-0.201980205951614,-0.889425983378794,0.410030994553351),
(-0.201980205951614,-0.939058080430383,0.278161675976666),(-0.201980205951614,
-0.969254279825499,0.140535182227432),(-0.201980205951614,-0.979389603990028,
0.),(-0.201980205951614,-0.969254279825499,-0.140535182227432),(-0.201980205951614,
-0.939058080430383,-0.278161675976666),(-0.201980205951614,-0.889425983378794,
-0.410030994553351),(-0.201980205951614,-0.821385235418161,-0.533413808820879),
(-0.201980205951614,-0.736344091310775,-0.645756436743339),(-0.201980205951614,
-0.636062666866195,-0.74473369752067),(-0.201980205951614,-0.522616509425921,
-0.828297036382004),(-0.201980205951614,-0.398353639790241,-0.894716923987476),
(-0.201980205951614,-0.26584595470023,-0.942618652888467),(-0.201980205951614,
-0.127835995708722,-0.971010790158845),(-0.201980205951614,-0.127835995708723,
0.971010790158844)),$,(4,6,8,10,12,14,16,18,20,22,23,21,19,17,15,13,11,
9,7,5,24,3,47,70,93,94,96,98,100,102,104,106,108,110,112,114,113,111,109,
107,105,103,101,99,97,95,71,48,25,2,115,1,73,75,52,77,54,79,56,81,57,83,
59,84,62,86,63,88,66,90,67,92,69,91,68,89,65,87,64,85,61,82,60,80,58,78,
55,76,53,74,51,72,49,50,29,31,33,34,37,38,40,43,44,46,45,42,41,39,36,35,
32,30,28,26,27),((53,54,55),(54,56,57),(56,58,59),(58,60,61),(60,62,63),
(62,64,65),(64,66,67),(66,68,69),(68,70,71),(70,72,73),(72,74,75),(74,76,
77),(76,78,79),(78,80,81),(80,82,83),(82,84,85),(84,86,87),(86,88,89),(88,
90,91),(90,92,93),(94,55,95),(55,57,96),(57,59,97),(59,61,98),(61,63,99),
(63,65,100),(65,67,101),(67,69,102),(69,71,103),(71,73,104),(73,75,105),
(75,77,106),(77,79,107),(79,81,108),(81,83,109),(83,85,110),(85,87,111),
(87,89,112),(89,91,113),(91,93,114),(113,114,1),(112,113,2),(111,112,3),
(110,111,4),(109,110,5),(108,109,6),(107,108,7),(106,107,8),(105,106,9),
(104,105,10),(103,104,11),(102,103,12),(101,102,13),(100,101,14),(99,100,
15),(98,99,16),(97,98,17),(96,97,18),(95,96,19),(115,95,20),(21,115,22),
(23,94,115),(24,53,94),(25,26,53),(26,27,54),(27,28,56),(28,29,58),(29,
30,60),(30,31,62),(31,32,64),(32,33,66),(33,34,68),(34,35,70),(35,36,72),
(36,37,74),(37,38,76),(38,39,78),(39,40,80),(40,41,82),(41,42,84),(42,43,
86),(43,44,88),(44,45,90),(45,46,92),(47,92,46),(92,47,48),(93,48,49),(114,
49,50),(50,1,114),(49,114,93),(48,93,92),(46,51,47),(92,90,45),(90,88,44),
(88,86,43),(86,84,42),(84,82,41),(82,80,40),(80,78,39),(78,76,38),(76,74,
37),(74,72,36),(72,70,35),(70,68,34),(68,66,33),(66,64,32),(64,62,31),(62,
60,30),(60,58,29),(58,56,28),(56,54,27),(54,53,26),(53,24,25),(94,23,24),
(115,21,23),(22,52,21),(20,22,115),(19,20,95),(18,19,96),(17,18,97),(16,
17,98),(15,16,99),(14,15,100),(13,14,101),(12,13,102),(11,12,103),(10,11,
104),(9,10,105),(8,9,106),(7,8,107),(6,7,108),(5,6,109),(4,5,110),(3,4,
111),(2,3,112),(1,2,113),(114,113,91),(113,112,89),(112,111,87),(111,110,
85),(110,109,83),(109,108,81),(108,107,79),(107,106,77),(106,105,75),(105,
104,73),(104,103,71),(103,102,69),(102,101,67),(101,100,65),(100,99,63),
(99,98,61),(98,97,59),(97,96,57),(96,95,55),(95,115,94),(93,91,90),(91,
89,88),(89,87,86),(87,85,84),(85,83,82),(83,81,80),(81,79,78),(79,77,76),
(77,75,74),(75,73,72),(73,71,70),(71,69,68),(69,67,66),(67,65,64),(65,63,
62),(63,61,60),(61,59,58),(59,57,56),(57,55,54),(55,94,53)),());
#405=COMPLEX_TRIANGULATED_FACE($,#437,184,((0.,-0.130526192220051,0.99144486137381),
(0.,-0.271440449865074,0.962455236453647),(0.,-0.4067366430758,0.913545457642601),
(0.,-0.533614515915612,0.845727821703973),(0.,-0.649448048330186,0.760405965600029),
(0.,-0.751839807478976,0.65934581510007),(0.,-0.838670567945425,0.544639035015026),
(0.,-0.908143173825081,0.41865973753743),(0.,-0.958819734868193,0.284015344703923),
(0.,-0.98965138681967,0.143492621991179),(0.,-1.,0.),(0.,-0.98965138681967,
-0.143492621991179),(0.,-0.958819734868193,-0.284015344703923),(0.,-0.908143173825081,
-0.41865973753743),(0.,-0.838670567945423,-0.544639035015029),(0.,-0.751839807478978,
-0.659345815100068),(0.,-0.649448048330186,-0.760405965600029),(0.,-0.533614515915612,
-0.845727821703973),(0.,-0.4067366430758,-0.913545457642601),(0.,-0.271440449865076,
-0.962455236453647),(0.,-0.130526192220052,-0.99144486137381),(0.,0.,-1.),
(0.167506223304736,0.,-0.985871018518236),(0.4033171544008,0.,-0.915060256467322),
(0.614678612716473,0.,-0.788777663900895),(0.788777663900889,0.,-0.61467861271648),
(0.915060256467315,0.,-0.403317154400815),(0.985871018518234,0.,-0.167506223304748),
(1.,0.,0.),(1.,0.,0.),(1.,0.,0.),(1.,0.,0.),(1.,0.,0.),(1.,0.,0.),(1.,0.,
0.),(1.,0.,0.),(1.,0.,0.),(1.,0.,0.),(1.,0.,0.),(1.,0.,0.),(1.,0.,0.),(1.,
0.,0.),(1.,0.,0.),(1.,0.,0.),(1.,0.,0.),(1.,0.,0.),(1.,0.,0.),(1.,0.,0.),
(1.,0.,0.),(0.985871018518234,0.,0.167506223304748),(1.,0.,0.),(0.915060256467315,
0.,0.403317154400815),(0.788777663900889,0.,0.61467861271648),(0.614678612716473,
0.,0.788777663900895),(0.4033171544008,0.,0.915060256467322),(0.167506223304736,
0.,0.985871018518236),(0.,0.,1.),(1.,0.,0.),(0.167506223304735,-0.128681990067289,
0.97743675528727),(0.167506223304735,-0.267605272775529,0.948856724240767),
(0.403317154400802,-0.24838436766914,0.880704535507591),(0.167506223304735,
-0.400989868577827,0.900637990788819),(0.403317154400802,-0.372188536927599,
0.835949140764995),(0.167506223304735,-0.52607508630184,0.833778548972505),
(0.403317154400802,-0.488289435788425,0.773891917429987),(0.167506223304735,
-0.640272008881959,0.749662203793445),(0.403317154400802,-0.594284097667219,
0.695817277901245),(0.167506223304735,-0.741217076761854,0.650029930288441),
(0.403317154400802,-0.687978727054055,0.603341150666124),(0.167506223304735,
-0.826821007021623,0.536943840175054),(0.403317154400802,-0.767434104995734,
0.498377535062965),(0.167506223304735,-0.895312035739317,0.412744501858602),
(0.403317154400802,-0.831005725549426,0.38309888680354),(0.167506223304735,
-0.945272588589891,0.280002497158064),(0.403317154400802,-0.877377832494418,
0.259891154165426),(0.167506223304735,-0.975668620701894,0.141465217392296),
(0.403317154400802,-0.905590651836448,0.131304395480417),(0.167506223304735,
-0.985871018518237,0.),(0.403317154400802,-0.915060256467322,0.),(0.167506223304735,
-0.975668620701893,-0.141465217392296),(0.403317154400802,-0.905590651836448,
-0.131304395480417),(0.167506223304735,-0.945272588589891,-0.280002497158064),
(0.403317154400802,-0.877377832494418,-0.259891154165426),(0.167506223304735,
-0.895312035739317,-0.412744501858602),(0.403317154400802,-0.831005725549426,
-0.383098886803541),(0.167506223304735,-0.826821007021623,-0.536943840175054),
(0.403317154400802,-0.767434104995734,-0.498377535062966),(0.167506223304735,
-0.741217076761854,-0.650029930288442),(0.403317154400802,-0.687978727054055,
-0.603341150666125),(0.167506223304735,-0.640272008881959,-0.749662203793446),
(0.403317154400802,-0.594284097667219,-0.695817277901246),(0.167506223304735,
-0.52607508630184,-0.833778548972506),(0.403317154400802,-0.488289435788425,
-0.773891917429987),(0.167506223304735,-0.400989868577827,-0.90063799078882),
(0.403317154400802,-0.372188536927599,-0.835949140764995),(0.167506223304735,
-0.267605272775529,-0.948856724240768),(0.403317154400802,-0.24838436766914,
-0.880704535507591),(0.167506223304735,-0.128681990067289,-0.97743675528727),
(0.403317154400802,-0.119439330928583,-0.907231789121927),(0.403317154400802,
-0.119439330928583,0.907231789121927),(0.614678612716473,-0.214106163932781,
0.759163193019091),(0.614678612716473,-0.320824779148222,0.720584251946604),
(0.614678612716473,-0.420903211287523,0.667091215499652),(0.614678612716473,
-0.512270114386877,0.599791241162296),(0.614678612716473,-0.593034446970966,
0.520077251737463),(0.614678612716473,-0.661524611366428,0.42959910570839),
(0.614678612716473,-0.716323051137291,0.330229449744134),(0.614678612716473,
-0.756295590571408,0.224024960107567),(0.614678612716473,-0.7806149089719,
0.113183775161216),(0.614678612716473,-0.788777663900894,0.),(0.614678612716473,
-0.7806149089719,-0.113183775161217),(0.614678612716473,-0.756295590571408,
-0.224024960107567),(0.614678612716473,-0.716323051137291,-0.330229449744134),
(0.614678612716473,-0.661524611366428,-0.429599105708391),(0.614678612716473,
-0.593034446970966,-0.520077251737464),(0.614678612716473,-0.512270114386877,
-0.599791241162296),(0.614678612716473,-0.420903211287523,-0.667091215499652),
(0.614678612716473,-0.320824779148221,-0.720584251946604),(0.614678612716473,
-0.214106163932781,-0.759163193019091),(0.614678612716473,-0.102956144977211,
-0.78202956164098),(0.614678612716473,-0.102956144977211,0.78202956164098),
(0.788777663900888,-0.166848639158201,0.591600649545041),(0.788777663900888,
-0.250012315506791,0.561536854557196),(0.788777663900888,-0.328001430368385,
0.51985080418073),(0.788777663900888,-0.399201825379023,0.467405284036363),
(0.788777663900888,-0.462139849846204,0.405285770926128),(0.788777663900888,
-0.515512861230837,0.33477796647428),(0.788777663900888,-0.558216186234743,
0.257341186669752),(0.788777663900888,-0.589365984473965,0.1745781580728),
(0.788777663900888,-0.608317541523256,0.0882018458205885),(0.788777663900888,
-0.614678612716481,0.),(0.788777663900888,-0.608317541523256,-0.0882018458205886),
(0.788777663900888,-0.589365984473965,-0.1745781580728),(0.788777663900888,
-0.558216186234743,-0.257341186669752),(0.788777663900888,-0.515512861230837,
-0.33477796647428),(0.788777663900888,-0.462139849846204,-0.405285770926128),
(0.788777663900888,-0.399201825379023,-0.467405284036363),(0.788777663900888,
-0.328001430368385,-0.51985080418073),(0.788777663900888,-0.250012315506791,
-0.561536854557197),(0.788777663900888,-0.166848639158201,-0.591600649545041),
(0.788777663900888,-0.0802316587569859,-0.609419951974138),(0.788777663900888,
-0.080231658756986,0.609419951974137),(0.915060256467315,-0.109476589828859,
0.388174707204649),(0.915060256467315,-0.164043865475872,0.368448554392204),
(0.915060256467315,-0.215215888106053,0.341096538447246),(0.915060256467315,
-0.261933538783693,0.306684770235209),(0.915060256467315,-0.303229891717678,
0.265925477912246),(0.915060256467315,-0.338250226943464,0.219662265777867),
(0.915060256467315,-0.366269720655657,0.168852654005788),(0.915060256467315,
-0.386708447050384,0.114548260632153),(0.915060256467315,-0.39914338118093,
0.0578730359789942),(0.915060256467315,-0.403317154400815,0.),(0.915060256467315,
-0.39914338118093,-0.0578730359789943),(0.915060256467315,-0.386708447050384,
-0.114548260632153),(0.915060256467315,-0.366269720655657,-0.168852654005788),
(0.915060256467315,-0.338250226943464,-0.219662265777867),(0.915060256467315,
-0.303229891717678,-0.265925477912246),(0.915060256467315,-0.261933538783693,
-0.306684770235209),(0.915060256467315,-0.215215888106053,-0.341096538447247),
(0.915060256467315,-0.164043865475872,-0.368448554392204),(0.915060256467315,
-0.109476589828859,-0.388174707204649),(0.915060256467315,-0.0526434524209649,
-0.399866720234596),(0.915060256467315,-0.052643452420965,0.399866720234596),
(0.985871018518234,-0.0454679646090403,0.161217241758228),(0.985871018518234,
-0.0681309189612784,0.153024549426919),(0.985871018518234,-0.0893837522616152,
0.141664673357384),(0.985871018518234,-0.108786589808428,0.127372731476061),
(0.985871018518234,-0.125937846680972,0.110444527339203),(0.985871018518234,
-0.140482539433386,0.0912304278197094),(0.985871018518234,-0.152119633267426,
0.0701281114846515),(0.985871018518234,-0.16060827261783,0.0475743377519501),
(0.985871018518234,-0.165772766194469,0.0240359071818382),(0.985871018518234,
-0.167506223304748,0.),(0.985871018518234,-0.165772766194469,-0.0240359071818383),
(0.985871018518234,-0.16060827261783,-0.0475743377519502),(0.985871018518234,
-0.152119633267426,-0.0701281114846515),(0.985871018518234,-0.140482539433386,
-0.0912304278197094),(0.985871018518234,-0.125937846680972,-0.110444527339203),
(0.985871018518234,-0.108786589808428,-0.127372731476061),(0.985871018518234,
-0.0893837522616152,-0.141664673357384),(0.985871018518234,-0.0681309189612784,
-0.153024549426919),(0.985871018518234,-0.0454679646090403,-0.161217241758228),
(0.985871018518234,-0.0218639495011303,-0.166073184343626),(0.985871018518234,
-0.0218639495011304,0.166073184343626)),$,(164,166,168,170,172,174,176,
178,180,182,184,183,181,179,177,175,173,171,169,167,165,163,140,117,94,
71,48,25,2,4,6,8,10,12,14,16,18,20,22,23,21,19,17,15,13,11,9,7,5,24,3,47,
70,93,116,139,162,1,142,144,121,146,123,148,125,150,127,152,128,153,130,
155,132,157,134,159,136,161,138,160,137,158,135,156,133,154,131,151,129,
149,126,147,124,145,122,143,120,141,118,119,98,100,102,104,106,108,109,
111,114,115,113,112,110,107,105,103,101,99,97,95,96,75,77,79,81,83,84,86,
88,90,92,91,89,87,85,82,80,78,76,74,72,73,52,54,56,57,60,61,63,65,67,69,
68,66,64,62,59,58,55,53,51,49,50,29,31,33,35,37,39,41,42,44,46,45,43,40,
38,36,34,32,30,28,26,27),((59,60,61),(60,62,63),(62,64,65),(64,66,67),(66,
68,69),(68,70,71),(70,72,73),(72,74,75),(74,76,77),(76,78,79),(78,80,81),
(80,82,83),(82,84,85),(84,86,87),(86,88,89),(88,90,91),(90,92,93),(92,94,
95),(94,96,97),(96,98,99),(100,61,101),(61,63,102),(63,65,103),(65,67,104),
(67,69,105),(69,71,106),(71,73,107),(73,75,108),(75,77,109),(77,79,110),
(79,81,111),(81,83,112),(83,85,113),(85,87,114),(87,89,115),(89,91,116),
(91,93,117),(93,95,118),(95,97,119),(97,99,120),(121,101,122),(101,102,
123),(102,103,124),(103,104,125),(104,105,126),(105,106,127),(106,107,128),
(107,108,129),(108,109,130),(109,110,131),(110,111,132),(111,112,133),(112,
113,134),(113,114,135),(114,115,136),(115,116,137),(116,117,138),(117,118,
139),(118,119,140),(119,120,141),(142,122,143),(122,123,144),(123,124,145),
(124,125,146),(125,126,147),(126,127,148),(127,128,149),(128,129,150),(129,
130,151),(130,131,152),(131,132,153),(132,133,154),(133,134,155),(134,135,
156),(135,136,157),(136,137,158),(137,138,159),(138,139,160),(139,140,161),
(140,141,162),(163,143,164),(143,144,165),(144,145,166),(145,146,167),(146,
147,168),(147,148,169),(148,149,170),(149,150,171),(150,151,172),(151,152,
173),(152,153,174),(153,154,175),(154,155,176),(155,156,177),(156,157,178),
(157,158,179),(158,159,180),(159,160,181),(160,161,182),(161,162,183),(1,
2,60),(2,3,62),(3,4,64),(4,5,66),(5,6,68),(6,7,70),(7,8,72),(8,9,74),(9,
10,76),(10,11,78),(11,12,80),(12,13,82),(13,14,84),(14,15,86),(15,16,88),
(16,17,90),(17,18,92),(18,19,94),(19,20,96),(20,21,98),(21,22,23),(98,23,
24),(99,24,25),(120,25,26),(141,26,27),(162,27,28),(183,28,29),(182,183,
30),(181,182,31),(180,181,32),(179,180,33),(178,179,34),(177,178,35),(176,
177,36),(175,176,37),(174,175,38),(173,174,39),(172,173,40),(171,172,41),
(170,171,42),(169,170,43),(168,169,44),(167,168,45),(166,167,46),(165,166,
47),(164,165,48),(184,164,49),(50,184,51),(52,163,184),(53,142,163),(54,
121,142),(55,100,121),(56,59,100),(57,1,59),(59,56,57),(100,55,56),(121,
54,55),(142,53,54),(163,52,53),(184,50,52),(51,58,50),(49,51,184),(48,49,
164),(47,48,165),(46,47,166),(45,46,167),(44,45,168),(43,44,169),(42,43,
170),(41,42,171),(40,41,172),(39,40,173),(38,39,174),(37,38,175),(36,37,
176),(35,36,177),(34,35,178),(33,34,179),(32,33,180),(31,32,181),(30,31,
182),(29,30,183),(28,183,162),(27,162,141),(26,141,120),(25,120,99),(24,
99,98),(23,98,21),(98,96,20),(96,94,19),(94,92,18),(92,90,17),(90,88,16),
(88,86,15),(86,84,14),(84,82,13),(82,80,12),(80,78,11),(78,76,10),(76,74,
9),(74,72,8),(72,70,7),(70,68,6),(68,66,5),(66,64,4),(64,62,3),(62,60,2),
(60,59,1),(183,182,161),(182,181,160),(181,180,159),(180,179,158),(179,
178,157),(178,177,156),(177,176,155),(176,175,154),(175,174,153),(174,173,
152),(173,172,151),(172,171,150),(171,170,149),(170,169,148),(169,168,147),
(168,167,146),(167,166,145),(166,165,144),(165,164,143),(164,184,163),(162,
161,140),(161,160,139),(160,159,138),(159,158,137),(158,157,136),(157,156,
135),(156,155,134),(155,154,133),(154,153,132),(153,152,131),(152,151,130),
(151,150,129),(150,149,128),(149,148,127),(148,147,126),(147,146,125),(146,
145,124),(145,144,123),(144,143,122),(143,163,142),(141,140,119),(140,139,
118),(139,138,117),(138,137,116),(137,136,115),(136,135,114),(135,134,113),
(134,133,112),(133,132,111),(132,131,110),(131,130,109),(130,129,108),(129,
128,107),(128,127,106),(127,126,105),(126,125,104),(125,124,103),(124,123,
102),(123,122,101),(122,142,121),(120,119,97),(119,118,95),(118,117,93),
(117,116,91),(116,115,89),(115,114,87),(114,113,85),(113,112,83),(112,111,
81),(111,110,79),(110,109,77),(109,108,75),(108,107,73),(107,106,71),(106,
105,69),(105,104,67),(104,103,65),(103,102,63),(102,101,61),(101,121,100),
(99,97,96),(97,95,94),(95,93,92),(93,91,90),(91,89,88),(89,87,86),(87,85,
84),(85,83,82),(83,81,80),(81,79,78),(79,77,76),(77,75,74),(75,73,72),(73,
71,70),(71,69,68),(69,67,66),(67,65,64),(65,63,62),(63,61,60),(61,100,59)),
());
#406=COMPLEX_TRIANGULATED_FACE($,#438,132,((-1.,0.,0.),(-1.,0.,0.),(-1.,
0.,0.),(-1.,0.,0.),(-1.,0.,0.),(-1.,0.,0.),(-1.,0.,0.),(-1.,0.,0.),(-1.,
0.,0.),(-1.,0.,0.),(-1.,0.,0.),(-1.,0.,0.),(-1.,0.,0.),(-1.,0.,0.),(-1.,
0.,0.),(-1.,0.,0.),(-1.,0.,0.),(-1.,0.,0.),(-1.,0.,0.),(-1.,0.,0.),(-1.,
0.,0.),(-1.,0.,0.),(-1.,0.,0.),(-1.,0.,0.),(-1.,0.,0.),(-1.,0.,0.),(-1.,
0.,0.),(-1.,0.,0.),(-1.,0.,0.),(-1.,0.,0.),(-1.,0.,0.),(-1.,0.,0.),(-1.,
0.,0.),(-1.,0.,0.),(-1.,0.,0.),(-1.,0.,0.),(-1.,0.,0.),(-1.,0.,0.),(-1.,
0.,0.),(-1.,0.,0.),(-1.,0.,0.),(-1.,0.,0.),(-1.,0.,0.),(-1.,0.,0.),(-1.,
0.,0.),(-1.,0.,0.),(-1.,0.,0.),(-1.,0.,0.),(-1.,0.,0.),(-1.,0.,0.),(-1.,
0.,0.),(-1.,0.,0.),(-1.,0.,0.),(-1.,0.,0.),(-1.,0.,0.),(-1.,0.,0.),(-1.,
0.,0.),(-1.,0.,0.),(-1.,0.,0.),(-1.,0.,0.),(-1.,0.,0.),(-1.,0.,0.),(-1.,
0.,0.),(-1.,0.,0.),(-1.,0.,0.),(-1.,0.,0.),(-1.,0.,0.),(-1.,0.,0.),(-1.,
0.,0.),(-1.,0.,0.),(-1.,0.,0.),(-1.,0.,0.),(-1.,0.,0.),(-1.,0.,0.),(-1.,
0.,0.),(-1.,0.,0.),(-1.,0.,0.),(-1.,0.,0.),(-1.,0.,0.),(-1.,0.,0.),(-1.,
0.,0.),(-1.,0.,0.),(-1.,0.,0.),(-1.,0.,0.),(-1.,0.,0.),(-1.,0.,0.),(-1.,
0.,0.),(-1.,0.,0.),(-1.,0.,0.),(-1.,0.,0.),(-1.,0.,0.),(-1.,0.,0.),(-1.,
0.,0.),(-1.,0.,0.),(-1.,0.,0.),(-1.,0.,0.),(-1.,0.,0.),(-1.,0.,0.),(-1.,
0.,0.),(-1.,0.,0.),(-1.,0.,0.),(-1.,0.,0.),(-1.,0.,0.),(-1.,0.,0.),(-1.,
0.,0.),(-1.,0.,0.),(-1.,0.,0.),(-1.,0.,0.),(-1.,0.,0.),(-1.,0.,0.),(-1.,
0.,0.),(-1.,0.,0.),(-1.,0.,0.),(-1.,0.,0.),(-1.,0.,0.),(-1.,0.,0.),(-1.,
0.,0.),(-1.,0.,0.),(-1.,0.,0.),(-1.,0.,0.),(-1.,0.,0.),(-1.,0.,0.),(-1.,
0.,0.),(-1.,0.,0.),(-1.,0.,0.),(-1.,0.,0.),(-1.,0.,0.),(-1.,0.,0.),(-1.,
0.,0.),(-1.,0.,0.),(-1.,0.,0.),(-1.,0.,0.)),$,(69,66,71,2,10,12,131,123,
121,73,65,61,63,53,49,51,45,47,4,1,3,11,7,9,20,17,23,80,84,82,88,86,129,
132,130,122,126,124,113,116,110,57,59,41,43,33,36,39,29,32,5,14,22,27,31,
34,30,35,38,92,90,100,97,94,104,101,128,119,111,106,102,99,103,98,95,75,
55,24,28,13,21,25,8,18,15,16,40,42,48,50,46,52,54,68,72,70,76,74,78,109,
105,120,112,108,125,115,118,117,93,91,85,83,87,81,79,37,6,26,56,58,96,127,
107,77,19,44,114,89,64,67,62,60),((1,2,3),(4,5,6),(7,8,9),(3,10,1),(11,
12,13),(14,15,16),(15,17,18),(6,19,4),(20,21,22),(23,24,25),(24,26,27),
(28,29,30),(29,31,32),(9,33,7),(34,35,36),(37,38,39),(38,40,41),(13,2,11),
(12,42,43),(18,16,15),(17,44,45),(46,47,48),(49,50,47),(22,5,20),(21,51,
52),(27,25,24),(26,53,54),(55,56,57),(58,59,56),(32,30,29),(31,60,61),(62,
63,64),(65,66,63),(36,8,34),(35,67,68),(41,39,38),(40,69,70),(71,72,73),
(74,75,72),(10,3,76),(43,13,12),(42,14,77),(45,18,17),(47,46,49),(78,79,
50),(80,81,82),(83,84,81),(19,6,85),(52,22,21),(51,23,86),(54,27,26),(56,
55,58),(87,88,59),(89,90,91),(92,93,90),(94,95,96),(95,97,98),(97,28,99),
(61,32,31),(63,62,65),(100,101,66),(102,103,104),(105,106,103),(33,9,107),
(68,36,35),(67,37,108),(70,41,40),(72,71,74),(109,110,75),(111,112,113),
(114,115,112),(1,11,2),(16,77,14),(116,48,45),(50,49,78),(81,80,83),(117,
85,84),(4,20,5),(25,86,23),(118,57,54),(59,58,87),(90,89,92),(119,120,93),
(98,96,95),(30,99,28),(121,64,61),(66,65,100),(103,102,105),(122,107,106),
(7,34,8),(39,108,37),(123,73,70),(75,74,109),(112,111,114),(124,76,115),
(77,43,42),(48,116,46),(125,82,79),(84,83,117),(86,52,51),(57,118,55),(126,
91,88),(93,92,119),(99,98,97),(64,121,62),(127,104,101),(106,105,122),(108,
68,67),(73,123,71),(128,113,110),(115,114,124),(45,44,116),(82,125,80),
(54,53,118),(91,126,89),(129,130,131),(61,60,121),(104,127,102),(70,69,
123),(113,128,111),(79,78,125),(88,87,126),(132,131,120),(131,132,129),
(101,100,127),(110,109,128),(85,117,19),(129,94,130),(107,122,33),(120,
119,132),(76,124,10),(96,130,94)),());
#407=COMPLEX_TRIANGULATED_FACE($,#439,34,((0.,-0.20791169081776,0.978147600733806),
(0.,0.,1.),(0.,0.,1.),(0.,-0.406736643075801,0.913545457642601),(0.,-0.20791169081776,
0.978147600733806),(0.,-0.587785252292473,0.809016994374947),(0.,-0.406736643075801,
0.913545457642601),(0.,-0.743144825477395,0.669130606358858),(0.,-0.587785252292473,
0.809016994374947),(0.,-0.866025403784439,0.5),(0.,-0.743144825477395,0.669130606358858),
(0.,-0.951056516295154,0.309016994374947),(0.,-0.866025403784439,0.5),(0.,
-0.994521895368273,0.104528463267653),(0.,-0.951056516295154,0.309016994374947),
(0.,-1.,0.),(0.,-0.994521895368273,-0.104528463267654),(0.,-0.994521895368273,
-0.104528463267654),(0.,-1.,0.),(0.,-0.994521895368273,0.104528463267653),
(0.,-0.951056516295154,-0.309016994374948),(0.,-0.866025403784438,-0.5),
(0.,-0.951056516295154,-0.309016994374948),(0.,-0.743144825477394,-0.669130606358858),
(0.,-0.866025403784438,-0.5),(0.,-0.587785252292473,-0.809016994374947),
(0.,-0.743144825477394,-0.669130606358858),(0.,-0.4067366430758,-0.913545457642601),
(0.,-0.587785252292473,-0.809016994374947),(0.,-0.207911690817759,-0.978147600733806),
(0.,-0.4067366430758,-0.913545457642601),(0.,0.,-1.),(0.,-0.207911690817759,
-0.978147600733806),(0.,0.,-1.)),$,(11,10,27,12,28,13,29,14,30,15,31,16,
32,17,33,25,24,7,8,34,6,5,23,4,22,3,21,2,20,1,19,9,18,26),((1,2,3),(4,1,
5),(6,4,7),(8,6,9),(10,8,11),(12,10,13),(14,12,15),(16,17,18),(16,19,14),
(14,20,16),(21,18,17),(22,21,23),(24,22,25),(26,24,27),(28,26,29),(30,28,
31),(32,30,33),(33,34,32),(31,33,30),(29,31,28),(27,29,26),(25,27,24),(23,
25,22),(17,23,21),(18,19,16),(15,20,14),(13,15,12),(11,13,10),(9,11,8),
(7,9,6),(5,7,4),(3,5,1)),());
#408=COMPLEX_TRIANGULATED_FACE($,#440,194,((0.,-0.997612506361225,-0.0690600257144062),
(0.,-0.978580904325472,-0.205862608769882),(0.,-0.940880768954225,-0.338737920245292),
(0.,-0.885231311332455,-0.465151078077459),(0.,-0.812694164433094,-0.582690479668576),
(0.,-0.724653130187047,-0.689113808387348),(0.,-0.622787780488112,-0.782390810576588),
(0.,-0.509041415750372,-0.860742027003943),(0.,-0.385583992277397,-0.922672739870115),
(0.,-0.254770725683383,-0.967001487762435),(0.,-0.11909716009487,-0.992882604569813),
(0.,0.,-1.),(0.167506223304738,0.,-0.985871018518236),(0.403317154400808,
0.,-0.915060256467319),(0.614678612716479,0.,-0.78877766390089),(0.788777663900893,
0.,-0.614678612716475),(0.915060256467321,0.,-0.403317154400801),(0.985871018518236,
0.,-0.167506223304734),(1.,0.,0.),(1.,0.,0.),(1.,0.,0.),(1.,0.,0.),(1.,
0.,0.),(1.,0.,0.),(1.,0.,0.),(1.,0.,0.),(1.,0.,0.),(1.,0.,0.),(1.,0.,0.),
(1.,0.,0.),(1.,0.,0.),(1.,0.,0.),(1.,0.,0.),(1.,0.,0.),(1.,0.,0.),(1.,0.,
0.),(1.,0.,0.),(1.,0.,0.),(1.,0.,0.),(1.,0.,0.),(1.,0.,0.),(0.985871018518236,
0.,0.167506223304734),(1.,0.,0.),(0.915060256467321,0.,0.403317154400801),
(0.788777663900893,0.,0.614678612716475),(0.614678612716479,0.,0.78877766390089),
(0.403317154400808,0.,0.915060256467319),(0.167506223304738,0.,0.985871018518236),
(0.,0.,1.),(0.,-0.119097160094869,0.992882604569814),(0.,-0.254770725683382,
0.967001487762435),(0.,-0.385583992277397,0.922672739870115),(0.,-0.509041415750372,
0.860742027003943),(0.,-0.622787780488113,0.782390810576588),(0.,-0.724653130187047,
0.689113808387348),(0.,-0.812694164433094,0.582690479668576),(0.,-0.885231311332456,
0.465151078077458),(0.,-0.940880768954225,0.338737920245292),(0.,-0.978580904325472,
0.205862608769881),(0.,-0.997612506361225,0.0690600257144053),(0.,-1.,0.),
(1.,0.,0.),(0.167506223304737,-0.117414438525359,0.978854184636281),(0.167506223304737,
-0.251171074818106,0.953338741649001),(0.403317154400807,-0.233130565584201,
0.884864629396173),(0.167506223304737,-0.380136083190845,0.909636313814761),
(0.403317154400807,-0.352832586863047,0.844301153980951),(0.167506223304737,
-0.501849179013783,0.848580618843829),(0.403317154400807,-0.465803568449022,
0.787630819982428),(0.167506223304737,-0.613988423470527,0.771336425302449),
(0.403317154400807,-0.569888346138164,0.715934735783886),(0.167506223304737,
-0.714414519529931,0.679377332149815),(0.403317154400807,-0.663101279158804,
0.630580658238098),(0.167506223304737,-0.801211623633481,0.574457656671738),
(0.403317154400807,-0.74366413053564,0.533196899766592),(0.167506223304737,
-0.872723894527561,0.458578967109079),(0.403317154400807,-0.810039990780777,
0.425641264801609),(0.167506223304737,-0.927587081993123,0.333951898442974),
(0.403317154400807,-0.860962597744422,0.309965608174862),(0.167506223304737,
-0.964754552849849,0.202953979782784),(0.403317154400807,-0.895460493286087,
0.188376691577999),(0.167506223304737,-0.983517257732871,0.0680842778899565),
(0.403317154400807,-0.912875555925907,0.0631940848418635),(0.167506223304737,
-0.983517257732871,-0.0680842778899571),(0.403317154400807,-0.912875555925907,
-0.0631940848418641),(0.167506223304737,-0.964754552849849,-0.202953979782784),
(0.403317154400807,-0.895460493286087,-0.188376691577999),(0.167506223304737,
-0.927587081993123,-0.333951898442975),(0.403317154400807,-0.860962597744421,
-0.309965608174863),(0.167506223304737,-0.872723894527561,-0.458578967109079),
(0.403317154400807,-0.810039990780777,-0.425641264801609),(0.167506223304737,
-0.80121162363348,-0.574457656671739),(0.403317154400807,-0.74366413053564,
-0.533196899766592),(0.167506223304737,-0.714414519529931,-0.679377332149816),
(0.403317154400807,-0.663101279158804,-0.630580658238098),(0.167506223304737,
-0.613988423470526,-0.771336425302449),(0.403317154400807,-0.569888346138164,
-0.715934735783886),(0.167506223304737,-0.501849179013783,-0.848580618843829),
(0.403317154400807,-0.465803568449021,-0.787630819982428),(0.167506223304737,
-0.380136083190844,-0.909636313814761),(0.403317154400807,-0.352832586863047,
-0.844301153980951),(0.167506223304737,-0.251171074818105,-0.953338741649001),
(0.403317154400807,-0.2331305655842,-0.884864629396172),(0.167506223304737,
-0.117414438525358,-0.97885418463628),(0.403317154400807,-0.10898107786094,
-0.908547410779593),(0.403317154400807,-0.108981077860941,0.908547410779593),
(0.614678612716479,-0.200957457834873,0.762749174505938),(0.614678612716479,
-0.304140040666144,0.727783648299782),(0.614678612716479,-0.40152049874438,
0.678934085281487),(0.614678612716479,-0.491241090599434,0.617132395824125),
(0.614678612716479,-0.571590203167406,0.543557579941618),(0.614678612716479,
-0.641035004487421,0.459613235330268),(0.614678612716479,-0.698250685764735,
0.366900780726918),(0.614678612716479,-0.742145734944987,0.267188905405727),
(0.614678612716479,-0.771882759651866,0.16237982763005),(0.614678612716479,
-0.786894462245919,0.0544730057519441),(0.614678612716479,-0.786894462245919,
-0.0544730057519446),(0.614678612716479,-0.771882759651866,-0.16237982763005),
(0.614678612716479,-0.742145734944986,-0.267188905405727),(0.614678612716479,
-0.698250685764735,-0.366900780726918),(0.614678612716479,-0.641035004487421,
-0.459613235330268),(0.614678612716479,-0.571590203167405,-0.543557579941618),
(0.614678612716479,-0.491241090599433,-0.617132395824125),(0.614678612716479,
-0.401520498744379,-0.678934085281487),(0.614678612716479,-0.304140040666143,
-0.727783648299782),(0.614678612716479,-0.200957457834872,-0.762749174505938),
(0.614678612716479,-0.0939411797168611,-0.783163621360408),(0.614678612716479,
-0.0939411797168617,0.783163621360409),(0.788777663900892,-0.156602116223831,
0.594395132992581),(0.788777663900892,-0.23701023345875,0.567147199734671),
(0.788777663900892,-0.312896871248669,0.529079715065551),(0.788777663900892,
-0.382814328927206,0.480918898047336),(0.788777663900892,-0.445428780764025,
0.423583519743302),(0.788777663900892,-0.499545721556509,0.358167375685778),
(0.788777663900892,-0.54413275438302,0.285918419376225),(0.788777663900892,
-0.578339285792394,0.20821495489084),(0.788777663900892,-0.601512752701615,
0.126539342768865),(0.788777663900892,-0.613211071438724,0.0424497208002949),
(0.788777663900892,-0.613211071438724,-0.0424497208002953),(0.788777663900892,
-0.601512752701615,-0.126539342768865),(0.788777663900892,-0.578339285792394,
-0.20821495489084),(0.788777663900892,-0.544132754383019,-0.285918419376225),
(0.788777663900892,-0.499545721556509,-0.358167375685778),(0.788777663900892,
-0.445428780764025,-0.423583519743302),(0.788777663900892,-0.382814328927205,
-0.480918898047336),(0.788777663900892,-0.312896871248668,-0.529079715065551),
(0.788777663900892,-0.23701023345875,-0.567147199734671),(0.788777663900892,
-0.156602116223831,-0.594395132992581),(0.788777663900892,-0.0732064771455861,
-0.610303701967293),(0.788777663900892,-0.0732064771455865,0.610303701967294),
(0.915060256467321,-0.102753404107249,0.390008288345687),(0.915060256467321,
-0.15551263854782,0.372129743887606),(0.915060256467321,-0.205305135272595,
0.347152025004409),(0.915060256467321,-0.251180995422057,0.315551635351086),
(0.915060256467321,-0.292265038394673,0.277931420257085),(0.915060256467321,
-0.327773497797293,0.235009066156368),(0.915060256467321,-0.357028973473096,
0.187603409176666),(0.915060256467321,-0.379473354365056,0.136618814080977),
(0.915060256467321,-0.394678465683512,0.0830279215665939),(0.915060256467321,
-0.402354237260261,0.0278530930539802),(0.915060256467321,-0.402354237260261,
-0.0278530930539805),(0.915060256467321,-0.394678465683512,-0.0830279215665942),
(0.915060256467321,-0.379473354365056,-0.136618814080977),(0.915060256467321,
-0.357028973473096,-0.187603409176666),(0.915060256467321,-0.327773497797292,
-0.235009066156368),(0.915060256467321,-0.292265038394673,-0.277931420257085),
(0.915060256467321,-0.251180995422056,-0.315551635351086),(0.915060256467321,
-0.205305135272595,-0.347152025004409),(0.915060256467321,-0.15551263854782,
-0.372129743887606),(0.915060256467321,-0.102753404107249,-0.390008288345687),
(0.915060256467321,-0.0480339277066793,-0.400446586729154),(0.915060256467321,
-0.0480339277066796,0.400446586729154),(0.985871018518236,-0.0426756820678297,
0.161978767145144),(0.985871018518236,-0.0645877183131483,0.154553426001874),
(0.985871018518236,-0.0852676050580394,0.144179646183092),(0.985871018518236,
-0.104320829029901,0.131055329828013),(0.985871018518236,-0.121383909043586,
0.115430851470107),(0.985871018518236,-0.136131330185984,0.0976042816049068),
(0.985871018518236,-0.148281753712396,0.0779157003548803),(0.985871018518236,
-0.157603384187576,0.0567407097103888),(0.985871018518236,-0.163918391481691,
0.0344832681147027),(0.985871018518236,-0.167106303262138,0.0115679840887479),
(0.985871018518236,-0.167106303262138,-0.0115679840887479),(0.985871018518236,
-0.163918391481691,-0.0344832681147028),(0.985871018518236,-0.157603384187576,
-0.0567407097103888),(0.985871018518236,-0.148281753712396,-0.0779157003548803),
(0.985871018518236,-0.136131330185984,-0.0976042816049069),(0.985871018518236,
-0.121383909043586,-0.115430851470107),(0.985871018518236,-0.104320829029901,
-0.131055329828013),(0.985871018518236,-0.0852676050580393,-0.144179646183092),
(0.985871018518236,-0.0645877183131481,-0.154553426001874),(0.985871018518236,
-0.0426756820678295,-0.161978767145144),(0.985871018518236,-0.0199495154938108,
-0.166314015276457),(0.985871018518236,-0.0199495154938109,0.166314015276457)),
$,(193,190,188,186,184,182,181,179,177,175,173,171,147,123,99,75,51,27,
2,4,6,8,10,12,13,15,17,19,21,24,25,23,22,20,18,16,14,11,9,7,5,26,3,50,74,
98,122,146,170,172,174,176,178,180,183,185,187,189,191,192,194,1,149,151,
127,153,129,155,131,157,133,159,135,161,137,163,139,165,141,167,143,168,
145,169,144,166,142,164,140,162,138,160,136,158,134,156,132,154,130,152,
128,150,126,148,124,125,103,105,107,109,111,113,115,117,119,121,120,118,
116,114,112,110,108,106,104,102,100,101,79,81,83,85,87,89,91,93,95,96,97,
94,92,90,88,86,84,82,80,78,76,77,55,57,59,61,63,65,67,69,71,73,72,70,68,
66,64,62,60,58,56,54,52,53,31,33,35,37,39,41,43,45,47,48,49,46,44,42,40,
38,36,34,32,30,28,29),((63,64,65),(64,66,67),(66,68,69),(68,70,71),(70,
72,73),(72,74,75),(74,76,77),(76,78,79),(78,80,81),(80,82,83),(82,84,85),
(84,86,87),(86,88,89),(88,90,91),(90,92,93),(92,94,95),(94,96,97),(96,98,
99),(98,100,101),(100,102,103),(102,104,105),(106,65,107),(65,67,108),(67,
69,109),(69,71,110),(71,73,111),(73,75,112),(75,77,113),(77,79,114),(79,
81,115),(81,83,116),(83,85,117),(85,87,118),(87,89,119),(89,91,120),(91,
93,121),(93,95,122),(95,97,123),(97,99,124),(99,101,125),(101,103,126),
(103,105,127),(128,107,129),(107,108,130),(108,109,131),(109,110,132),(110,
111,133),(111,112,134),(112,113,135),(113,114,136),(114,115,137),(115,116,
138),(116,117,139),(117,118,140),(118,119,141),(119,120,142),(120,121,143),
(121,122,144),(122,123,145),(123,124,146),(124,125,147),(125,126,148),(126,
127,149),(150,129,151),(129,130,152),(130,131,153),(131,132,154),(132,133,
155),(133,134,156),(134,135,157),(135,136,158),(136,137,159),(137,138,160),
(138,139,161),(139,140,162),(140,141,163),(141,142,164),(142,143,165),(143,
144,166),(144,145,167),(145,146,168),(146,147,169),(147,148,170),(148,149,
171),(172,151,173),(151,152,174),(152,153,175),(153,154,176),(154,155,177),
(155,156,178),(156,157,179),(157,158,180),(158,159,181),(159,160,182),(160,
161,183),(161,162,184),(162,163,185),(163,164,186),(164,165,187),(165,166,
188),(166,167,189),(167,168,190),(168,169,191),(169,170,192),(170,171,193),
(1,2,86),(2,3,88),(3,4,90),(4,5,92),(5,6,94),(6,7,96),(7,8,98),(8,9,100),
(9,10,102),(10,11,104),(11,12,13),(104,13,14),(105,14,15),(127,15,16),(149,
16,17),(171,17,18),(193,18,19),(192,193,20),(191,192,21),(190,191,22),(189,
190,23),(188,189,24),(187,188,25),(186,187,26),(185,186,27),(184,185,28),
(183,184,29),(183,30,31),(31,182,183),(181,182,32),(180,181,33),(179,180,
34),(178,179,35),(177,178,36),(176,177,37),(175,176,38),(174,175,39),(173,
174,40),(194,173,41),(42,194,43),(44,172,194),(45,150,172),(46,128,150),
(47,106,128),(48,63,106),(49,50,63),(50,51,64),(51,52,66),(52,53,68),(53,
54,70),(54,55,72),(55,56,74),(56,57,76),(57,58,78),(58,59,80),(59,60,82),
(84,82,61),(82,60,61),(61,1,84),(82,80,59),(80,78,58),(78,76,57),(76,74,
56),(74,72,55),(72,70,54),(70,68,53),(68,66,52),(66,64,51),(64,63,50),(63,
48,49),(106,47,48),(128,46,47),(150,45,46),(172,44,45),(194,42,44),(43,
62,42),(41,43,194),(40,41,173),(39,40,174),(38,39,175),(37,38,176),(36,
37,177),(35,36,178),(34,35,179),(33,34,180),(32,33,181),(31,32,182),(29,
30,183),(28,29,184),(27,28,185),(26,27,186),(25,26,187),(24,25,188),(23,
24,189),(22,23,190),(21,22,191),(20,21,192),(19,20,193),(18,193,171),(17,
171,149),(16,149,127),(15,127,105),(14,105,104),(13,104,11),(104,102,10),
(102,100,9),(100,98,8),(98,96,7),(96,94,6),(94,92,5),(92,90,4),(90,88,3),
(88,86,2),(86,84,1),(193,192,170),(192,191,169),(191,190,168),(190,189,
167),(189,188,166),(188,187,165),(187,186,164),(186,185,163),(185,184,162),
(184,183,161),(183,182,160),(182,181,159),(181,180,158),(180,179,157),(179,
178,156),(178,177,155),(177,176,154),(176,175,153),(175,174,152),(174,173,
151),(173,194,172),(171,170,148),(170,169,147),(169,168,146),(168,167,145),
(167,166,144),(166,165,143),(165,164,142),(164,163,141),(163,162,140),(162,
161,139),(161,160,138),(160,159,137),(159,158,136),(158,157,135),(157,156,
134),(156,155,133),(155,154,132),(154,153,131),(153,152,130),(152,151,129),
(151,172,150),(149,148,126),(148,147,125),(147,146,124),(146,145,123),(145,
144,122),(144,143,121),(143,142,120),(142,141,119),(141,140,118),(140,139,
117),(139,138,116),(138,137,115),(137,136,114),(136,135,113),(135,134,112),
(134,133,111),(133,132,110),(132,131,109),(131,130,108),(130,129,107),(129,
150,128),(127,126,103),(126,125,101),(125,124,99),(124,123,97),(123,122,
95),(122,121,93),(121,120,91),(120,119,89),(119,118,87),(118,117,85),(117,
116,83),(116,115,81),(115,114,79),(114,113,77),(113,112,75),(112,111,73),
(111,110,71),(110,109,69),(109,108,67),(108,107,65),(107,128,106),(105,
103,102),(103,101,100),(101,99,98),(99,97,96),(97,95,94),(95,93,92),(93,
91,90),(91,89,88),(89,87,86),(87,85,84),(85,83,82),(83,81,80),(81,79,78),
(79,77,76),(77,75,74),(75,73,72),(73,71,70),(71,69,68),(69,67,66),(67,65,
64),(65,106,63)),());
#409=COMPLEX_TRIANGULATED_FACE($,#441,194,((0.,0.997612506361225,0.0690600257144058),
(0.,0.978580904325472,0.205862608769881),(0.,0.940880768954225,0.338737920245292),
(0.,0.885231311332455,0.465151078077459),(0.,0.812694164433093,0.582690479668577),
(0.,0.724653130187045,0.68911380838735),(0.,0.622787780488112,0.782390810576589),
(0.,0.509041415750369,0.860742027003945),(0.,0.385583992277395,0.922672739870115),
(0.,0.254770725683379,0.967001487762436),(0.,0.119097160094867,0.992882604569814),
(0.,0.,1.),(0.167506223304738,0.,0.985871018518236),(0.403317154400808,
0.,0.915060256467319),(0.614678612716479,0.,0.78877766390089),(0.788777663900893,
0.,0.614678612716475),(0.915060256467321,0.,0.403317154400801),(0.985871018518236,
0.,0.167506223304734),(1.,0.,0.),(1.,0.,0.),(1.,0.,0.),(1.,0.,0.),(1.,0.,
0.),(1.,0.,0.),(1.,0.,0.),(1.,0.,0.),(1.,0.,0.),(1.,0.,0.),(1.,0.,0.),(1.,
0.,0.),(1.,0.,0.),(1.,0.,0.),(1.,0.,0.),(1.,0.,0.),(1.,0.,0.),(1.,0.,0.),
(1.,0.,0.),(1.,0.,0.),(1.,0.,0.),(1.,0.,0.),(1.,0.,0.),(0.985871018518236,
0.,-0.167506223304734),(1.,0.,0.),(0.915060256467321,0.,-0.403317154400801),
(0.788777663900893,0.,-0.614678612716475),(0.614678612716479,0.,-0.78877766390089),
(0.403317154400808,0.,-0.915060256467319),(0.167506223304738,0.,-0.985871018518236),
(0.,0.,-1.),(0.,0.119097160094869,-0.992882604569814),(0.,0.254770725683381,
-0.967001487762435),(0.,0.385583992277395,-0.922672739870115),(0.,0.509041415750369,
-0.860742027003945),(0.,0.622787780488111,-0.782390810576589),(0.,0.724653130187045,
-0.68911380838735),(0.,0.812694164433092,-0.582690479668578),(0.,0.885231311332454,
-0.46515107807746),(0.,0.940880768954225,-0.338737920245292),(0.,0.978580904325472,
-0.205862608769882),(0.,0.997612506361225,-0.069060025714406),(0.,1.,0.),
(1.,0.,0.),(0.167506223304737,0.117414438525359,-0.978854184636281),(0.167506223304737,
0.251171074818106,-0.953338741649001),(0.403317154400807,0.233130565584201,
-0.884864629396172),(0.167506223304737,0.380136083190844,-0.909636313814761),
(0.403317154400807,0.352832586863047,-0.844301153980951),(0.167506223304737,
0.501849179013783,-0.848580618843828),(0.403317154400807,0.465803568449022,
-0.787630819982428),(0.167506223304737,0.613988423470527,-0.771336425302449),
(0.403317154400807,0.569888346138164,-0.715934735783886),(0.167506223304737,
0.714414519529931,-0.679377332149815),(0.403317154400807,0.663101279158804,
-0.630580658238098),(0.167506223304737,0.80121162363348,-0.574457656671738),
(0.403317154400807,0.74366413053564,-0.533196899766592),(0.167506223304737,
0.87272389452756,-0.458578967109079),(0.403317154400807,0.810039990780777,
-0.425641264801609),(0.167506223304737,0.927587081993122,-0.333951898442974),
(0.403317154400807,0.860962597744421,-0.309965608174862),(0.167506223304737,
0.964754552849849,-0.202953979782784),(0.403317154400807,0.895460493286087,
-0.188376691577999),(0.167506223304737,0.98351725773287,-0.0680842778899566),
(0.403317154400807,0.912875555925907,-0.0631940848418636),(0.167506223304737,
0.98351725773287,0.0680842778899569),(0.403317154400807,0.912875555925907,
0.063194084841864),(0.167506223304737,0.964754552849849,0.202953979782784),
(0.403317154400807,0.895460493286087,0.188376691577999),(0.167506223304737,
0.927587081993122,0.333951898442974),(0.403317154400807,0.860962597744421,
0.309965608174863),(0.167506223304737,0.87272389452756,0.458578967109079),
(0.403317154400807,0.810039990780777,0.425641264801609),(0.167506223304737,
0.80121162363348,0.574457656671738),(0.403317154400807,0.74366413053564,
0.533196899766592),(0.167506223304737,0.714414519529931,0.679377332149815),
(0.403317154400807,0.663101279158804,0.630580658238098),(0.167506223304737,
0.613988423470526,0.771336425302449),(0.403317154400807,0.569888346138164,
0.715934735783886),(0.167506223304737,0.501849179013782,0.848580618843828),
(0.403317154400807,0.465803568449021,0.787630819982428),(0.167506223304737,
0.380136083190844,0.909636313814761),(0.403317154400807,0.352832586863047,
0.844301153980951),(0.167506223304737,0.251171074818105,0.953338741649),
(0.403317154400807,0.2331305655842,0.884864629396172),(0.167506223304737,
0.117414438525358,0.97885418463628),(0.403317154400807,0.10898107786094,
0.908547410779593),(0.403317154400807,0.108981077860941,-0.908547410779593),
(0.614678612716479,0.200957457834873,-0.762749174505938),(0.614678612716479,
0.304140040666144,-0.727783648299782),(0.614678612716479,0.401520498744379,
-0.678934085281487),(0.614678612716479,0.491241090599433,-0.617132395824125),
(0.614678612716479,0.571590203167406,-0.543557579941618),(0.614678612716479,
0.641035004487421,-0.459613235330268),(0.614678612716479,0.698250685764735,
-0.366900780726918),(0.614678612716479,0.742145734944986,-0.267188905405727),
(0.614678612716479,0.771882759651866,-0.16237982763005),(0.614678612716479,
0.786894462245918,-0.0544730057519442),(0.614678612716479,0.786894462245918,
0.0544730057519446),(0.614678612716479,0.771882759651866,0.16237982763005),
(0.614678612716479,0.742145734944986,0.267188905405727),(0.614678612716479,
0.698250685764735,0.366900780726918),(0.614678612716479,0.641035004487421,
0.459613235330268),(0.614678612716479,0.571590203167405,0.543557579941618),
(0.614678612716479,0.491241090599433,0.617132395824125),(0.614678612716479,
0.401520498744379,0.678934085281487),(0.614678612716479,0.304140040666143,
0.727783648299782),(0.614678612716479,0.200957457834872,0.762749174505938),
(0.614678612716479,0.0939411797168612,0.783163621360408),(0.614678612716479,
0.0939411797168616,-0.783163621360408),(0.788777663900892,0.156602116223831,
-0.594395132992581),(0.788777663900892,0.23701023345875,-0.567147199734671),
(0.788777663900892,0.312896871248669,-0.529079715065551),(0.788777663900892,
0.382814328927205,-0.480918898047336),(0.788777663900892,0.445428780764025,
-0.423583519743302),(0.788777663900892,0.499545721556509,-0.358167375685778),
(0.788777663900892,0.544132754383019,-0.285918419376225),(0.788777663900892,
0.578339285792393,-0.20821495489084),(0.788777663900892,0.601512752701615,
-0.126539342768865),(0.788777663900892,0.613211071438723,-0.0424497208002949),
(0.788777663900892,0.613211071438723,0.0424497208002952),(0.788777663900892,
0.601512752701614,0.126539342768865),(0.788777663900892,0.578339285792393,
0.20821495489084),(0.788777663900892,0.544132754383019,0.285918419376225),
(0.788777663900892,0.499545721556509,0.358167375685778),(0.788777663900892,
0.445428780764025,0.423583519743302),(0.788777663900892,0.382814328927205,
0.480918898047335),(0.788777663900892,0.312896871248668,0.529079715065551),
(0.788777663900892,0.23701023345875,0.567147199734671),(0.788777663900892,
0.156602116223831,0.594395132992581),(0.788777663900892,0.0732064771455861,
0.610303701967293),(0.788777663900892,0.0732064771455864,-0.610303701967294),
(0.915060256467321,0.102753404107249,-0.390008288345687),(0.915060256467321,
0.15551263854782,-0.372129743887606),(0.915060256467321,0.205305135272595,
-0.347152025004408),(0.915060256467321,0.251180995422056,-0.315551635351086),
(0.915060256467321,0.292265038394673,-0.277931420257085),(0.915060256467321,
0.327773497797292,-0.235009066156368),(0.915060256467321,0.357028973473096,
-0.187603409176665),(0.915060256467321,0.379473354365056,-0.136618814080976),
(0.915060256467321,0.394678465683512,-0.0830279215665939),(0.915060256467321,
0.402354237260261,-0.0278530930539803),(0.915060256467321,0.402354237260261,
0.0278530930539804),(0.915060256467321,0.394678465683512,0.0830279215665941),
(0.915060256467321,0.379473354365056,0.136618814080977),(0.915060256467321,
0.357028973473096,0.187603409176666),(0.915060256467321,0.327773497797292,
0.235009066156368),(0.915060256467321,0.292265038394673,0.277931420257085),
(0.915060256467321,0.251180995422056,0.315551635351086),(0.915060256467321,
0.205305135272595,0.347152025004408),(0.915060256467321,0.15551263854782,
0.372129743887606),(0.915060256467321,0.102753404107249,0.390008288345687),
(0.915060256467321,0.0480339277066793,0.400446586729153),(0.915060256467321,
0.0480339277066795,-0.400446586729153),(0.985871018518236,0.0426756820678296,
-0.161978767145144),(0.985871018518236,0.0645877183131482,-0.154553426001874),
(0.985871018518236,0.0852676050580394,-0.144179646183092),(0.985871018518236,
0.104320829029901,-0.131055329828013),(0.985871018518236,0.121383909043586,
-0.115430851470107),(0.985871018518236,0.136131330185984,-0.0976042816049068),
(0.985871018518236,0.148281753712396,-0.0779157003548802),(0.985871018518236,
0.157603384187576,-0.0567407097103888),(0.985871018518236,0.163918391481691,
-0.0344832681147027),(0.985871018518236,0.167106303262138,-0.0115679840887479),
(0.985871018518236,0.167106303262138,0.0115679840887479),(0.985871018518236,
0.163918391481691,0.0344832681147028),(0.985871018518236,0.157603384187576,
0.0567407097103888),(0.985871018518236,0.148281753712396,0.0779157003548803),
(0.985871018518236,0.136131330185984,0.0976042816049068),(0.985871018518236,
0.121383909043585,0.115430851470107),(0.985871018518236,0.104320829029901,
0.131055329828013),(0.985871018518236,0.0852676050580393,0.144179646183092),
(0.985871018518236,0.0645877183131481,0.154553426001874),(0.985871018518236,
0.0426756820678295,0.161978767145144),(0.985871018518236,0.0199495154938108,
0.166314015276457),(0.985871018518236,0.0199495154938108,-0.166314015276457)),
$,(171,173,175,177,179,181,184,186,188,190,192,193,168,144,120,96,72,48,
24,23,21,19,17,15,13,10,8,6,4,2,1,3,5,7,9,11,12,14,16,18,20,49,22,73,97,
121,145,169,194,191,189,187,185,183,182,180,178,176,174,172,170,25,166,
164,140,162,138,160,136,158,134,156,132,154,130,152,128,150,126,148,124,
146,123,147,122,149,125,151,127,153,129,155,131,157,133,159,135,161,137,
163,139,165,141,167,143,142,116,114,112,110,108,106,104,102,100,99,98,101,
103,105,107,109,111,113,115,117,119,118,92,90,88,86,84,82,80,78,76,74,75,
77,79,81,83,85,87,89,91,93,95,94,68,66,64,62,60,58,56,54,52,50,51,53,55,
57,59,61,63,65,67,69,71,70,44,42,40,38,36,34,32,30,28,27,26,29,31,33,35,
37,39,41,43,45,47,46),((63,64,65),(64,66,67),(66,68,69),(68,70,71),(70,
72,73),(72,74,75),(74,76,77),(76,78,79),(78,80,81),(80,82,83),(82,84,85),
(84,86,87),(86,88,89),(88,90,91),(90,92,93),(92,94,95),(94,96,97),(96,98,
99),(98,100,101),(100,102,103),(102,104,105),(106,65,107),(65,67,108),(67,
69,109),(69,71,110),(71,73,111),(73,75,112),(75,77,113),(77,79,114),(79,
81,115),(81,83,116),(83,85,117),(85,87,118),(87,89,119),(89,91,120),(91,
93,121),(93,95,122),(95,97,123),(97,99,124),(99,101,125),(101,103,126),
(103,105,127),(128,107,129),(107,108,130),(108,109,131),(109,110,132),(110,
111,133),(111,112,134),(112,113,135),(113,114,136),(114,115,137),(115,116,
138),(116,117,139),(117,118,140),(118,119,141),(119,120,142),(120,121,143),
(121,122,144),(122,123,145),(123,124,146),(124,125,147),(125,126,148),(126,
127,149),(150,129,151),(129,130,152),(130,131,153),(131,132,154),(132,133,
155),(133,134,156),(134,135,157),(135,136,158),(136,137,159),(137,138,160),
(138,139,161),(139,140,162),(140,141,163),(141,142,164),(142,143,165),(143,
144,166),(144,145,167),(145,146,168),(146,147,169),(147,148,170),(148,149,
171),(172,151,173),(151,152,174),(152,153,175),(153,154,176),(154,155,177),
(155,156,178),(156,157,179),(157,158,180),(158,159,181),(159,160,182),(160,
161,183),(161,162,184),(162,163,185),(163,164,186),(164,165,187),(165,166,
188),(166,167,189),(167,168,190),(168,169,191),(169,170,192),(170,171,193),
(1,2,86),(2,3,88),(3,4,90),(4,5,92),(5,6,94),(6,7,96),(7,8,98),(8,9,100),
(9,10,102),(10,11,104),(11,12,13),(104,13,14),(105,14,15),(127,15,16),(149,
16,17),(171,17,18),(193,18,19),(192,193,20),(191,192,21),(190,191,22),(189,
190,23),(188,189,24),(187,188,25),(186,187,26),(185,186,27),(184,185,28),
(183,184,29),(183,30,31),(31,182,183),(181,182,32),(180,181,33),(179,180,
34),(178,179,35),(177,178,36),(176,177,37),(175,176,38),(174,175,39),(173,
174,40),(194,173,41),(42,194,43),(44,172,194),(45,150,172),(46,128,150),
(47,106,128),(48,63,106),(49,50,63),(50,51,64),(51,52,66),(52,53,68),(53,
54,70),(54,55,72),(55,56,74),(56,57,76),(57,58,78),(58,59,80),(59,60,82),
(84,82,61),(82,60,61),(61,1,84),(82,80,59),(80,78,58),(78,76,57),(76,74,
56),(74,72,55),(72,70,54),(70,68,53),(68,66,52),(66,64,51),(64,63,50),(63,
48,49),(106,47,48),(128,46,47),(150,45,46),(172,44,45),(194,42,44),(43,
62,42),(41,43,194),(40,41,173),(39,40,174),(38,39,175),(37,38,176),(36,
37,177),(35,36,178),(34,35,179),(33,34,180),(32,33,181),(31,32,182),(29,
30,183),(28,29,184),(27,28,185),(26,27,186),(25,26,187),(24,25,188),(23,
24,189),(22,23,190),(21,22,191),(20,21,192),(19,20,193),(18,193,171),(17,
171,149),(16,149,127),(15,127,105),(14,105,104),(13,104,11),(104,102,10),
(102,100,9),(100,98,8),(98,96,7),(96,94,6),(94,92,5),(92,90,4),(90,88,3),
(88,86,2),(86,84,1),(193,192,170),(192,191,169),(191,190,168),(190,189,
167),(189,188,166),(188,187,165),(187,186,164),(186,185,163),(185,184,162),
(184,183,161),(183,182,160),(182,181,159),(181,180,158),(180,179,157),(179,
178,156),(178,177,155),(177,176,154),(176,175,153),(175,174,152),(174,173,
151),(173,194,172),(171,170,148),(170,169,147),(169,168,146),(168,167,145),
(167,166,144),(166,165,143),(165,164,142),(164,163,141),(163,162,140),(162,
161,139),(161,160,138),(160,159,137),(159,158,136),(158,157,135),(157,156,
134),(156,155,133),(155,154,132),(154,153,131),(153,152,130),(152,151,129),
(151,172,150),(149,148,126),(148,147,125),(147,146,124),(146,145,123),(145,
144,122),(144,143,121),(143,142,120),(142,141,119),(141,140,118),(140,139,
117),(139,138,116),(138,137,115),(137,136,114),(136,135,113),(135,134,112),
(134,133,111),(133,132,110),(132,131,109),(131,130,108),(130,129,107),(129,
150,128),(127,126,103),(126,125,101),(125,124,99),(124,123,97),(123,122,
95),(122,121,93),(121,120,91),(120,119,89),(119,118,87),(118,117,85),(117,
116,83),(116,115,81),(115,114,79),(114,113,77),(113,112,75),(112,111,73),
(111,110,71),(110,109,69),(109,108,67),(108,107,65),(107,128,106),(105,
103,102),(103,101,100),(101,99,98),(99,97,96),(97,95,94),(95,93,92),(93,
91,90),(91,89,88),(89,87,86),(87,85,84),(85,83,82),(83,81,80),(81,79,78),
(79,77,76),(77,75,74),(75,73,72),(73,71,70),(71,69,68),(69,67,66),(67,65,
64),(65,106,63)),());
#410=COMPLEX_TRIANGULATED_FACE($,#442,34,((0.,-0.20791169081776,0.978147600733806),
(0.,0.,1.),(0.,0.,1.),(0.,-0.406736643075801,0.913545457642601),(0.,-0.20791169081776,
0.978147600733806),(0.,-0.587785252292473,0.809016994374947),(0.,-0.406736643075801,
0.913545457642601),(0.,-0.743144825477395,0.669130606358858),(0.,-0.587785252292473,
0.809016994374947),(0.,-0.866025403784439,0.5),(0.,-0.743144825477395,0.669130606358858),
(0.,-0.951056516295154,0.309016994374947),(0.,-0.866025403784439,0.5),(0.,
-0.994521895368273,0.104528463267653),(0.,-0.951056516295154,0.309016994374947),
(0.,-0.994521895368273,0.104528463267653),(0.,-1.,0.),(0.,-1.,0.),(0.,-0.994521895368273,
-0.104528463267654),(0.,-0.994521895368273,-0.104528463267654),(0.,-0.951056516295154,
-0.309016994374948),(0.,-0.866025403784438,-0.5),(0.,-0.951056516295154,
-0.309016994374948),(0.,-0.743144825477394,-0.669130606358858),(0.,-0.866025403784438,
-0.5),(0.,-0.587785252292473,-0.809016994374947),(0.,-0.743144825477394,
-0.669130606358858),(0.,-0.4067366430758,-0.913545457642601),(0.,-0.587785252292473,
-0.809016994374947),(0.,-0.207911690817759,-0.978147600733806),(0.,-0.4067366430758,
-0.913545457642601),(0.,0.,-1.),(0.,-0.207911690817759,-0.978147600733806),
(0.,0.,-1.)),$,(3,2,19,4,20,5,21,6,22,7,23,8,24,9,25,26,34,17,33,16,15,
14,32,13,31,12,30,11,29,10,28,1,27,18),((1,2,3),(4,1,5),(6,4,7),(8,6,9),
(10,8,11),(12,10,13),(14,12,15),(16,17,18),(19,20,18),(18,17,19),(21,20,
19),(22,21,23),(24,22,25),(26,24,27),(28,26,29),(30,28,31),(32,30,33),(33,
34,32),(31,33,30),(29,31,28),(27,29,26),(25,27,24),(23,25,22),(19,23,21),
(18,14,16),(15,16,14),(13,15,12),(11,13,10),(9,11,8),(7,9,6),(5,7,4),(3,
5,1)),());
#411=COMPLEX_TRIANGULATED_FACE($,#443,34,((0.,0.20791169081776,-0.978147600733806),
(0.,0.,-1.),(0.,0.,-1.),(0.,0.406736643075801,-0.913545457642601),(0.,0.20791169081776,
-0.978147600733806),(0.,0.587785252292473,-0.809016994374947),(0.,0.406736643075801,
-0.913545457642601),(0.,0.743144825477395,-0.669130606358858),(0.,0.587785252292473,
-0.809016994374947),(0.,0.866025403784439,-0.499999999999999),(0.,0.743144825477395,
-0.669130606358858),(0.,0.951056516295154,-0.309016994374947),(0.,0.866025403784439,
-0.499999999999999),(0.,0.994521895368273,-0.104528463267653),(0.,0.951056516295154,
-0.309016994374947),(0.,0.994521895368273,-0.104528463267653),(0.,1.,0.),
(0.,1.,0.),(0.,0.994521895368273,0.104528463267654),(0.,0.994521895368273,
0.104528463267654),(0.,0.951056516295154,0.309016994374948),(0.,0.866025403784438,
0.5),(0.,0.951056516295154,0.309016994374948),(0.,0.743144825477394,0.669130606358858),
(0.,0.866025403784438,0.5),(0.,0.587785252292473,0.809016994374948),(0.,
0.743144825477394,0.669130606358858),(0.,0.4067366430758,0.913545457642601),
(0.,0.587785252292473,0.809016994374948),(0.,0.207911690817759,0.978147600733806),
(0.,0.4067366430758,0.913545457642601),(0.,0.,1.),(0.,0.207911690817759,
0.978147600733806),(0.,0.,1.)),$,(7,8,33,6,31,5,29,4,27,3,25,2,23,1,21,
20,18,10,19,11,12,13,22,14,24,15,26,16,28,17,30,9,32,34),((1,2,3),(4,1,
5),(6,4,7),(8,6,9),(10,8,11),(12,10,13),(14,12,15),(16,17,18),(19,20,18),
(18,17,19),(21,20,19),(22,21,23),(24,22,25),(26,24,27),(28,26,29),(30,28,
31),(32,30,33),(33,34,32),(31,33,30),(29,31,28),(27,29,26),(25,27,24),(23,
25,22),(19,23,21),(18,14,16),(15,16,14),(13,15,12),(11,13,10),(9,11,8),
(7,9,6),(5,7,4),(3,5,1)),());
#412=COMPLEX_TRIANGULATED_FACE($,#444,132,((1.,0.,0.),(1.,0.,0.),(1.,0.,
0.),(1.,0.,0.),(1.,0.,0.),(1.,0.,0.),(1.,0.,0.),(1.,0.,0.),(1.,0.,0.),(1.,
0.,0.),(1.,0.,0.),(1.,0.,0.),(1.,0.,0.),(1.,0.,0.),(1.,0.,0.),(1.,0.,0.),
(1.,0.,0.),(1.,0.,0.),(1.,0.,0.),(1.,0.,0.),(1.,0.,0.),(1.,0.,0.),(1.,0.,
0.),(1.,0.,0.),(1.,0.,0.),(1.,0.,0.),(1.,0.,0.),(1.,0.,0.),(1.,0.,0.),(1.,
0.,0.),(1.,0.,0.),(1.,0.,0.),(1.,0.,0.),(1.,0.,0.),(1.,0.,0.),(1.,0.,0.),
(1.,0.,0.),(1.,0.,0.),(1.,0.,0.),(1.,0.,0.),(1.,0.,0.),(1.,0.,0.),(1.,0.,
0.),(1.,0.,0.),(1.,0.,0.),(1.,0.,0.),(1.,0.,0.),(1.,0.,0.),(1.,0.,0.),(1.,
0.,0.),(1.,0.,0.),(1.,0.,0.),(1.,0.,0.),(1.,0.,0.),(1.,0.,0.),(1.,0.,0.),
(1.,0.,0.),(1.,0.,0.),(1.,0.,0.),(1.,0.,0.),(1.,0.,0.),(1.,0.,0.),(1.,0.,
0.),(1.,0.,0.),(1.,0.,0.),(1.,0.,0.),(1.,0.,0.),(1.,0.,0.),(1.,0.,0.),(1.,
0.,0.),(1.,0.,0.),(1.,0.,0.),(1.,0.,0.),(1.,0.,0.),(1.,0.,0.),(1.,0.,0.),
(1.,0.,0.),(1.,0.,0.),(1.,0.,0.),(1.,0.,0.),(1.,0.,0.),(1.,0.,0.),(1.,0.,
0.),(1.,0.,0.),(1.,0.,0.),(1.,0.,0.),(1.,0.,0.),(1.,0.,0.),(1.,0.,0.),(1.,
0.,0.),(1.,0.,0.),(1.,0.,0.),(1.,0.,0.),(1.,0.,0.),(1.,0.,0.),(1.,0.,0.),
(1.,0.,0.),(1.,0.,0.),(1.,0.,0.),(1.,0.,0.),(1.,0.,0.),(1.,0.,0.),(1.,0.,
0.),(1.,0.,0.),(1.,0.,0.),(1.,0.,0.),(1.,0.,0.),(1.,0.,0.),(1.,0.,0.),(1.,
0.,0.),(1.,0.,0.),(1.,0.,0.),(1.,0.,0.),(1.,0.,0.),(1.,0.,0.),(1.,0.,0.),
(1.,0.,0.),(1.,0.,0.),(1.,0.,0.),(1.,0.,0.),(1.,0.,0.),(1.,0.,0.),(1.,0.,
0.),(1.,0.,0.),(1.,0.,0.),(1.,0.,0.),(1.,0.,0.),(1.,0.,0.),(1.,0.,0.),(1.,
0.,0.),(1.,0.,0.),(1.,0.,0.)),$,(2,10,12,131,123,121,69,65,71,4,1,3,11,
7,9,20,17,23,80,84,82,88,86,129,132,130,122,126,124,113,116,110,73,66,61,
63,53,49,51,45,47,5,14,22,27,31,34,30,35,38,92,90,100,97,94,104,101,128,
119,111,106,102,99,103,98,95,57,59,41,43,33,36,39,29,32,15,16,40,42,48,
50,46,52,54,68,72,70,76,74,78,109,105,120,112,108,125,115,118,117,93,91,
85,83,87,81,79,75,55,24,28,13,21,25,8,18,26,56,58,96,127,107,77,37,6,44,
64,67,62,114,89,19,60),((1,2,3),(4,5,6),(7,8,9),(3,10,1),(11,12,13),(14,
15,16),(15,17,18),(19,20,21),(20,22,23),(6,24,4),(25,26,27),(28,29,30),
(29,31,32),(9,33,7),(34,35,36),(37,38,39),(38,40,41),(13,2,11),(12,42,43),
(18,16,15),(17,44,45),(46,47,48),(49,50,47),(23,21,20),(22,51,52),(53,54,
55),(56,57,54),(27,5,25),(26,58,59),(32,30,29),(31,60,61),(62,63,64),(65,
66,63),(36,8,34),(35,67,68),(41,39,38),(40,69,70),(71,72,73),(74,75,72),
(10,3,76),(43,13,12),(42,14,77),(45,18,17),(47,46,49),(78,79,50),(80,81,
82),(83,84,81),(85,86,87),(86,88,89),(88,19,90),(52,23,22),(54,53,56),(91,
92,57),(93,94,95),(96,97,94),(24,6,98),(59,27,26),(58,28,99),(61,32,31),
(63,62,65),(100,101,66),(102,103,104),(105,106,103),(33,9,107),(68,36,35),
(67,37,108),(70,41,40),(72,71,74),(109,110,75),(111,112,113),(114,115,112),
(1,11,2),(16,77,14),(116,48,45),(50,49,78),(81,80,83),(117,118,84),(89,
87,86),(21,90,19),(119,55,52),(57,56,91),(94,93,96),(120,98,97),(4,25,5),
(30,99,28),(121,64,61),(66,65,100),(103,102,105),(122,107,106),(7,34,8),
(39,108,37),(123,73,70),(75,74,109),(112,111,114),(124,76,115),(77,43,42),
(48,116,46),(125,82,79),(84,83,117),(126,127,128),(90,89,88),(55,119,53),
(129,95,92),(97,96,120),(99,59,58),(64,121,62),(130,104,101),(106,105,122),
(108,68,67),(73,123,71),(131,113,110),(115,114,124),(45,44,116),(82,125,
80),(132,128,118),(128,132,126),(52,51,119),(95,129,93),(61,60,121),(104,
130,102),(70,69,123),(113,131,111),(79,78,125),(126,85,127),(92,91,129),
(101,100,130),(110,109,131),(118,117,132),(98,120,24),(76,124,10),(107,
122,33),(87,127,85)),());
#413=COMPLEX_TRIANGULATED_FACE($,#445,34,((0.,0.20791169081776,-0.978147600733806),
(0.,0.,-1.),(0.,0.,-1.),(0.,0.406736643075801,-0.913545457642601),(0.,0.20791169081776,
-0.978147600733806),(0.,0.587785252292473,-0.809016994374947),(0.,0.406736643075801,
-0.913545457642601),(0.,0.743144825477395,-0.669130606358858),(0.,0.587785252292473,
-0.809016994374947),(0.,0.866025403784439,-0.499999999999999),(0.,0.743144825477395,
-0.669130606358858),(0.,0.951056516295154,-0.309016994374947),(0.,0.866025403784439,
-0.499999999999999),(0.,0.994521895368273,-0.104528463267653),(0.,0.951056516295154,
-0.309016994374947),(0.,1.,0.),(0.,0.994521895368273,-0.104528463267653),
(0.,1.,0.),(0.,0.994521895368273,0.104528463267654),(0.,0.994521895368273,
0.104528463267654),(0.,0.951056516295154,0.309016994374948),(0.,0.866025403784438,
0.5),(0.,0.951056516295154,0.309016994374948),(0.,0.743144825477394,0.669130606358858),
(0.,0.866025403784438,0.5),(0.,0.587785252292473,0.809016994374948),(0.,
0.743144825477394,0.669130606358858),(0.,0.4067366430758,0.913545457642601),
(0.,0.587785252292473,0.809016994374948),(0.,0.207911690817759,0.978147600733806),
(0.,0.4067366430758,0.913545457642601),(0.,0.,1.),(0.,0.207911690817759,
0.978147600733806),(0.,0.,1.)),$,(14,16,25,12,24,10,23,8,22,6,21,4,20,2,
19,1,18,27,28,3,5,7,29,9,30,11,31,13,32,15,33,17,34,26),((1,2,3),(4,1,5),
(6,4,7),(8,6,9),(10,8,11),(12,10,13),(14,12,15),(16,14,17),(16,18,19),(19,
20,16),(21,20,19),(22,21,23),(24,22,25),(26,24,27),(28,26,29),(30,28,31),
(32,30,33),(33,34,32),(31,33,30),(29,31,28),(27,29,26),(25,27,24),(23,25,
22),(19,23,21),(17,18,16),(15,17,14),(13,15,12),(11,13,10),(9,11,8),(7,
9,6),(5,7,4),(3,5,1)),());
#414=COMPLEX_TRIANGULATED_FACE($,#446,184,((0.,0.130526192220054,0.99144486137381),
(0.,0.271440449865076,0.962455236453647),(0.,0.406736643075802,0.9135454576426),
(0.,0.533614515915614,0.845727821703972),(0.,0.649448048330186,0.760405965600029),
(0.,0.751839807478979,0.659345815100067),(0.,0.838670567945426,0.544639035015024),
(0.,0.908143173825082,0.418659737537427),(0.,0.958819734868193,0.284015344703921),
(0.,0.98965138681967,0.143492621991178),(0.,1.,0.),(0.,0.98965138681967,
-0.14349262199118),(0.,0.958819734868193,-0.284015344703924),(0.,0.908143173825081,
-0.41865973753743),(0.,0.838670567945423,-0.544639035015029),(0.,0.751839807478978,
-0.659345815100068),(0.,0.649448048330184,-0.760405965600031),(0.,0.533614515915612,
-0.845727821703973),(0.,0.4067366430758,-0.913545457642601),(0.,0.271440449865073,
-0.962455236453648),(-0.167506223304734,0.,-0.985871018518236),(0.,0.130526192220051,
-0.99144486137381),(-0.403317154400801,0.,-0.915060256467322),(-0.614678612716475,
0.,-0.788777663900893),(-0.788777663900885,0.,-0.614678612716485),(-0.915060256467313,
0.,-0.403317154400821),(-0.985871018518234,0.,-0.167506223304747),(-1.,
0.,0.),(-1.,0.,0.),(-1.,0.,0.),(-1.,0.,0.),(-1.,0.,0.),(-1.,0.,0.),(-1.,
0.,0.),(-1.,0.,0.),(-1.,0.,0.),(-1.,0.,0.),(-1.,0.,0.),(-1.,0.,0.),(-1.,
0.,0.),(-1.,0.,0.),(-1.,0.,0.),(-1.,0.,0.),(-1.,0.,0.),(-1.,0.,0.),(-1.,
0.,0.),(-1.,0.,0.),(-1.,0.,0.),(-1.,0.,0.),(-1.,0.,0.),(-0.985871018518234,
0.,0.167506223304747),(-0.915060256467313,0.,0.403317154400821),(-0.788777663900885,
0.,0.614678612716485),(-0.614678612716475,0.,0.788777663900893),(-0.403317154400801,
0.,0.915060256467322),(-0.167506223304734,0.,0.985871018518236),(0.,0.,
1.),(0.,0.,-1.),(-0.985871018518234,0.0218639495011303,-0.166073184343626),
(-0.985871018518234,0.0454679646090401,-0.161217241758228),(-0.915060256467314,
0.10947658982886,-0.388174707204653),(-0.985871018518234,0.0681309189612782,
-0.153024549426919),(-0.915060256467314,0.164043865475873,-0.368448554392208),
(-0.985871018518234,0.089383752261615,-0.141664673357383),(-0.915060256467314,
0.215215888106055,-0.34109653844725),(-0.985871018518234,0.108786589808428,
-0.127372731476061),(-0.915060256467314,0.261933538783695,-0.306684770235212),
(-0.985871018518234,0.125937846680972,-0.110444527339203),(-0.915060256467314,
0.303229891717681,-0.265925477912249),(-0.985871018518234,0.140482539433385,
-0.0912304278197091),(-0.915060256467314,0.338250226943467,-0.219662265777869),
(-0.985871018518234,0.152119633267426,-0.0701281114846513),(-0.915060256467314,
0.36626972065566,-0.168852654005789),(-0.985871018518234,0.16060827261783,
-0.04757433775195),(-0.915060256467314,0.386708447050388,-0.114548260632154),
(-0.985871018518234,0.165772766194468,-0.0240359071818382),(-0.915060256467314,
0.399143381180934,-0.0578730359789949),(-0.985871018518234,0.167506223304747,
0.),(-0.915060256467314,0.403317154400819,0.),(-0.985871018518234,0.165772766194468,
0.0240359071818382),(-0.915060256467314,0.399143381180934,0.0578730359789949),
(-0.985871018518234,0.16060827261783,0.04757433775195),(-0.915060256467314,
0.386708447050388,0.114548260632154),(-0.985871018518234,0.152119633267426,
0.0701281114846513),(-0.915060256467314,0.36626972065566,0.168852654005789),
(-0.985871018518234,0.140482539433385,0.0912304278197092),(-0.915060256467314,
0.338250226943467,0.219662265777869),(-0.985871018518234,0.125937846680972,
0.110444527339203),(-0.915060256467314,0.303229891717681,0.265925477912249),
(-0.985871018518234,0.108786589808428,0.127372731476061),(-0.915060256467314,
0.261933538783696,0.306684770235212),(-0.985871018518234,0.089383752261615,
0.141664673357383),(-0.915060256467314,0.215215888106055,0.34109653844725),
(-0.985871018518234,0.0681309189612782,0.153024549426919),(-0.915060256467314,
0.164043865475873,0.368448554392208),(-0.985871018518234,0.0454679646090401,
0.161217241758228),(-0.915060256467314,0.10947658982886,0.388174707204653),
(-0.985871018518234,0.0218639495011303,0.166073184343626),(-0.915060256467314,
0.0526434524209655,0.3998667202346),(-0.915060256467314,0.0526434524209655,
-0.3998667202346),(-0.788777663900886,0.166848639158202,-0.591600649545043),
(-0.788777663900886,0.250012315506793,-0.561536854557199),(-0.788777663900886,
0.328001430368386,-0.519850804180732),(-0.788777663900886,0.399201825379025,
-0.467405284036365),(-0.788777663900886,0.462139849846206,-0.40528577092613),
(-0.788777663900886,0.515512861230839,-0.334777966474281),(-0.788777663900886,
0.558216186234746,-0.257341186669754),(-0.788777663900886,0.589365984473968,
-0.174578158072801),(-0.788777663900886,0.608317541523259,-0.088201845820589),
(-0.788777663900886,0.614678612716484,0.),(-0.788777663900886,0.608317541523259,
0.088201845820589),(-0.788777663900886,0.589365984473968,0.174578158072801),
(-0.788777663900886,0.558216186234746,0.257341186669754),(-0.788777663900886,
0.515512861230839,0.334777966474282),(-0.788777663900886,0.462139849846206,
0.40528577092613),(-0.788777663900886,0.399201825379025,0.467405284036366),
(-0.788777663900886,0.328001430368386,0.519850804180732),(-0.788777663900886,
0.250012315506793,0.5615368545572),(-0.788777663900886,0.166848639158202,
0.591600649545044),(-0.788777663900886,0.0802316587569863,0.609419951974141),
(-0.788777663900886,0.0802316587569864,-0.609419951974141),(-0.614678612716476,
0.21410616393278,-0.759163193019088),(-0.614678612716476,0.32082477914822,
-0.720584251946602),(-0.614678612716476,0.420903211287521,-0.66709121549965),
(-0.614678612716476,0.512270114386876,-0.599791241162294),(-0.614678612716476,
0.593034446970964,-0.520077251737462),(-0.614678612716476,0.661524611366426,
-0.429599105708389),(-0.614678612716476,0.716323051137289,-0.330229449744133),
(-0.614678612716476,0.756295590571406,-0.224024960107567),(-0.614678612716476,
0.780614908971898,-0.113183775161216),(-0.614678612716476,0.788777663900892,
0.),(-0.614678612716476,0.780614908971898,0.113183775161216),(-0.614678612716476,
0.756295590571406,0.224024960107567),(-0.614678612716476,0.716323051137289,
0.330229449744133),(-0.614678612716476,0.661524611366426,0.429599105708389),
(-0.614678612716476,0.593034446970964,0.520077251737462),(-0.614678612716476,
0.512270114386876,0.599791241162295),(-0.614678612716476,0.420903211287521,
0.66709121549965),(-0.614678612716476,0.320824779148221,0.720584251946602),
(-0.614678612716476,0.21410616393278,0.759163193019089),(-0.614678612716476,
0.102956144977211,0.782029561640978),(-0.614678612716476,0.102956144977211,
-0.782029561640978),(-0.403317154400802,0.24838436766914,-0.880704535507591),
(-0.403317154400802,0.372188536927599,-0.835949140764994),(-0.403317154400802,
0.488289435788425,-0.773891917429987),(-0.403317154400802,0.594284097667219,
-0.695817277901245),(-0.403317154400802,0.687978727054054,-0.603341150666124),
(-0.403317154400802,0.767434104995734,-0.498377535062965),(-0.403317154400802,
0.831005725549426,-0.38309888680354),(-0.403317154400802,0.877377832494418,
-0.259891154165426),(-0.403317154400802,0.905590651836448,-0.131304395480417),
(-0.403317154400802,0.915060256467321,0.),(-0.403317154400802,0.905590651836448,
0.131304395480417),(-0.403317154400802,0.877377832494418,0.259891154165426),
(-0.403317154400802,0.831005725549426,0.38309888680354),(-0.403317154400802,
0.767434104995734,0.498377535062965),(-0.403317154400802,0.687978727054054,
0.603341150666124),(-0.403317154400802,0.594284097667219,0.695817277901246),
(-0.403317154400802,0.488289435788425,0.773891917429987),(-0.403317154400802,
0.372188536927599,0.835949140764995),(-0.403317154400802,0.24838436766914,
0.880704535507591),(-0.403317154400802,0.119439330928583,0.907231789121927),
(-0.403317154400802,0.119439330928583,-0.907231789121926),(-0.167506223304735,
0.267605272775529,-0.948856724240767),(-0.167506223304735,0.400989868577827,
-0.900637990788819),(-0.167506223304735,0.526075086301839,-0.833778548972505),
(-0.167506223304735,0.640272008881959,-0.749662203793445),(-0.167506223304735,
0.741217076761854,-0.650029930288441),(-0.167506223304735,0.826821007021623,
-0.536943840175054),(-0.167506223304735,0.895312035739316,-0.412744501858602),
(-0.167506223304735,0.94527258858989,-0.280002497158064),(-0.167506223304735,
0.975668620701893,-0.141465217392296),(-0.167506223304735,0.985871018518236,
0.),(-0.167506223304735,0.975668620701893,0.141465217392296),(-0.167506223304735,
0.94527258858989,0.280002497158064),(-0.167506223304735,0.895312035739316,
0.412744501858602),(-0.167506223304735,0.826821007021623,0.536943840175054),
(-0.167506223304735,0.741217076761854,0.650029930288442),(-0.167506223304735,
0.640272008881959,0.749662203793446),(-0.167506223304735,0.526075086301839,
0.833778548972506),(-0.167506223304735,0.400989868577827,0.900637990788819),
(-0.167506223304735,0.267605272775529,0.948856724240767),(-0.167506223304735,
0.128681990067289,0.97743675528727),(-0.167506223304735,0.128681990067289,
-0.97743675528727)),$,(20,18,16,14,12,10,8,6,4,2,1,3,5,7,9,11,13,15,17,
19,46,21,69,92,115,138,161,184,182,180,178,176,174,172,170,168,166,164,
162,163,165,167,169,171,173,175,177,179,181,183,160,137,114,91,68,45,22,
23,159,157,134,155,132,153,130,151,128,149,126,147,124,145,122,143,120,
141,118,139,116,140,117,142,119,144,121,146,123,148,125,150,127,152,129,
154,131,156,133,158,136,135,111,109,107,105,103,101,99,97,95,93,94,96,98,
100,102,104,106,108,110,113,112,88,86,84,82,80,78,76,74,72,70,71,73,75,
77,79,81,83,85,87,90,89,65,63,61,59,57,55,53,51,49,47,48,50,52,54,56,58,
60,62,64,66,67,42,40,38,36,34,32,30,28,25,24,26,27,29,31,33,35,37,39,41,
44,43),((59,60,61),(60,62,63),(62,64,65),(64,66,67),(66,68,69),(68,70,71),
(70,72,73),(72,74,75),(74,76,77),(76,78,79),(78,80,81),(80,82,83),(82,84,
85),(84,86,87),(86,88,89),(88,90,91),(90,92,93),(92,94,95),(94,96,97),(96,
98,99),(100,61,101),(61,63,102),(63,65,103),(65,67,104),(67,69,105),(69,
71,106),(71,73,107),(73,75,108),(75,77,109),(77,79,110),(79,81,111),(81,
83,112),(83,85,113),(85,87,114),(87,89,115),(89,91,116),(91,93,117),(93,
95,118),(95,97,119),(97,99,120),(121,101,122),(101,102,123),(102,103,124),
(103,104,125),(104,105,126),(105,106,127),(106,107,128),(107,108,129),(108,
109,130),(109,110,131),(110,111,132),(111,112,133),(112,113,134),(113,114,
135),(114,115,136),(115,116,137),(116,117,138),(117,118,139),(118,119,140),
(119,120,141),(142,122,143),(122,123,144),(123,124,145),(124,125,146),(125,
126,147),(126,127,148),(127,128,149),(128,129,150),(129,130,151),(130,131,
152),(131,132,153),(132,133,154),(133,134,155),(134,135,156),(135,136,157),
(136,137,158),(137,138,159),(138,139,160),(139,140,161),(140,141,162),(163,
143,164),(143,144,165),(144,145,166),(145,146,167),(146,147,168),(147,148,
169),(148,149,170),(149,150,171),(150,151,172),(151,152,173),(152,153,174),
(153,154,175),(154,155,176),(155,156,177),(156,157,178),(157,158,179),(158,
159,180),(159,160,181),(160,161,182),(161,162,183),(182,183,1),(181,182,
2),(180,181,3),(179,180,4),(178,179,5),(177,178,6),(176,177,7),(175,176,
8),(174,175,9),(173,174,10),(172,173,11),(171,172,12),(170,171,13),(169,
170,14),(168,169,15),(167,168,16),(166,167,17),(165,166,18),(164,165,19),
(184,164,20),(21,184,22),(23,163,184),(24,142,163),(25,121,142),(26,100,
121),(27,59,100),(28,29,59),(29,30,60),(30,31,62),(31,32,64),(32,33,66),
(33,34,68),(34,35,70),(35,36,72),(36,37,74),(37,38,76),(38,39,78),(39,40,
80),(40,41,82),(41,42,84),(42,43,86),(43,44,88),(44,45,90),(45,46,92),(46,
47,94),(47,48,96),(48,49,98),(49,50,51),(98,51,52),(99,52,53),(120,53,54),
(141,54,55),(162,55,56),(183,56,57),(57,1,183),(56,183,162),(55,162,141),
(54,141,120),(53,120,99),(52,99,98),(51,98,49),(98,96,48),(96,94,47),(94,
92,46),(92,90,45),(90,88,44),(88,86,43),(86,84,42),(84,82,41),(82,80,40),
(80,78,39),(78,76,38),(76,74,37),(74,72,36),(72,70,35),(70,68,34),(68,66,
33),(66,64,32),(64,62,31),(62,60,30),(60,59,29),(59,27,28),(100,26,27),
(121,25,26),(142,24,25),(163,23,24),(184,21,23),(22,58,21),(20,22,184),
(19,20,164),(18,19,165),(17,18,166),(16,17,167),(15,16,168),(14,15,169),
(13,14,170),(12,13,171),(11,12,172),(10,11,173),(9,10,174),(8,9,175),(7,
8,176),(6,7,177),(5,6,178),(4,5,179),(3,4,180),(2,3,181),(1,2,182),(183,
182,161),(182,181,160),(181,180,159),(180,179,158),(179,178,157),(178,177,
156),(177,176,155),(176,175,154),(175,174,153),(174,173,152),(173,172,151),
(172,171,150),(171,170,149),(170,169,148),(169,168,147),(168,167,146),(167,
166,145),(166,165,144),(165,164,143),(164,184,163),(162,161,140),(161,160,
139),(160,159,138),(159,158,137),(158,157,136),(157,156,135),(156,155,134),
(155,154,133),(154,153,132),(153,152,131),(152,151,130),(151,150,129),(150,
149,128),(149,148,127),(148,147,126),(147,146,125),(146,145,124),(145,144,
123),(144,143,122),(143,163,142),(141,140,119),(140,139,118),(139,138,117),
(138,137,116),(137,136,115),(136,135,114),(135,134,113),(134,133,112),(133,
132,111),(132,131,110),(131,130,109),(130,129,108),(129,128,107),(128,127,
106),(127,126,105),(126,125,104),(125,124,103),(124,123,102),(123,122,101),
(122,142,121),(120,119,97),(119,118,95),(118,117,93),(117,116,91),(116,
115,89),(115,114,87),(114,113,85),(113,112,83),(112,111,81),(111,110,79),
(110,109,77),(109,108,75),(108,107,73),(107,106,71),(106,105,69),(105,104,
67),(104,103,65),(103,102,63),(102,101,61),(101,121,100),(99,97,96),(97,
95,94),(95,93,92),(93,91,90),(91,89,88),(89,87,86),(87,85,84),(85,83,82),
(83,81,80),(81,79,78),(79,77,76),(77,75,74),(75,73,72),(73,71,70),(71,69,
68),(69,67,66),(67,65,64),(65,63,62),(63,61,60),(61,100,59)),());
#415=COMPLEX_TRIANGULATED_FACE($,#447,34,((0.,0.195090322016129,-0.98078528040323),
(0.,0.,-1.),(0.,0.,-1.),(0.,0.38268343236509,-0.923879532511287),(0.,0.195090322016129,
-0.98078528040323),(0.,0.555570233019602,-0.831469612302545),(0.,0.38268343236509,
-0.923879532511287),(0.,0.707106781186548,-0.707106781186547),(0.,0.555570233019602,
-0.831469612302545),(0.,0.831469612302545,-0.555570233019602),(0.,0.707106781186548,
-0.707106781186547),(0.,0.923879532511287,-0.382683432365089),(0.,0.831469612302545,
-0.555570233019602),(0.,0.980785280403231,-0.195090322016127),(0.,0.923879532511287,
-0.382683432365089),(0.,1.,0.),(0.,0.980785280403231,-0.195090322016127),
(0.,0.98078528040323,0.195090322016129),(0.,1.,0.),(0.,0.923879532511287,
0.38268343236509),(0.,0.98078528040323,0.195090322016129),(0.,0.831469612302545,
0.555570233019602),(0.,0.923879532511287,0.38268343236509),(0.,0.707106781186547,
0.707106781186548),(0.,0.831469612302545,0.555570233019602),(0.,0.555570233019602,
0.831469612302545),(0.,0.707106781186547,0.707106781186548),(0.,0.382683432365089,
0.923879532511287),(0.,0.555570233019602,0.831469612302545),(0.,0.195090322016128,
0.98078528040323),(0.,0.382683432365089,0.923879532511287),(0.,0.,1.),(0.,
0.195090322016128,0.98078528040323),(0.,0.,1.)),$,(14,16,33,12,31,10,29,
8,27,6,25,4,23,2,21,1,19,3,18,5,20,7,22,9,24,11,26,13,28,15,30,17,32,34),
((1,2,3),(4,1,5),(6,4,7),(8,6,9),(10,8,11),(12,10,13),(14,12,15),(16,14,
17),(18,16,19),(20,18,21),(22,20,23),(24,22,25),(26,24,27),(28,26,29),(30,
28,31),(32,30,33),(33,34,32),(31,33,30),(29,31,28),(27,29,26),(25,27,24),
(23,25,22),(21,23,20),(19,21,18),(17,19,16),(15,17,14),(13,15,12),(11,13,
10),(9,11,8),(7,9,6),(5,7,4),(3,5,1)),());
#416=COMPLEX_TRIANGULATED_FACE($,#448,115,((0.,0.130526192220051,-0.99144486137381),
(0.,0.271440449865074,-0.962455236453648),(0.,0.4067366430758,-0.913545457642601),
(0.,0.533614515915611,-0.845727821703974),(0.,0.649448048330183,-0.760405965600032),
(0.,0.751839807478977,-0.65934581510007),(0.,0.838670567945423,-0.544639035015029),
(0.,0.908143173825081,-0.418659737537429),(0.,0.958819734868193,-0.284015344703924),
(0.,0.98965138681967,-0.14349262199118),(0.,1.,0.),(0.,0.98965138681967,
0.143492621991178),(0.,0.958819734868193,0.284015344703921),(0.,0.908143173825082,
0.418659737537427),(0.,0.838670567945425,0.544639035015026),(0.,0.751839807478978,
0.659345815100068),(0.,0.649448048330185,0.76040596560003),(0.,0.533614515915613,
0.845727821703972),(0.,0.406736643075802,0.9135454576426),(0.,0.271440449865076,
0.962455236453647),(0.,0.130526192220053,0.99144486137381),(0.,0.,1.),(0.201980205897139,
0.,0.979389604001262),(0.436724333051879,0.,0.899595385115104),(0.644622175807153,
0.,0.764501308342669),(0.785750389196288,0.,0.618543713797078),(0.785750389196288,
0.0807361556835831,0.613251986579186),(0.785750389196288,0.167897783934294,
0.595320636319483),(0.785750389196288,0.251584393745463,0.565067800092705),
(0.785750389196288,0.330063904410474,0.523119627698288),(0.785750389196288,
0.401712007732417,0.470344329955696),(0.785750389196288,0.465045786698527,
0.407834209148557),(0.785750389196288,0.518754407749268,0.336883051397051),
(0.785750389196289,0.561726251397231,0.25895934887371),(0.785750389196288,
0.593071919667302,0.175675906088521),(0.785750389196288,0.612142644167868,
0.0887564593089036),(0.785750389196288,0.618543713797078,0.),(0.785750389196288,
0.612142644167868,-0.0887564593089049),(0.785750389196288,0.593071919667302,
-0.175675906088522),(0.785750389196288,0.561726251397231,-0.258959348873711),
(0.785750389196288,0.518754407749267,-0.336883051397053),(0.785750389196288,
0.465045786698527,-0.407834209148559),(0.785750389196287,0.401712007732416,
-0.470344329955697),(0.785750389196288,0.330063904410472,-0.523119627698289),
(0.785750389196288,0.251584393745461,-0.565067800092706),(0.785750389196288,
0.167897783934292,-0.595320636319484),(0.644622175807153,0.,-0.764501308342669),
(0.785750389196287,0.0807361556835817,-0.613251986579187),(0.436724333051879,
0.,-0.899595385115104),(0.201980205897139,0.,-0.979389604001262),(0.,0.,
-1.),(0.785750389196288,0.,-0.618543713797078),(0.201980205897139,0.127835995710189,
-0.971010790169982),(0.201980205897139,0.265845954703279,-0.942618652899279),
(0.436724333051879,0.244186576032188,-0.865820289093567),(0.201980205897139,
0.398353639794811,-0.894716923997739),(0.436724333051879,0.365898407068199,
-0.821821277788149),(0.201980205897139,0.522616509431916,-0.828297036391504),
(0.436724333051879,0.480037155948114,-0.760812845468343),(0.201980205897139,
0.636062666873491,-0.744733697529212),(0.436724333051879,0.584240467149844,
-0.684057697467782),(0.201980205897139,0.736344091319221,-0.645756436750746),
(0.436724333051879,0.676351621153916,-0.593144452458978),(0.201980205897139,
0.821385235427582,-0.533413808826997),(0.436724333051879,0.754464172555566,
-0.489954762453062),(0.201980205897139,0.889425983388996,-0.410030994558054),
(0.436724333051879,0.816961408196826,-0.376624367822171),(0.201980205897139,
0.939058080441155,-0.278161675979857),(0.436724333051879,0.862549808644714,
-0.255498893397524),(0.201980205897139,0.969254279836617,-0.140535182229044),
(0.436724333051879,0.890285820455737,-0.129085300541331),(0.201980205897139,
0.979389604001262,0.),(0.436724333051879,0.899595385115104,0.),(0.201980205897139,
0.969254279836617,0.140535182229044),(0.436724333051879,0.890285820455737,
0.129085300541331),(0.201980205897139,0.939058080441155,0.278161675979857),
(0.436724333051879,0.862549808644714,0.255498893397524),(0.201980205897139,
0.889425983388996,0.410030994558054),(0.436724333051879,0.816961408196826,
0.376624367822171),(0.201980205897139,0.821385235427583,0.533413808826997),
(0.436724333051879,0.754464172555566,0.489954762453062),(0.201980205897139,
0.736344091319221,0.645756436750746),(0.436724333051879,0.676351621153916,
0.593144452458978),(0.201980205897139,0.636062666873491,0.744733697529212),
(0.436724333051879,0.584240467149844,0.684057697467782),(0.201980205897139,
0.522616509431916,0.828297036391505),(0.436724333051879,0.480037155948114,
0.760812845468344),(0.201980205897139,0.398353639794811,0.894716923997739),
(0.436724333051879,0.365898407068199,0.821821277788149),(0.201980205897139,
0.265845954703279,0.942618652899279),(0.436724333051879,0.244186576032188,
0.865820289093567),(0.201980205897139,0.127835995710189,0.971010790169983),
(0.436724333051879,0.117420760157805,0.891899221887964),(0.436724333051879,
0.117420760157805,-0.891899221887963),(0.644622175807153,0.207516579058972,
-0.735798287490065),(0.644622175807153,0.310950695782354,-0.69840669759827),
(0.644622175807153,0.407948995568125,-0.646560026194482),(0.644622175807153,
0.496503882649018,-0.581331355572794),(0.644622175807153,0.574782516481778,
-0.504070738294266),(0.644622175807153,0.641164746462765,-0.416377254843477),
(0.644622175807153,0.694276644551738,-0.320065917097762),(0.644622175807153,
0.733018941771504,-0.217130102615543),(0.644622175807153,0.756589780026774,
-0.109700297249777),(0.644622175807153,0.764501308342668,0.),(0.644622175807153,
0.756589780026774,0.109700297249777),(0.644622175807153,0.733018941771504,
0.217130102615543),(0.644622175807153,0.694276644551738,0.320065917097762),
(0.644622175807153,0.641164746462766,0.416377254843477),(0.644622175807153,
0.574782516481778,0.504070738294266),(0.644622175807153,0.496503882649018,
0.581331355572794),(0.644622175807153,0.407948995568125,0.646560026194483),
(0.644622175807153,0.310950695782354,0.69840669759827),(0.644622175807153,
0.207516579058972,0.735798287490066),(0.644622175807153,0.099787444725216,
0.757960893669894),(0.644622175807153,0.099787444725216,-0.757960893669893)),
$,(113,111,109,107,105,103,101,99,97,95,93,94,96,98,100,102,104,106,108,
110,112,115,91,68,45,22,20,18,16,14,12,10,8,6,4,2,1,3,5,7,9,11,13,15,17,
19,46,21,69,92,114,23,89,88,65,86,63,84,60,82,59,80,57,78,55,76,53,74,51,
72,49,70,47,71,48,73,50,75,52,77,54,79,56,81,58,83,61,85,62,87,64,90,66,
67,42,40,38,36,34,32,30,28,26,24,25,27,29,31,33,35,37,39,41,43,44),((53,
54,55),(54,56,57),(56,58,59),(58,60,61),(60,62,63),(62,64,65),(64,66,67),
(66,68,69),(68,70,71),(70,72,73),(72,74,75),(74,76,77),(76,78,79),(78,80,
81),(80,82,83),(82,84,85),(84,86,87),(86,88,89),(88,90,91),(90,92,93),(94,
55,95),(55,57,96),(57,59,97),(59,61,98),(61,63,99),(63,65,100),(65,67,101),
(67,69,102),(69,71,103),(71,73,104),(73,75,105),(75,77,106),(77,79,107),
(79,81,108),(81,83,109),(83,85,110),(85,87,111),(87,89,112),(89,91,113),
(91,93,114),(1,2,54),(2,3,56),(3,4,58),(4,5,60),(5,6,62),(6,7,64),(7,8,
66),(8,9,68),(9,10,70),(10,11,72),(11,12,74),(12,13,76),(13,14,78),(14,
15,80),(15,16,82),(16,17,84),(17,18,86),(18,19,88),(19,20,90),(20,21,92),
(22,23,92),(92,23,24),(93,24,25),(114,25,26),(113,114,27),(112,113,28),
(111,112,29),(110,111,30),(109,110,31),(108,109,32),(107,108,33),(106,107,
34),(105,106,35),(104,105,36),(103,104,37),(102,103,38),(101,102,39),(100,
101,40),(99,100,41),(98,99,42),(97,98,43),(96,97,44),(95,96,45),(115,95,
46),(47,115,48),(49,94,115),(50,53,94),(51,1,53),(53,50,51),(94,49,50),
(115,47,49),(48,52,47),(46,48,115),(45,46,95),(44,45,96),(43,44,97),(42,
43,98),(41,42,99),(40,41,100),(39,40,101),(38,39,102),(37,38,103),(36,37,
104),(35,36,105),(34,35,106),(33,34,107),(32,33,108),(31,32,109),(30,31,
110),(29,30,111),(28,29,112),(27,28,113),(26,27,114),(25,114,93),(24,93,
92),(92,21,22),(92,90,20),(90,88,19),(88,86,18),(86,84,17),(84,82,16),(82,
80,15),(80,78,14),(78,76,13),(76,74,12),(74,72,11),(72,70,10),(70,68,9),
(68,66,8),(66,64,7),(64,62,6),(62,60,5),(60,58,4),(58,56,3),(56,54,2),(54,
53,1),(114,113,91),(113,112,89),(112,111,87),(111,110,85),(110,109,83),
(109,108,81),(108,107,79),(107,106,77),(106,105,75),(105,104,73),(104,103,
71),(103,102,69),(102,101,67),(101,100,65),(100,99,63),(99,98,61),(98,97,
59),(97,96,57),(96,95,55),(95,115,94),(93,91,90),(91,89,88),(89,87,86),
(87,85,84),(85,83,82),(83,81,80),(81,79,78),(79,77,76),(77,75,74),(75,73,
72),(73,71,70),(71,69,68),(69,67,66),(67,65,64),(65,63,62),(63,61,60),(61,
59,58),(59,57,56),(57,55,54),(55,94,53)),());
#417=COMPLEX_TRIANGULATED_FACE($,#449,34,((0.984807752744025,0.,-0.17364817918787),
(0.984807752744025,0.0361034865423752,-0.169853549844409),(0.984807752744025,
0.0361034865423752,-0.169853549844409),(0.984807752744025,0.0706290774790992,
-0.158635505324987),(0.984807752744025,0.0706290774790992,-0.158635505324987),
(0.984807752744025,0.102067838814071,-0.140484328005253),(0.984807752744025,
0.102067838814071,-0.140484328005253),(0.984807752744025,0.129045745817037,
-0.116193311433091),(0.984807752744025,0.129045745817037,-0.116193311433091),
(0.984807752744025,0.150383734497608,-0.086824089593935),(0.984807752744025,
0.150383734497608,-0.086824089593935),(0.984807752744025,0.165149232359412,
-0.0536602384113179),(0.984807752744025,0.165149232359412,-0.0536602384113179),
(0.984807752744025,0.17269691629317,-0.0181511773197342),(0.984807752744025,
0.17269691629317,-0.0181511773197342),(0.984807752744025,0.17364817918787,
0.),(0.984807752744025,0.17364817918787,0.),(0.984807752744025,0.17269691629317,
0.0181511773197341),(0.984807752744025,0.17269691629317,0.0181511773197341),
(0.984807752744025,0.165149232359412,0.0536602384113178),(0.984807752744025,
0.165149232359412,0.0536602384113178),(0.984807752744025,0.150383734497608,
0.0868240895939349),(0.984807752744025,0.150383734497608,0.0868240895939349),
(0.984807752744025,0.129045745817037,0.116193311433091),(0.984807752744025,
0.129045745817037,0.116193311433091),(0.984807752744025,0.102067838814071,
0.140484328005253),(0.984807752744025,0.102067838814071,0.140484328005253),
(0.984807752744025,0.0706290774790993,0.158635505324987),(0.984807752744025,
0.0706290774790993,0.158635505324987),(0.984807752744025,0.0361034865423754,
0.169853549844409),(0.984807752744025,0.0361034865423754,0.169853549844409),
(0.984807752744025,0.,0.17364817918787),(0.984807752744025,0.,0.17364817918787),
(0.984807752744025,0.,-0.17364817918787)),$,(34,31,15,29,14,27,13,25,12,
23,11,21,10,19,9,18,1,20,2,22,3,24,4,26,5,28,6,30,7,32,8,33,16,17),((1,
2,3),(2,4,5),(4,6,7),(6,8,9),(8,10,11),(10,12,13),(12,14,15),(16,17,15),
(16,18,19),(19,17,16),(18,20,21),(20,22,23),(22,24,25),(24,26,27),(26,28,
29),(28,30,31),(30,32,33),(33,31,30),(31,29,28),(29,27,26),(27,25,24),(25,
23,22),(23,21,20),(21,19,18),(15,14,16),(15,13,12),(13,11,10),(11,9,8),
(9,7,6),(7,5,4),(5,3,2),(3,34,1)),());
#418=COMPLEX_TRIANGULATED_FACE($,#450,34,((0.,-0.20791169081776,0.978147600733806),
(0.,0.,1.),(0.,0.,1.),(0.,-0.4067366430758,0.913545457642601),(0.,-0.20791169081776,
0.978147600733806),(0.,-0.587785252292473,0.809016994374947),(0.,-0.4067366430758,
0.913545457642601),(0.,-0.743144825477394,0.669130606358858),(0.,-0.587785252292473,
0.809016994374947),(0.,-0.866025403784439,0.5),(0.,-0.743144825477394,0.669130606358858),
(0.,-0.951056516295154,0.309016994374947),(0.,-0.866025403784439,0.5),(0.,
-0.994521895368273,0.104528463267653),(0.,-0.951056516295154,0.309016994374947),
(0.,-0.994521895368273,-0.104528463267654),(0.,-1.,0.),(0.,-1.,0.),(0.,
-0.994521895368273,0.104528463267653),(0.,-0.951056516295154,-0.309016994374948),
(0.,-0.994521895368273,-0.104528463267654),(0.,-0.866025403784438,-0.5),
(0.,-0.951056516295154,-0.309016994374948),(0.,-0.743144825477394,-0.669130606358858),
(0.,-0.866025403784438,-0.5),(0.,-0.587785252292473,-0.809016994374947),
(0.,-0.743144825477394,-0.669130606358858),(0.,-0.4067366430758,-0.913545457642601),
(0.,-0.587785252292473,-0.809016994374947),(0.,-0.207911690817759,-0.978147600733806),
(0.,-0.4067366430758,-0.913545457642601),(0.,0.,-1.),(0.,-0.207911690817759,
-0.978147600733806),(0.,0.,-1.)),$,(4,2,19,6,21,8,23,10,25,11,27,14,28,
16,31,15,17,34,33,13,32,12,30,9,29,7,26,5,24,3,22,1,20,18),((1,2,3),(4,
1,5),(6,4,7),(8,6,9),(10,8,11),(12,10,13),(14,12,15),(16,17,18),(19,18,
17),(17,14,19),(20,16,21),(22,20,23),(24,22,25),(26,24,27),(28,26,29),(30,
28,31),(32,30,33),(33,34,32),(31,33,30),(29,31,28),(27,29,26),(25,27,24),
(23,25,22),(21,23,20),(18,21,16),(15,19,14),(13,15,12),(11,13,10),(9,11,
8),(7,9,6),(5,7,4),(3,5,1)),());
#419=COMPLEX_TRIANGULATED_FACE($,#451,184,((0.,-0.130526192220052,0.99144486137381),
(0.,-0.271440449865074,0.962455236453647),(0.,-0.4067366430758,0.913545457642601),
(0.,-0.533614515915611,0.845727821703973),(0.,-0.649448048330183,0.760405965600032),
(0.,-0.751839807478978,0.659345815100068),(0.,-0.838670567945425,0.544639035015026),
(0.,-0.908143173825082,0.418659737537428),(0.,-0.958819734868193,0.284015344703921),
(0.,-0.98965138681967,0.14349262199118),(0.,-1.,0.),(0.,-0.98965138681967,
-0.143492621991179),(0.,-0.958819734868193,-0.284015344703921),(0.,-0.908143173825082,
-0.418659737537428),(0.,-0.838670567945425,-0.544639035015026),(0.,-0.751839807478978,
-0.659345815100068),(0.,-0.649448048330183,-0.760405965600032),(0.,-0.533614515915611,
-0.845727821703973),(0.,-0.4067366430758,-0.913545457642601),(0.,-0.271440449865074,
-0.962455236453647),(0.,-0.130526192220053,-0.99144486137381),(0.,0.,-1.),
(0.167506220364729,0.,-0.985871019017763),(0.403317147669667,0.,-0.915060259434101),
(0.614678603464303,0.,-0.788777671110925),(0.788777654002369,0.,-0.614678625418617),
(0.915060248208439,0.,-0.403317173138847),(0.985871014355506,0.,-0.167506247804808),
(1.,0.,0.),(1.,0.,0.),(1.,0.,0.),(1.,0.,0.),(1.,0.,0.),(1.,0.,0.),(1.,0.,
0.),(1.,0.,0.),(1.,0.,0.),(1.,0.,0.),(1.,0.,0.),(1.,0.,0.),(1.,0.,0.),(1.,
0.,0.),(1.,0.,0.),(1.,0.,0.),(1.,0.,0.),(1.,0.,0.),(1.,0.,0.),(1.,0.,0.),
(1.,0.,0.),(0.985871014355506,0.,0.167506247804808),(1.,0.,0.),(0.915060248208439,
0.,0.403317173138847),(0.788777654002369,0.,0.614678625418617),(0.614678603464303,
0.,0.788777671110925),(0.403317147669667,0.,0.915060259434101),(0.167506220364729,
0.,0.985871019017763),(0.,0.,1.),(1.,0.,0.),(0.16750622036473,-0.128681990132491,
0.977436755782523),(0.16750622036473,-0.267605272911121,0.948856724721539),
(0.403317147669667,-0.248384368474444,0.880704538362984),(0.16750622036473,
-0.400989868781003,0.90063799124516),(0.403317147669667,-0.372188538134297,
0.835949143475283),(0.16750622036473,-0.526075086568395,0.833778549394969),
(0.403317147669667,-0.488289437371542,0.773891919939075),(0.16750622036473,
-0.640272009206376,0.749662204173289),(0.403317147669667,-0.594284099593989,
0.695817280157203),(0.16750622036473,-0.741217077137418,0.650029930617802),
(0.403317147669667,-0.687978729284598,0.603341152622258),(0.16750622036473,
-0.826821007440562,0.536943840447116),(0.403317147669667,-0.767434107483885,
0.498377536678789),(0.16750622036473,-0.895312036192959,0.412744502067733),
(0.403317147669667,-0.831005728243687,0.383098888045612),(0.16750622036473,
-0.945272589068847,0.280002497299937),(0.403317147669667,-0.877377835339025,
0.259891155008037),(0.16750622036473,-0.975668621196251,0.141465217463975),
(0.403317147669667,-0.905590654772526,0.131304395906128),(0.16750622036473,
-0.985871019017763,0.),(0.403317147669667,-0.915060259434101,0.),(0.16750622036473,
-0.975668621196251,-0.141465217463975),(0.403317147669667,-0.905590654772526,
-0.131304395906128),(0.16750622036473,-0.945272589068847,-0.280002497299938),
(0.403317147669667,-0.877377835339025,-0.259891155008037),(0.16750622036473,
-0.895312036192959,-0.412744502067734),(0.403317147669667,-0.831005728243687,
-0.383098888045612),(0.16750622036473,-0.826821007440562,-0.536943840447116),
(0.403317147669667,-0.767434107483885,-0.49837753667879),(0.16750622036473,
-0.741217077137418,-0.650029930617803),(0.403317147669667,-0.687978729284598,
-0.603341152622258),(0.16750622036473,-0.640272009206376,-0.749662204173289),
(0.403317147669667,-0.594284099593989,-0.695817280157203),(0.16750622036473,
-0.526075086568394,-0.83377854939497),(0.403317147669667,-0.488289437371542,
-0.773891919939075),(0.16750622036473,-0.400989868781003,-0.90063799124516),
(0.403317147669667,-0.372188538134297,-0.835949143475283),(0.16750622036473,
-0.267605272911121,-0.94885672472154),(0.403317147669667,-0.248384368474444,
-0.880704538362984),(0.16750622036473,-0.12868199013249,-0.977436755782524),
(0.403317147669667,-0.119439331315826,-0.907231792063326),(0.403317147669667,
-0.119439331315826,0.907231792063325),(0.614678603464304,-0.214106165889875,
0.759163199958422),(0.614678603464304,-0.320824782080805,0.720584258533294),
(0.614678603464304,-0.420903215134899,0.667091221597375),(0.614678603464304,
-0.512270119069417,0.599791246644846),(0.614678603464304,-0.593034452391754,
0.520077256491366),(0.614678603464304,-0.661524617413268,0.429599109635254),
(0.614678603464304,-0.716323057685031,0.330229452762683),(0.614678603464304,
-0.756295597484527,0.224024962155326),(0.614678603464304,-0.780614916107316,
0.113183776195803),(0.614678603464304,-0.788777671110925,0.),(0.614678603464304,
-0.780614916107316,-0.113183776195803),(0.614678603464304,-0.756295597484527,
-0.224024962155327),(0.614678603464304,-0.716323057685031,-0.330229452762684),
(0.614678603464304,-0.661524617413268,-0.429599109635255),(0.614678603464304,
-0.593034452391754,-0.520077256491367),(0.614678603464304,-0.512270119069417,
-0.599791246644847),(0.614678603464304,-0.420903215134899,-0.667091221597376),
(0.614678603464304,-0.320824782080805,-0.720584258533295),(0.614678603464304,
-0.214106165889875,-0.759163199958422),(0.614678603464304,-0.102956145918309,
-0.782029568789328),(0.614678603464304,-0.102956145918309,0.782029568789328),
(0.788777654002369,-0.166848642606075,0.591600661770277),(0.788777654002369,
-0.250012320673215,0.561536866161175),(0.788777654002369,-0.328001437146429,
0.519850814923279),(0.788777654002369,-0.399201833628401,0.467405293695143),
(0.788777654002369,-0.462139859396175,0.405285779301228),(0.788777654002369,
-0.515512871883744,0.334777973392359),(0.788777654002369,-0.558216197770101,
0.257341191987625),(0.788777654002369,-0.589365996653023,0.174578161680402),
(0.788777654002369,-0.608317554093943,0.0882018476432512),(0.788777654002369,
-0.614678625418617,0.),(0.788777654002369,-0.608317554093943,-0.0882018476432513),
(0.788777654002369,-0.589365996653023,-0.174578161680402),(0.788777654002369,
-0.558216197770101,-0.257341191987625),(0.788777654002369,-0.515512871883744,
-0.334777973392359),(0.788777654002369,-0.462139859396175,-0.405285779301228),
(0.788777654002369,-0.399201833628401,-0.467405293695143),(0.788777654002369,
-0.328001437146429,-0.519850814923279),(0.788777654002369,-0.250012320673215,
-0.561536866161175),(0.788777654002369,-0.166848642606075,-0.591600661770278),
(0.788777654002369,-0.0802316604149473,-0.609419964567605),(0.788777654002369,
-0.0802316604149474,0.609419964567604),(0.915060248208438,-0.109476594915119,
0.388174725239166),(0.915060248208438,-0.164043873097316,0.368448571510249),
(0.915060248208438,-0.215215898104939,0.341096554294522),(0.915060248208438,
-0.261933550953071,0.30668478448372),(0.915060248208438,-0.303229905805677,
0.265925490267089),(0.915060248208438,-0.3382502426585,0.219662275983331),
(0.915060248208438,-0.366269737672473,0.168852661850647),(0.915060248208438,
-0.386708465016779,0.114548265954041),(0.915060248208438,-0.39914339972505,
0.0578730386677637),(0.915060248208438,-0.403317173138848,0.),(0.915060248208438,
-0.39914339972505,-0.0578730386677638),(0.915060248208438,-0.386708465016779,
-0.114548265954042),(0.915060248208438,-0.366269737672473,-0.168852661850648),
(0.915060248208438,-0.3382502426585,-0.219662275983331),(0.915060248208438,
-0.303229905805677,-0.265925490267089),(0.915060248208438,-0.261933550953071,
-0.306684784483721),(0.915060248208438,-0.215215898104939,-0.341096554294522),
(0.915060248208438,-0.164043873097316,-0.368448571510249),(0.915060248208438,
-0.109476594915119,-0.388174725239167),(0.915060248208438,-0.052643454866769,
-0.399866738812322),(0.915060248208438,-0.0526434548667691,0.399866738812322),
(0.985871014355506,-0.0454679712593478,0.16121726533844),(0.985871014355506,
-0.0681309289263509,0.153024571808839),(0.985871014355506,-0.0893837653352033,
0.141664694077766),(0.985871014355506,-0.108786605719945,0.127372750106053),
(0.985871014355506,-0.125937865101093,0.110444543493215),(0.985871014355506,
-0.140482559980866,0.0912304411633988),(0.985871014355506,-0.152119655516989,
0.0701281217418404),(0.985871014355506,-0.160608296108972,0.0475743447103433),
(0.985871014355506,-0.165772790440988,0.0240359106974162),(0.985871014355506,
-0.167506247804808,0.),(0.985871014355506,-0.165772790440988,-0.0240359106974162),
(0.985871014355506,-0.160608296108972,-0.0475743447103434),(0.985871014355506,
-0.152119655516989,-0.0701281217418405),(0.985871014355506,-0.140482559980866,
-0.0912304411633989),(0.985871014355506,-0.125937865101093,-0.110444543493216),
(0.985871014355506,-0.108786605719945,-0.127372750106053),(0.985871014355506,
-0.0893837653352033,-0.141664694077767),(0.985871014355506,-0.0681309289263509,
-0.153024571808839),(0.985871014355506,-0.0454679712593477,-0.16121726533844),
(0.985871014355506,-0.02186395269903,-0.166073208634085),(0.985871014355506,
-0.02186395269903,0.166073208634085)),$,(164,166,168,170,172,174,176,178,
180,182,184,183,181,179,177,175,173,171,169,167,165,163,140,117,94,71,48,
25,2,4,6,8,10,12,14,16,18,20,22,23,21,19,17,15,13,11,9,7,5,24,3,47,70,93,
116,139,162,1,142,144,121,146,123,148,125,150,127,151,128,153,130,155,132,
158,134,159,137,161,138,160,136,157,135,156,133,154,131,152,129,149,126,
147,124,145,122,143,120,141,118,119,98,100,102,103,106,107,110,111,113,
115,114,112,109,108,105,104,101,99,97,95,96,75,77,79,81,83,84,87,89,90,
92,91,88,86,85,82,80,78,76,74,72,73,52,54,56,58,60,61,63,65,68,69,67,66,
64,62,59,57,55,53,51,49,50,29,31,33,35,36,38,41,42,45,46,44,43,40,39,37,
34,32,30,28,26,27),((59,60,61),(60,62,63),(62,64,65),(64,66,67),(66,68,
69),(68,70,71),(70,72,73),(72,74,75),(74,76,77),(76,78,79),(78,80,81),(80,
82,83),(82,84,85),(84,86,87),(86,88,89),(88,90,91),(90,92,93),(92,94,95),
(94,96,97),(96,98,99),(100,61,101),(61,63,102),(63,65,103),(65,67,104),
(67,69,105),(69,71,106),(71,73,107),(73,75,108),(75,77,109),(77,79,110),
(79,81,111),(81,83,112),(83,85,113),(85,87,114),(87,89,115),(89,91,116),
(91,93,117),(93,95,118),(95,97,119),(97,99,120),(121,101,122),(101,102,
123),(102,103,124),(103,104,125),(104,105,126),(105,106,127),(106,107,128),
(107,108,129),(108,109,130),(109,110,131),(110,111,132),(111,112,133),(112,
113,134),(113,114,135),(114,115,136),(115,116,137),(116,117,138),(117,118,
139),(118,119,140),(119,120,141),(142,122,143),(122,123,144),(123,124,145),
(124,125,146),(125,126,147),(126,127,148),(127,128,149),(128,129,150),(129,
130,151),(130,131,152),(131,132,153),(132,133,154),(133,134,155),(134,135,
156),(135,136,157),(136,137,158),(137,138,159),(138,139,160),(139,140,161),
(140,141,162),(163,143,164),(143,144,165),(144,145,166),(145,146,167),(146,
147,168),(147,148,169),(148,149,170),(149,150,171),(150,151,172),(151,152,
173),(152,153,174),(153,154,175),(154,155,176),(155,156,177),(156,157,178),
(157,158,179),(158,159,180),(159,160,181),(160,161,182),(161,162,183),(1,
2,60),(2,3,62),(3,4,64),(4,5,66),(5,6,68),(6,7,70),(7,8,72),(8,9,74),(9,
10,76),(10,11,78),(11,12,80),(12,13,82),(13,14,84),(14,15,86),(15,16,88),
(16,17,90),(17,18,92),(18,19,94),(19,20,96),(20,21,98),(21,22,23),(98,23,
24),(99,24,25),(120,25,26),(141,26,27),(162,27,28),(183,28,29),(182,183,
30),(181,182,31),(180,181,32),(179,180,33),(178,179,34),(177,178,35),(176,
177,36),(175,176,37),(174,175,38),(173,174,39),(172,173,40),(171,172,41),
(170,171,42),(169,170,43),(168,169,44),(167,168,45),(166,167,46),(165,166,
47),(164,165,48),(184,164,49),(50,184,51),(52,163,184),(53,142,163),(54,
121,142),(55,100,121),(56,59,100),(57,1,59),(59,56,57),(100,55,56),(121,
54,55),(142,53,54),(163,52,53),(184,50,52),(51,58,50),(49,51,184),(48,49,
164),(47,48,165),(46,47,166),(45,46,167),(44,45,168),(43,44,169),(42,43,
170),(41,42,171),(40,41,172),(39,40,173),(38,39,174),(37,38,175),(36,37,
176),(35,36,177),(34,35,178),(33,34,179),(32,33,180),(31,32,181),(30,31,
182),(29,30,183),(28,183,162),(27,162,141),(26,141,120),(25,120,99),(24,
99,98),(23,98,21),(98,96,20),(96,94,19),(94,92,18),(92,90,17),(90,88,16),
(88,86,15),(86,84,14),(84,82,13),(82,80,12),(80,78,11),(78,76,10),(76,74,
9),(74,72,8),(72,70,7),(70,68,6),(68,66,5),(66,64,4),(64,62,3),(62,60,2),
(60,59,1),(183,182,161),(182,181,160),(181,180,159),(180,179,158),(179,
178,157),(178,177,156),(177,176,155),(176,175,154),(175,174,153),(174,173,
152),(173,172,151),(172,171,150),(171,170,149),(170,169,148),(169,168,147),
(168,167,146),(167,166,145),(166,165,144),(165,164,143),(164,184,163),(162,
161,140),(161,160,139),(160,159,138),(159,158,137),(158,157,136),(157,156,
135),(156,155,134),(155,154,133),(154,153,132),(153,152,131),(152,151,130),
(151,150,129),(150,149,128),(149,148,127),(148,147,126),(147,146,125),(146,
145,124),(145,144,123),(144,143,122),(143,163,142),(141,140,119),(140,139,
118),(139,138,117),(138,137,116),(137,136,115),(136,135,114),(135,134,113),
(134,133,112),(133,132,111),(132,131,110),(131,130,109),(130,129,108),(129,
128,107),(128,127,106),(127,126,105),(126,125,104),(125,124,103),(124,123,
102),(123,122,101),(122,142,121),(120,119,97),(119,118,95),(118,117,93),
(117,116,91),(116,115,89),(115,114,87),(114,113,85),(113,112,83),(112,111,
81),(111,110,79),(110,109,77),(109,108,75),(108,107,73),(107,106,71),(106,
105,69),(105,104,67),(104,103,65),(103,102,63),(102,101,61),(101,121,100),
(99,97,96),(97,95,94),(95,93,92),(93,91,90),(91,89,88),(89,87,86),(87,85,
84),(85,83,82),(83,81,80),(81,79,78),(79,77,76),(77,75,74),(75,73,72),(73,
71,70),(71,69,68),(69,67,66),(67,65,64),(65,63,62),(63,61,60),(61,100,59)),
());
#420=COMPLEX_TRIANGULATED_FACE($,#452,34,((0.,0.20791169081776,-0.978147600733806),
(0.,0.,-1.),(0.,0.,-1.),(0.,0.406736643075801,-0.913545457642601),(0.,0.20791169081776,
-0.978147600733806),(0.,0.587785252292473,-0.809016994374947),(0.,0.406736643075801,
-0.913545457642601),(0.,0.743144825477395,-0.669130606358858),(0.,0.587785252292473,
-0.809016994374947),(0.,0.866025403784439,-0.499999999999999),(0.,0.743144825477395,
-0.669130606358858),(0.,0.951056516295154,-0.309016994374947),(0.,0.866025403784439,
-0.499999999999999),(0.,0.994521895368273,-0.104528463267653),(0.,0.951056516295154,
-0.309016994374947),(0.,1.,0.),(0.,0.994521895368273,0.104528463267654),
(0.,0.994521895368273,0.104528463267654),(0.,1.,0.),(0.,0.994521895368273,
-0.104528463267653),(0.,0.951056516295154,0.309016994374948),(0.,0.866025403784438,
0.5),(0.,0.951056516295154,0.309016994374948),(0.,0.743144825477394,0.669130606358858),
(0.,0.866025403784438,0.5),(0.,0.587785252292473,0.809016994374948),(0.,
0.743144825477394,0.669130606358858),(0.,0.4067366430758,0.913545457642601),
(0.,0.587785252292473,0.809016994374948),(0.,0.207911690817759,0.978147600733806),
(0.,0.4067366430758,0.913545457642601),(0.,0.,1.),(0.,0.207911690817759,
0.978147600733806),(0.,0.,1.)),$,(15,16,33,14,31,13,29,12,27,11,25,10,23,
9,21,18,20,2,1,19,3,4,22,5,24,6,26,7,28,8,30,17,32,34),((1,2,3),(4,1,5),
(6,4,7),(8,6,9),(10,8,11),(12,10,13),(14,12,15),(16,17,18),(16,19,14),(14,
20,16),(21,18,17),(22,21,23),(24,22,25),(26,24,27),(28,26,29),(30,28,31),
(32,30,33),(33,34,32),(31,33,30),(29,31,28),(27,29,26),(25,27,24),(23,25,
22),(17,23,21),(18,19,16),(15,20,14),(13,15,12),(11,13,10),(9,11,8),(7,
9,6),(5,7,4),(3,5,1)),());
#421=COMPLEX_TRIANGULATED_FACE($,#453,115,((0.,-0.130526192220052,0.991444861373811),
(0.,-0.271440449865074,0.962455236453647),(0.,-0.4067366430758,0.913545457642601),
(0.,-0.533614515915611,0.845727821703973),(0.,-0.649448048330184,0.760405965600031),
(0.,-0.751839807478977,0.659345815100069),(0.,-0.838670567945424,0.544639035015027),
(0.,-0.908143173825081,0.418659737537428),(0.,-0.958819734868193,0.284015344703923),
(0.,-0.98965138681967,0.143492621991179),(0.,-1.,0.),(0.,-0.98965138681967,
-0.143492621991179),(0.,-0.958819734868193,-0.284015344703922),(0.,-0.908143173825082,
-0.418659737537428),(0.,-0.838670567945424,-0.544639035015027),(0.,-0.751839807478978,
-0.659345815100068),(0.,-0.649448048330184,-0.760405965600031),(0.,-0.533614515915612,
-0.845727821703973),(0.,-0.4067366430758,-0.913545457642601),(0.,-0.271440449865075,
-0.962455236453647),(0.,-0.130526192220052,-0.99144486137381),(0.,0.,-1.),
(0.201980205897139,0.,-0.979389604001262),(0.436724333051879,0.,-0.899595385115104),
(0.644622175807153,0.,-0.764501308342669),(0.785750389196288,0.,-0.618543713797078),
(0.785750389196289,-0.0807361556835825,-0.613251986579185),(0.785750389196288,
-0.167897783934293,-0.595320636319484),(0.785750389196288,-0.251584393745462,
-0.565067800092706),(0.785750389196288,-0.330063904410473,-0.523119627698289),
(0.785750389196288,-0.401712007732416,-0.470344329955696),(0.785750389196288,
-0.465045786698527,-0.407834209148558),(0.785750389196288,-0.518754407749267,
-0.336883051397052),(0.785750389196288,-0.561726251397232,-0.25895934887371),
(0.785750389196288,-0.593071919667302,-0.175675906088521),(0.785750389196288,
-0.612142644167868,-0.0887564593089043),(0.785750389196288,-0.618543713797078,
0.),(0.785750389196288,-0.612142644167868,0.0887564593089043),(0.785750389196288,
-0.593071919667302,0.175675906088522),(0.785750389196288,-0.561726251397232,
0.258959348873711),(0.785750389196288,-0.518754407749268,0.336883051397052),
(0.785750389196288,-0.465045786698527,0.407834209148559),(0.785750389196288,
-0.401712007732417,0.470344329955697),(0.785750389196288,-0.330063904410473,
0.523119627698289),(0.785750389196288,-0.251584393745462,0.565067800092706),
(0.785750389196288,-0.167897783934293,0.595320636319484),(0.644622175807153,
0.,0.764501308342669),(0.785750389196288,-0.080736155683582,0.613251986579186),
(0.436724333051879,0.,0.899595385115104),(0.201980205897139,0.,0.979389604001262),
(0.,0.,1.),(0.785750389196288,0.,0.618543713797078),(0.201980205897139,
-0.127835995710189,0.971010790169983),(0.201980205897139,-0.26584595470328,
0.942618652899279),(0.436724333051879,-0.244186576032188,0.865820289093567),
(0.201980205897139,-0.398353639794811,0.894716923997739),(0.436724333051879,
-0.365898407068199,0.821821277788149),(0.201980205897139,-0.522616509431916,
0.828297036391505),(0.436724333051879,-0.480037155948114,0.760812845468344),
(0.201980205897139,-0.636062666873492,0.744733697529212),(0.436724333051879,
-0.584240467149844,0.684057697467782),(0.201980205897139,-0.736344091319221,
0.645756436750746),(0.436724333051879,-0.676351621153916,0.593144452458978),
(0.201980205897139,-0.821385235427583,0.533413808826997),(0.436724333051879,
-0.754464172555567,0.489954762453062),(0.201980205897139,-0.889425983388996,
0.410030994558054),(0.436724333051879,-0.816961408196827,0.376624367822171),
(0.201980205897139,-0.939058080441155,0.278161675979857),(0.436724333051879,
-0.862549808644714,0.255498893397524),(0.201980205897139,-0.969254279836617,
0.140535182229044),(0.436724333051879,-0.890285820455738,0.129085300541331),
(0.201980205897139,-0.979389604001263,0.),(0.436724333051879,-0.899595385115104,
0.),(0.201980205897139,-0.969254279836617,-0.140535182229044),(0.436724333051879,
-0.890285820455738,-0.129085300541331),(0.201980205897139,-0.939058080441155,
-0.278161675979857),(0.436724333051879,-0.862549808644714,-0.255498893397524),
(0.201980205897139,-0.889425983388996,-0.410030994558054),(0.436724333051879,
-0.816961408196827,-0.376624367822171),(0.201980205897139,-0.821385235427583,
-0.533413808826998),(0.436724333051879,-0.754464172555567,-0.489954762453062),
(0.201980205897139,-0.736344091319221,-0.645756436750746),(0.436724333051879,
-0.676351621153916,-0.593144452458979),(0.201980205897139,-0.636062666873491,
-0.744733697529212),(0.436724333051879,-0.584240467149844,-0.684057697467783),
(0.201980205897139,-0.522616509431916,-0.828297036391505),(0.436724333051879,
-0.480037155948114,-0.760812845468344),(0.201980205897139,-0.398353639794811,
-0.894716923997739),(0.436724333051879,-0.365898407068199,-0.82182127778815),
(0.201980205897139,-0.26584595470328,-0.94261865289928),(0.436724333051879,
-0.244186576032188,-0.865820289093567),(0.201980205897139,-0.127835995710189,
-0.971010790169983),(0.436724333051879,-0.117420760157805,-0.891899221887964),
(0.436724333051879,-0.117420760157805,0.891899221887964),(0.644622175807153,
-0.207516579058972,0.735798287490066),(0.644622175807153,-0.310950695782354,
0.69840669759827),(0.644622175807153,-0.407948995568125,0.646560026194483),
(0.644622175807153,-0.496503882649018,0.581331355572794),(0.644622175807153,
-0.574782516481778,0.504070738294266),(0.644622175807153,-0.641164746462766,
0.416377254843477),(0.644622175807153,-0.694276644551738,0.320065917097762),
(0.644622175807153,-0.733018941771504,0.217130102615543),(0.644622175807153,
-0.756589780026774,0.109700297249777),(0.644622175807153,-0.764501308342669,
0.),(0.644622175807153,-0.756589780026774,-0.109700297249777),(0.644622175807153,
-0.733018941771504,-0.217130102615543),(0.644622175807153,-0.694276644551738,
-0.320065917097762),(0.644622175807153,-0.641164746462766,-0.416377254843477),
(0.644622175807153,-0.574782516481778,-0.504070738294266),(0.644622175807153,
-0.496503882649018,-0.581331355572794),(0.644622175807153,-0.407948995568125,
-0.646560026194483),(0.644622175807153,-0.310950695782354,-0.698406697598271),
(0.644622175807153,-0.207516579058972,-0.735798287490066),(0.644622175807153,
-0.0997874447252159,-0.757960893669894),(0.644622175807153,-0.0997874447252161,
0.757960893669894)),$,(94,96,98,100,102,104,106,108,110,112,114,113,111,
109,107,105,103,101,99,97,95,115,71,48,25,2,4,6,8,10,12,14,16,18,20,22,
23,21,19,17,15,13,11,9,7,5,24,3,47,70,93,1,73,75,52,77,54,79,56,81,57,82,
59,84,61,87,63,88,65,90,67,92,69,91,68,89,66,86,64,85,62,83,60,80,58,78,
55,76,53,74,51,72,49,50,29,31,33,35,37,38,41,42,44,46,45,43,40,39,36,34,
32,30,28,26,27),((53,54,55),(54,56,57),(56,58,59),(58,60,61),(60,62,63),
(62,64,65),(64,66,67),(66,68,69),(68,70,71),(70,72,73),(72,74,75),(74,76,
77),(76,78,79),(78,80,81),(80,82,83),(82,84,85),(84,86,87),(86,88,89),(88,
90,91),(90,92,93),(94,55,95),(55,57,96),(57,59,97),(59,61,98),(61,63,99),
(63,65,100),(65,67,101),(67,69,102),(69,71,103),(71,73,104),(73,75,105),
(75,77,106),(77,79,107),(79,81,108),(81,83,109),(83,85,110),(85,87,111),
(87,89,112),(89,91,113),(91,93,114),(1,2,54),(2,3,56),(3,4,58),(4,5,60),
(5,6,62),(6,7,64),(7,8,66),(8,9,68),(9,10,70),(10,11,72),(11,12,74),(12,
13,76),(13,14,78),(14,15,80),(15,16,82),(16,17,84),(17,18,86),(18,19,88),
(19,20,90),(20,21,92),(22,23,92),(92,23,24),(93,24,25),(114,25,26),(113,
114,27),(112,113,28),(111,112,29),(110,111,30),(109,110,31),(108,109,32),
(107,108,33),(106,107,34),(105,106,35),(104,105,36),(103,104,37),(102,103,
38),(101,102,39),(100,101,40),(99,100,41),(98,99,42),(97,98,43),(96,97,
44),(95,96,45),(115,95,46),(47,115,48),(49,94,115),(50,53,94),(51,1,53),
(53,50,51),(94,49,50),(115,47,49),(48,52,47),(46,48,115),(45,46,95),(44,
45,96),(43,44,97),(42,43,98),(41,42,99),(40,41,100),(39,40,101),(38,39,
102),(37,38,103),(36,37,104),(35,36,105),(34,35,106),(33,34,107),(32,33,
108),(31,32,109),(30,31,110),(29,30,111),(28,29,112),(27,28,113),(26,27,
114),(25,114,93),(24,93,92),(92,21,22),(92,90,20),(90,88,19),(88,86,18),
(86,84,17),(84,82,16),(82,80,15),(80,78,14),(78,76,13),(76,74,12),(74,72,
11),(72,70,10),(70,68,9),(68,66,8),(66,64,7),(64,62,6),(62,60,5),(60,58,
4),(58,56,3),(56,54,2),(54,53,1),(114,113,91),(113,112,89),(112,111,87),
(111,110,85),(110,109,83),(109,108,81),(108,107,79),(107,106,77),(106,105,
75),(105,104,73),(104,103,71),(103,102,69),(102,101,67),(101,100,65),(100,
99,63),(99,98,61),(98,97,59),(97,96,57),(96,95,55),(95,115,94),(93,91,90),
(91,89,88),(89,87,86),(87,85,84),(85,83,82),(83,81,80),(81,79,78),(79,77,
76),(77,75,74),(75,73,72),(73,71,70),(71,69,68),(69,67,66),(67,65,64),(65,
63,62),(63,61,60),(61,59,58),(59,57,56),(57,55,54),(55,94,53)),());
#422=COORDINATES_LIST('',115,((7.5,-23.4890000000912,2.51772822002099E-14),
(7.5,-23.2459214250975,-3.37049819796388),(7.5,-23.2459214250975,3.37049819796393),
(7.5,-22.5217167524065,-6.67123643177632),(7.5,-22.5217167524065,6.67123643177637),
(7.5,-21.3313750100602,-9.83389857505482),(7.5,-21.3313750100602,9.83389857505486),
(7.5,-19.6995329705466,-12.7930262935176),(7.5,-19.6995329705466,12.7930262935177),
(7.5,-17.6599652379423,-15.4873738509456),(7.5,-17.6599652379423,15.4873738509457),
(7.5,-15.254885207287,-17.8611757260485),(7.5,-15.2548852072869,17.8611757260485),
(7.5,-12.5340713643905,-19.8653008040818),(7.5,-12.5340713643905,19.8653008040818),
(7.5,-9.55383700924462,-21.4582692546504),(7.5,-9.55383700924457,21.4582692546504),
(7.5,-6.37586472690553,-22.6071110491475),(7.5,-6.37586472690549,22.6071110491475),
(7.5,-3.06592972906874,-23.2880483488999),(7.5,-3.06592972906869,23.2880483488999),
(7.5,0.,-23.4890000000912),(7.5,2.87657286652839E-15,23.4890000000912),
(8.30165943744039,-23.4071973383258,-8.67361737988404E-16),(8.30165943744039,
-23.1649653074358,-3.35876011954132),(8.30165943744039,-23.1649653074358,
3.35876011954132),(8.30165943744039,-22.443282745941,-6.64800322059734),
(8.30165943744039,-22.443282745941,6.64800322059734),(8.30165943744039,
-21.2570864811772,-9.79965109415026),(8.30165943744039,-21.2570864811772,
9.79965109415026),(8.30165943744039,-19.6309274857443,-12.7484733707521),
(8.30165943744039,-19.6309274857443,12.7484733707521),(8.30165943744039,
-17.5984627404693,-15.4334376082466),(8.30165943744039,-17.5984627404693,
15.4334376082466),(8.30165943744039,-15.2017586282551,-17.7989724940401),
(8.30165943744039,-15.2017586282551,17.7989724940401),(8.30165943744039,
-12.4904202766319,-19.7961180171373),(8.30165943744039,-12.4904202766319,
19.7961180171373),(8.30165943744039,-9.52056486920343,-21.3835388045715),
(8.30165943744039,-9.52056486920343,21.3835388045715),(8.30165943744039,
-6.35366017559572,-22.5283796489755),(8.30165943744039,-6.35366017559572,
22.5283796489755),(8.30165943744039,-3.05525233911499,23.2069455202458),
(8.30165943744039,-3.05525233911499,-23.2069455202458),(8.30165943744039,
0.,-23.4071973383258),(8.30165943744039,2.86655492973911E-15,23.4071973383258),
(9.23335887812135,-23.0904940835075,-8.67361737988404E-16),(9.23335887812135,
-22.8515394920946,-3.31331553911431),(9.23335887812135,-22.8515394920946,
3.3133155391143),(9.23335887812135,-22.1396214151243,6.55805463651127),
(9.23335887812135,-22.1396214151242,-6.55805463651128),(9.23335887812135,
-20.9694745821858,-9.6670601926108),(9.23335887812135,-20.9694745821858,
9.66706019261079),(9.23335887812135,-19.3653177871557,-12.5759844156617),
(9.23335887812135,-19.3653177871557,12.5759844156617),(9.23335887812135,
-17.3603526263388,-15.2246206425536),(9.23335887812135,-17.3603526263388,
15.2246206425536),(9.23335887812135,-14.9960763175136,-17.5581494497513),
(9.23335887812135,-14.9960763175136,17.5581494497513),(9.23335887812135,
-12.3214228226232,-19.5282732633133),(9.23335887812135,-12.3214228226232,
19.5282732633133),(9.23335887812135,-9.39175005048747,-21.0942159847116),
(9.23335887812135,-9.39175005048747,21.0942159847116),(9.23335887812135,
-6.26769410163411,-22.2235669429738),(9.23335887812135,-6.26769410163411,
22.2235669429738),(9.23335887812135,-3.01391426919986,22.8929517056759),
(9.23335887812135,-3.01391426919986,-22.8929517056759),(9.23335887812135,
0.,-23.0904940835075),(9.23335887812135,2.82776996700984E-15,23.0904940835075),
(10.0585054160062,-22.5543056927395,-8.67361737988404E-16),(10.0585054160062,
-22.3208999075744,-3.23637646104177),(10.0585054160062,-22.3208999075744,
3.23637646104177),(10.0585054160062,-21.6255134044487,-6.40576890588105),
(10.0585054160062,-21.6255134044487,6.40576890588105),(10.0585054160062,
-20.4825387552255,-9.44257970166124),(10.0585054160062,-20.4825387552255,
9.44257970166124),(10.0585054160062,-18.9156323649445,-12.2839552879276),
(10.0585054160062,-18.9156323649445,12.2839552879276),(10.0585054160062,
-16.9572248498513,-14.8710870709955),(10.0585054160062,-16.9572248498513,
14.8710870709954),(10.0585054160062,-14.647849813592,-17.1504285987259),
(10.0585054160062,-14.647849813592,17.1504285987258),(10.0585054160062,
-12.0353049140439,-19.0748038235661),(10.0585054160062,-12.0353049140439,
19.0748038235661),(10.0585054160062,-9.17366258437027,-20.6043835158848),
(10.0585054160062,-9.17366258437027,20.6043835158848),(10.0585054160062,
-6.12215088363161,-21.7075096185534),(10.0585054160062,-6.12215088363161,
21.7075096185534),(10.0585054160062,-2.94392764024032,-22.3613504809207),
(10.0585054160062,-2.94392764024032,22.3613504809206),(10.0585054160062,
0.,-22.5543056927395),(10.0585054160062,2.76210582736043E-15,22.5543056927395),
(10.6186432930153,-21.9750000023737,4.0367420121255E-15),(10.6186432930153,
-21.7475892277114,-3.15325036859674),(10.6186432930153,-21.7475892277114,
3.15325036859679),(10.6186432930153,-21.0700636760045,-6.24123720054283),
(10.6186432930153,-21.0700636760045,6.24123720054288),(10.6186432930153,
-19.9564462469618,-9.20004773337872),(10.6186432930153,-19.9564462469618,
9.20004773337876),(10.6186432930153,-18.4297857325914,-11.968442795748),
(10.6186432930153,-18.4297857325914,11.968442795748),(10.6186432930153,
-16.5216797711352,-14.4891242883891),(10.6186432930153,-16.5216797711351,
14.4891242883891),(10.6186432930153,-14.2716208635974,-16.7099210958656),
(10.6186432930153,-14.2716208635974,16.7099210958656),(10.6186432930153,
-11.7261789885122,-18.5848688839523),(10.6186432930153,-11.7261789885122,
18.5848688839523),(10.6186432930153,-8.9380377325562,-20.0751614338646),
(10.6186432930153,-8.93803773255616,20.0751614338646),(10.6186432930153,
-5.96490388642936,-21.1499538233534),(10.6186432930153,-5.96490388642931,
21.1499538233535),(10.6186432930153,-2.8683130743455,-21.7870008310428),
(10.6186432930153,-2.86831307434545,21.7870008310428),(10.6186432930153,
2.691161341417E-15,21.9750000023737),(10.6186432949283,0.,-21.9749999999436)));
#423=COORDINATES_LIST('',184,((13.5,-23.1049999967,4.24431964353874E-15),
(13.5,-22.8658952892026,-3.31539703063265),(13.5,-22.8658952892026,3.31539703063269),
(13.5,-22.1535299709655,-6.56217453844685),(13.5,-22.1535299709655,6.5621745384469),
(13.5,-20.9826480282316,-9.67313323442067),(13.5,-20.9826480282316,9.67313323442072),
(13.5,-19.3774834696114,-12.5838849022249),(13.5,-19.3774834696114,12.5838849022249),
(13.5,-17.3712587493207,-15.2341850557112),(13.5,-17.3712587493207,15.2341850557113),
(13.5,-15.0054971545257,-17.5691798326793),(13.5,-15.0054971545257,17.5691798326794),
(13.5,-12.3291633884693,-19.5405413176794),(13.5,-12.3291633884693,19.5405413176794),
(13.5,-9.39765013692417,-21.1074677958176),(13.5,-9.39765013692412,21.1074677958176),
(13.5,-6.27163159323683,-22.2375282350854),(13.5,-6.27163159323678,22.2375282350854),
(13.5,-3.0158076708136,-22.9073335187701),(13.5,-3.01580767081355,22.9073335187701),
(13.5,-5.65909285805165E-15,-23.1049999967),(13.5,2.82954642902583E-15,
23.1049999967),(13.5084773913867,-23.2055037286829,-4.33680868994202E-16),
(13.5084773913867,-22.96535894694,3.32981857465479),(13.5084773913867,-22.96535894694,
-3.3298185746548),(13.5084773913867,-22.2498949326186,-6.59071914053003),
(13.5084773913867,-22.2498949326186,6.59071914053003),(13.5084773913867,
-21.0739198063758,-9.71521010047419),(13.5084773913867,-21.0739198063758,
9.71521010047418),(13.5084773913867,-19.4617729915941,-12.6386231578275),
(13.5084773913867,-19.4617729915941,12.6386231578275),(13.5084773913867,
-17.4468214558256,-15.3004517707961),(13.5084773913867,-17.4468214558256,
15.3004517707961),(13.5084773913867,-15.0707691071119,-17.6456034700442),
(13.5084773913867,-15.0707691071119,17.6456034700442),(13.5084773913867,
-12.382793638759,-19.6255401200024),(13.5084773913867,-12.382793638759,
19.6255401200024),(13.5084773913867,-9.43852868748744,-21.1992825236467),
(13.5084773913867,-9.43852868748744,21.1992825236467),(13.5084773913867,
-6.29891237145934,-22.3342585782155),(13.5084773913867,-6.29891237145933,
22.3342585782155),(13.5084773913867,-3.02892604025318,23.0069774273934),
(13.5084773913867,-3.02892604025318,-23.0069774273934),(13.5084773913867,
0.,-23.2055037286829),(13.5084773913867,2.84185458639335E-15,23.2055037286829),
(13.5509638510749,-23.3469902838833,-8.67361737988404E-16),(13.5509638510749,
-23.1053813125105,-3.350120851437),(13.5509638510749,-23.1053813125105,
3.350120851437),(13.5509638510749,-22.3855550339633,-6.63090349327625),
(13.5509638510749,-22.3855550339633,6.63090349327625),(13.5509638510749,
-21.2024098556691,-9.77444482453947),(13.5509638510749,-21.2024098556691,
9.77444482453947),(13.5509638510749,-19.5804336012007,-12.7156822587194),
(13.5509638510749,-19.5804336012007,12.7156822587194),(13.5509638510749,
-17.5531966802484,-15.3937403388604),(13.5509638510749,-17.5531966802484,
15.3937403388604),(13.5509638510749,-15.1626572742518,-17.7531906906708),
(13.5509638510749,-15.1626572742518,17.7531906906708),(13.5509638510749,
-12.4582929184209,-19.7451992361325),(13.5509638510749,-12.4582929184209,
19.7451992361325),(13.5509638510749,-9.49607645399002,-21.3285369234675),
(13.5509638510749,-9.49607645399001,21.3285369234675),(13.5509638510749,
-6.3373175456528,-22.4704330541559),(13.5509638510749,-6.3373175456528,
22.4704330541559),(13.5509638510749,-3.04739374155383,23.1472535455004),
(13.5509638510749,-3.04739374155383,-23.1472535455004),(13.5509638510749,
0.,-23.3469902838833),(13.5509638510749,2.8591816920882E-15,23.3469902838833),
(13.6267334075986,-23.4738071552512,-8.67361737988404E-16),(13.6267334075986,
-23.2308858051318,-3.3683181368223),(13.6267334075986,-23.2308858051318,
3.3683181368223),(13.6267334075986,-22.507149552945,-6.66692143071207),
(13.6267334075986,-22.507149552945,6.66692143071206),(13.6267334075986,
-21.3175777317277,-9.82753794262166),(13.6267334075986,-21.3175777317277,
9.82753794262165),(13.6267334075986,-19.6867911787359,-12.7847516771648),
(13.6267334075986,-19.6867911787359,12.7847516771648),(13.6267334075986,
-17.6485426524027,-15.4773565122809),(13.6267334075986,-17.6485426524027,
15.4773565122809),(13.6267334075986,-15.245018243857,-17.8496229961977),
(13.6267334075986,-15.245018243857,17.8496229961977),(13.6267334075986,
-12.5259642418458,-19.8524517925097),(13.6267334075986,-12.5259642418458,
19.8524517925097),(13.6267334075986,-9.54765752253556,-21.4443899002581),
(13.6267334075986,-9.54765752253556,21.4443899002581),(13.6267334075986,
-6.37174077426737,-22.5924886160746),(13.6267334075986,-6.37174077426737,
22.5924886160746),(13.6267334075986,-3.06394666488273,23.2729854809535),
(13.6267334075986,-3.06394666488273,-23.2729854809536),(13.6267334075986,
0.,-23.4738071552512),(13.6267334075986,2.87471227964806E-15,23.4738071552512),
(13.7311928379214,-23.5782665826666,0.),(13.7311928379214,-23.3342642223398,
-3.38330729395383),(13.7311928379214,-23.3342642223398,3.38330729395383),
(13.7311928379214,-22.6073073134439,-6.69658951099702),(13.7311928379214,
-22.6073073134439,6.69658951099702),(13.7311928379214,-21.4124418476767,
-9.87127089908669),(13.7311928379214,-21.4124418476767,9.87127089908669),
(13.7311928379214,-19.7743982260536,-12.8416443589106),(13.7311928379214,
-19.7743982260536,12.8416443589106),(13.7311928379214,-17.7270794082,-15.546231398595),
(13.7311928379214,-17.7270794082,15.546231398595),(13.7311928379214,-15.3128592151216,
-17.9290545679675),(13.7311928379214,-15.3128592151216,17.9290545679675),
(13.7311928379214,-12.5817053086389,-19.9407960365142),(13.7311928379214,
-12.5817053086388,19.9407960365142),(13.7311928379214,-9.59014499938011,
-21.5398183356814),(13.7311928379214,-9.59014499938011,21.5398183356814),
(13.7311928379214,-6.40009528823765,-22.6930261389875),(13.7311928379214,
-6.40009528823765,22.6930261389875),(13.7311928379214,-3.07758135618475,
-23.3765512434866),(13.7311928379214,-3.07758135618475,23.3765512434866),
(13.7311928379214,0.,-23.5782665826665),(13.7311928379214,2.88750486999056E-15,
23.5782665826665),(13.8580097113982,-23.6540361356605,-8.67361737988404E-16),
(13.8580097113982,-23.409249665539,3.39417966578002),(13.8580097113982,
-23.409249665539,-3.39417966578002),(13.8580097113982,-22.6799566561566,
-6.71810922670865),(13.8580097113982,-22.6799566561566,6.71810922670865),
(13.8580097113982,-21.4812514500118,-9.90299256025645),(13.8580097113982,
-21.4812514500118,9.90299256025645),(13.8580097113982,-19.8379439200959,
-12.8829114151367),(13.8580097113982,-19.8379439200959,12.8829114151367),
(13.8580097113982,-17.7840459743357,-15.5961897362735),(13.8580097113982,
-17.7840459743357,15.5961897362735),(13.8580097113982,-15.3620676034363,
-17.9866701880749),(13.8580097113982,-15.3620676034363,17.9866701880749),
(13.8580097113982,-12.6221370419808,-20.0048764555192),(13.8580097113982,
-12.6221370419808,20.0048764555192),(13.8580097113982,-9.62096325301221,
-21.6090372666466),(13.8580097113982,-9.6209632530122,21.6090372666465),
(13.8580097113982,-6.42066220978839,-22.7659509420302),(13.8580097113982,
-6.42066220978839,22.7659509420302),(13.8580097113982,-3.08747126742326,
23.451672577451),(13.8580097113982,-3.08747126742326,-23.451672577451),
(13.8580097113982,0.,-23.6540361356605),(13.8580097113982,2.89678396404524E-15,
23.6540361356605),(13.9994962677812,-23.6965225914107,-8.67361737988404E-16),
(13.9994962677812,-23.4512964453932,-3.40027615871473),(13.9994962677812,
-23.4512964453932,3.40027615871473),(13.9994962677812,-22.7206935083945,
-6.73017603208379),(13.9994962677812,-22.7206935083945,6.73017603208379),
(13.9994962677812,-21.5198352347814,-9.92077992866972),(13.9994962677812,
-21.5198352347814,9.92077992866972),(13.9994962677812,-19.8735760600699,
-12.9060511973977),(13.9994962677812,-19.8735760600699,12.9060511973977),
(13.9994962677812,-17.8159889830474,-15.6242030030709),(13.9994962677812,
-17.8159889830474,15.6242030030709),(13.9994962677812,-15.3896603492038,
-18.0189771424846),(13.9994962677812,-15.3896603492038,18.0189771424846),
(13.9994962677812,-12.6448084314989,-20.0408084331927),(13.9994962677812,
-12.6448084314989,20.0408084331927),(13.9994962677812,-9.63824405140023,
-21.6478505753085),(13.9994962677812,-9.63824405140023,21.6478505753085),
(13.9994962677812,-6.4321947524504,-22.8068422538453),(13.9994962677812,
-6.4321947524504,22.8068422538453),(13.9994962677812,-3.09301686271326,
23.4937955556825),(13.9994962677812,-3.09301686271326,-23.4937955556825),
(13.9994962677812,0.,-23.6965225914107),(13.9994962677812,2.9019870542494E-15,
23.6965225914107),(14.1,-23.70499998,2.54088072736222E-14),(14.1,-23.4596861047673,
-3.40149260143102),(14.1,-23.4596861047672,3.40149260143108),(14.1,-22.7288217958741,
-6.73258374052615),(14.1,-22.7288217958741,6.7325837405262),(14.1,-21.5275339173607,
-9.92432906995151),(14.1,-21.5275339173607,9.92432906995155),(14.1,-19.8806857963729,
-12.9106683141384),(14.1,-19.8806857963728,12.9106683141384),(14.1,-17.8223626212524,
-15.6297925337602),(14.1,-17.8223626212523,15.6297925337602),(14.1,-15.3951659726781,
-18.0254233993406),(14.1,-15.395165972678,18.0254233993406),(14.1,-12.6493320891073,
-20.0479779965781),(14.1,-12.6493320891073,20.0479779965781),(14.1,-9.64169211597715,
-21.6555950551469),(14.1,-9.6416921159771,21.6555950551469),(14.1,-6.43449585862282,
-22.8150013608846),(14.1,-6.43449585862277,22.8150013608846),(14.1,-3.09412338396584,
-23.5022004190373),(14.1,-3.09412338396579,23.5022004190373),(14.1,0.,-23.70499998),
(14.1,2.90302523492951E-15,23.70499998)));
#424=COORDINATES_LIST('',184,((14.1,-5.80605046985901E-15,-23.70499998),
(14.1,2.90302523492951E-15,23.70499998),(14.1,3.0941233839658,-23.5022004190373),
(14.1,3.09412338396582,23.5022004190373),(14.1,6.43449585862277,-22.8150013608846),
(14.1,6.43449585862279,22.8150013608846),(14.1,9.64169211597711,-21.6555950551469),
(14.1,9.64169211597712,21.6555950551469),(14.1,12.6493320891073,-20.0479779965781),
(14.1,12.6493320891073,20.0479779965781),(14.1,15.395165972678,-18.0254233993406),
(14.1,15.395165972678,18.0254233993406),(14.1,17.8223626212524,-15.6297925337602),
(14.1,17.8223626212524,15.6297925337602),(14.1,19.8806857963729,-12.9106683141384),
(14.1,19.8806857963729,12.9106683141384),(14.1,21.5275339173607,-9.92432906995153),
(14.1,21.5275339173607,9.92432906995153),(14.1,22.7288217958741,-6.73258374052617),
(14.1,22.7288217958741,6.73258374052617),(14.1,23.4596861047672,-3.40149260143105),
(14.1,23.4596861047672,3.40149260143105),(14.1,23.70499998,-1.45151261746475E-15),
(14.2005037322188,-5.8039741084988E-15,-23.6965225914106),(14.2005037322188,
2.9019870542494E-15,23.6965225914106),(14.2005037322188,3.09301686271326,
23.4937955556825),(14.2005037322188,3.09301686271326,-23.4937955556825),
(14.2005037322188,6.4321947524504,22.8068422538453),(14.2005037322188,6.4321947524504,
-22.8068422538453),(14.2005037322188,9.63824405140023,21.6478505753085),
(14.2005037322188,9.63824405140023,-21.6478505753085),(14.2005037322188,
12.6448084314989,20.0408084331927),(14.2005037322188,12.6448084314989,-20.0408084331927),
(14.2005037322188,15.3896603492038,-18.0189771424846),(14.2005037322188,
15.3896603492038,18.0189771424846),(14.2005037322188,17.8159889830474,15.6242030030709),
(14.2005037322188,17.8159889830474,-15.6242030030708),(14.2005037322188,
19.8735760600699,-12.9060511973977),(14.2005037322188,19.8735760600699,
12.9060511973977),(14.2005037322188,21.5198352347814,-9.92077992866972),
(14.2005037322188,21.5198352347814,9.92077992866973),(14.2005037322188,
22.7206935083945,6.73017603208379),(14.2005037322188,22.7206935083945,-6.73017603208378),
(14.2005037322188,23.4512964453932,-3.40027615871473),(14.2005037322188,
23.4512964453932,3.40027615871473),(14.2005037322188,23.6965225914107,3.90312782094782E-15),
(14.3419902886018,-5.79356792809048E-15,-23.6540361356605),(14.3419902886018,
2.89678396404524E-15,23.6540361356605),(14.3419902886018,3.08747126742326,
23.451672577451),(14.3419902886018,3.08747126742326,-23.451672577451),(14.3419902886018,
6.42066220978839,22.7659509420302),(14.3419902886018,6.4206622097884,-22.7659509420302),
(14.3419902886018,9.6209632530122,21.6090372666466),(14.3419902886018,9.62096325301221,
-21.6090372666465),(14.3419902886018,12.6221370419808,20.0048764555192),
(14.3419902886018,12.6221370419808,-20.0048764555192),(14.3419902886018,
15.3620676034363,17.9866701880749),(14.3419902886018,15.3620676034363,-17.9866701880749),
(14.3419902886018,17.7840459743357,-15.5961897362735),(14.3419902886018,
17.7840459743357,15.5961897362735),(14.3419902886018,19.8379439200959,-12.8829114151367),
(14.3419902886018,19.8379439200959,12.8829114151367),(14.3419902886018,
21.4812514500118,-9.90299256025644),(14.3419902886018,21.4812514500118,
9.90299256025645),(14.3419902886018,22.6799566561566,-6.71810922670864),
(14.3419902886018,22.6799566561566,6.71810922670865),(14.3419902886018,
23.409249665539,3.39417966578003),(14.3419902886018,23.409249665539,-3.39417966578002),
(14.3419902886018,23.6540361356605,3.46944695195361E-15),(14.4688071620786,
-5.77500973998112E-15,-23.5782665826665),(14.4688071620786,2.88750486999056E-15,
23.5782665826665),(14.4688071620786,3.07758135618475,23.3765512434866),
(14.4688071620786,3.07758135618475,-23.3765512434866),(14.4688071620786,
6.40009528823765,22.6930261389875),(14.4688071620786,6.40009528823766,-22.6930261389875),
(14.4688071620786,9.59014499938011,21.5398183356814),(14.4688071620786,
9.59014499938011,-21.5398183356814),(14.4688071620786,12.5817053086388,
19.9407960365142),(14.4688071620786,12.5817053086389,-19.9407960365142),
(14.4688071620786,15.3128592151216,17.9290545679675),(14.4688071620786,
15.3128592151216,-17.9290545679675),(14.4688071620786,17.7270794082,15.546231398595),
(14.4688071620786,17.7270794082,-15.546231398595),(14.4688071620786,19.7743982260536,
12.8416443589106),(14.4688071620786,19.7743982260536,-12.8416443589106),
(14.4688071620786,21.4124418476767,-9.87127089908669),(14.4688071620786,
21.4124418476767,9.8712708990867),(14.4688071620786,22.6073073134439,-6.69658951099702),
(14.4688071620786,22.6073073134439,6.69658951099703),(14.4688071620786,
23.3342642223398,-3.38330729395382),(14.4688071620786,23.3342642223398,
3.38330729395383),(14.4688071620786,23.5782665826666,3.46944695195361E-15),
(14.5732665924014,-5.74942455929611E-15,-23.4738071552512),(14.5732665924014,
2.87471227964806E-15,23.4738071552512),(14.5732665924014,3.06394666488273,
23.2729854809536),(14.5732665924014,3.06394666488274,-23.2729854809535),
(14.5732665924014,6.37174077426737,22.5924886160746),(14.5732665924014,
6.37174077426738,-22.5924886160746),(14.5732665924014,9.54765752253556,
21.4443899002581),(14.5732665924014,9.54765752253556,-21.4443899002581),
(14.5732665924014,12.5259642418458,19.8524517925097),(14.5732665924014,
12.5259642418458,-19.8524517925097),(14.5732665924014,15.245018243857,17.8496229961977),
(14.5732665924014,15.245018243857,-17.8496229961977),(14.5732665924014,
17.6485426524027,15.4773565122809),(14.5732665924014,17.6485426524027,-15.4773565122809),
(14.5732665924014,19.6867911787359,-12.7847516771648),(14.5732665924014,
19.6867911787359,12.7847516771648),(14.5732665924014,21.3175777317277,9.82753794262166),
(14.5732665924014,21.3175777317277,-9.82753794262165),(14.5732665924014,
22.507149552945,6.66692143071207),(14.5732665924014,22.507149552945,-6.66692143071206),
(14.5732665924014,23.2308858051318,-3.36831813682229),(14.5732665924014,
23.2308858051318,3.3683181368223),(14.5732665924014,23.4738071552512,3.90312782094782E-15),
(14.6490361489251,-5.71836338417641E-15,-23.3469902838833),(14.6490361489251,
2.8591816920882E-15,23.3469902838833),(14.6490361489251,3.04739374155382,
23.1472535455004),(14.6490361489251,3.04739374155383,-23.1472535455004),
(14.6490361489251,6.3373175456528,22.4704330541559),(14.6490361489251,6.3373175456528,
-22.4704330541559),(14.6490361489251,9.49607645399002,21.3285369234675),
(14.6490361489251,9.49607645399002,-21.3285369234675),(14.6490361489251,
12.4582929184209,19.7451992361325),(14.6490361489251,12.4582929184209,-19.7451992361325),
(14.6490361489251,15.1626572742518,17.7531906906708),(14.6490361489251,
15.1626572742518,-17.7531906906708),(14.6490361489251,17.5531966802484,
15.3937403388604),(14.6490361489251,17.5531966802484,-15.3937403388604),
(14.6490361489251,19.5804336012007,-12.7156822587194),(14.6490361489251,
19.5804336012007,12.7156822587194),(14.6490361489251,21.2024098556691,-9.77444482453947),
(14.6490361489251,21.2024098556691,9.77444482453948),(14.6490361489251,
22.3855550339633,-6.63090349327625),(14.6490361489251,22.3855550339633,
6.63090349327626),(14.6490361489251,23.1053813125105,-3.350120851437),(14.6490361489251,
23.1053813125105,3.35012085143701),(14.6490361489251,23.3469902838833,3.90312782094782E-15),
(14.6915226086133,-5.68370917278669E-15,-23.2055037286829),(14.6915226086133,
2.84185458639335E-15,23.2055037286829),(14.6915226086133,3.02892604025318,
23.0069774273935),(14.6915226086133,3.02892604025319,-23.0069774273934),
(14.6915226086133,6.29891237145934,22.3342585782155),(14.6915226086133,
6.29891237145934,-22.3342585782155),(14.6915226086133,9.43852868748744,
21.1992825236467),(14.6915226086133,9.43852868748744,-21.1992825236467),
(14.6915226086133,12.382793638759,19.6255401200024),(14.6915226086133,12.382793638759,
-19.6255401200024),(14.6915226086133,15.0707691071119,17.6456034700442),
(14.6915226086133,15.0707691071119,-17.6456034700442),(14.6915226086133,
17.4468214558256,-15.3004517707961),(14.6915226086133,17.4468214558256,
15.3004517707961),(14.6915226086133,19.4617729915941,-12.6386231578275),
(14.6915226086133,19.4617729915941,12.6386231578275),(14.6915226086133,
21.0739198063758,9.71521010047419),(14.6915226086133,21.0739198063758,-9.71521010047418),
(14.6915226086133,22.2498949326186,-6.59071914053003),(14.6915226086133,
22.2498949326186,6.59071914053004),(14.6915226086133,22.96535894694,3.3298185746548),
(14.6915226086133,22.9653589469401,-3.32981857465479),(14.6915226086133,
23.2055037286829,3.90312782094782E-15),(14.7,0.,-23.105),(14.7,3.01580767124429,
-22.9073335220419),(14.7,3.01580767124431,22.9073335220419),(14.7,6.27163159413254,
-22.2375282382615),(14.7,6.27163159413256,22.2375282382615),(14.7,9.39765013826636,
-21.1074677988323),(14.7,9.39765013826638,21.1074677988323),(14.7,12.3291633902302,
-19.5405413204703),(14.7,12.3291633902302,19.5405413204703),(14.7,15.0054971566689,
-17.5691798351887),(14.7,15.0054971566689,17.5691798351887),(14.7,17.3712587518018,
-15.2341850578871),(14.7,17.3712587518018,15.2341850578871),(14.7,19.377483472379,
-12.5838849040222),(14.7,19.377483472379,12.5838849040222),(14.7,20.9826480312285,
-9.67313323580227),(14.7,20.9826480312285,9.67313323580227),(14.7,22.1535299741296,
-6.56217453938413),(14.7,22.1535299741296,6.56217453938413),(14.7,22.8658952924685,
-3.3153970311062),(14.7,22.8658952924685,3.31539703110619),(14.7,23.105,
3.71556738207787E-15),(14.7,2.82954642902583E-15,23.1049999967)));
#425=COORDINATES_LIST('',184,((14.1,-23.70499998,2.54088072736221E-14),
(14.1,-23.4596861047672,-3.40149260143102),(14.1,-23.4596861047672,3.40149260143107),
(14.1,-22.7288217958741,-6.73258374052615),(14.1,-22.7288217958741,6.7325837405262),
(14.1,-21.5275339173607,-9.92432906995151),(14.1,-21.5275339173607,9.92432906995155),
(14.1,-19.8806857963729,-12.9106683141384),(14.1,-19.8806857963728,12.9106683141384),
(14.1,-17.8223626212524,-15.6297925337602),(14.1,-17.8223626212523,15.6297925337602),
(14.1,-15.3951659726781,-18.0254233993406),(14.1,-15.395165972678,18.0254233993406),
(14.1,-12.6493320891073,-20.0479779965781),(14.1,-12.6493320891073,20.0479779965781),
(14.1,-9.64169211597714,-21.6555950551469),(14.1,-9.6416921159771,21.6555950551469),
(14.1,-6.43449585862281,-22.8150013608846),(14.1,-6.43449585862276,22.8150013608846),
(14.1,-3.09412338396584,-23.5022004190373),(14.1,-3.09412338396579,23.5022004190373),
(14.1,0.,-23.70499998),(14.1,2.90302523492951E-15,23.70499998),(14.2005037322188,
-23.6965225914107,-4.33680868994202E-16),(14.2005037322188,-23.4512964453932,
-3.40027615871473),(14.2005037322188,-23.4512964453932,3.40027615871473),
(14.2005037322188,-22.7206935083945,-6.73017603208379),(14.2005037322188,
-22.7206935083945,6.73017603208379),(14.2005037322188,-21.5198352347814,
-9.92077992866972),(14.2005037322188,-21.5198352347814,9.92077992866972),
(14.2005037322188,-19.8735760600699,-12.9060511973977),(14.2005037322188,
-19.8735760600699,12.9060511973977),(14.2005037322188,-17.8159889830474,
-15.6242030030709),(14.2005037322188,-17.8159889830474,15.6242030030708),
(14.2005037322188,-15.3896603492038,-18.0189771424846),(14.2005037322188,
-15.3896603492038,18.0189771424846),(14.2005037322188,-12.6448084314989,
-20.0408084331927),(14.2005037322188,-12.6448084314989,20.0408084331927),
(14.2005037322188,-9.63824405140023,-21.6478505753085),(14.2005037322188,
-9.63824405140023,21.6478505753085),(14.2005037322188,-6.4321947524504,
-22.8068422538453),(14.2005037322188,-6.4321947524504,22.8068422538453),
(14.2005037322188,-3.09301686271326,-23.4937955556825),(14.2005037322188,
-3.09301686271326,23.4937955556825),(14.2005037322188,0.,-23.6965225914106),
(14.2005037322188,2.9019870542494E-15,23.6965225914106),(14.3419902886018,
-23.6540361356605,-8.67361737988404E-16),(14.3419902886018,-23.409249665539,
3.39417966578002),(14.3419902886018,-23.409249665539,-3.39417966578002),
(14.3419902886018,-22.6799566561566,-6.71810922670865),(14.3419902886018,
-22.6799566561566,6.71810922670865),(14.3419902886018,-21.4812514500118,
-9.90299256025645),(14.3419902886018,-21.4812514500118,9.90299256025645),
(14.3419902886018,-19.8379439200959,-12.8829114151367),(14.3419902886018,
-19.8379439200959,12.8829114151367),(14.3419902886018,-17.7840459743357,
-15.5961897362735),(14.3419902886018,-17.7840459743357,15.5961897362735),
(14.3419902886018,-15.3620676034363,-17.9866701880749),(14.3419902886018,
-15.3620676034363,17.9866701880749),(14.3419902886018,-12.6221370419808,
-20.0048764555192),(14.3419902886018,-12.6221370419808,20.0048764555192),
(14.3419902886018,-9.62096325301221,-21.6090372666466),(14.3419902886018,
-9.6209632530122,21.6090372666465),(14.3419902886018,-6.42066220978839,
-22.7659509420302),(14.3419902886018,-6.42066220978839,22.7659509420302),
(14.3419902886018,-3.08747126742326,23.451672577451),(14.3419902886018,
-3.08747126742326,-23.451672577451),(14.3419902886018,0.,-23.6540361356605),
(14.3419902886018,2.89678396404524E-15,23.6540361356605),(14.4688071620786,
-23.5782665826665,-4.33680868994202E-16),(14.4688071620786,-23.3342642223398,
-3.38330729395383),(14.4688071620786,-23.3342642223398,3.38330729395383),
(14.4688071620786,-22.6073073134439,-6.69658951099702),(14.4688071620786,
-22.6073073134439,6.69658951099702),(14.4688071620786,-21.4124418476767,
-9.87127089908669),(14.4688071620786,-21.4124418476767,9.87127089908669),
(14.4688071620786,-19.7743982260536,-12.8416443589106),(14.4688071620786,
-19.7743982260536,12.8416443589106),(14.4688071620786,-17.7270794082,-15.546231398595),
(14.4688071620786,-17.7270794082,15.546231398595),(14.4688071620786,-15.3128592151216,
-17.9290545679675),(14.4688071620786,-15.3128592151216,17.9290545679675),
(14.4688071620786,-12.5817053086388,-19.9407960365142),(14.4688071620786,
-12.5817053086388,19.9407960365142),(14.4688071620786,-9.59014499938011,
-21.5398183356814),(14.4688071620786,-9.59014499938011,21.5398183356814),
(14.4688071620786,-6.40009528823765,-22.6930261389875),(14.4688071620786,
-6.40009528823765,22.6930261389875),(14.4688071620786,-3.07758135618475,
-23.3765512434866),(14.4688071620786,-3.07758135618475,23.3765512434866),
(14.4688071620786,0.,-23.5782665826665),(14.4688071620786,2.88750486999056E-15,
23.5782665826665),(14.5732665924014,-23.4738071552512,-8.67361737988404E-16),
(14.5732665924014,-23.2308858051318,-3.3683181368223),(14.5732665924014,
-23.2308858051318,3.3683181368223),(14.5732665924014,-22.507149552945,-6.66692143071207),
(14.5732665924014,-22.507149552945,6.66692143071206),(14.5732665924014,
-21.3175777317277,-9.82753794262166),(14.5732665924014,-21.3175777317277,
9.82753794262165),(14.5732665924014,-19.6867911787359,-12.7847516771648),
(14.5732665924014,-19.6867911787359,12.7847516771648),(14.5732665924014,
-17.6485426524027,-15.4773565122809),(14.5732665924014,-17.6485426524027,
15.4773565122809),(14.5732665924014,-15.245018243857,-17.8496229961977),
(14.5732665924014,-15.245018243857,17.8496229961977),(14.5732665924014,
-12.5259642418458,-19.8524517925097),(14.5732665924014,-12.5259642418458,
19.8524517925097),(14.5732665924014,-9.54765752253556,-21.4443899002581),
(14.5732665924014,-9.54765752253556,21.4443899002581),(14.5732665924014,
-6.37174077426737,-22.5924886160746),(14.5732665924014,-6.37174077426737,
22.5924886160746),(14.5732665924014,-3.06394666488273,23.2729854809535),
(14.5732665924014,-3.06394666488273,-23.2729854809536),(14.5732665924014,
0.,-23.4738071552512),(14.5732665924014,2.87471227964806E-15,23.4738071552512),
(14.6490361489251,-23.3469902838833,-8.67361737988404E-16),(14.6490361489251,
-23.1053813125105,-3.350120851437),(14.6490361489251,-23.1053813125105,
3.350120851437),(14.6490361489251,-22.3855550339633,-6.63090349327625),
(14.6490361489251,-22.3855550339633,6.63090349327625),(14.6490361489251,
-21.2024098556691,-9.77444482453947),(14.6490361489251,-21.2024098556691,
9.77444482453947),(14.6490361489251,-19.5804336012007,-12.7156822587194),
(14.6490361489251,-19.5804336012007,12.7156822587194),(14.6490361489251,
-17.5531966802484,-15.3937403388604),(14.6490361489251,-17.5531966802484,
15.3937403388604),(14.6490361489251,-15.1626572742518,-17.7531906906708),
(14.6490361489251,-15.1626572742518,17.7531906906708),(14.6490361489251,
-12.4582929184209,-19.7451992361325),(14.6490361489251,-12.4582929184209,
19.7451992361325),(14.6490361489251,-9.49607645399002,-21.3285369234675),
(14.6490361489251,-9.49607645399001,21.3285369234675),(14.6490361489251,
-6.3373175456528,-22.4704330541559),(14.6490361489251,-6.3373175456528,
22.4704330541559),(14.6490361489251,-3.04739374155383,23.1472535455004),
(14.6490361489251,-3.04739374155383,-23.1472535455004),(14.6490361489251,
0.,-23.3469902838833),(14.6490361489251,2.8591816920882E-15,23.3469902838833),
(14.6915226086133,-23.2055037286829,-4.33680868994202E-16),(14.6915226086133,
-22.96535894694,3.32981857465479),(14.6915226086133,-22.96535894694,-3.3298185746548),
(14.6915226086133,-22.2498949326186,-6.59071914053003),(14.6915226086133,
-22.2498949326186,6.59071914053003),(14.6915226086133,-21.0739198063758,
-9.71521010047419),(14.6915226086133,-21.0739198063758,9.71521010047418),
(14.6915226086133,-19.4617729915941,-12.6386231578275),(14.6915226086133,
-19.4617729915941,12.6386231578275),(14.6915226086133,-17.4468214558256,
-15.3004517707961),(14.6915226086133,-17.4468214558256,15.3004517707961),
(14.6915226086133,-15.0707691071119,-17.6456034700442),(14.6915226086133,
-15.0707691071119,17.6456034700442),(14.6915226086133,-12.382793638759,
-19.6255401200024),(14.6915226086133,-12.382793638759,19.6255401200024),
(14.6915226086133,-9.43852868748744,-21.1992825236467),(14.6915226086133,
-9.43852868748744,21.1992825236467),(14.6915226086133,-6.29891237145934,
-22.3342585782155),(14.6915226086133,-6.29891237145933,22.3342585782155),
(14.6915226086133,-3.02892604025318,23.0069774273934),(14.6915226086133,
-3.02892604025318,-23.0069774273934),(14.6915226086133,0.,-23.2055037286829),
(14.6915226086133,2.84185458639335E-15,23.2055037286829),(14.7,-23.105,
4.24431964414494E-15),(14.7,-22.8658952924685,-3.31539703110617),(14.7,
-22.8658952924685,3.31539703110622),(14.7,-22.1535299741296,-6.56217453938411),
(14.7,-22.1535299741296,6.56217453938415),(14.7,-20.9826480312285,-9.67313323580225),
(14.7,-20.9826480312285,9.6731332358023),(14.7,-19.377483472379,-12.5838849040222),
(14.7,-19.377483472379,12.5838849040222),(14.7,-17.3712587518018,-15.2341850578871),
(14.7,-17.3712587518018,15.2341850578871),(14.7,-15.0054971566689,-17.5691798351887),
(14.7,-15.0054971566689,17.5691798351887),(14.7,-12.3291633902302,-19.5405413204703),
(14.7,-12.3291633902302,19.5405413204703),(14.7,-9.3976501382664,-21.1074677988323),
(14.7,-9.39765013826636,21.1074677988323),(14.7,-6.27163159413258,-22.2375282382615),
(14.7,-6.27163159413253,22.2375282382615),(14.7,-3.01580767124433,-22.9073335220419),
(14.7,-3.01580767124429,22.9073335220419),(14.7,2.82954642942996E-15,23.105),
(14.7,0.,-23.1049999967)));
#426=COORDINATES_LIST('',194,((14.,-26.,4.77612251667468E-15),(14.,-25.9379251653919,
-1.79556066857455),(14.,-25.9379251653919,1.79556066857456),(14.,-25.4431035124623,
-5.35242782801692),(14.,-25.4431035124623,5.35242782801693),(14.,-24.4628999928099,
-8.80718592637759),(14.,-24.4628999928099,8.8071859263776),(14.,-23.0160140946438,
-12.0939280300139),(14.,-23.0160140946438,12.0939280300139),(14.,-21.1300482752604,
-15.149952471383),(14.,-21.1300482752604,15.149952471383),(14.,-18.8409813848632,
-17.9169590180711),(14.,-18.8409813848632,17.9169590180711),(14.,-16.1924822926909,
20.3421610749913),(14.,-16.1924822926909,-20.3421610749913),(14.,-13.2350768095096,
22.3792927021026),(14.,-13.2350768095096,-22.3792927021026),(14.,-10.0251837992123,
23.989491236623),(14.,-10.0251837992123,-23.989491236623),(14.,-6.62403886776792,
25.1420386818233),(14.,-6.62403886776788,-25.1420386818233),(14.,-3.0965261624666,
25.8149477188152),(14.,-3.09652616246654,-25.8149477188152),(14.,-6.36816335556624E-15,
-26.),(14.,3.18408167778312E-15,26.),(14.1675062233047,-25.9238299167635,
-1.79458492075011),(14.1675062233047,-25.9238299167635,1.7945849207501),
(14.1675062233047,-25.4292771609867,5.34951919902981),(14.1675062233047,
-25.4292771609866,-5.34951919902982),(14.1675062233047,-24.4496063058488,
8.80239990457526),(14.1675062233047,-24.4496063058488,-8.80239990457526),
(14.1675062233047,-23.0035066778389,12.0873559190455),(14.1675062233047,
-23.0035066778389,-12.0873559190455),(14.1675062233047,-21.1185657344608,
15.1417196483861),(14.1675062233047,-21.1185657344608,-15.1417196483861),
(14.1675062233047,-18.8307427742061,17.9072225418335),(14.1675062233047,
-18.8307427742061,-17.9072225418335),(14.1675062233047,-16.1836829356733,
20.3311066897172),(14.1675062233047,-16.1836829356733,-20.3311066897172),
(14.1675062233047,-13.2278845727731,22.3671312939424),(14.1675062233047,
-13.2278845727731,-22.3671312939424),(14.1675062233047,-10.0197358901258,
23.9764548105676),(14.1675062233047,-10.0197358901257,-23.9764548105676),
(14.1675062233047,-6.62043921690266,25.1283759357099),(14.1675062233047,
-6.62043921690265,-25.1283759357099),(14.1675062233047,-3.0948434408971,
25.8009192988816),(14.1675062233047,-3.09484344089709,-25.8009192988816),
(14.1675062233047,0.,-25.9858710185182),(14.1675062233047,3.18235137658843E-15,
25.9858710185182),(14.4033171544008,-25.8531882149565,-1.78969472770201),
(14.4033171544008,-25.8531882149565,1.789694727702),(14.4033171544008,-25.3599831014229,
5.33494191082503),(14.4033171544008,-25.3599831014229,-5.33494191082504),
(14.4033171544008,-24.3829818216001,8.77841361430714),(14.4033171544008,
-24.3829818216001,-8.77841361430715),(14.4033171544008,-22.9408227740922,
12.0544182167381),(14.4033171544008,-22.9408227740922,-12.0544182167381),
(14.4033171544008,-21.061018241363,15.100458891481),(14.4033171544008,-21.061018241363,
-15.100458891481),(14.4033171544008,-18.779429533835,17.8584258679218),
(14.4033171544008,-18.779429533835,-17.8584258679218),(14.4033171544008,
-16.139582858341,20.2757050001986),(14.4033171544008,-16.139582858341,-20.2757050001986),
(14.4033171544008,-13.1918389622083,22.306181495081),(14.4033171544008,
-13.1918389622083,-22.306181495081),(14.4033171544008,-9.99243239379796,
23.9111196507338),(14.4033171544008,-9.99243239379795,-23.9111196507338),
(14.4033171544008,-6.60239870766876,25.0599018234571),(14.4033171544008,
-6.60239870766874,-25.059901823457),(14.4033171544008,-3.08641008023268,
25.7306125250249),(14.4033171544008,-3.08641008023267,-25.7306125250249),
(14.4033171544008,0.,-25.9150602564673),(14.4033171544008,3.17367955927935E-15,
25.9150602564673),(14.6146786127165,-25.7272071212765,-1.7809736486121),
(14.6146786127165,-25.7272071212765,1.78097364861208),(14.6146786127165,
-25.2364053677887,5.30894504687708),(14.6146786127165,-25.2364053677887,
-5.30894504687709),(14.6146786127165,-24.2641649588006,8.73563691153801),
(14.6146786127165,-24.2641649588006,-8.73563691153802),(14.6146786127165,
-22.8290334690761,11.9956777326634),(14.6146786127165,-22.8290334690761,
-11.9956777326634),(14.6146786127165,-20.9583891153148,15.0268752270447),
(14.6146786127165,-20.9583891153148,-15.0268752270447),(14.6146786127165,
-18.6879184578436,17.7714027896253),(14.6146786127165,-18.6879184578436,
-17.7714027896253),(14.6146786127165,-16.0609356028022,20.1769026602388),
(14.6146786127165,-16.0609356028022,-20.1769026602388),(14.6146786127165,
-13.1275558925037,22.1974847603801),(14.6146786127165,-13.1275558925037,
-22.1974847603801),(14.6146786127165,-9.94373984760106,23.7946021450527),
(14.6146786127165,-9.94373984760104,-23.7946021450527),(14.6146786127165,
-6.57022559991943,24.9377863685668),(14.6146786127165,-6.57022559991941,
-24.9377863685668),(14.6146786127165,-3.07137018208861,25.6052287356058),
(14.6146786127165,-3.07137018208859,-25.6052287356057),(14.6146786127165,
0.,-25.7887776639009),(14.6146786127165,3.1582144020019E-15,25.7887776639009),
(14.7887776639009,-25.5535237304694,1.76895036366044),(14.7887776639009,
-25.5535237304694,-1.76895036366045),(14.7887776639009,-25.0660353608384,
5.27310456201589),(14.7887776639009,-25.0660353608384,-5.2731045620159),
(14.7887776639009,-24.100358509648,8.67666296102312),(14.7887776639009,
-24.100358509648,-8.67666296102313),(14.7887776639009,-22.6749155376944,
11.9146953713127),(14.7887776639009,-22.6749155376944,-11.9146953713127),
(14.7887776639009,-20.8168998323839,14.9254293674002),(14.7887776639009,
-20.8168998323839,-14.9254293674002),(14.7887776639009,-18.5617570354402,
17.651428729427),(14.7887776639009,-18.5617570354402,-17.651428729427),
(14.7887776639009,-15.95250884113,20.040689162462),(14.7887776639009,-15.95250884113,
-20.040689162462),(14.7887776639009,-13.038932265008,22.0476303901641),
(14.7887776639009,-13.0389322650079,-22.0476303901641),(14.7887776639009,
-9.87661004039366,23.6339656964875),(14.7887776639009,-9.87661004039365,
-23.6339656964875),(14.7887776639009,-6.52587025830839,24.7694323270535),
(14.7887776639009,-6.52587025830837,-24.7694323270535),(14.7887776639009,
-3.05063547951733,25.4323688162126),(14.7887776639009,-3.05063547951732,
-25.4323688162126),(14.7887776639009,0.,-25.6146786127165),(14.7887776639009,
3.13689341742514E-15,25.6146786127165),(14.9150602564673,-25.3426668962909,
1.75435373591412),(14.9150602564673,-25.3426668962909,-1.75435373591413),
(14.9150602564673,-24.8592010738203,5.22959314081362),(14.9150602564673,
-24.8592010738203,-5.22959314081363),(14.9150602564673,-23.9014925782207,
8.60506682021326),(14.9150602564673,-23.9014925782207,-8.60506682021327),
(14.9150602564673,-22.4878117567845,11.8163803611131),(14.9150602564673,
-22.4878117567845,-11.8163803611131),(14.9150602564673,-20.6451276086246,
14.8022710578708),(14.9150602564673,-20.6451276086246,-14.8022710578708),
(14.9150602564673,-18.4085932930708,17.5057766299408),(14.9150602564673,
-18.4085932930708,-17.5057766299408),(14.9150602564673,-15.8208755076249,
19.8753218997658),(14.9150602564673,-15.8208755076249,-19.8753218997658),
(14.9150602564673,-12.9313405290319,21.865702700103),(14.9150602564673,
-12.9313405290319,-21.865702700103),(14.9150602564673,-9.79511244548274,
23.4389482406405),(14.9150602564673,-9.79511244548272,-23.4389482406405),
(14.9150602564673,-6.4720215461918,24.5650454824066),(14.9150602564673,
-6.47202154619179,-24.5650454824066),(14.9150602564673,-3.02546293007842,
25.2225117009745),(14.9150602564673,-3.02546293007841,-25.2225117009745),
(14.9150602564673,0.,-25.4033171544008),(14.9150602564673,3.1110091040862E-15,
25.4033171544008),(14.9858710185182,-25.1074189622928,-1.7380686269489),
(14.9858710185182,-25.1074189622928,1.73806862694889),(14.9858710185182,
-24.6284409996185,5.18104848736173),(14.9858710185182,-24.6284409996185,
-5.18104848736174),(14.9858710185182,-23.6796226080432,8.52518871584267),
(14.9858710185182,-23.6796226080432,-8.52518871584268),(14.9858710185182,
-22.2790645370238,11.7066926522913),(14.9858710185182,-22.2790645370238,
-11.7066926522913),(14.9858710185182,-20.4534854410133,14.6648662733193),
(14.9858710185182,-20.4534854410133,-14.6648662733193),(14.9858710185182,
-18.2377121637197,17.3432760611538),(14.9858710185182,-18.2377121637197,
-17.3432760611538),(14.9858710185182,-15.6740153412327,19.6908255942427),
(14.9858710185182,-15.6740153412327,-19.6908255942427),(14.9858710185182,
-12.8113029988173,21.6627303212817),(14.9858710185182,-12.8113029988173,
-21.6627303212817),(14.9858710185182,-9.70418752524806,23.2213719227547),
(14.9858710185182,-9.70418752524805,-23.2213719227547),(14.9858710185182,
-6.41194382415239,24.337015961206),(14.9858710185182,-6.41194382415237,
-24.337015961206),(14.9858710185182,-2.99737851786555,24.9883791295218),
(14.9858710185182,-2.99737851786554,-24.9883791295218),(14.9858710185182,
0.,-25.1675062233047),(14.9858710185182,3.08213059388912E-15,25.1675062233047),
(15.,-25.,4.59242549680257E-15),(15.,-24.9403126590306,-1.72650064286014),
(15.,-24.9403126590306,1.72650064286015),(15.,-24.4645226081368,-5.14656521924704),
(15.,-24.4645226081368,5.14656521924705),(15.,-23.5220192238556,-8.4684480061323),
(15.,-23.5220192238556,8.4684480061323),(15.,-22.1307827833114,-11.6287769519365),
(15.,-22.1307827833114,11.6287769519365),(15.,-20.3173541108273,-14.5672619917144),
(15.,-20.3173541108273,14.5672619917144),(15.,-18.1163282546761,17.2278452096837),
(15.,-18.1163282546761,-17.2278452096837),(15.,-15.5696945122028,19.5597702644147),
(15.,-15.5696945122028,-19.5597702644147),(15.,-12.7260353937593,21.5185506750986),
(15.,-12.7260353937592,-21.5185506750986),(15.,-9.6395998069349,23.0668184967529),
(15.,-9.63959980693486,-23.0668184967529),(15.,-6.36926814208454,24.1750371940609),
(15.,-6.36926814208449,-24.1750371940609),(15.,-2.97742900237173,24.8220651142453),
(15.,-2.97742900237168,-24.8220651142454),(15.,0.,-25.),(15.,3.06161699786838E-15,
25.)));
#427=COORDINATES_LIST('',34,((1.50000000008174,-23.1050000000144,-4.24431964414759E-15),
(1.50000000008174,-22.9784283924983,-2.41513014380064),(1.50000000008174,
-22.9784283924983,2.41513014380065),(1.50000000008174,-21.9741608090132,
-7.13983765503762),(1.50000000008174,-21.9741608090132,7.13983765503763),
(1.50000000008174,-20.0095169544519,-11.5525000000072),(1.50000000008174,
-20.0095169544519,11.5525000000072),(1.50000000008174,-17.1703611926659,
-15.4602626599311),(1.50000000008174,-17.1703611926659,15.4602626599311),
(1.50000000008174,-13.5807782542261,-18.6923376550448),(1.50000000008174,
-13.580778254226,18.6923376550448),(1.50000000008174,-9.39765013827222,
-21.1074677988455),(1.50000000008174,-9.39765013827219,21.1074677988455),
(1.50000000008174,-4.80379961634732,-22.6001003149687),(1.50000000008174,
-4.80379961634728,22.6001003149687),(1.50000000008174,-9.24247217542679E-15,
23.1050000000144),(1.50000000008174,2.82954642943172E-15,-23.1050000000144),
(1.69924948808174,-21.9750000000144,-4.03674201169211E-15),(1.69924948808174,
-21.8546186507321,-2.29701298030819),(1.69924948808174,-21.8546186507321,
2.2970129803082),(1.69924948808174,-20.8994669455997,-6.79064845139393),
(1.69924948808174,-20.8994669455997,6.79064845139394),(1.69924948808174,
-19.0309082481755,-10.9875000000072),(1.69924948808174,-19.0309082481755,
10.9875000000072),(1.69924948808174,-16.3306075398764,-14.7041450747456),
(1.69924948808174,-16.3306075398764,14.7041450747456),(1.69924948808174,
-12.9165809191356,-17.7781484514011),(1.69924948808174,-12.9165809191355,
17.7781484514012),(1.69924948808174,-8.93803773159656,-20.0751614317093),
(1.69924948808174,-8.93803773159654,20.0751614317093),(1.69924948808174,
-4.56885940572325,-21.4947935261395),(1.69924948808174,-4.56885940572321,
21.4947935261395),(1.69924948808174,-8.79044908266653E-15,21.9750000000144),
(1.69924948808174,2.69116134112807E-15,-21.9750000000144)));
#428=COORDINATES_LIST('',34,((1.,0.,26.),(1.,3.18408167778312E-15,-26.),
(1.,5.07234837241933,-25.500417290484),(1.,5.07234837241934,25.500417290484),
(1.,9.94976924149233,24.0208678452935),(1.,9.94976924149234,-24.0208678452935),
(1.,14.4448260585097,-21.6182099198662),(1.,14.4448260585097,21.6182099198662),
(1.,18.3847763108502,-18.3847763108502),(1.,18.3847763108502,18.3847763108502),
(1.,21.6182099198662,-14.4448260585097),(1.,21.6182099198662,14.4448260585097),
(1.,24.0208678452935,-9.94976924149233),(1.,24.0208678452935,9.94976924149234),
(1.,25.500417290484,-5.07234837241933),(1.,25.500417290484,5.07234837241934),
(1.,26.,1.59204083889156E-15),(14.,0.,26.),(14.,3.18408167778312E-15,-26.),
(14.,5.07234837241933,-25.500417290484),(14.,5.07234837241934,25.500417290484),
(14.,9.94976924149233,24.0208678452935),(14.,9.94976924149234,-24.0208678452935),
(14.,14.4448260585097,-21.6182099198662),(14.,14.4448260585097,21.6182099198662),
(14.,18.3847763108502,-18.3847763108502),(14.,18.3847763108502,18.3847763108502),
(14.,21.6182099198662,-14.4448260585097),(14.,21.6182099198662,14.4448260585097),
(14.,24.0208678452935,-9.94976924149233),(14.,24.0208678452935,9.94976924149234),
(14.,25.500417290484,-5.07234837241933),(14.,25.500417290484,5.07234837241934),
(14.,26.,1.59204083889156E-15)));
#429=COORDINATES_LIST('',184,((0.9,-5.8060504747576E-15,-23.705),(0.9,2.9030252373788E-15,
23.705),(0.9,3.09412338657632,-23.5022004388662),(0.9,3.09412338657634,
23.5022004388662),(0.9,6.43449586405158,-22.8150013801337),(0.9,6.4344958640516,
22.8150013801337),(0.9,9.64169212411184,-21.6555950734178),(0.9,9.64169212411185,
21.6555950734178),(0.9,12.6493320997796,-20.0479780134927),(0.9,12.6493320997796,
20.0479780134927),(0.9,15.395165985667,-18.0254234145487),(0.9,15.395165985667,
18.0254234145487),(0.9,17.8223626362892,-15.6297925469471),(0.9,17.8223626362892,
15.6297925469471),(0.9,19.8806858131463,-12.9106683250312),(0.9,19.8806858131463,
12.9106683250312),(0.9,21.5275339355235,-9.92432907832472),(0.9,21.5275339355235,
9.92432907832472),(0.9,22.7288218150505,-6.73258374620648),(0.9,22.7288218150505,
6.73258374620648),(0.9,23.4596861245603,-3.4014926043009),(0.9,23.4596861245603,
3.4014926043009),(0.9,23.705,-1.4515126186894E-15),(1.00050373398284,-5.80397411332398E-15,
-23.6965226111109),(1.00050373398284,2.90198705666199E-15,23.6965226111109),
(1.00050373398284,3.09301686528466,23.4937955752143),(1.00050373398284,
3.09301686528467,-23.4937955752142),(1.00050373398284,6.43219475779785,
22.806842272806),(1.00050373398284,6.43219475779786,-22.806842272806),(1.00050373398284,
9.63824405941306,21.6478505933056),(1.00050373398284,9.63824405941306,-21.6478505933056),
(1.00050373398284,12.6448084420113,20.0408084498538),(1.00050373398284,
12.6448084420113,-20.0408084498538),(1.00050373398284,15.3896603619981,
18.0189771574648),(1.00050373398284,15.3896603619981,-18.0189771574648),
(1.00050373398284,17.8159889978589,-15.6242030160602),(1.00050373398284,
17.8159889978589,15.6242030160602),(1.00050373398284,19.873576076592,-12.9060512081272),
(1.00050373398284,19.873576076592,12.9060512081272),(1.00050373398284,21.5198352526721,
-9.92077993691743),(1.00050373398284,21.5198352526721,9.92077993691744),
(1.00050373398284,22.7206935272835,-6.73017603767897),(1.00050373398284,
22.7206935272835,6.73017603767898),(1.00050373398284,23.4512964648896,-3.40027616154157),
(1.00050373398284,23.4512964648896,3.40027616154158),(1.00050373398284,
23.6965226111109,3.90312782094782E-15),(1.14199029264048,-5.79356793255308E-15,
-23.6540361538804),(1.14199029264048,2.89678396627654E-15,23.6540361538804),
(1.14199029264048,3.08747126980144,23.4516725955151),(1.14199029264048,
3.08747126980144,-23.451672595515),(1.14199029264048,6.42066221473402,22.7659509595661),
(1.14199029264048,6.42066221473402,-22.7659509595661),(1.14199029264048,
9.62096326042292,21.6090372832913),(1.14199029264048,9.62096326042292,-21.6090372832913),
(1.14199029264048,12.6221370517033,20.0048764709283),(1.14199029264048,
12.6221370517033,-20.0048764709283),(1.14199029264048,15.3620676152692,
17.9866702019295),(1.14199029264048,15.3620676152692,-17.9866702019295),
(1.14199029264048,17.7840459880342,-15.5961897482868),(1.14199029264048,
17.7840459880342,15.5961897482868),(1.14199029264048,19.8379439353765,-12.88291142506),
(1.14199029264048,19.8379439353765,12.88291142506),(1.14199029264048,21.4812514665582,
-9.9029925678844),(1.14199029264048,21.4812514665582,9.90299256788441),
(1.14199029264048,22.6799566736262,-6.71810923188338),(1.14199029264048,
22.6799566736262,6.71810923188339),(1.14199029264048,23.4092496835703,-3.39417966839444),
(1.14199029264048,23.4092496835703,3.39417966839445),(1.14199029264048,
23.6540361538804,3.46944695195361E-15),(1.26880716762988,-5.77500974382014E-15,
-23.5782665983405),(1.26880716762988,2.88750487191007E-15,23.5782665983405),
(1.26880716762988,3.07758135823061,23.3765512590265),(1.26880716762988,
3.07758135823062,-23.3765512590265),(1.26880716762988,6.4000952924922,22.693026154073),
(1.26880716762988,6.40009529249221,-22.693026154073),(1.26880716762988,
9.59014500575529,21.5398183500003),(1.26880716762988,9.5901450057553,-21.5398183500002),
(1.26880716762988,12.5817053170027,19.9407960497701),(1.26880716762988,
12.5817053170027,-19.9407960497701),(1.26880716762988,15.312859225301,17.9290545798861),
(1.26880716762988,15.312859225301,-17.9290545798861),(1.26880716762988,
17.7270794199843,15.5462314089296),(1.26880716762988,17.7270794199844,-15.5462314089296),
(1.26880716762988,19.7743982391989,12.8416443674472),(1.26880716762988,
19.7743982391989,-12.8416443674472),(1.26880716762988,21.4124418619109,
-9.87127090564875),(1.26880716762988,21.4124418619109,9.87127090564876),
(1.26880716762988,22.6073073284724,-6.69658951544867),(1.26880716762988,
22.6073073284724,6.69658951544868),(1.26880716762988,23.3342642378516,3.38330729620293),
(1.26880716762988,23.3342642378516,-3.38330729620293),(1.26880716762988,
23.5782665983405,3.90312782094782E-15),(1.37326659834053,-5.74942456232803E-15,
-23.4738071676299),(1.37326659834053,2.87471228116401E-15,23.4738071676299),
(1.37326659834053,3.06394666649848,23.2729854932264),(1.37326659834053,
3.06394666649848,-23.2729854932264),(1.37326659834053,6.37174077762746,
22.5924886279886),(1.37326659834053,6.37174077762746,-22.5924886279885),
(1.37326659834053,9.54765752757043,21.4443899115666),(1.37326659834053,
9.54765752757044,-21.4443899115666),(1.37326659834053,12.5259642484512,
19.8524518029787),(1.37326659834053,12.5259642484512,-19.8524518029787),
(1.37326659834053,15.2450182518963,17.8496230056105),(1.37326659834053,
15.2450182518963,-17.8496230056105),(1.37326659834053,17.6485426617095,
15.4773565204428),(1.37326659834053,17.6485426617095,-15.4773565204428),
(1.37326659834053,19.6867911891175,-12.7847516839068),(1.37326659834053,
19.6867911891175,12.7847516839068),(1.37326659834053,21.3175777429693,-9.82753794780412),
(1.37326659834053,21.3175777429693,9.82753794780414),(1.37326659834053,
22.507149564814,-6.66692143422781),(1.37326659834053,22.507149564814,6.66692143422782),
(1.37326659834053,23.2308858173824,-3.36831813859855),(1.37326659834053,
23.2308858173824,3.36831813859856),(1.37326659834053,23.4738071676299,3.46944695195361E-15),
(1.44903615388039,-5.7183633863213E-15,-23.3469902926405),(1.44903615388039,
2.85918169316065E-15,23.3469902926405),(1.44903615388039,3.04739374269686,
23.1472535541827),(1.44903615388039,3.04739374269687,-23.1472535541826),
(1.44903615388039,6.33731754802985,22.4704330625843),(1.44903615388039,
6.33731754802986,-22.4704330625843),(1.44903615388039,9.49607645755188,
21.3285369314676),(1.44903615388039,9.49607645755189,-21.3285369314676),
(1.44903615388039,12.4582929230938,19.7451992435387),(1.44903615388039,
12.4582929230938,-19.7451992435386),(1.44903615388039,15.1626572799391,
-17.7531906973298),(1.44903615388039,15.1626572799391,17.7531906973298),
(1.44903615388039,17.5531966868324,15.3937403446344),(1.44903615388039,
17.5531966868324,-15.3937403446344),(1.44903615388039,19.5804336085451,
-12.7156822634889),(1.44903615388039,19.5804336085451,12.7156822634889),
(1.44903615388039,21.2024098636219,-9.77444482820574),(1.44903615388039,
21.2024098636219,9.77444482820576),(1.44903615388039,22.3855550423598,-6.63090349576342),
(1.44903615388039,22.3855550423598,6.63090349576343),(1.44903615388039,
23.105381321177,-3.35012085269359),(1.44903615388039,23.105381321177,3.3501208526936),
(1.44903615388039,23.3469902926405,3.90312782094782E-15),(1.49152261111094,
-5.68370917408481E-15,-23.2055037339828),(1.49152261111094,2.8418545870424E-15,
23.2055037339828),(1.49152261111094,3.02892604094496,23.0069774326481),
(1.49152261111094,3.02892604094497,-23.0069774326481),(1.49152261111094,
6.29891237289796,22.3342585833165),(1.49152261111094,6.29891237289796,-22.3342585833165),
(1.49152261111094,9.43852868964312,21.1992825284884),(1.49152261111094,
9.43852868964313,-21.1992825284884),(1.49152261111094,12.3827936415872,
19.6255401244847),(1.49152261111094,12.3827936415872,-19.6255401244847),
(1.49152261111094,15.0707691105539,17.6456034740744),(1.49152261111094,
15.0707691105539,-17.6456034740743),(1.49152261111094,17.4468214598104,
15.3004517742906),(1.49152261111094,17.4468214598104,-15.3004517742906),
(1.49152261111094,19.461772996039,12.638623160714),(1.49152261111094,19.4617729960391,
-12.638623160714),(1.49152261111094,21.073919811189,9.71521010269307),(1.49152261111094,
21.073919811189,-9.71521010269306),(1.49152261111094,22.2498949377003,-6.5907191420353),
(1.49152261111094,22.2498949377003,6.59071914203531),(1.49152261111094,
22.9653589521852,-3.3298185754153),(1.49152261111094,22.9653589521852,3.3298185754153),
(1.49152261111094,23.2055037339828,3.46944695195361E-15),(1.5,0.,-23.105),
(1.5,2.82954642942996E-15,23.105),(1.5,3.01580767124429,-22.9073335220419),
(1.5,3.01580767124431,22.9073335220419),(1.5,6.27163159413254,-22.2375282382615),
(1.5,6.27163159413256,22.2375282382615),(1.5,9.39765013826636,-21.1074677988323),
(1.5,9.39765013826638,21.1074677988323),(1.5,12.3291633902302,-19.5405413204703),
(1.5,12.3291633902302,19.5405413204703),(1.5,15.0054971566689,-17.5691798351887),
(1.5,15.0054971566689,17.5691798351887),(1.5,17.3712587518018,-15.2341850578871),
(1.5,17.3712587518018,15.2341850578871),(1.5,19.377483472379,-12.5838849040222),
(1.5,19.377483472379,12.5838849040222),(1.5,20.9826480312285,-9.67313323580227),
(1.5,20.9826480312285,9.67313323580227),(1.5,22.1535299741296,-6.56217453938413),
(1.5,22.1535299741296,6.56217453938413),(1.5,22.8658952924685,-3.3153970311062),
(1.5,22.8658952924685,3.31539703110619),(1.5,23.105,3.71556738207787E-15)));
#430=COORDINATES_LIST('',34,((0.,0.,23.105),(0.,2.82954642942996E-15,-23.105),
(0.,4.80379961634433,22.6001003149546),(0.,4.80379961634434,-22.6001003149546),
(0.,9.39765013826636,21.1074677988323),(0.,9.39765013826637,-21.1074677988323),
(0.,13.5807782542176,18.6923376550332),(0.,13.5807782542176,-18.6923376550332),
(0.,17.1703611926552,15.4602626599214),(0.,17.1703611926552,-15.4602626599214),
(0.,20.0095169544395,-11.5525),(0.,20.0095169544395,11.5525),(0.,21.9741608089995,
7.13983765503317),(0.,21.9741608089995,-7.13983765503315),(0.,22.9784283924839,
2.41513014379914),(0.,22.978428392484,-2.41513014379913),(0.,23.105,1.41477321471498E-15),
(0.29999999995494,4.80379961634433,22.6001003149546),(0.29999999995494,
9.39765013826636,21.1074677988323),(0.29999999995494,13.5807782542176,18.6923376550332),
(0.29999999995494,17.1703611926552,15.4602626599214),(0.29999999995494,
20.0095169544395,11.5525),(0.29999999995494,21.9741608089995,7.13983765503317),
(0.29999999995494,22.9784283924839,2.41513014379914),(0.29999999995494,
23.105,1.41477321471498E-15),(0.300000000699997,0.,23.105),(0.300000000699997,
2.82954642942996E-15,-23.105),(0.300000000699997,4.80379961634434,-22.6001003149546),
(0.300000000699997,9.39765013826637,-21.1074677988323),(0.300000000699997,
13.5807782542176,-18.6923376550332),(0.300000000699997,17.1703611926552,
-15.4602626599214),(0.300000000699997,20.0095169544395,-11.5525),(0.300000000699997,
21.9741608089995,-7.13983765503315),(0.300000000699997,22.978428392484,
-2.41513014379913)));
#431=COORDINATES_LIST('',34,((13.300750509755,0.,-21.9750000000432),(13.300750509755,
6.09928774154644E-15,21.9750000000432),(13.300750509755,4.56885940572924,
-21.4947935261676),(13.300750509755,4.56885940572925,21.4947935261676),
(13.300750509755,8.93803773160828,-20.0751614317356),(13.300750509755,8.93803773160828,
20.0751614317356),(13.300750509755,12.9165809191525,-17.7781484514244),
(13.300750509755,12.9165809191525,17.7781484514244),(13.300750509755,16.3306075398978,
-14.7041450747648),(13.300750509755,16.3306075398978,14.7041450747648),
(13.300750509755,19.0309082482004,-10.9875000000216),(13.300750509755,19.0309082482004,
10.9875000000216),(13.300750509755,20.8994669456271,-6.79064845140282),
(13.300750509755,20.8994669456271,6.79064845140282),(13.300750509755,21.8546186507608,
-2.2970129803112),(13.300750509755,21.8546186507608,2.2970129803112),(13.300750509755,
21.9750000000432,-1.3455806705658E-15),(13.499999999755,0.,-23.1050000000432),
(13.499999999755,6.41292574600305E-15,23.1050000000432),(13.499999999755,
4.80379961635331,-22.6001003149968),(13.499999999755,4.80379961635332,22.6001003149968),
(13.499999999755,9.39765013828393,-21.1074677988718),(13.499999999755,9.39765013828394,
21.1074677988717),(13.499999999755,13.580778254243,-18.6923376550681),(13.499999999755,
13.580778254243,18.6923376550681),(13.499999999755,17.1703611926873,-15.4602626599503),
(13.499999999755,17.1703611926873,15.4602626599503),(13.499999999755,20.0095169544769,
-11.5525000000216),(13.499999999755,20.0095169544769,11.5525000000216),
(13.499999999755,21.9741608090406,-7.13983765504651),(13.499999999755,21.9741608090406,
7.13983765504651),(13.499999999755,22.9784283925269,-2.41513014380365),
(13.499999999755,22.9784283925269,2.41513014380365),(13.499999999755,23.1050000000432,
-1.41477321471762E-15)));
#432=COORDINATES_LIST('',184,((0.3,-23.105,4.24431964414494E-15),(0.3,-22.8658952924685,
-3.31539703110617),(0.3,-22.8658952924685,3.31539703110622),(0.3,-22.1535299741296,
-6.56217453938411),(0.3,-22.1535299741296,6.56217453938415),(0.3,-20.9826480312285,
-9.67313323580225),(0.3,-20.9826480312285,9.6731332358023),(0.3,-19.377483472379,
-12.5838849040222),(0.3,-19.377483472379,12.5838849040222),(0.3,-17.3712587518018,
-15.2341850578871),(0.3,-17.3712587518018,15.2341850578871),(0.3,-15.0054971566689,
-17.5691798351887),(0.3,-15.0054971566689,17.5691798351887),(0.3,-12.3291633902302,
-19.5405413204703),(0.3,-12.3291633902302,19.5405413204703),(0.3,-9.3976501382664,
-21.1074677988323),(0.3,-9.39765013826636,21.1074677988323),(0.3,-6.27163159413258,
-22.2375282382615),(0.3,-6.27163159413253,22.2375282382615),(0.3,-3.01580767124433,
-22.9073335220419),(0.3,-3.01580767124429,22.9073335220419),(0.3,-5.65909285885992E-15,
-23.105),(0.3,2.82954642942996E-15,23.105),(0.30847738888906,-23.2055037339828,
-4.33680868994202E-16),(0.30847738888906,-22.9653589521852,-3.3298185754153),
(0.30847738888906,-22.9653589521852,3.3298185754153),(0.30847738888906,
-22.2498949377003,-6.5907191420353),(0.30847738888906,-22.2498949377003,
6.5907191420353),(0.30847738888906,-21.073919811189,-9.71521010269307),
(0.30847738888906,-21.073919811189,9.71521010269306),(0.30847738888906,
-19.4617729960391,-12.638623160714),(0.30847738888906,-19.461772996039,
12.638623160714),(0.30847738888906,-17.4468214598104,-15.3004517742906),
(0.30847738888906,-17.4468214598104,15.3004517742906),(0.30847738888906,
-15.0707691105539,-17.6456034740744),(0.30847738888906,-15.0707691105539,
17.6456034740743),(0.30847738888906,-12.3827936415872,-19.6255401244847),
(0.30847738888906,-12.3827936415872,19.6255401244847),(0.30847738888906,
-9.43852868964313,-21.1992825284884),(0.30847738888906,-9.43852868964312,
21.1992825284884),(0.30847738888906,-6.29891237289796,-22.3342585833165),
(0.30847738888906,-6.29891237289796,22.3342585833164),(0.30847738888906,
-3.02892604094497,-23.0069774326481),(0.30847738888906,-3.02892604094497,
23.0069774326481),(0.30847738888906,0.,-23.2055037339828),(0.30847738888906,
2.8418545870424E-15,23.2055037339828),(0.350963846119611,-23.3469902926405,
-4.33680868994202E-16),(0.350963846119611,-23.105381321177,-3.3501208526936),
(0.350963846119611,-23.105381321177,3.35012085269359),(0.350963846119611,
-22.3855550423598,-6.63090349576342),(0.350963846119611,-22.3855550423598,
6.63090349576342),(0.350963846119611,-21.2024098636219,-9.77444482820575),
(0.350963846119611,-21.2024098636219,9.77444482820575),(0.350963846119611,
-19.5804336085451,-12.7156822634889),(0.350963846119611,-19.5804336085451,
12.7156822634889),(0.350963846119611,-17.5531966868324,-15.3937403446344),
(0.350963846119611,-17.5531966868324,15.3937403446344),(0.350963846119611,
-15.1626572799391,-17.7531906973298),(0.350963846119611,-15.1626572799391,
17.7531906973298),(0.350963846119611,-12.4582929230938,-19.7451992435387),
(0.350963846119611,-12.4582929230938,19.7451992435386),(0.350963846119611,
-9.49607645755188,-21.3285369314676),(0.350963846119611,-9.49607645755188,
21.3285369314676),(0.350963846119611,-6.33731754802985,-22.4704330625843),
(0.350963846119611,-6.33731754802985,22.4704330625843),(0.350963846119611,
-3.04739374269687,-23.1472535541826),(0.350963846119611,-3.04739374269687,
23.1472535541826),(0.350963846119611,0.,-23.3469902926405),(0.350963846119611,
2.85918169316065E-15,23.3469902926405),(0.426733401659467,-23.4738071676299,
-8.67361737988404E-16),(0.426733401659467,-23.2308858173824,-3.36831813859855),
(0.426733401659467,-23.2308858173824,3.36831813859855),(0.426733401659467,
-22.507149564814,-6.66692143422781),(0.426733401659467,-22.507149564814,
6.66692143422781),(0.426733401659467,-21.3175777429693,-9.82753794780413),
(0.426733401659467,-21.3175777429693,9.82753794780412),(0.426733401659467,
-19.6867911891175,-12.7847516839068),(0.426733401659467,-19.6867911891175,
12.7847516839068),(0.426733401659467,-17.6485426617095,-15.4773565204428),
(0.426733401659467,-17.6485426617095,15.4773565204428),(0.426733401659467,
-15.2450182518963,-17.8496230056105),(0.426733401659467,-15.2450182518963,
17.8496230056105),(0.426733401659467,-12.5259642484512,-19.8524518029787),
(0.426733401659467,-12.5259642484512,19.8524518029787),(0.426733401659467,
-9.54765752757044,-21.4443899115666),(0.426733401659467,-9.54765752757043,
21.4443899115666),(0.426733401659467,-6.37174077762746,-22.5924886279885),
(0.426733401659467,-6.37174077762746,22.5924886279885),(0.426733401659467,
-3.06394666649848,23.2729854932264),(0.426733401659467,-3.06394666649848,
-23.2729854932264),(0.426733401659467,0.,-23.4738071676299),(0.426733401659467,
2.87471228116401E-15,23.4738071676299),(0.531192832370115,-23.5782665983405,
-4.33680868994202E-16),(0.531192832370115,-23.3342642378516,-3.38330729620293),
(0.531192832370115,-23.3342642378516,3.38330729620293),(0.531192832370115,
-22.6073073284724,-6.69658951544867),(0.531192832370115,-22.6073073284724,
6.69658951544867),(0.531192832370115,-21.4124418619109,-9.87127090564876),
(0.531192832370115,-21.4124418619109,9.87127090564876),(0.531192832370115,
-19.7743982391989,-12.8416443674472),(0.531192832370115,-19.7743982391989,
12.8416443674472),(0.531192832370115,-17.7270794199843,-15.5462314089296),
(0.531192832370115,-17.7270794199843,15.5462314089296),(0.531192832370115,
-15.312859225301,-17.9290545798861),(0.531192832370115,-15.312859225301,
17.9290545798861),(0.531192832370115,-12.5817053170027,-19.9407960497701),
(0.531192832370115,-12.5817053170027,19.9407960497701),(0.531192832370115,
-9.59014500575529,-21.5398183500003),(0.531192832370115,-9.59014500575529,
21.5398183500002),(0.531192832370115,-6.40009529249221,-22.693026154073),
(0.531192832370115,-6.4000952924922,22.693026154073),(0.531192832370115,
-3.07758135823062,23.3765512590265),(0.531192832370115,-3.07758135823061,
-23.3765512590265),(0.531192832370115,0.,-23.5782665983405),(0.531192832370115,
2.88750487191007E-15,23.5782665983405),(0.658009707359519,-23.6540361538804,
-4.33680868994202E-16),(0.658009707359519,-23.4092496835703,-3.39417966839445),
(0.658009707359519,-23.4092496835703,3.39417966839445),(0.658009707359519,
-22.6799566736262,-6.71810923188339),(0.658009707359519,-22.6799566736262,
6.71810923188339),(0.658009707359519,-21.4812514665582,-9.9029925678844),
(0.658009707359519,-21.4812514665582,9.9029925678844),(0.658009707359519,
-19.8379439353765,-12.88291142506),(0.658009707359519,-19.8379439353765,
12.88291142506),(0.658009707359519,-17.7840459880342,-15.5961897482868),
(0.658009707359519,-17.7840459880342,15.5961897482868),(0.658009707359519,
-15.3620676152692,-17.9866702019295),(0.658009707359519,-15.3620676152692,
17.9866702019295),(0.658009707359519,-12.6221370517033,-20.0048764709283),
(0.658009707359519,-12.6221370517033,20.0048764709283),(0.658009707359519,
-9.62096326042292,-21.6090372832913),(0.658009707359519,-9.62096326042292,
21.6090372832913),(0.658009707359519,-6.42066221473402,-22.7659509595661),
(0.658009707359519,-6.42066221473402,22.7659509595661),(0.658009707359519,
-3.08747126980144,-23.451672595515),(0.658009707359519,-3.08747126980144,
23.451672595515),(0.658009707359519,0.,-23.6540361538804),(0.658009707359519,
2.89678396627654E-15,23.6540361538804),(0.799496266017159,-23.6965226111109,
-8.67361737988404E-16),(0.799496266017159,-23.4512964648896,-3.40027616154158),
(0.799496266017159,-23.4512964648896,3.40027616154157),(0.799496266017159,
-22.7206935272835,-6.73017603767897),(0.799496266017159,-22.7206935272835,
6.73017603767897),(0.799496266017159,-21.5198352526721,-9.92077993691744),
(0.799496266017159,-21.5198352526721,9.92077993691743),(0.799496266017159,
-19.873576076592,-12.9060512081272),(0.799496266017159,-19.873576076592,
12.9060512081272),(0.799496266017159,-17.8159889978589,-15.6242030160602),
(0.799496266017159,-17.8159889978589,15.6242030160602),(0.799496266017159,
-15.3896603619981,-18.0189771574648),(0.799496266017159,-15.3896603619981,
18.0189771574648),(0.799496266017159,-12.6448084420113,-20.0408084498538),
(0.799496266017159,-12.6448084420113,20.0408084498538),(0.799496266017159,
-9.63824405941306,-21.6478505933056),(0.799496266017159,-9.63824405941305,
21.6478505933056),(0.799496266017159,-6.43219475779785,-22.806842272806),
(0.799496266017159,-6.43219475779785,22.806842272806),(0.799496266017159,
-3.09301686528466,23.4937955752142),(0.799496266017159,-3.09301686528466,
-23.4937955752143),(0.799496266017159,0.,-23.6965226111109),(0.799496266017159,
2.90198705666199E-15,23.6965226111109),(0.9,-23.705,2.54088072950597E-14),
(0.9,-23.4596861245603,-3.40149260430088),(0.9,-23.4596861245603,3.40149260430093),
(0.9,-22.7288218150505,-6.73258374620645),(0.9,-22.7288218150505,6.7325837462065),
(0.9,-21.5275339355236,-9.9243290783247),(0.9,-21.5275339355235,9.92432907832475),
(0.9,-19.8806858131463,-12.9106683250312),(0.9,-19.8806858131463,12.9106683250312),
(0.9,-17.8223626362892,-15.6297925469471),(0.9,-17.8223626362891,15.6297925469471),
(0.9,-15.395165985667,-18.0254234145487),(0.9,-15.395165985667,18.0254234145487),
(0.9,-12.6493320997796,-20.0479780134927),(0.9,-12.6493320997796,20.0479780134927),
(0.9,-9.64169212411188,-21.6555950734178),(0.9,-9.64169212411183,21.6555950734179),
(0.9,-6.43449586405162,-22.8150013801337),(0.9,-6.43449586405157,22.8150013801337),
(0.9,-3.09412338657637,-23.5022004388662),(0.9,-3.09412338657632,23.5022004388662),
(0.9,0.,-23.705),(0.9,2.9030252373788E-15,23.705)));
#433=COORDINATES_LIST('',194,((14.,-6.36816335556624E-15,-26.),(14.,3.18408167778312E-15,
26.),(14.,3.09652616246661,-25.8149477188152),(14.,3.09652616246663,25.8149477188152),
(14.,6.62403886776794,-25.1420386818233),(14.,6.62403886776795,25.1420386818233),
(14.,10.0251837992123,-23.989491236623),(14.,10.0251837992123,23.989491236623),
(14.,13.2350768095097,-22.3792927021025),(14.,13.2350768095097,22.3792927021025),
(14.,16.1924822926909,-20.3421610749913),(14.,16.1924822926909,20.3421610749913),
(14.,18.8409813848632,17.9169590180711),(14.,18.8409813848632,-17.9169590180711),
(14.,21.1300482752604,15.149952471383),(14.,21.1300482752605,-15.149952471383),
(14.,23.0160140946438,12.0939280300139),(14.,23.0160140946438,-12.0939280300139),
(14.,24.4628999928099,8.8071859263776),(14.,24.4628999928099,-8.80718592637757),
(14.,25.4431035124623,5.35242782801693),(14.,25.4431035124623,-5.35242782801691),
(14.,25.9379251653919,-1.79556066857454),(14.,25.9379251653919,1.79556066857456),
(14.,26.,-1.59204083889156E-15),(14.1675062233047,-6.36470275317687E-15,
-25.9858710185182),(14.1675062233047,3.18235137658843E-15,25.9858710185182),
(14.1675062233047,3.09484344089709,25.8009192988816),(14.1675062233047,
3.09484344089711,-25.8009192988816),(14.1675062233047,6.62043921690264,
25.1283759357099),(14.1675062233047,6.62043921690266,-25.1283759357099),
(14.1675062233047,10.0197358901257,23.9764548105676),(14.1675062233047,
10.0197358901258,-23.9764548105676),(14.1675062233047,13.2278845727731,
22.3671312939424),(14.1675062233047,13.2278845727731,-22.3671312939424),
(14.1675062233047,16.1836829356733,20.3311066897172),(14.1675062233047,
16.1836829356733,-20.3311066897172),(14.1675062233047,18.8307427742061,
17.9072225418335),(14.1675062233047,18.8307427742061,-17.9072225418335),
(14.1675062233047,21.1185657344608,15.1417196483862),(14.1675062233047,
21.1185657344608,-15.1417196483861),(14.1675062233047,23.0035066778389,
12.0873559190455),(14.1675062233047,23.0035066778389,-12.0873559190455),
(14.1675062233047,24.4496063058488,8.80239990457527),(14.1675062233047,
24.4496063058488,-8.80239990457525),(14.1675062233047,25.4292771609867,
5.34951919902983),(14.1675062233047,25.4292771609867,-5.34951919902981),
(14.1675062233047,25.9238299167635,1.79458492075011),(14.1675062233047,
25.9238299167635,-1.79458492075009),(14.4033171544008,-6.3473591185587E-15,
-25.9150602564673),(14.4033171544008,3.17367955927935E-15,25.9150602564673),
(14.4033171544008,3.08641008023267,25.7306125250249),(14.4033171544008,
3.08641008023269,-25.7306125250249),(14.4033171544008,6.60239870766874,
25.0599018234571),(14.4033171544008,6.60239870766876,-25.0599018234571),
(14.4033171544008,9.99243239379794,23.9111196507338),(14.4033171544008,
9.99243239379797,-23.9111196507338),(14.4033171544008,13.1918389622083,
22.306181495081),(14.4033171544008,13.1918389622083,-22.306181495081),(14.4033171544008,
16.139582858341,20.2757050001986),(14.4033171544008,16.139582858341,-20.2757050001986),
(14.4033171544008,18.779429533835,17.8584258679218),(14.4033171544008,18.779429533835,
-17.8584258679218),(14.4033171544008,21.061018241363,15.100458891481),(14.4033171544008,
21.061018241363,-15.100458891481),(14.4033171544008,22.9408227740922,12.0544182167381),
(14.4033171544008,22.9408227740922,-12.0544182167381),(14.4033171544008,
24.3829818216001,8.77841361430716),(14.4033171544008,24.3829818216001,-8.77841361430714),
(14.4033171544008,25.3599831014229,5.33494191082504),(14.4033171544008,
25.3599831014229,-5.33494191082502),(14.4033171544008,25.8531882149565,
1.78969472770202),(14.4033171544008,25.8531882149565,-1.789694727702),(14.6146786127165,
-6.3164288040038E-15,-25.7887776639009),(14.6146786127165,3.1582144020019E-15,
25.7887776639009),(14.6146786127165,3.07137018208859,25.6052287356057),
(14.6146786127165,3.07137018208861,-25.6052287356058),(14.6146786127165,
6.57022559991941,24.9377863685668),(14.6146786127165,6.57022559991943,-24.9377863685668),
(14.6146786127165,9.94373984760104,23.7946021450527),(14.6146786127165,
9.94373984760106,-23.7946021450527),(14.6146786127165,13.1275558925037,
22.1974847603801),(14.6146786127165,13.1275558925037,-22.1974847603801),
(14.6146786127165,16.0609356028022,20.1769026602388),(14.6146786127165,
16.0609356028022,-20.1769026602388),(14.6146786127165,18.6879184578436,
17.7714027896253),(14.6146786127165,18.6879184578436,-17.7714027896253),
(14.6146786127165,20.9583891153148,15.0268752270447),(14.6146786127165,
20.9583891153148,-15.0268752270447),(14.6146786127165,22.8290334690761,
11.9956777326634),(14.6146786127165,22.8290334690761,-11.9956777326634),
(14.6146786127165,24.2641649588006,8.73563691153802),(14.6146786127165,
24.2641649588006,-8.73563691153801),(14.6146786127165,25.2364053677887,
5.30894504687709),(14.6146786127165,25.2364053677887,-5.30894504687708),
(14.6146786127165,25.7272071212766,-1.78097364861208),(14.6146786127165,
25.7272071212766,1.7809736486121),(14.7887776639009,-6.27378683485028E-15,
-25.6146786127165),(14.7887776639009,3.13689341742514E-15,25.6146786127165),
(14.7887776639009,3.05063547951731,25.4323688162126),(14.7887776639009,
3.05063547951733,-25.4323688162126),(14.7887776639009,6.52587025830837,
24.7694323270535),(14.7887776639009,6.52587025830839,-24.7694323270535),
(14.7887776639009,9.87661004039365,23.6339656964875),(14.7887776639009,
9.87661004039367,-23.6339656964875),(14.7887776639009,13.0389322650079,
22.0476303901641),(14.7887776639009,13.038932265008,-22.0476303901641),
(14.7887776639009,15.95250884113,20.040689162462),(14.7887776639009,15.95250884113,
-20.040689162462),(14.7887776639009,18.5617570354402,17.651428729427),(14.7887776639009,
18.5617570354402,-17.651428729427),(14.7887776639009,20.8168998323839,14.9254293674002),
(14.7887776639009,20.8168998323839,-14.9254293674002),(14.7887776639009,
22.6749155376944,11.9146953713127),(14.7887776639009,22.6749155376944,-11.9146953713127),
(14.7887776639009,24.100358509648,8.67666296102313),(14.7887776639009,24.100358509648,
-8.67666296102312),(14.7887776639009,25.0660353608384,5.27310456201591),
(14.7887776639009,25.0660353608384,-5.27310456201589),(14.7887776639009,
25.5535237304694,-1.76895036366043),(14.7887776639009,25.5535237304694,
1.76895036366045),(14.9150602564673,-6.2220182081724E-15,-25.4033171544008),
(14.9150602564673,3.1110091040862E-15,25.4033171544008),(14.9150602564673,
3.02546293007841,25.2225117009745),(14.9150602564673,3.02546293007843,-25.2225117009745),
(14.9150602564673,6.47202154619179,24.5650454824066),(14.9150602564673,
6.47202154619181,-24.5650454824066),(14.9150602564673,9.79511244548272,
23.4389482406405),(14.9150602564673,9.79511244548274,-23.4389482406405),
(14.9150602564673,12.9313405290319,21.865702700103),(14.9150602564673,12.9313405290319,
-21.865702700103),(14.9150602564673,15.8208755076249,19.8753218997658),
(14.9150602564673,15.8208755076249,-19.8753218997658),(14.9150602564673,
18.4085932930708,17.5057766299408),(14.9150602564673,18.4085932930708,-17.5057766299408),
(14.9150602564673,20.6451276086246,14.8022710578708),(14.9150602564673,
20.6451276086246,-14.8022710578708),(14.9150602564673,22.4878117567845,
11.8163803611131),(14.9150602564673,22.4878117567845,-11.8163803611131),
(14.9150602564673,23.9014925782207,8.60506682021327),(14.9150602564673,
23.9014925782207,-8.60506682021326),(14.9150602564673,24.8592010738203,
5.22959314081364),(14.9150602564673,24.8592010738203,-5.22959314081362),
(14.9150602564673,25.3426668962909,1.75435373591413),(14.9150602564673,
25.3426668962909,-1.75435373591412),(14.9858710185182,-6.16426118777825E-15,
-25.1675062233047),(14.9858710185182,3.08213059388912E-15,25.1675062233047),
(14.9858710185182,2.99737851786554,24.9883791295218),(14.9858710185182,
2.99737851786556,-24.9883791295218),(14.9858710185182,6.41194382415237,
24.337015961206),(14.9858710185182,6.41194382415239,-24.337015961206),(14.9858710185182,
9.70418752524804,23.2213719227547),(14.9858710185182,9.70418752524806,-23.2213719227547),
(14.9858710185182,12.8113029988173,21.6627303212817),(14.9858710185182,
12.8113029988173,-21.6627303212817),(14.9858710185182,15.6740153412327,
19.6908255942427),(14.9858710185182,15.6740153412327,-19.6908255942427),
(14.9858710185182,18.2377121637197,17.3432760611538),(14.9858710185182,
18.2377121637198,-17.3432760611538),(14.9858710185182,20.4534854410133,
14.6648662733193),(14.9858710185182,20.4534854410133,-14.6648662733193),
(14.9858710185182,22.2790645370238,11.7066926522913),(14.9858710185182,
22.2790645370238,-11.7066926522913),(14.9858710185182,23.6796226080432,
8.52518871584268),(14.9858710185182,23.6796226080432,-8.52518871584267),
(14.9858710185182,24.6284409996185,5.18104848736174),(14.9858710185182,
24.6284409996185,-5.18104848736173),(14.9858710185182,25.1074189622928,
-1.73806862694888),(14.9858710185182,25.1074189622928,1.7380686269489),
(15.,0.,-25.),(15.,3.06161699786838E-15,25.),(15.,2.97742900237174,-24.8220651142453),
(15.,2.97742900237176,24.8220651142453),(15.,6.36926814208455,-24.1750371940609),
(15.,6.36926814208457,24.1750371940609),(15.,9.63959980693491,-23.0668184967529),
(15.,9.63959980693492,23.0668184967529),(15.,12.7260353937593,-21.5185506750986),
(15.,12.7260353937593,21.5185506750986),(15.,15.5696945122028,-19.5597702644147),
(15.,15.5696945122028,19.5597702644147),(15.,18.1163282546762,17.2278452096837),
(15.,18.1163282546762,-17.2278452096837),(15.,20.3173541108273,14.5672619917144),
(15.,20.3173541108274,-14.5672619917144),(15.,22.1307827833114,11.6287769519365),
(15.,22.1307827833114,-11.6287769519365),(15.,23.5220192238556,8.4684480061323),
(15.,23.5220192238556,-8.46844800613228),(15.,24.4645226081368,5.14656521924705),
(15.,24.4645226081368,-5.14656521924702),(15.,24.9403126590306,-1.72650064286013),
(15.,24.9403126590306,1.72650064286016),(15.,25.,-1.53080849893419E-15)));
#434=COORDINATES_LIST('',34,((1.50000000008174,0.,23.1050000000144),(1.50000000008174,
6.41292574599506E-15,-23.1050000000144),(1.50000000008174,4.80379961634733,
22.6001003149687),(1.50000000008174,4.80379961634734,-22.6001003149687),
(1.50000000008174,9.39765013827222,21.1074677988455),(1.50000000008174,
9.39765013827223,-21.1074677988455),(1.50000000008174,13.5807782542261,
18.6923376550448),(1.50000000008174,13.5807782542261,-18.6923376550448),
(1.50000000008174,17.1703611926659,15.4602626599311),(1.50000000008174,
17.1703611926659,-15.4602626599311),(1.50000000008174,20.0095169544519,
-11.5525000000072),(1.50000000008174,20.0095169544519,11.5525000000072),
(1.50000000008174,21.9741608090132,-7.13983765503762),(1.50000000008174,
21.9741608090132,7.13983765503762),(1.50000000008174,22.9784283924983,-2.41513014380064),
(1.50000000008174,22.9784283924983,2.41513014380064),(1.50000000008174,
23.1050000000144,1.41477321471586E-15),(1.69924948808174,0.,21.9750000000144),
(1.69924948808174,6.09928774153845E-15,-21.9750000000144),(1.69924948808174,
4.56885940572326,21.4947935261395),(1.69924948808174,4.56885940572327,-21.4947935261395),
(1.69924948808174,8.93803773159657,20.0751614317093),(1.69924948808174,
8.93803773159658,-20.0751614317093),(1.69924948808174,12.9165809191356,
17.7781484514011),(1.69924948808174,12.9165809191356,-17.7781484514011),
(1.69924948808174,16.3306075398764,14.7041450747456),(1.69924948808174,
16.3306075398764,-14.7041450747456),(1.69924948808174,19.0309082481755,
-10.9875000000072),(1.69924948808174,19.0309082481755,10.9875000000072),
(1.69924948808174,20.8994669455997,-6.79064845139393),(1.69924948808174,
20.8994669455997,6.79064845139392),(1.69924948808174,21.8546186507321,-2.29701298030819),
(1.69924948808174,21.8546186507321,2.29701298030819),(1.69924948808174,
21.9750000000144,1.34558067056404E-15)));
#435=COORDINATES_LIST('',34,((1.699249487,-21.975,-4.03674201168946E-15),
(1.699249487,-21.8546186507178,-2.2970129803067),(1.699249487,-20.899466945586,
-6.79064845138947),(1.699249487,-19.030908248163,-10.9875),(1.699249487,
-16.3306075398657,-14.7041450747359),(1.699249487,-12.9165809191271,-17.7781484513895),
(1.699249487,-8.9380377315907,-20.0751614316962),(1.699249487,-4.56885940572025,
-21.4947935261254),(1.69924948782518,-21.8546186507178,2.29701298030667),
(1.69924948782518,-20.899466945586,6.79064845138946),(1.69924948782518,
-19.030908248163,10.9875),(1.69924948782518,-16.3306075398657,14.7041450747359),
(1.69924948782518,-12.9165809191271,17.7781484513895),(1.69924948782518,
-8.93803773159073,20.0751614316961),(1.69924948782518,-4.56885940572027,
21.4947935261254),(1.69924948782518,-5.38232268225262E-15,21.975),(1.69924948782518,
2.69116134112631E-15,-21.975),(4.381356705,-21.975,-4.03674201168946E-15),
(4.381356705,-21.8546186507178,-2.2970129803067),(4.381356705,-21.8546186507178,
2.29701298030667),(4.381356705,-20.899466945586,6.79064845138946),(4.381356705,
-20.899466945586,-6.79064845138947),(4.381356705,-19.030908248163,10.9875),
(4.381356705,-19.030908248163,-10.9875),(4.381356705,-16.3306075398657,
14.7041450747359),(4.381356705,-16.3306075398657,-14.7041450747359),(4.381356705,
-12.9165809191271,17.7781484513895),(4.381356705,-12.9165809191271,-17.7781484513895),
(4.381356705,-8.93803773159073,20.0751614316961),(4.381356705,-8.9380377315907,
-20.0751614316962),(4.381356705,-4.56885940572027,21.4947935261254),(4.381356705,
-4.56885940572025,-21.4947935261254),(4.381356705,-5.38232268225262E-15,
21.975),(4.381356705,2.69116134112631E-15,-21.975)));
#436=COORDINATES_LIST('',115,((7.5,-5.75314573305678E-15,-23.4890000000912),
(7.5,2.87657286652839E-15,23.4890000000912),(7.5,3.0659297290687,-23.2880483488999),
(7.5,3.06592972906872,23.2880483488999),(7.5,6.37586472690549,-22.6071110491475),
(7.5,6.37586472690551,22.6071110491475),(7.5,9.55383700924458,-21.4582692546504),
(7.5,9.55383700924459,21.4582692546504),(7.5,12.5340713643905,-19.8653008040818),
(7.5,12.5340713643905,19.8653008040818),(7.5,15.2548852072869,-17.8611757260485),
(7.5,15.2548852072869,17.8611757260485),(7.5,17.6599652379423,-15.4873738509457),
(7.5,17.6599652379423,15.4873738509457),(7.5,19.6995329705466,-12.7930262935177),
(7.5,19.6995329705466,12.7930262935177),(7.5,21.3313750100602,-9.83389857505484),
(7.5,21.3313750100602,9.83389857505484),(7.5,22.5217167524065,-6.67123643177635),
(7.5,22.5217167524065,6.67123643177635),(7.5,23.2459214250975,-3.3704981979639),
(7.5,23.2459214250975,3.3704981979639),(7.5,23.4890000000912,-1.4382864332642E-15),
(8.30165943744039,-5.73310985947822E-15,-23.4071973383258),(8.30165943744039,
2.86655492973911E-15,23.4071973383258),(8.30165943744039,3.05525233911498,
23.2069455202458),(8.30165943744039,3.05525233911499,-23.2069455202458),
(8.30165943744039,6.35366017559571,22.5283796489755),(8.30165943744039,
6.35366017559572,-22.5283796489755),(8.30165943744039,9.52056486920343,
21.3835388045715),(8.30165943744039,9.52056486920343,-21.3835388045715),
(8.30165943744039,12.4904202766319,19.7961180171373),(8.30165943744039,
12.4904202766319,-19.7961180171373),(8.30165943744039,15.2017586282551,
-17.7989724940401),(8.30165943744039,15.2017586282551,17.7989724940401),
(8.30165943744039,17.5984627404693,15.4334376082466),(8.30165943744039,
17.5984627404693,-15.4334376082466),(8.30165943744039,19.6309274857443,
-12.7484733707521),(8.30165943744039,19.6309274857443,12.7484733707521),
(8.30165943744039,21.2570864811772,-9.79965109415025),(8.30165943744039,
21.2570864811772,9.79965109415026),(8.30165943744039,22.443282745941,6.64800322059734),
(8.30165943744039,22.443282745941,-6.64800322059733),(8.30165943744039,
23.1649653074358,-3.35876011954132),(8.30165943744039,23.1649653074358,
3.35876011954133),(8.30165943744039,23.4071973383258,3.90312782094782E-15),
(9.23335887812135,-5.65553993401967E-15,-23.0904940835075),(9.23335887812135,
2.82776996700984E-15,23.0904940835075),(9.23335887812135,3.01391426919986,
22.8929517056759),(9.23335887812135,3.01391426919987,-22.8929517056759),
(9.23335887812135,6.26769410163411,22.2235669429738),(9.23335887812135,
6.26769410163411,-22.2235669429738),(9.23335887812135,9.39175005048747,
21.0942159847116),(9.23335887812135,9.39175005048747,-21.0942159847116),
(9.23335887812135,12.3214228226232,19.5282732633133),(9.23335887812135,
12.3214228226232,-19.5282732633133),(9.23335887812135,14.9960763175136,
-17.5581494497513),(9.23335887812135,14.9960763175136,17.5581494497513),
(9.23335887812135,17.3603526263388,-15.2246206425536),(9.23335887812135,
17.3603526263388,15.2246206425536),(9.23335887812135,19.3653177871557,12.5759844156617),
(9.23335887812135,19.3653177871557,-12.5759844156617),(9.23335887812135,
20.9694745821858,-9.66706019261079),(9.23335887812135,20.9694745821858,
9.6670601926108),(9.23335887812135,22.1396214151242,6.55805463651128),(9.23335887812135,
22.1396214151243,-6.55805463651127),(9.23335887812135,22.8515394920946,
-3.3133155391143),(9.23335887812135,22.8515394920946,3.31331553911431),
(9.23335887812135,23.0904940835075,3.03576608295941E-15),(10.0585054160062,
-5.52421165472087E-15,-22.5543056927395),(10.0585054160062,2.76210582736043E-15,
22.5543056927395),(10.0585054160062,2.94392764024031,22.3613504809207),
(10.0585054160062,2.94392764024032,-22.3613504809206),(10.0585054160062,
6.12215088363161,21.7075096185534),(10.0585054160062,6.12215088363161,-21.7075096185534),
(10.0585054160062,9.17366258437027,20.6043835158848),(10.0585054160062,
9.17366258437027,-20.6043835158848),(10.0585054160062,12.0353049140439,
19.0748038235661),(10.0585054160062,12.0353049140439,-19.0748038235661),
(10.0585054160062,14.647849813592,17.1504285987259),(10.0585054160062,14.647849813592,
-17.1504285987258),(10.0585054160062,16.9572248498513,14.8710870709955),
(10.0585054160062,16.9572248498513,-14.8710870709954),(10.0585054160062,
18.9156323649445,-12.2839552879276),(10.0585054160062,18.9156323649445,
12.2839552879276),(10.0585054160062,20.4825387552255,-9.44257970166124),
(10.0585054160062,20.4825387552255,9.44257970166124),(10.0585054160062,
21.6255134044487,-6.40576890588105),(10.0585054160062,21.6255134044487,
6.40576890588106),(10.0585054160062,22.3208999075744,-3.23637646104177),
(10.0585054160062,22.3208999075744,3.23637646104178),(10.0585054160062,
22.5543056927395,3.90312782094782E-15),(10.6186432930153,0.,-21.9750000023737),
(10.6186432930153,2.86831307434546,-21.7870008310428),(10.6186432930153,
2.86831307434548,21.7870008310428),(10.6186432930153,5.96490388642932,-21.1499538233534),
(10.6186432930153,5.96490388642933,21.1499538233534),(10.6186432930153,
8.93803773255617,-20.0751614338646),(10.6186432930153,8.93803773255618,
20.0751614338646),(10.6186432930153,11.7261789885122,-18.5848688839523),
(10.6186432930153,11.7261789885122,18.5848688839523),(10.6186432930153,
14.2716208635974,-16.7099210958656),(10.6186432930153,14.2716208635974,
16.7099210958656),(10.6186432930153,16.5216797711352,-14.4891242883891),
(10.6186432930153,16.5216797711352,14.4891242883891),(10.6186432930153,
18.4297857325914,-11.968442795748),(10.6186432930153,18.4297857325914,11.968442795748),
(10.6186432930153,19.9564462469618,-9.20004773337874),(10.6186432930153,
19.9564462469618,9.20004773337874),(10.6186432930153,21.0700636760045,-6.24123720054286),
(10.6186432930153,21.0700636760045,6.24123720054285),(10.6186432930153,
21.7475892277114,-3.15325036859677),(10.6186432930153,21.7475892277114,
3.15325036859677),(10.6186432930153,21.9750000023737,3.53384952304612E-15),
(10.6186432949283,2.6911613411194E-15,21.9749999999436)));
#437=COORDINATES_LIST('',184,((0.3,-5.65909285885992E-15,-23.105),(0.3,
2.82954642942996E-15,23.105),(0.3,3.01580767124429,-22.9073335220419),(0.3,
3.01580767124431,22.9073335220419),(0.3,6.27163159413254,-22.2375282382615),
(0.3,6.27163159413256,22.2375282382615),(0.3,9.39765013826636,-21.1074677988323),
(0.3,9.39765013826638,21.1074677988323),(0.3,12.3291633902302,-19.5405413204703),
(0.3,12.3291633902302,19.5405413204703),(0.3,15.0054971566689,-17.5691798351887),
(0.3,15.0054971566689,17.5691798351887),(0.3,17.3712587518018,-15.2341850578871),
(0.3,17.3712587518018,15.2341850578871),(0.3,19.377483472379,-12.5838849040222),
(0.3,19.377483472379,12.5838849040222),(0.3,20.9826480312285,-9.67313323580227),
(0.3,20.9826480312285,9.67313323580227),(0.3,22.1535299741296,-6.56217453938413),
(0.3,22.1535299741296,6.56217453938413),(0.3,22.8658952924685,-3.3153970311062),
(0.3,22.8658952924685,3.31539703110619),(0.3,23.105,-1.41477321471498E-15),
(0.30847738888906,-5.68370917408481E-15,-23.2055037339828),(0.30847738888906,
2.8418545870424E-15,23.2055037339828),(0.30847738888906,3.02892604094496,
23.0069774326481),(0.30847738888906,3.02892604094497,-23.0069774326481),
(0.30847738888906,6.29891237289796,22.3342585833165),(0.30847738888906,
6.29891237289796,-22.3342585833165),(0.30847738888906,9.43852868964312,
21.1992825284884),(0.30847738888906,9.43852868964313,-21.1992825284884),
(0.30847738888906,12.3827936415872,19.6255401244847),(0.30847738888906,
12.3827936415872,-19.6255401244847),(0.30847738888906,15.0707691105539,
17.6456034740744),(0.30847738888906,15.0707691105539,-17.6456034740743),
(0.30847738888906,17.4468214598104,15.3004517742906),(0.30847738888906,
17.4468214598104,-15.3004517742906),(0.30847738888906,19.461772996039,12.638623160714),
(0.30847738888906,19.4617729960391,-12.638623160714),(0.30847738888906,
21.073919811189,9.71521010269307),(0.30847738888906,21.073919811189,-9.71521010269306),
(0.30847738888906,22.2498949377003,-6.5907191420353),(0.30847738888906,
22.2498949377003,6.59071914203531),(0.30847738888906,22.9653589521852,-3.3298185754153),
(0.30847738888906,22.9653589521852,3.3298185754153),(0.30847738888906,23.2055037339828,
3.46944695195361E-15),(0.350963846119611,-5.7183633863213E-15,-23.3469902926405),
(0.350963846119611,2.85918169316065E-15,23.3469902926405),(0.350963846119611,
3.04739374269686,23.1472535541827),(0.350963846119611,3.04739374269687,
-23.1472535541826),(0.350963846119611,6.33731754802985,22.4704330625843),
(0.350963846119611,6.33731754802985,-22.4704330625843),(0.350963846119611,
9.49607645755188,21.3285369314676),(0.350963846119611,9.49607645755189,
-21.3285369314676),(0.350963846119611,12.4582929230938,19.7451992435387),
(0.350963846119611,12.4582929230938,-19.7451992435386),(0.350963846119611,
15.1626572799391,-17.7531906973298),(0.350963846119611,15.1626572799391,
17.7531906973298),(0.350963846119611,17.5531966868324,15.3937403446344),
(0.350963846119611,17.5531966868324,-15.3937403446344),(0.350963846119611,
19.5804336085451,-12.7156822634889),(0.350963846119611,19.5804336085451,
12.7156822634889),(0.350963846119611,21.2024098636219,-9.77444482820574),
(0.350963846119611,21.2024098636219,9.77444482820575),(0.350963846119611,
22.3855550423598,-6.63090349576342),(0.350963846119611,22.3855550423598,
6.63090349576343),(0.350963846119611,23.105381321177,-3.35012085269359),
(0.350963846119611,23.105381321177,3.3501208526936),(0.350963846119611,
23.3469902926405,3.46944695195361E-15),(0.426733401659467,-5.74942456232803E-15,
-23.4738071676299),(0.426733401659467,2.87471228116401E-15,23.4738071676299),
(0.426733401659467,3.06394666649848,23.2729854932264),(0.426733401659467,
3.06394666649848,-23.2729854932264),(0.426733401659467,6.37174077762746,
22.5924886279885),(0.426733401659467,6.37174077762746,-22.5924886279885),
(0.426733401659467,9.54765752757043,21.4443899115666),(0.426733401659467,
9.54765752757044,-21.4443899115666),(0.426733401659467,12.5259642484512,
19.8524518029787),(0.426733401659467,12.5259642484512,-19.8524518029787),
(0.426733401659467,15.2450182518963,17.8496230056105),(0.426733401659467,
15.2450182518963,-17.8496230056105),(0.426733401659467,17.6485426617095,
15.4773565204428),(0.426733401659467,17.6485426617095,-15.4773565204428),
(0.426733401659467,19.6867911891175,-12.7847516839068),(0.426733401659467,
19.6867911891175,12.7847516839068),(0.426733401659467,21.3175777429693,
-9.82753794780412),(0.426733401659467,21.3175777429693,9.82753794780413),
(0.426733401659467,22.507149564814,-6.66692143422781),(0.426733401659467,
22.507149564814,6.66692143422782),(0.426733401659467,23.2308858173824,-3.36831813859855),
(0.426733401659467,23.2308858173824,3.36831813859855),(0.426733401659467,
23.4738071676299,3.46944695195361E-15),(0.531192832370116,-5.77500974382014E-15,
-23.5782665983405),(0.531192832370116,2.88750487191007E-15,23.5782665983405),
(0.531192832370116,3.07758135823061,23.3765512590265),(0.531192832370116,
3.07758135823062,-23.3765512590265),(0.531192832370116,6.4000952924922,
22.693026154073),(0.531192832370116,6.40009529249221,-22.693026154073),
(0.531192832370116,9.59014500575529,21.5398183500003),(0.531192832370116,
9.5901450057553,-21.5398183500002),(0.531192832370116,12.5817053170027,
19.9407960497701),(0.531192832370116,12.5817053170027,-19.9407960497701),
(0.531192832370116,15.312859225301,17.9290545798861),(0.531192832370116,
15.312859225301,-17.9290545798861),(0.531192832370116,17.7270794199843,
15.5462314089296),(0.531192832370116,17.7270794199844,-15.5462314089296),
(0.531192832370116,19.7743982391989,12.8416443674472),(0.531192832370116,
19.7743982391989,-12.8416443674472),(0.531192832370116,21.4124418619109,
-9.87127090564875),(0.531192832370116,21.4124418619109,9.87127090564876),
(0.531192832370116,22.6073073284724,-6.69658951544867),(0.531192832370116,
22.6073073284724,6.69658951544868),(0.531192832370116,23.3342642378516,
3.38330729620293),(0.531192832370116,23.3342642378516,-3.38330729620293),
(0.531192832370116,23.5782665983405,3.90312782094782E-15),(0.658009707359519,
-5.79356793255308E-15,-23.6540361538804),(0.658009707359519,2.89678396627654E-15,
23.6540361538804),(0.658009707359519,3.08747126980144,23.4516725955151),
(0.658009707359519,3.08747126980144,-23.451672595515),(0.658009707359519,
6.42066221473402,22.7659509595661),(0.658009707359519,6.42066221473402,
-22.7659509595661),(0.658009707359519,9.62096326042292,21.6090372832913),
(0.658009707359519,9.62096326042292,-21.6090372832913),(0.658009707359519,
12.6221370517033,20.0048764709283),(0.658009707359519,12.6221370517033,
-20.0048764709283),(0.658009707359519,15.3620676152692,17.9866702019295),
(0.658009707359519,15.3620676152692,-17.9866702019295),(0.658009707359519,
17.7840459880342,-15.5961897482868),(0.658009707359519,17.7840459880342,
15.5961897482868),(0.658009707359519,19.8379439353765,-12.88291142506),
(0.658009707359519,19.8379439353765,12.88291142506),(0.658009707359519,
21.4812514665582,-9.9029925678844),(0.658009707359519,21.4812514665582,
9.90299256788441),(0.658009707359519,22.6799566736262,-6.71810923188338),
(0.658009707359519,22.6799566736262,6.71810923188339),(0.658009707359519,
23.4092496835703,-3.39417966839444),(0.658009707359519,23.4092496835703,
3.39417966839445),(0.658009707359519,23.6540361538804,3.46944695195361E-15),
(0.799496266017159,-5.80397411332398E-15,-23.6965226111109),(0.799496266017159,
2.90198705666199E-15,23.6965226111109),(0.799496266017159,3.09301686528466,
23.4937955752143),(0.799496266017159,3.09301686528467,-23.4937955752142),
(0.799496266017159,6.43219475779785,22.806842272806),(0.799496266017159,
6.43219475779786,-22.806842272806),(0.799496266017159,9.63824405941305,
21.6478505933056),(0.799496266017159,9.63824405941306,-21.6478505933056),
(0.799496266017159,12.6448084420113,20.0408084498538),(0.799496266017159,
12.6448084420113,-20.0408084498538),(0.799496266017159,15.3896603619981,
18.0189771574648),(0.799496266017159,15.3896603619981,-18.0189771574648),
(0.799496266017159,17.8159889978589,15.6242030160602),(0.799496266017159,
17.8159889978589,-15.6242030160602),(0.799496266017159,19.873576076592,
-12.9060512081272),(0.799496266017159,19.873576076592,12.9060512081272),
(0.799496266017159,21.5198352526721,-9.92077993691743),(0.799496266017159,
21.5198352526721,9.92077993691744),(0.799496266017159,22.7206935272835,
-6.73017603767897),(0.799496266017159,22.7206935272835,6.73017603767898),
(0.799496266017159,23.4512964648896,-3.40027616154157),(0.799496266017159,
23.4512964648896,3.40027616154158),(0.799496266017159,23.6965226111109,
3.90312782094782E-15),(0.9,-5.8060504747576E-15,-23.705),(0.9,2.9030252373788E-15,
23.705),(0.9,3.09412338657632,-23.5022004388662),(0.9,3.09412338657634,
23.5022004388662),(0.9,6.43449586405158,-22.8150013801337),(0.9,6.4344958640516,
22.8150013801337),(0.9,9.64169212411184,-21.6555950734178),(0.9,9.64169212411185,
21.6555950734178),(0.9,12.6493320997796,-20.0479780134927),(0.9,12.6493320997796,
20.0479780134927),(0.9,15.395165985667,-18.0254234145487),(0.9,15.395165985667,
18.0254234145487),(0.9,17.8223626362892,-15.6297925469471),(0.9,17.8223626362892,
15.6297925469471),(0.9,19.8806858131463,-12.9106683250312),(0.9,19.8806858131463,
12.9106683250312),(0.9,21.5275339355235,-9.92432907832472),(0.9,21.5275339355235,
9.92432907832472),(0.9,22.7288218150505,-6.73258374620648),(0.9,22.7288218150505,
6.73258374620648),(0.9,23.4596861245603,-3.4014926043009),(0.9,23.4596861245603,
3.4014926043009),(0.9,23.705,-1.4515126186894E-15)));
#438=COORDINATES_LIST('',132,((0.,-25.,0.),(0.,-24.9822427122253,-0.957126881705754),
(0.,-24.8858778834909,2.41295873692138),(0.,-24.7802566624643,-3.33574644165573),
(0.,-24.5441611701775,4.7770993657011),(0.,-24.3522582579451,-5.67342581500779),
(0.,-23.9781543101255,7.08477192795787),(0.,-23.6942794414871,-7.97843454301734),
(0.,-23.1869582682309,9.34701866138819),(0.,-23.105,0.),(0.,-23.0394775476422,
1.76100972153248),(0.,-22.9908948391328,-2.31866233797343),(0.,-22.8130345509229,
-10.2265862197091),(0.,-22.7550628120452,4.03028068179715),(0.,-22.6492393810148,
-4.58859604250444),(0.,-22.2429384477516,6.2636045096701),(0.,-22.1794524151161,
11.5404170121569),(0.,-22.083337626026,-6.80252621184101),(0.,-21.7351770328537,
-12.3595554394316),(0.,-21.5019005259978,8.45664405951201),(0.,-21.2920003476374,
-8.97174855152929),(0.,-20.9773815816291,13.6081546840983),(0.,-20.5503502418053,
10.5646798809517),(0.,-20.4647351088108,-14.3674144071806),(0.,-20.2887271036731,
-11.0603919422994),(0.,-19.5899553175373,15.5368966510225),(0.,-19.4078445975342,
12.5449298824738),(0.,-19.0934603588333,-13.0184784617312),(0.,-18.9944576461465,
-16.2573750250565),(0.,-18.0681389995525,14.4054039700606),(0.,-18.0126139318705,
17.3364954041381),(0.,-17.7122818241091,-14.8395879803323),(0.,-17.3364335695908,
-18.012661392558),(0.,-16.5332497475516,16.1398597731482),(0.,-16.257337849142,
18.9944980646272),(0.,-16.1398615936609,-16.5332442924665),(0.,-15.5368181404438,
-19.5900116231834),(0.,-14.8396308764105,17.7122544022224),(0.,-14.4054187660529,
-18.0681278661736),(0.,-14.367377949263,20.4647634274149),(0.,-13.6080855490968,
-20.9774286275119),(0.,-13.0185305737341,19.0934257607232),(0.,-12.5449677891375,
-19.4078163825146),(0.,-12.3595059395351,21.7352044910093),(0.,-11.5403810423373,
-22.1794766402029),(0.,-11.0604138995871,20.288708469827),(0.,-10.564717681166,
-20.5503222401806),(0.,-10.2265093664014,22.813070543154),(0.,-9.34699711798381,
-23.1869652435043),(0.,-8.9717473672932,21.2919964878984),(0.,-8.45666132097608,
-21.5018857429826),(0.,-7.97836468183346,23.694309298187),(0.,-7.08470723117824,
-23.9781667958302),(0.,-6.80256357400873,22.0833270884928),(0.,-6.26361067758783,
-22.2429311507081),(0.,-5.6733832570164,24.3522702287409),(0.,-4.77702482561039,
-24.5441715853787),(0.,-4.58864851019142,22.6492267261699),(0.,-4.03029482475497,
-22.7550554428634),(0.,-3.3357081852915,24.7802574097445),(0.,-2.41290837715673,
-24.8858818201279),(0.,-2.31870003952193,22.9908840572241),(0.,-1.76103246676186,
-23.0394699287122),(0.,-0.957057285188318,24.9822393789485),(0.,-1.24830701331291E-11,
-24.99999624),(0.,-1.07830411266718E-11,-23.10499214),(0.,1.0772632785816E-11,
23.10499214),(0.,1.24830701331291E-11,24.99999624),(0.,0.957057285189217,
-24.9822393789485),(0.,1.76103246676243,23.0394699286997),(0.,2.3187000396363,
-22.990884057225),(0.,2.4129083771474,24.8858818201278),(0.,3.3357081852932,
-24.7802574097451),(0.,4.03029482475336,22.7550554428132),(0.,4.58864851034157,
-22.6492267261751),(0.,4.77702482559904,24.5441715853783),(0.,5.67338325701419,
-24.352270228743),(0.,6.26361067774157,22.242931150581),(0.,6.80256357409198,
-22.083327088516),(0.,7.08470723117441,23.9781667958281),(0.,7.97836468182642,
-23.6943092981907),(0.,8.45666132101948,21.5018857428894),(0.,8.97174736721658,
-21.2919964879603),(0.,9.34699711799686,23.1869652434985),(0.,10.226509366397,
-22.8130705431552),(0.,10.5647176811196,20.5503222401739),(0.,11.0604138994174,
-20.2887084699194),(0.,11.5403810423621,22.1794766401941),(0.,12.359505939537,
-21.7352044910064),(0.,12.5449677890295,19.40781638258),(0.,13.018530573638,
-19.0934257607774),(0.,13.6080855491121,20.9774286275082),(0.,14.3673779492674,
-20.4647634274104),(0.,14.4054187659063,18.0681278662941),(0.,14.8396308763634,
-17.7122544022527),(0.,15.5368181404479,19.5900116231855),(0.,16.1398615936169,
16.5332442925055),(0.,16.2573378491451,-18.9944980646241),(0.,16.5332497475316,
-16.13985977317),(0.,17.3364335695843,18.0126613925655),(0.,17.7122818240998,
14.8395879803301),(0.,18.0126139318706,-17.3364954041381),(0.,18.0681389995537,
-14.4054039700652),(0.,18.9944576461428,16.2573750250582),(0.,19.0934603588356,
13.0184784617152),(0.,19.4078445975205,-12.5449298824968),(0.,19.5899553175373,
-15.5368966510225),(0.,20.2887271036757,11.0603919422889),(0.,20.4647351088177,
14.367414407171),(0.,20.5503502417939,-10.5646798809699),(0.,20.9773815816291,
-13.6081546840982),(0.,21.2920003476378,8.97174855152836),(0.,21.501900526,
-8.45664405950915),(0.,21.7351770328614,12.3595554394229),(0.,22.0833376260259,
6.80252621184102),(0.,22.1794524151161,-11.5404170121569),(0.,22.2429384477549,
-6.26360450967109),(0.,22.6492393810148,4.58859604250447),(0.,22.7550628120452,
-4.03028068181235),(0.,22.8130345509203,10.2265862197183),(0.,22.9908948391328,
2.31866233797343),(0.,23.0394775476416,-1.76100972155082),(0.,23.105,0.),
(0.,23.1869582682309,-9.34701866138818),(0.,23.6942794414783,7.97843454303381),
(0.,23.9781543101255,-7.08477192795787),(0.,24.3522582579403,5.67342581501243),
(0.,24.5441611701775,-4.77709936570108),(0.,24.7802566624629,3.33574644165093),
(0.,24.8858778834909,-2.41295873692137),(0.,24.9822427122252,0.957126881702837),
(0.,25.,0.)));
#439=COORDINATES_LIST('',34,((10.61864329,4.56885940572026,21.4947935261254),
(10.61864329,8.93803773159071,20.0751614316962),(10.61864329,12.9165809191271,
17.7781484513895),(10.61864329,16.3306075398657,14.7041450747359),(10.61864329,
19.030908248163,10.9875),(10.61864329,20.899466945586,6.79064845138947),
(10.61864329,21.8546186507178,2.29701298030669),(10.61864329,21.975,1.34558067056315E-15),
(10.6186433,0.,21.975),(10.6186433,2.69116134112631E-15,-21.975),(10.6186433,
4.56885940572027,-21.4947935261254),(10.6186433,8.93803773159071,-20.0751614316961),
(10.6186433,12.9165809191271,-17.7781484513895),(10.6186433,16.3306075398657,
-14.7041450747359),(10.6186433,19.030908248163,-10.9875),(10.6186433,20.899466945586,
-6.79064845138946),(10.6186433,21.8546186507178,-2.29701298030668),(13.3007505091697,
4.56885940572026,21.4947935261254),(13.3007505091697,8.93803773159071,20.0751614316962),
(13.3007505091697,12.9165809191271,17.7781484513895),(13.3007505091697,
16.3306075398657,14.7041450747359),(13.3007505091697,19.030908248163,10.9875),
(13.3007505091697,20.899466945586,6.79064845138947),(13.3007505091697,21.8546186507178,
2.29701298030669),(13.3007505091697,21.975,1.34558067056315E-15),(13.30075051,
0.,21.975),(13.30075051,2.69116134112631E-15,-21.975),(13.30075051,4.56885940572027,
-21.4947935261254),(13.30075051,8.93803773159071,-20.0751614316961),(13.30075051,
12.9165809191271,-17.7781484513895),(13.30075051,16.3306075398657,-14.7041450747359),
(13.30075051,19.030908248163,-10.9875),(13.30075051,20.899466945586,-6.79064845138946),
(13.30075051,21.8546186507178,-2.29701298030668)));
#440=COORDINATES_LIST('',194,((2.16840434497101E-16,-6.12323399573677E-15,
-25.),(2.16840434497101E-16,3.06161699786838E-15,25.),(2.16840434497101E-16,
2.97742900237174,-24.8220651142453),(2.16840434497101E-16,2.97742900237176,
24.8220651142453),(2.16840434497101E-16,6.36926814208455,-24.1750371940609),
(2.16840434497101E-16,6.36926814208457,24.1750371940609),(2.16840434497101E-16,
9.63959980693491,-23.0668184967529),(2.16840434497101E-16,9.63959980693492,
23.0668184967529),(2.16840434497101E-16,12.7260353937593,-21.5185506750986),
(2.16840434497101E-16,12.7260353937593,21.5185506750986),(2.16840434497101E-16,
15.5696945122028,-19.5597702644147),(2.16840434497101E-16,15.5696945122028,
19.5597702644147),(2.16840434497101E-16,18.1163282546762,17.2278452096837),
(2.16840434497101E-16,18.1163282546762,-17.2278452096837),(2.16840434497101E-16,
20.3173541108273,14.5672619917144),(2.16840434497101E-16,20.3173541108274,
-14.5672619917144),(2.16840434497101E-16,22.1307827833114,11.6287769519365),
(2.16840434497101E-16,22.1307827833114,-11.6287769519365),(2.16840434497101E-16,
23.5220192238556,8.4684480061323),(2.16840434497101E-16,23.5220192238556,
-8.46844800613228),(2.16840434497101E-16,24.4645226081368,5.14656521924705),
(2.16840434497101E-16,24.4645226081368,-5.14656521924702),(2.16840434497101E-16,
24.9403126590306,-1.72650064286013),(2.16840434497101E-16,24.9403126590306,
1.72650064286016),(2.16840434497101E-16,25.,-1.53080849893419E-15),(0.0141289814817639,
-6.16426118777825E-15,-25.1675062233047),(0.0141289814817639,3.08213059388912E-15,
25.1675062233047),(0.0141289814817639,2.99737851786554,24.9883791295218),
(0.0141289814817639,2.99737851786556,-24.9883791295218),(0.0141289814817639,
6.41194382415237,24.337015961206),(0.0141289814817639,6.41194382415239,
-24.337015961206),(0.0141289814817639,9.70418752524804,23.2213719227547),
(0.0141289814817639,9.70418752524806,-23.2213719227547),(0.0141289814817639,
12.8113029988173,21.6627303212817),(0.0141289814817639,12.8113029988173,
-21.6627303212817),(0.0141289814817639,15.6740153412327,19.6908255942427),
(0.0141289814817639,15.6740153412327,-19.6908255942427),(0.0141289814817639,
18.2377121637197,17.3432760611538),(0.0141289814817639,18.2377121637198,
-17.3432760611538),(0.0141289814817639,20.4534854410133,14.6648662733193),
(0.0141289814817639,20.4534854410133,-14.6648662733193),(0.0141289814817639,
22.2790645370238,11.7066926522913),(0.0141289814817639,22.2790645370238,
-11.7066926522913),(0.0141289814817639,23.6796226080432,8.52518871584268),
(0.0141289814817639,23.6796226080432,-8.52518871584267),(0.0141289814817639,
24.6284409996185,5.18104848736174),(0.0141289814817639,24.6284409996185,
-5.18104848736173),(0.0141289814817639,25.1074189622928,-1.73806862694888),
(0.0141289814817639,25.1074189622928,1.7380686269489),(0.0849397435326789,
-6.2220182081724E-15,-25.4033171544008),(0.0849397435326789,3.1110091040862E-15,
25.4033171544008),(0.0849397435326789,3.02546293007841,25.2225117009745),
(0.0849397435326789,3.02546293007843,-25.2225117009745),(0.0849397435326789,
6.47202154619179,24.5650454824066),(0.0849397435326789,6.47202154619181,
-24.5650454824066),(0.0849397435326789,9.79511244548272,23.4389482406405),
(0.0849397435326789,9.79511244548274,-23.4389482406405),(0.0849397435326789,
12.9313405290319,21.865702700103),(0.0849397435326789,12.9313405290319,
-21.865702700103),(0.0849397435326789,15.8208755076249,19.8753218997658),
(0.0849397435326789,15.8208755076249,-19.8753218997658),(0.0849397435326789,
18.4085932930708,17.5057766299408),(0.0849397435326789,18.4085932930708,
-17.5057766299408),(0.0849397435326789,20.6451276086246,14.8022710578708),
(0.0849397435326789,20.6451276086246,-14.8022710578708),(0.0849397435326789,
22.4878117567845,11.8163803611131),(0.0849397435326789,22.4878117567845,
-11.8163803611131),(0.0849397435326789,23.9014925782207,8.60506682021327),
(0.0849397435326789,23.9014925782207,-8.60506682021325),(0.0849397435326789,
24.8592010738203,5.22959314081364),(0.0849397435326789,24.8592010738203,
-5.22959314081362),(0.0849397435326789,25.3426668962909,1.75435373591413),
(0.0849397435326789,25.3426668962909,-1.75435373591412),(0.211222336099108,
-6.27378683485028E-15,-25.6146786127165),(0.211222336099108,3.13689341742514E-15,
25.6146786127165),(0.211222336099108,3.05063547951731,25.4323688162126),
(0.211222336099108,3.05063547951733,-25.4323688162126),(0.211222336099108,
6.52587025830837,24.7694323270535),(0.211222336099108,6.52587025830839,
-24.7694323270535),(0.211222336099108,9.87661004039365,23.6339656964875),
(0.211222336099108,9.87661004039367,-23.6339656964875),(0.211222336099108,
13.0389322650079,22.0476303901641),(0.211222336099108,13.038932265008,-22.0476303901641),
(0.211222336099108,15.95250884113,20.040689162462),(0.211222336099108,15.95250884113,
-20.040689162462),(0.211222336099108,18.5617570354402,17.651428729427),
(0.211222336099108,18.5617570354402,-17.651428729427),(0.211222336099108,
20.8168998323838,14.9254293674002),(0.211222336099108,20.8168998323839,
-14.9254293674002),(0.211222336099108,22.6749155376944,11.9146953713127),
(0.211222336099108,22.6749155376944,-11.9146953713127),(0.211222336099108,
24.100358509648,8.67666296102313),(0.211222336099108,24.100358509648,-8.67666296102312),
(0.211222336099108,25.0660353608384,5.2731045620159),(0.211222336099108,
25.0660353608384,-5.27310456201589),(0.211222336099108,25.5535237304694,
-1.76895036366043),(0.211222336099108,25.5535237304694,1.76895036366045),
(0.385321387283522,-6.3164288040038E-15,-25.7887776639009),(0.385321387283522,
3.1582144020019E-15,25.7887776639009),(0.385321387283522,3.07137018208859,
25.6052287356057),(0.385321387283522,3.07137018208861,-25.6052287356058),
(0.385321387283522,6.57022559991941,24.9377863685668),(0.385321387283522,
6.57022559991943,-24.9377863685668),(0.385321387283522,9.94373984760104,
23.7946021450527),(0.385321387283522,9.94373984760106,-23.7946021450527),
(0.385321387283522,13.1275558925036,22.1974847603801),(0.385321387283522,
13.1275558925037,-22.1974847603801),(0.385321387283522,16.0609356028022,
20.1769026602388),(0.385321387283522,16.0609356028022,-20.1769026602388),
(0.385321387283522,18.6879184578436,17.7714027896253),(0.385321387283522,
18.6879184578436,-17.7714027896253),(0.385321387283522,20.9583891153148,
15.0268752270447),(0.385321387283522,20.9583891153148,-15.0268752270447),
(0.385321387283522,22.8290334690761,11.9956777326634),(0.385321387283522,
22.8290334690761,-11.9956777326634),(0.385321387283522,24.2641649588006,
8.73563691153802),(0.385321387283522,24.2641649588006,-8.735636911538),
(0.385321387283522,25.2364053677887,5.30894504687709),(0.385321387283522,
25.2364053677887,-5.30894504687708),(0.385321387283522,25.7272071212765,
1.7809736486121),(0.385321387283522,25.7272071212765,-1.78097364861208),
(0.596682845599194,-6.3473591185587E-15,-25.9150602564673),(0.596682845599194,
3.17367955927935E-15,25.9150602564673),(0.596682845599194,3.08641008023267,
25.7306125250249),(0.596682845599194,3.08641008023269,-25.7306125250249),
(0.596682845599194,6.60239870766874,25.059901823457),(0.596682845599194,
6.60239870766876,-25.0599018234571),(0.596682845599194,9.99243239379794,
23.9111196507338),(0.596682845599194,9.99243239379796,-23.9111196507338),
(0.596682845599194,13.1918389622083,22.306181495081),(0.596682845599194,
13.1918389622083,-22.306181495081),(0.596682845599194,16.139582858341,20.2757050001986),
(0.596682845599194,16.139582858341,-20.2757050001986),(0.596682845599194,
18.779429533835,17.8584258679218),(0.596682845599194,18.779429533835,-17.8584258679218),
(0.596682845599194,21.061018241363,15.100458891481),(0.596682845599194,
21.061018241363,-15.100458891481),(0.596682845599194,22.9408227740921,12.0544182167381),
(0.596682845599194,22.9408227740922,-12.0544182167381),(0.596682845599194,
24.3829818216001,8.77841361430715),(0.596682845599194,24.3829818216001,
-8.77841361430714),(0.596682845599194,25.3599831014229,5.33494191082504),
(0.596682845599194,25.3599831014229,-5.33494191082502),(0.596682845599194,
25.8531882149565,1.78969472770202),(0.596682845599194,25.8531882149565,
-1.789694727702),(0.832493776695263,-6.36470275317687E-15,-25.9858710185182),
(0.832493776695263,3.18235137658843E-15,25.9858710185182),(0.832493776695263,
3.09484344089708,25.8009192988816),(0.832493776695263,3.0948434408971,-25.8009192988816),
(0.832493776695263,6.62043921690264,25.1283759357099),(0.832493776695263,
6.62043921690266,-25.1283759357099),(0.832493776695263,10.0197358901257,
23.9764548105676),(0.832493776695263,10.0197358901258,-23.9764548105676),
(0.832493776695263,13.227884572773,22.3671312939424),(0.832493776695263,
13.2278845727731,-22.3671312939424),(0.832493776695263,16.1836829356733,
20.3311066897172),(0.832493776695263,16.1836829356733,-20.3311066897171),
(0.832493776695263,18.8307427742061,17.9072225418335),(0.832493776695263,
18.8307427742061,-17.9072225418335),(0.832493776695263,21.1185657344608,
15.1417196483861),(0.832493776695263,21.1185657344608,-15.1417196483861),
(0.832493776695263,23.0035066778389,12.0873559190455),(0.832493776695263,
23.0035066778389,-12.0873559190455),(0.832493776695263,24.4496063058488,
8.80239990457526),(0.832493776695263,24.4496063058488,-8.80239990457525),
(0.832493776695263,25.4292771609866,5.34951919902982),(0.832493776695263,
25.4292771609867,-5.34951919902981),(0.832493776695263,25.9238299167635,
-1.79458492075009),(0.832493776695263,25.9238299167635,1.79458492075011),
(1.,0.,-26.),(1.,3.18408167778312E-15,26.),(1.,3.09652616246661,-25.8149477188152),
(1.,3.09652616246663,25.8149477188152),(1.,6.62403886776794,-25.1420386818233),
(1.,6.62403886776795,25.1420386818233),(1.,10.0251837992123,-23.989491236623),
(1.,10.0251837992123,23.989491236623),(1.,13.2350768095097,-22.3792927021025),
(1.,13.2350768095097,22.3792927021025),(1.,16.1924822926909,-20.3421610749913),
(1.,16.1924822926909,20.3421610749913),(1.,18.8409813848632,17.9169590180711),
(1.,18.8409813848632,-17.9169590180711),(1.,21.1300482752604,15.149952471383),
(1.,21.1300482752605,-15.149952471383),(1.,23.0160140946438,12.0939280300139),
(1.,23.0160140946438,-12.0939280300139),(1.,24.4628999928099,8.80718592637759),
(1.,24.4628999928099,-8.80718592637757),(1.,25.4431035124623,5.35242782801693),
(1.,25.4431035124623,-5.35242782801691),(1.,25.9379251653919,-1.79556066857454),
(1.,25.9379251653919,1.79556066857456),(1.,26.,-1.59204083889156E-15)));
#441=COORDINATES_LIST('',194,((2.16840434497101E-16,-25.,4.59242549680257E-15),
(2.16840434497101E-16,-24.9403126590306,-1.72650064286014),(2.16840434497101E-16,
-24.9403126590306,1.72650064286015),(2.16840434497101E-16,-24.4645226081368,
-5.14656521924704),(2.16840434497101E-16,-24.4645226081368,5.14656521924705),
(2.16840434497101E-16,-23.5220192238556,-8.4684480061323),(2.16840434497101E-16,
-23.5220192238556,8.4684480061323),(2.16840434497101E-16,-22.1307827833114,
-11.6287769519365),(2.16840434497101E-16,-22.1307827833114,11.6287769519365),
(2.16840434497101E-16,-20.3173541108273,-14.5672619917144),(2.16840434497101E-16,
-20.3173541108273,14.5672619917144),(2.16840434497101E-16,-18.1163282546761,
17.2278452096837),(2.16840434497101E-16,-18.1163282546761,-17.2278452096837),
(2.16840434497101E-16,-15.5696945122028,19.5597702644147),(2.16840434497101E-16,
-15.5696945122028,-19.5597702644147),(2.16840434497101E-16,-12.7260353937593,
21.5185506750986),(2.16840434497101E-16,-12.7260353937592,-21.5185506750986),
(2.16840434497101E-16,-9.6395998069349,23.0668184967529),(2.16840434497101E-16,
-9.63959980693486,-23.0668184967529),(2.16840434497101E-16,-6.36926814208454,
24.1750371940609),(2.16840434497101E-16,-6.36926814208449,-24.1750371940609),
(2.16840434497101E-16,-2.97742900237173,24.8220651142453),(2.16840434497101E-16,
-2.97742900237168,-24.8220651142454),(2.16840434497101E-16,-6.12323399573677E-15,
-25.),(2.16840434497101E-16,3.06161699786838E-15,25.),(0.0141289814817639,
-25.1074189622928,-1.7380686269489),(0.0141289814817639,-25.1074189622928,
1.73806862694889),(0.0141289814817639,-24.6284409996185,5.18104848736173),
(0.0141289814817639,-24.6284409996185,-5.18104848736174),(0.0141289814817639,
-23.6796226080432,8.52518871584267),(0.0141289814817639,-23.6796226080432,
-8.52518871584268),(0.0141289814817639,-22.2790645370238,11.7066926522913),
(0.0141289814817639,-22.2790645370238,-11.7066926522913),(0.0141289814817639,
-20.4534854410133,14.6648662733193),(0.0141289814817639,-20.4534854410133,
-14.6648662733193),(0.0141289814817639,-18.2377121637197,17.3432760611538),
(0.0141289814817639,-18.2377121637197,-17.3432760611538),(0.0141289814817639,
-15.6740153412327,19.6908255942427),(0.0141289814817639,-15.6740153412327,
-19.6908255942427),(0.0141289814817639,-12.8113029988173,21.6627303212817),
(0.0141289814817639,-12.8113029988173,-21.6627303212817),(0.0141289814817639,
-9.70418752524806,23.2213719227547),(0.0141289814817639,-9.70418752524805,
-23.2213719227547),(0.0141289814817639,-6.41194382415239,24.337015961206),
(0.0141289814817639,-6.41194382415237,-24.337015961206),(0.0141289814817639,
-2.99737851786555,24.9883791295218),(0.0141289814817639,-2.99737851786554,
-24.9883791295218),(0.0141289814817639,0.,-25.1675062233047),(0.0141289814817639,
3.08213059388912E-15,25.1675062233047),(0.0849397435326789,-25.3426668962909,
1.75435373591412),(0.0849397435326789,-25.3426668962909,-1.75435373591413),
(0.0849397435326789,-24.8592010738203,5.22959314081362),(0.0849397435326789,
-24.8592010738203,-5.22959314081363),(0.0849397435326789,-23.9014925782207,
8.60506682021326),(0.0849397435326789,-23.9014925782207,-8.60506682021326),
(0.0849397435326789,-22.4878117567845,11.8163803611131),(0.0849397435326789,
-22.4878117567845,-11.8163803611131),(0.0849397435326789,-20.6451276086246,
14.8022710578708),(0.0849397435326789,-20.6451276086246,-14.8022710578708),
(0.0849397435326789,-18.4085932930708,17.5057766299408),(0.0849397435326789,
-18.4085932930708,-17.5057766299408),(0.0849397435326789,-15.8208755076249,
19.8753218997658),(0.0849397435326789,-15.8208755076249,-19.8753218997658),
(0.0849397435326789,-12.9313405290319,21.865702700103),(0.0849397435326789,
-12.9313405290319,-21.865702700103),(0.0849397435326789,-9.79511244548273,
23.4389482406405),(0.0849397435326789,-9.79511244548272,-23.4389482406405),
(0.0849397435326789,-6.4720215461918,24.5650454824066),(0.0849397435326789,
-6.47202154619179,-24.5650454824066),(0.0849397435326789,-3.02546293007842,
25.2225117009745),(0.0849397435326789,-3.02546293007841,-25.2225117009745),
(0.0849397435326789,0.,-25.4033171544008),(0.0849397435326789,3.1110091040862E-15,
25.4033171544008),(0.211222336099108,-25.5535237304694,1.76895036366043),
(0.211222336099108,-25.5535237304693,-1.76895036366045),(0.211222336099108,
-25.0660353608384,5.27310456201589),(0.211222336099108,-25.0660353608384,
-5.2731045620159),(0.211222336099108,-24.100358509648,8.67666296102312),
(0.211222336099108,-24.100358509648,-8.67666296102313),(0.211222336099108,
-22.6749155376944,11.9146953713127),(0.211222336099108,-22.6749155376944,
-11.9146953713127),(0.211222336099108,-20.8168998323839,14.9254293674002),
(0.211222336099108,-20.8168998323838,-14.9254293674002),(0.211222336099108,
-18.5617570354402,17.651428729427),(0.211222336099108,-18.5617570354402,
-17.651428729427),(0.211222336099108,-15.95250884113,20.040689162462),(0.211222336099108,
-15.95250884113,-20.040689162462),(0.211222336099108,-13.038932265008,22.0476303901641),
(0.211222336099108,-13.0389322650079,-22.0476303901641),(0.211222336099108,
-9.87661004039366,23.6339656964875),(0.211222336099108,-9.87661004039365,
-23.6339656964875),(0.211222336099108,-6.52587025830838,24.7694323270535),
(0.211222336099108,-6.52587025830837,-24.7694323270534),(0.211222336099108,
-3.05063547951733,25.4323688162126),(0.211222336099108,-3.05063547951732,
-25.4323688162126),(0.211222336099108,0.,-25.6146786127165),(0.211222336099108,
3.13689341742514E-15,25.6146786127165),(0.385321387283522,-25.7272071212765,
-1.78097364861209),(0.385321387283522,-25.7272071212765,1.78097364861208),
(0.385321387283522,-25.2364053677887,5.30894504687708),(0.385321387283522,
-25.2364053677887,-5.30894504687709),(0.385321387283522,-24.2641649588006,
8.73563691153801),(0.385321387283522,-24.2641649588006,-8.73563691153801),
(0.385321387283522,-22.8290334690761,11.9956777326634),(0.385321387283522,
-22.8290334690761,-11.9956777326634),(0.385321387283522,-20.9583891153148,
15.0268752270447),(0.385321387283522,-20.9583891153148,-15.0268752270447),
(0.385321387283522,-18.6879184578436,17.7714027896253),(0.385321387283522,
-18.6879184578436,-17.7714027896253),(0.385321387283522,-16.0609356028022,
20.1769026602388),(0.385321387283522,-16.0609356028022,-20.1769026602388),
(0.385321387283522,-13.1275558925037,22.1974847603801),(0.385321387283522,
-13.1275558925036,-22.1974847603801),(0.385321387283522,-9.94373984760106,
23.7946021450527),(0.385321387283522,-9.94373984760104,-23.7946021450527),
(0.385321387283522,-6.57022559991943,24.9377863685668),(0.385321387283522,
-6.57022559991941,-24.9377863685668),(0.385321387283522,-3.0713701820886,
25.6052287356057),(0.385321387283522,-3.07137018208859,-25.6052287356057),
(0.385321387283522,0.,-25.7887776639009),(0.385321387283522,3.1582144020019E-15,
25.7887776639009),(0.596682845599194,-25.8531882149565,-1.78969472770201),
(0.596682845599194,-25.8531882149565,1.789694727702),(0.596682845599194,
-25.3599831014229,5.33494191082503),(0.596682845599194,-25.3599831014229,
-5.33494191082504),(0.596682845599194,-24.3829818216001,8.77841361430714),
(0.596682845599194,-24.3829818216,-8.77841361430715),(0.596682845599194,
-22.9408227740922,12.0544182167381),(0.596682845599194,-22.9408227740921,
-12.0544182167381),(0.596682845599194,-21.061018241363,15.100458891481),
(0.596682845599194,-21.061018241363,-15.100458891481),(0.596682845599194,
-18.779429533835,17.8584258679218),(0.596682845599194,-18.779429533835,
-17.8584258679218),(0.596682845599194,-16.139582858341,20.2757050001986),
(0.596682845599194,-16.139582858341,-20.2757050001986),(0.596682845599194,
-13.1918389622083,22.306181495081),(0.596682845599194,-13.1918389622083,
-22.306181495081),(0.596682845599194,-9.99243239379796,23.9111196507338),
(0.596682845599194,-9.99243239379794,-23.9111196507338),(0.596682845599194,
-6.60239870766875,25.0599018234571),(0.596682845599194,-6.60239870766874,
-25.059901823457),(0.596682845599194,-3.08641008023268,25.7306125250249),
(0.596682845599194,-3.08641008023267,-25.7306125250249),(0.596682845599194,
0.,-25.9150602564673),(0.596682845599194,3.17367955927935E-15,25.9150602564673),
(0.832493776695263,-25.9238299167635,1.7945849207501),(0.832493776695263,
-25.9238299167635,-1.79458492075011),(0.832493776695263,-25.4292771609866,
5.34951919902981),(0.832493776695263,-25.4292771609866,-5.34951919902982),
(0.832493776695263,-24.4496063058488,8.80239990457525),(0.832493776695263,
-24.4496063058488,-8.80239990457526),(0.832493776695263,-23.0035066778389,
12.0873559190455),(0.832493776695263,-23.0035066778389,-12.0873559190455),
(0.832493776695263,-21.1185657344608,15.1417196483861),(0.832493776695263,
-21.1185657344608,-15.1417196483861),(0.832493776695263,-18.8307427742061,
17.9072225418335),(0.832493776695263,-18.8307427742061,-17.9072225418335),
(0.832493776695263,-16.1836829356733,20.3311066897172),(0.832493776695263,
-16.1836829356733,-20.3311066897171),(0.832493776695263,-13.2278845727731,
22.3671312939424),(0.832493776695263,-13.227884572773,-22.3671312939424),
(0.832493776695263,-10.0197358901258,23.9764548105676),(0.832493776695263,
-10.0197358901257,-23.9764548105676),(0.832493776695263,-6.62043921690266,
25.1283759357099),(0.832493776695263,-6.62043921690264,-25.1283759357099),
(0.832493776695263,-3.0948434408971,25.8009192988816),(0.832493776695263,
-3.09484344089709,-25.8009192988816),(0.832493776695263,0.,-25.9858710185182),
(0.832493776695263,3.18235137658843E-15,25.9858710185182),(1.,-26.,4.77612251667468E-15),
(1.,-25.9379251653919,-1.79556066857455),(1.,-25.9379251653919,1.79556066857456),
(1.,-25.4431035124623,-5.35242782801692),(1.,-25.4431035124623,5.35242782801693),
(1.,-24.4628999928099,-8.80718592637759),(1.,-24.4628999928099,8.8071859263776),
(1.,-23.0160140946438,-12.0939280300139),(1.,-23.0160140946438,12.0939280300139),
(1.,-21.1300482752604,-15.149952471383),(1.,-21.1300482752604,15.149952471383),
(1.,-18.8409813848632,-17.9169590180711),(1.,-18.8409813848632,17.9169590180711),
(1.,-16.1924822926909,20.3421610749913),(1.,-16.1924822926909,-20.3421610749913),
(1.,-13.2350768095096,22.3792927021026),(1.,-13.2350768095096,-22.3792927021026),
(1.,-10.0251837992123,23.989491236623),(1.,-10.0251837992123,-23.989491236623),
(1.,-6.62403886776792,25.1420386818233),(1.,-6.62403886776787,-25.1420386818233),
(1.,-3.0965261624666,25.8149477188152),(1.,-3.09652616246654,-25.8149477188152),
(1.,0.,-26.),(1.,3.18408167778312E-15,26.)));
#442=COORDINATES_LIST('',34,((1.699249487,0.,21.975),(1.699249487,2.69116134112631E-15,
-21.975),(1.699249487,4.56885940572027,-21.4947935261254),(1.699249487,
8.93803773159071,-20.0751614316961),(1.699249487,12.9165809191271,-17.7781484513895),
(1.699249487,16.3306075398657,-14.7041450747359),(1.699249487,19.030908248163,
-10.9875),(1.699249487,20.899466945586,-6.79064845138946),(1.699249487,
21.8546186507178,-2.29701298030668),(1.699249488,4.56885940572026,21.4947935261254),
(1.699249488,8.93803773159071,20.0751614316962),(1.699249488,12.9165809191271,
17.7781484513895),(1.699249488,16.3306075398657,14.7041450747359),(1.699249488,
19.030908248163,10.9875),(1.699249488,20.899466945586,6.79064845138947),
(1.699249488,21.8546186507178,2.29701298030669),(1.699249488,21.975,1.34558067056315E-15),
(4.381356705,0.,21.975),(4.381356705,2.69116134112631E-15,-21.975),(4.381356705,
4.56885940572027,-21.4947935261254),(4.381356705,8.93803773159071,-20.0751614316961),
(4.381356705,12.9165809191271,-17.7781484513895),(4.381356705,16.3306075398657,
-14.7041450747359),(4.381356705,19.030908248163,-10.9875),(4.381356705,
20.899466945586,-6.79064845138946),(4.381356705,21.8546186507178,-2.29701298030668),
(4.38135670525209,4.56885940572026,21.4947935261254),(4.38135670525209,
8.93803773159071,20.0751614316962),(4.38135670525209,12.9165809191271,17.7781484513895),
(4.38135670525209,16.3306075398657,14.7041450747359),(4.38135670525209,
19.030908248163,10.9875),(4.38135670525209,20.899466945586,6.79064845138947),
(4.38135670525209,21.8546186507178,2.29701298030669),(4.38135670525209,
21.975,1.34558067056315E-15)));
#443=COORDINATES_LIST('',34,((10.6186432997479,-21.8546186507178,2.29701298030667),
(10.6186432997479,-20.899466945586,6.79064845138946),(10.6186432997479,
-19.030908248163,10.9875),(10.6186432997479,-16.3306075398657,14.7041450747359),
(10.6186432997479,-12.9165809191271,17.7781484513895),(10.6186432997479,
-8.93803773159073,20.0751614316961),(10.6186432997479,-4.56885940572027,
21.4947935261254),(10.6186432997479,-5.38232268225262E-15,21.975),(10.6186432997479,
2.69116134112631E-15,-21.975),(10.6186433,-21.975,-4.03674201168946E-15),
(10.6186433,-21.8546186507178,-2.2970129803067),(10.6186433,-20.899466945586,
-6.79064845138947),(10.6186433,-19.030908248163,-10.9875),(10.6186433,-16.3306075398657,
-14.7041450747359),(10.6186433,-12.9165809191271,-17.7781484513895),(10.6186433,
-8.9380377315907,-20.0751614316962),(10.6186433,-4.56885940572025,-21.4947935261254),
(13.30075051,-21.975,-4.03674201168946E-15),(13.30075051,-21.8546186507178,
-2.2970129803067),(13.30075051,-21.8546186507178,2.29701298030667),(13.30075051,
-20.899466945586,6.79064845138946),(13.30075051,-20.899466945586,-6.79064845138947),
(13.30075051,-19.030908248163,10.9875),(13.30075051,-19.030908248163,-10.9875),
(13.30075051,-16.3306075398657,14.7041450747359),(13.30075051,-16.3306075398657,
-14.7041450747359),(13.30075051,-12.9165809191271,17.7781484513895),(13.30075051,
-12.9165809191271,-17.7781484513895),(13.30075051,-8.93803773159073,20.0751614316961),
(13.30075051,-8.9380377315907,-20.0751614316962),(13.30075051,-4.56885940572027,
21.4947935261254),(13.30075051,-4.56885940572025,-21.4947935261254),(13.30075051,
-5.38232268225262E-15,21.975),(13.30075051,2.69116134112631E-15,-21.975)));
#444=COORDINATES_LIST('',132,((15.,-25.000000000447,0.),(15.,-24.9822447456173,
0.957081292145298),(15.,-24.8858778794001,-2.41296576142456),(15.,-24.7802651676441,
3.33570669022422),(15.,-24.544161145678,-4.77711370522589),(15.,-24.3522764830137,
5.67337570118506),(15.,-23.978154211957,-7.08479393571093),(15.,-23.694308764773,
7.97836856494559),(15.,-23.1869580313501,-9.34704865232859),(15.,-23.105000000447,
0.),(15.,-23.0394760727031,-1.76102864690235),(15.,-22.990894920891,2.31867162077577),
(15.,-22.8130619548227,10.2265294854417),(15.,-22.7550592778645,-4.03029948836357),
(15.,-22.649239856181,4.58860745168372),(15.,-22.2429325858073,-6.2636242085783),
(15.,-22.1794671963797,-11.540415863501),(15.,-22.0833397341312,6.80253040569748),
(15.,-21.7351947831855,12.3595293434339),(15.,-21.5018894345329,-8.45667200583249),
(15.,-21.292005164659,8.97173905730592),(15.,-20.9774075566968,-13.6081287385352),
(15.,-20.5503354759087,-10.5647103882143),(15.,-20.4647601729777,14.3673930839778),
(15.,-20.2887243671536,11.0603982412118),(15.,-19.5899781636461,-15.5368714364918),
(15.,-19.4078294967566,-12.5449570630461),(15.,-19.0934515008639,13.0184993808985),
(15.,-18.9945056174021,16.2573389346761),(15.,-18.0681269691188,-14.4054232140517),
(15.,-18.0126162930336,-17.3364958970885),(15.,-17.7122796031796,14.8396017819771),
(15.,-17.33649589747,18.012616292646),(15.,-16.533236228178,-16.1398753778478),
(15.,-16.2573389350674,-18.994505616992),(15.,-16.1398753782336,16.5332362277892),
(15.,-15.5368714368286,19.5899781632759),(15.,-14.8396017823285,-17.7122796028062),
(15.,-14.405423214432,18.0681269687161),(15.,-14.3673930843404,-20.4647601725772),
(15.,-13.6081287388511,20.9774075563273),(15.,-13.0184993812306,-19.0934515004907),
(15.,-12.5449570633997,19.407829496362),(15.,-12.3595293437709,-21.7351947827928),
(15.,-11.5404158638208,22.1794671959969),(15.,-11.0603982415484,-20.2887243667665),
(15.,-10.5647103885523,20.550335475514),(15.,-10.2265294857678,-22.8130619544281),
(15.,-9.34704865266194,23.1869580309486),(15.,-8.97173905764277,-21.2920051642586),
(15.,-8.4566720061833,21.501889434124),(15.,-7.9783685653246,-23.694308764347),
(15.,-7.08479393606902,23.9781542115261),(15.,-6.80253040605696,-22.0833397337012),
(15.,-6.26362420899341,22.2429325853599),(15.,-5.67337570160622,-24.3522764825575),
(15.,-4.77711370553438,24.5441611452345),(15.,-4.58860745199432,-22.6492398557378),
(15.,-4.0302994887812,22.7550592773999),(15.,-3.33570669061193,-24.7802651671805),
(15.,-2.41296576160768,24.8858778789537),(15.,-2.31867162096044,-22.9908949204446),
(15.,-1.76102864723384,23.0394760722433),(15.,-0.957081292413882,-24.9822447451635),
(15.,-2.42861286636753E-14,23.105),(15.,1.73472347597681E-15,25.),(15.,
5.20417042793042E-15,-23.105),(15.,2.42861286636753E-14,-25.),(15.,0.957081291641336,
24.9822447451863),(15.,1.76102864634326,-23.0394760722864),(15.,2.31867162058566,
22.9908949204433),(15.,2.41296576123912,-24.8858778789524),(15.,3.33570668960995,
24.7802651672482),(15.,4.03029948772056,-22.7550592774767),(15.,4.58860745136679,
22.6492398557299),(15.,4.77711370491452,-24.5441611452272),(15.,5.6733757005204,
24.352276482641),(15.,6.26362420793131,-22.2429325854288),(15.,6.80253040533666,
22.0833397336658),(15.,7.08479393535183,-23.9781542114934),(15.,7.97836856430177,
23.6943087644015),(15.,8.45667200525552,-21.5018894341376),(15.,8.97173905697551,
21.2920051641628),(15.,9.34704865199859,-23.1869580308559),(15.,10.2265294848705,
22.8130619544289),(15.,10.5647103876669,-20.5503354755132),(15.,11.0603982408561,
20.2887243666553),(15.,11.5404158631369,-22.1794671958871),(15.,12.3595293428935,
21.7351947827868),(15.,12.5449570625044,-19.4078294963726),(15.,13.0184993805368,
19.0934515003553),(15.,13.6081287381562,-20.9774075561975),(15.,14.3673930834468,
20.4647601725882),(15.,14.4054232135071,-18.0681269687529),(15.,14.8396017816161,
17.7122796026569),(15.,15.5368714361215,-19.5899781631271),(15.,16.1398753773083,
-16.533236227822),(15.,16.2573389341385,18.9945056170345),(15.,16.5332362274331,
16.1398753776942),(15.,17.3364958967488,-18.0126162924796),(15.,17.7122796022841,
-14.8396017819671),(15.,18.0126162921076,17.3364958971167),(15.,18.0681269683519,
14.4054232138858),(15.,18.9945056166562,-16.2573389345019),(15.,19.0934514999825,
-13.0184993808695),(15.,19.4078294959798,12.5449570628565),(15.,19.5899781627555,
15.5368714364692),(15.,20.288724366267,-11.0603982411964),(15.,20.4647601722092,
-14.3673930837939),(15.,20.5503354751191,10.5647103880053),(15.,20.9774075558197,
13.6081287384932),(15.,21.292005163761,-8.97173905731572),(15.,21.5018894337271,
8.45667200560966),(15.,21.7351947824017,-12.3595293432318),(15.,22.0833397332352,
-6.80253040569553),(15.,22.1794671954977,11.5404158634727),(15.,22.2429325849798,
6.26362420834941),(15.,22.6492398552865,-4.5886074516748),(15.,22.7550592770115,
4.03029948813826),(15.,22.8130619540299,-10.2265294852115),(15.,22.9908949199968,
-2.31867162076813),(15.,23.0394760718265,1.76102864667424),(15.,23.104999999553,
-1.26490841466577E-14),(15.,23.1869580304545,9.34704865233196),(15.,23.6943087639648,
-7.97836856470113),(15.,23.9781542110624,7.08479393570998),(15.,24.3522764821787,
-5.67337570094821),(15.,24.5441611447838,4.77711370522303),(15.,24.7802651667828,
-3.33570668999306),(15.,24.885877878506,2.41296576142223),(15.,24.9822447447323,
-0.957081291907612),(15.,24.999999999553,-1.82311715512012E-14)));
#445=COORDINATES_LIST('',34,((0.,-23.105,-4.24431964414494E-15),(0.,-22.978428392484,
2.41513014379912),(0.,-22.9784283924839,-2.41513014379915),(0.,-21.9741608089995,
7.13983765503315),(0.,-21.9741608089995,-7.13983765503316),(0.,-20.0095169544395,
11.5525),(0.,-20.0095169544394,-11.5525),(0.,-17.1703611926552,15.4602626599214),
(0.,-17.1703611926552,-15.4602626599214),(0.,-13.5807782542176,18.6923376550332),
(0.,-13.5807782542176,-18.6923376550332),(0.,-9.39765013826638,21.1074677988323),
(0.,-9.39765013826635,-21.1074677988323),(0.,-4.80379961634434,22.6001003149546),
(0.,-4.80379961634432,-22.6001003149546),(0.,-5.65909285885992E-15,23.105),
(0.,2.82954642942996E-15,-23.105),(0.300000000000002,-22.978428392484,2.41513014379912),
(0.300000000000002,-21.9741608089995,7.13983765503315),(0.300000000000002,
-20.0095169544395,11.5525),(0.300000000000002,-17.1703611926552,15.4602626599214),
(0.300000000000002,-13.5807782542176,18.6923376550332),(0.300000000000002,
-9.39765013826638,21.1074677988323),(0.300000000000002,-4.80379961634434,
22.6001003149546),(0.300000000000002,-5.65909285885992E-15,23.105),(0.300000000000002,
2.82954642942996E-15,-23.105),(0.300000000699997,-23.105,-4.24431964414494E-15),
(0.300000000699997,-22.9784283924839,-2.41513014379915),(0.300000000699997,
-21.9741608089995,-7.13983765503316),(0.300000000699997,-20.0095169544394,
-11.5525),(0.300000000699997,-17.1703611926552,-15.4602626599214),(0.300000000699997,
-13.5807782542176,-18.6923376550332),(0.300000000699997,-9.39765013826635,
-21.1074677988323),(0.300000000699997,-4.80379961634432,-22.6001003149546)));
#446=COORDINATES_LIST('',184,((0.9,-23.705,2.54088072950597E-14),(0.9,-23.4596861245603,
-3.40149260430088),(0.9,-23.4596861245603,3.40149260430093),(0.9,-22.7288218150505,
-6.73258374620645),(0.9,-22.7288218150505,6.7325837462065),(0.9,-21.5275339355236,
-9.9243290783247),(0.9,-21.5275339355235,9.92432907832475),(0.9,-19.8806858131463,
-12.9106683250312),(0.9,-19.8806858131463,12.9106683250312),(0.9,-17.8223626362892,
-15.6297925469471),(0.9,-17.8223626362891,15.6297925469471),(0.9,-15.395165985667,
-18.0254234145487),(0.9,-15.395165985667,18.0254234145487),(0.9,-12.6493320997796,
-20.0479780134927),(0.9,-12.6493320997796,20.0479780134927),(0.9,-9.64169212411188,
-21.6555950734178),(0.9,-9.64169212411183,21.6555950734179),(0.9,-6.43449586405162,
-22.8150013801337),(0.9,-6.43449586405157,22.8150013801337),(0.9,-3.09412338657637,
-23.5022004388662),(0.9,-3.09412338657632,23.5022004388662),(0.9,0.,-23.705),
(0.9,2.9030252373788E-15,23.705),(1.00050373398284,-23.6965226111109,-8.67361737988404E-16),
(1.00050373398284,-23.4512964648896,3.40027616154158),(1.00050373398284,
-23.4512964648896,-3.40027616154158),(1.00050373398284,-22.7206935272835,
-6.73017603767897),(1.00050373398284,-22.7206935272835,6.73017603767897),
(1.00050373398284,-21.5198352526721,-9.92077993691744),(1.00050373398284,
-21.5198352526721,9.92077993691744),(1.00050373398284,-19.873576076592,
-12.9060512081272),(1.00050373398284,-19.873576076592,12.9060512081272),
(1.00050373398284,-17.8159889978589,-15.6242030160602),(1.00050373398284,
-17.8159889978589,15.6242030160602),(1.00050373398284,-15.3896603619981,
-18.0189771574648),(1.00050373398284,-15.3896603619981,18.0189771574648),
(1.00050373398284,-12.6448084420113,-20.0408084498538),(1.00050373398284,
-12.6448084420113,20.0408084498538),(1.00050373398284,-9.63824405941306,
-21.6478505933056),(1.00050373398284,-9.63824405941306,21.6478505933056),
(1.00050373398284,-6.43219475779785,-22.806842272806),(1.00050373398284,
-6.43219475779785,22.806842272806),(1.00050373398284,-3.09301686528466,
23.4937955752142),(1.00050373398284,-3.09301686528466,-23.4937955752143),
(1.00050373398284,0.,-23.6965226111109),(1.00050373398284,2.90198705666199E-15,
23.6965226111109),(1.14199029264048,-23.6540361538804,-4.33680868994202E-16),
(1.14199029264048,-23.4092496835703,-3.39417966839445),(1.14199029264048,
-23.4092496835703,3.39417966839445),(1.14199029264048,-22.6799566736262,
-6.71810923188339),(1.14199029264048,-22.6799566736262,6.71810923188339),
(1.14199029264048,-21.4812514665582,-9.9029925678844),(1.14199029264048,
-21.4812514665582,9.9029925678844),(1.14199029264048,-19.8379439353765,
-12.88291142506),(1.14199029264048,-19.8379439353765,12.88291142506),(1.14199029264048,
-17.7840459880342,-15.5961897482868),(1.14199029264048,-17.7840459880342,
15.5961897482868),(1.14199029264048,-15.3620676152692,-17.9866702019295),
(1.14199029264048,-15.3620676152692,17.9866702019295),(1.14199029264048,
-12.6221370517033,-20.0048764709283),(1.14199029264048,-12.6221370517033,
20.0048764709283),(1.14199029264048,-9.62096326042292,-21.6090372832913),
(1.14199029264048,-9.62096326042292,21.6090372832913),(1.14199029264048,
-6.42066221473402,-22.7659509595661),(1.14199029264048,-6.42066221473402,
22.7659509595661),(1.14199029264048,-3.08747126980144,-23.451672595515),
(1.14199029264048,-3.08747126980144,23.451672595515),(1.14199029264048,
0.,-23.6540361538804),(1.14199029264048,2.89678396627654E-15,23.6540361538804),
(1.26880716762989,-23.5782665983405,-4.33680868994202E-16),(1.26880716762989,
-23.3342642378516,-3.38330729620293),(1.26880716762989,-23.3342642378516,
3.38330729620293),(1.26880716762989,-22.6073073284724,-6.69658951544867),
(1.26880716762989,-22.6073073284724,6.69658951544867),(1.26880716762989,
-21.4124418619109,-9.87127090564876),(1.26880716762989,-21.4124418619109,
9.87127090564876),(1.26880716762989,-19.7743982391989,-12.8416443674472),
(1.26880716762989,-19.7743982391989,12.8416443674472),(1.26880716762989,
-17.7270794199843,-15.5462314089296),(1.26880716762989,-17.7270794199843,
15.5462314089296),(1.26880716762989,-15.312859225301,-17.9290545798861),
(1.26880716762989,-15.312859225301,17.9290545798861),(1.26880716762989,
-12.5817053170027,-19.9407960497701),(1.26880716762989,-12.5817053170027,
19.9407960497701),(1.26880716762989,-9.59014500575529,-21.5398183500003),
(1.26880716762989,-9.59014500575529,21.5398183500002),(1.26880716762989,
-6.40009529249221,-22.693026154073),(1.26880716762989,-6.4000952924922,
22.693026154073),(1.26880716762989,-3.07758135823062,23.3765512590265),
(1.26880716762989,-3.07758135823061,-23.3765512590265),(1.26880716762989,
0.,-23.5782665983405),(1.26880716762989,2.88750487191007E-15,23.5782665983405),
(1.37326659834053,-23.4738071676299,-8.67361737988404E-16),(1.37326659834053,
-23.2308858173824,-3.36831813859855),(1.37326659834053,-23.2308858173824,
3.36831813859855),(1.37326659834053,-22.507149564814,-6.66692143422781),
(1.37326659834053,-22.507149564814,6.66692143422781),(1.37326659834053,
-21.3175777429693,-9.82753794780413),(1.37326659834053,-21.3175777429693,
9.82753794780413),(1.37326659834053,-19.6867911891175,-12.7847516839068),
(1.37326659834053,-19.6867911891175,12.7847516839068),(1.37326659834053,
-17.6485426617095,-15.4773565204428),(1.37326659834053,-17.6485426617095,
15.4773565204428),(1.37326659834053,-15.2450182518963,-17.8496230056105),
(1.37326659834053,-15.2450182518963,17.8496230056105),(1.37326659834053,
-12.5259642484512,-19.8524518029787),(1.37326659834053,-12.5259642484512,
19.8524518029787),(1.37326659834053,-9.54765752757044,-21.4443899115666),
(1.37326659834053,-9.54765752757044,21.4443899115666),(1.37326659834053,
-6.37174077762746,-22.5924886279886),(1.37326659834053,-6.37174077762746,
22.5924886279885),(1.37326659834053,-3.06394666649848,23.2729854932264),
(1.37326659834053,-3.06394666649848,-23.2729854932264),(1.37326659834053,
0.,-23.4738071676299),(1.37326659834053,2.87471228116401E-15,23.4738071676299),
(1.44903615388039,-23.3469902926405,-4.33680868994202E-16),(1.44903615388039,
-23.105381321177,-3.3501208526936),(1.44903615388039,-23.105381321177,3.35012085269359),
(1.44903615388039,-22.3855550423598,-6.63090349576343),(1.44903615388039,
-22.3855550423598,6.63090349576342),(1.44903615388039,-21.2024098636219,
-9.77444482820575),(1.44903615388039,-21.2024098636219,9.77444482820575),
(1.44903615388039,-19.5804336085451,-12.7156822634889),(1.44903615388039,
-19.5804336085451,12.7156822634889),(1.44903615388039,-17.5531966868324,
-15.3937403446344),(1.44903615388039,-17.5531966868324,15.3937403446344),
(1.44903615388039,-15.1626572799391,-17.7531906973298),(1.44903615388039,
-15.1626572799391,17.7531906973298),(1.44903615388039,-12.4582929230938,
-19.7451992435387),(1.44903615388039,-12.4582929230938,19.7451992435386),
(1.44903615388039,-9.49607645755189,-21.3285369314676),(1.44903615388039,
-9.49607645755188,21.3285369314676),(1.44903615388039,-6.33731754802985,
-22.4704330625843),(1.44903615388039,-6.33731754802985,22.4704330625843),
(1.44903615388039,-3.04739374269687,23.1472535541826),(1.44903615388039,
-3.04739374269687,-23.1472535541827),(1.44903615388039,0.,-23.3469902926405),
(1.44903615388039,2.85918169316065E-15,23.3469902926405),(1.49152261111094,
-23.2055037339828,-4.33680868994202E-16),(1.49152261111094,-22.9653589521852,
-3.3298185754153),(1.49152261111094,-22.9653589521852,3.3298185754153),
(1.49152261111094,-22.2498949377003,-6.5907191420353),(1.49152261111094,
-22.2498949377003,6.5907191420353),(1.49152261111094,-21.073919811189,-9.71521010269307),
(1.49152261111094,-21.073919811189,9.71521010269306),(1.49152261111094,
-19.4617729960391,-12.638623160714),(1.49152261111094,-19.461772996039,
12.638623160714),(1.49152261111094,-17.4468214598104,-15.3004517742906),
(1.49152261111094,-17.4468214598104,15.3004517742906),(1.49152261111094,
-15.0707691105539,-17.6456034740744),(1.49152261111094,-15.0707691105539,
17.6456034740743),(1.49152261111094,-12.3827936415872,-19.6255401244847),
(1.49152261111094,-12.3827936415872,19.6255401244847),(1.49152261111094,
-9.43852868964313,-21.1992825284884),(1.49152261111094,-9.43852868964312,
21.1992825284884),(1.49152261111094,-6.29891237289796,-22.3342585833165),
(1.49152261111094,-6.29891237289796,22.3342585833164),(1.49152261111094,
-3.02892604094497,-23.0069774326481),(1.49152261111094,-3.02892604094497,
23.0069774326481),(1.49152261111094,0.,-23.2055037339828),(1.49152261111094,
2.8418545870424E-15,23.2055037339828),(1.5,-23.105,4.24431964414494E-15),
(1.5,-22.8658952924685,-3.31539703110617),(1.5,-22.8658952924685,3.31539703110622),
(1.5,-22.1535299741296,-6.56217453938411),(1.5,-22.1535299741296,6.56217453938415),
(1.5,-20.9826480312285,-9.67313323580225),(1.5,-20.9826480312285,9.6731332358023),
(1.5,-19.377483472379,-12.5838849040222),(1.5,-19.377483472379,12.5838849040222),
(1.5,-17.3712587518018,-15.2341850578871),(1.5,-17.3712587518018,15.2341850578871),
(1.5,-15.0054971566689,-17.5691798351887),(1.5,-15.0054971566689,17.5691798351887),
(1.5,-12.3291633902302,-19.5405413204703),(1.5,-12.3291633902302,19.5405413204703),
(1.5,-9.3976501382664,-21.1074677988323),(1.5,-9.39765013826636,21.1074677988323),
(1.5,-6.27163159413258,-22.2375282382615),(1.5,-6.27163159413253,22.2375282382615),
(1.5,-3.01580767124433,-22.9073335220419),(1.5,-3.01580767124429,22.9073335220419),
(1.5,0.,-23.105),(1.5,2.82954642942996E-15,23.105)));
#447=COORDINATES_LIST('',34,((1.,-26.,-4.77612251667468E-15),(1.,-25.500417290484,
5.07234837241931),(1.,-25.500417290484,-5.07234837241934),(1.,-24.0208678452935,
9.94976924149232),(1.,-24.0208678452935,-9.94976924149235),(1.,-21.6182099198662,
14.4448260585096),(1.,-21.6182099198662,-14.4448260585097),(1.,-18.3847763108502,
18.3847763108502),(1.,-18.3847763108502,-18.3847763108502),(1.,-14.4448260585097,
21.6182099198662),(1.,-14.4448260585097,-21.6182099198662),(1.,-9.94976924149235,
24.0208678452935),(1.,-9.94976924149232,-24.0208678452935),(1.,-5.07234837241935,
25.500417290484),(1.,-5.07234837241933,-25.500417290484),(1.,-6.36816335556624E-15,
26.),(1.,3.18408167778312E-15,-26.),(14.,-26.,-4.77612251667468E-15),(14.,
-25.500417290484,5.07234837241931),(14.,-25.500417290484,-5.07234837241934),
(14.,-24.0208678452935,9.94976924149232),(14.,-24.0208678452935,-9.94976924149235),
(14.,-21.6182099198662,14.4448260585096),(14.,-21.6182099198662,-14.4448260585097),
(14.,-18.3847763108502,18.3847763108502),(14.,-18.3847763108502,-18.3847763108502),
(14.,-14.4448260585097,21.6182099198662),(14.,-14.4448260585097,-21.6182099198662),
(14.,-9.94976924149235,24.0208678452935),(14.,-9.94976924149232,-24.0208678452935),
(14.,-5.07234837241935,25.500417290484),(14.,-5.07234837241933,-25.500417290484),
(14.,-6.36816335556624E-15,26.),(14.,3.18408167778312E-15,-26.)));
#448=COORDINATES_LIST('',115,((4.38135670520825,-21.975000000117,4.03674201171096E-15),
(4.38135670520825,-21.7475892254781,-3.15325036827293),(4.38135670520825,
-21.7475892254781,3.15325036827298),(4.38135670520825,-21.0700636738408,
-6.24123719990191),(4.38135670520825,-21.0700636738407,6.24123719990196),
(4.38135670520825,-19.9564462449125,-9.20004773243395),(4.38135670520825,
-19.9564462449124,9.200047732434),(4.38135670520825,-18.4297857306989,-11.9684427945189),
(4.38135670520825,-18.4297857306988,11.968442794519),(4.38135670520825,
-16.5216797694385,-14.4891242869012),(4.38135670520825,-16.5216797694385,
14.4891242869012),(4.38135670520825,-14.2716208621318,-16.7099210941496),
(4.38135670520825,-14.2716208621318,16.7099210941497),(4.38135670520825,
-11.726178987308,-18.5848688820438),(4.38135670520825,-11.726178987308,
18.5848688820438),(4.38135670520825,-8.93803773163834,-20.0751614318031),
(4.38135670520825,-8.9380377316383,20.0751614318031),(4.38135670520825,
-5.96490388581681,-21.1499538211815),(4.38135670520825,-5.96490388581677,
21.1499538211815),(4.38135670520825,-2.86831307405095,-21.7870008288055),
(4.38135670520825,-2.8683130740509,21.7870008288055),(4.38135670520825,
-5.38232268228128E-15,-21.975000000117),(4.38135670520825,2.69116134114064E-15,
21.975000000117),(4.9414945841626,-22.5543056928818,-4.33680868994202E-16),
(4.9414945841626,-22.3208999077153,-3.23637646106219),(4.9414945841626,
-22.3208999077153,3.23637646106219),(4.9414945841626,-21.6255134045851,
-6.40576890592147),(4.9414945841626,-21.6255134045851,6.40576890592147),
(4.9414945841626,-20.4825387553548,-9.44257970172082),(4.9414945841626,
-20.4825387553548,9.44257970172082),(4.9414945841626,-18.9156323650639,
-12.2839552880051),(4.9414945841626,-18.9156323650639,12.2839552880051),
(4.9414945841626,-16.9572248499583,-14.8710870710893),(4.9414945841626,
-16.9572248499583,14.8710870710893),(4.9414945841626,-14.6478498136844,
-17.1504285988341),(4.9414945841626,-14.6478498136844,17.1504285988341),
(4.9414945841626,-12.0353049141198,-19.0748038236865),(4.9414945841626,
-12.0353049141198,19.0748038236864),(4.9414945841626,-9.17366258442815,
-20.6043835160148),(4.9414945841626,-9.17366258442815,20.6043835160148),
(4.9414945841626,-6.12215088367024,-21.7075096186904),(4.9414945841626,
-6.12215088367024,21.7075096186904),(4.9414945841626,-2.94392764025889,
-22.3613504810617),(4.9414945841626,-2.94392764025889,22.3613504810617),
(4.9414945841626,0.,-22.5543056928818),(4.9414945841626,2.76210582737786E-15,
22.5543056928818),(5.76664112207725,-23.0904940836039,-4.33680868994202E-16),
(5.76664112207725,-22.85153949219,-3.31331553912814),(5.76664112207725,
-22.85153949219,3.31331553912814),(5.76664112207725,-22.1396214152167,-6.55805463653866),
(5.76664112207725,-22.1396214152167,6.55805463653865),(5.76664112207725,
-20.9694745822733,-9.66706019265116),(5.76664112207725,-20.9694745822733,
9.66706019265115),(5.76664112207725,-19.3653177872366,-12.5759844157142),
(5.76664112207725,-19.3653177872366,12.5759844157142),(5.76664112207725,
-17.3603526264112,-15.2246206426172),(5.76664112207725,-17.3603526264112,
15.2246206426171),(5.76664112207725,-14.9960763175762,-17.5581494498247),
(5.76664112207725,-14.9960763175762,17.5581494498246),(5.76664112207725,
-12.3214228226746,19.5282732633948),(5.76664112207725,-12.3214228226746,
-19.5282732633948),(5.76664112207725,-9.39175005052669,-21.0942159847997),
(5.76664112207725,-9.39175005052669,21.0942159847997),(5.76664112207725,
-6.26769410166028,-22.2235669430666),(5.76664112207725,-6.26769410166028,
22.2235669430666),(5.76664112207725,-3.01391426921245,-22.8929517057715),
(5.76664112207725,-3.01391426921245,22.8929517057715),(5.76664112207725,
0.,-23.0904940836039),(5.76664112207725,2.82776996702164E-15,23.0904940836039),
(6.69834056277583,-23.4071973383704,-8.67361737988404E-16),(6.69834056277583,
-23.1649653074799,-3.35876011954772),(6.69834056277583,-23.1649653074799,
3.35876011954772),(6.69834056277583,-22.4432827459837,-6.64800322061),(6.69834056277583,
-22.4432827459837,6.64800322061),(6.69834056277583,-21.2570864812177,-9.79965109416893),
(6.69834056277583,-21.2570864812177,9.79965109416892),(6.69834056277583,
-19.6309274857817,-12.7484733707764),(6.69834056277583,-19.6309274857817,
12.7484733707763),(6.69834056277583,-17.5984627405028,-15.433437608276),
(6.69834056277583,-17.5984627405028,15.433437608276),(6.69834056277583,
-15.2017586282841,-17.798972494074),(6.69834056277583,-15.2017586282841,
17.798972494074),(6.69834056277583,-12.4904202766557,-19.796118017175),
(6.69834056277583,-12.4904202766557,19.796118017175),(6.69834056277583,
-9.52056486922157,-21.3835388046122),(6.69834056277583,-9.52056486922157,
21.3835388046122),(6.69834056277583,-6.35366017560782,-22.5283796490184),
(6.69834056277583,-6.35366017560782,22.5283796490184),(6.69834056277583,
-3.05525233912081,23.20694552029),(6.69834056277583,-3.05525233912081,-23.20694552029),
(6.69834056277583,0.,-23.4071973383704),(6.69834056277583,2.86655492974457E-15,
23.4071973383704),(7.5,-23.4890000000912,2.51772822002099E-14),(7.5,-23.2459214250975,
-3.37049819796388),(7.5,-23.2459214250975,3.37049819796393),(7.5,-22.5217167524065,
-6.67123643177632),(7.5,-22.5217167524065,6.67123643177637),(7.5,-21.3313750100602,
-9.83389857505482),(7.5,-21.3313750100602,9.83389857505486),(7.5,-19.6995329705466,
-12.7930262935176),(7.5,-19.6995329705466,12.7930262935177),(7.5,-17.6599652379423,
-15.4873738509456),(7.5,-17.6599652379423,15.4873738509457),(7.5,-15.254885207287,
-17.8611757260485),(7.5,-15.2548852072869,17.8611757260485),(7.5,-12.5340713643905,
-19.8653008040818),(7.5,-12.5340713643905,19.8653008040818),(7.5,-9.55383700924461,
-21.4582692546504),(7.5,-9.55383700924457,21.4582692546504),(7.5,-6.37586472690553,
-22.6071110491475),(7.5,-6.37586472690549,22.6071110491475),(7.5,-3.06592972906874,
-23.2880483488999),(7.5,-3.06592972906869,23.2880483488999),(7.5,2.87657286652839E-15,
23.4890000000912),(7.50000000022077,0.,-23.4890000000912)));
#449=COORDINATES_LIST('',34,((13.300750509755,-21.9750000000432,4.0367420116974E-15),
(13.300750509755,-21.8546186507608,-2.29701298031121),(13.300750509755,
-20.8994669456271,-6.79064845140283),(13.300750509755,-19.0309082482004,
-10.9875000000216),(13.300750509755,-16.3306075398978,-14.7041450747648),
(13.300750509755,-12.9165809191525,-17.7781484514244),(13.300750509755,
-8.93803773160824,-20.0751614317356),(13.300750509755,-4.5688594057292,
-21.4947935261676),(13.3007505097801,-21.854618650902,2.29701298032604),
(13.3007505097801,-20.8994669457621,6.7906484514467),(13.3007505097801,
-19.0309082483234,10.9875000000926),(13.3007505097801,-16.3306075400034,
14.7041450748598),(13.3007505097801,-12.9165809192359,17.7781484515393),
(13.3007505097801,-8.93803773166603,20.0751614318653),(13.3007505097801,
-4.56885940575876,21.4947935263065),(13.3007505097801,-8.79044908273485E-15,
-21.9750000001852),(13.3007505097801,2.69116134114899E-15,21.9750000001852),
(13.499999999755,-23.1050000000432,4.24431964415287E-15),(13.499999999755,
-22.9784283925269,2.41513014380365),(13.499999999755,-22.9784283925269,
-2.41513014380366),(13.499999999755,-21.9741608090406,7.13983765504651),
(13.499999999755,-21.9741608090406,-7.13983765504652),(13.499999999755,
-20.0095169544769,11.5525000000216),(13.499999999755,-20.0095169544769,
-11.5525000000216),(13.499999999755,-17.1703611926873,15.4602626599503),
(13.499999999755,-17.1703611926873,-15.4602626599503),(13.499999999755,
-13.580778254243,18.6923376550681),(13.499999999755,-13.5807782542429,-18.6923376550681),
(13.499999999755,-9.39765013828392,21.1074677988718),(13.499999999755,-9.39765013828389,
-21.1074677988718),(13.499999999755,-4.8037996163533,22.6001003149968),
(13.499999999755,-4.80379961635326,-22.6001003149968),(13.499999999755,
-9.2424721754383E-15,-23.1050000000432),(13.499999999755,2.82954642943525E-15,
23.1050000000432)));
#450=COORDINATES_LIST('',34,((14.7,0.,23.105),(14.7,2.82954642942996E-15,
-23.105),(14.7,4.80379961634433,22.6001003149546),(14.7,4.80379961634434,
-22.6001003149546),(14.7,9.39765013826636,21.1074677988323),(14.7,9.39765013826637,
-21.1074677988323),(14.7,13.5807782542176,18.6923376550332),(14.7,13.5807782542176,
-18.6923376550332),(14.7,17.1703611926552,15.4602626599214),(14.7,17.1703611926552,
-15.4602626599214),(14.7,20.0095169544395,-11.5525),(14.7,20.0095169544395,
11.5525),(14.7,21.9741608089995,7.13983765503317),(14.7,21.9741608089995,
-7.13983765503315),(14.7,22.9784283924839,2.41513014379914),(14.7,22.978428392484,
-2.41513014379913),(14.7,23.105,1.41477321471498E-15),(15.,0.,23.105),(15.,
2.82954642942996E-15,-23.105),(15.,4.80379961634433,22.6001003149546),(15.,
4.80379961634434,-22.6001003149546),(15.,9.39765013826636,21.1074677988323),
(15.,9.39765013826637,-21.1074677988323),(15.,13.5807782542176,18.6923376550332),
(15.,13.5807782542176,-18.6923376550332),(15.,17.1703611926552,15.4602626599214),
(15.,17.1703611926552,-15.4602626599214),(15.,20.0095169544395,-11.5525),
(15.,20.0095169544395,11.5525),(15.,21.9741608089995,7.13983765503317),
(15.,21.9741608089995,-7.13983765503315),(15.,22.9784283924839,2.41513014379914),
(15.,22.978428392484,-2.41513014379913),(15.,23.105,1.41477321471498E-15)));
#451=COORDINATES_LIST('',184,((13.5,-5.65909285805165E-15,-23.1049999967),
(13.5,2.82954642902583E-15,23.1049999967),(13.5,3.01580767081356,-22.9073335187701),
(13.5,3.01580767081358,22.9073335187701),(13.5,6.27163159323679,-22.2375282350854),
(13.5,6.2716315932368,22.2375282350854),(13.5,9.39765013692413,-21.1074677958176),
(13.5,9.39765013692415,21.1074677958176),(13.5,12.3291633884693,-19.5405413176794),
(13.5,12.3291633884693,19.5405413176794),(13.5,15.0054971545257,-17.5691798326794),
(13.5,15.0054971545257,17.5691798326794),(13.5,17.3712587493207,-15.2341850557112),
(13.5,17.3712587493207,15.2341850557112),(13.5,19.3774834696114,-12.5838849022249),
(13.5,19.3774834696114,12.5838849022249),(13.5,20.9826480282316,-9.67313323442069),
(13.5,20.9826480282316,9.67313323442069),(13.5,22.1535299709655,-6.56217453844688),
(13.5,22.1535299709655,6.56217453844688),(13.5,22.8658952892026,-3.31539703063267),
(13.5,22.8658952892026,3.31539703063267),(13.5,23.1049999967,-1.41477321451291E-15),
(13.5084773913867,-5.68370917278669E-15,-23.2055037286829),(13.5084773913867,
2.84185458639335E-15,23.2055037286829),(13.5084773913867,3.02892604025318,
23.0069774273935),(13.5084773913867,3.02892604025319,-23.0069774273934),
(13.5084773913867,6.29891237145934,22.3342585782155),(13.5084773913867,
6.29891237145934,-22.3342585782155),(13.5084773913867,9.43852868748744,
21.1992825236467),(13.5084773913867,9.43852868748744,-21.1992825236467),
(13.5084773913867,12.382793638759,19.6255401200024),(13.5084773913867,12.382793638759,
-19.6255401200024),(13.5084773913867,15.0707691071119,17.6456034700442),
(13.5084773913867,15.0707691071119,-17.6456034700442),(13.5084773913867,
17.4468214558256,-15.3004517707961),(13.5084773913867,17.4468214558256,
15.3004517707961),(13.5084773913867,19.4617729915941,-12.6386231578275),
(13.5084773913867,19.4617729915941,12.6386231578275),(13.5084773913867,
21.0739198063758,9.71521010047419),(13.5084773913867,21.0739198063758,-9.71521010047418),
(13.5084773913867,22.2498949326186,-6.59071914053003),(13.5084773913867,
22.2498949326186,6.59071914053004),(13.5084773913867,22.96535894694,3.3298185746548),
(13.5084773913867,22.9653589469401,-3.32981857465479),(13.5084773913867,
23.2055037286829,3.90312782094782E-15),(13.5509638510749,-5.71836338417641E-15,
-23.3469902838833),(13.5509638510749,2.8591816920882E-15,23.3469902838833),
(13.5509638510749,3.04739374155382,23.1472535455004),(13.5509638510749,
3.04739374155383,-23.1472535455004),(13.5509638510749,6.3373175456528,22.4704330541559),
(13.5509638510749,6.3373175456528,-22.4704330541559),(13.5509638510749,
9.49607645399002,21.3285369234675),(13.5509638510749,9.49607645399002,-21.3285369234675),
(13.5509638510749,12.4582929184209,19.7451992361325),(13.5509638510749,
12.4582929184209,-19.7451992361325),(13.5509638510749,15.1626572742518,
17.7531906906708),(13.5509638510749,15.1626572742518,-17.7531906906708),
(13.5509638510749,17.5531966802484,15.3937403388604),(13.5509638510749,
17.5531966802484,-15.3937403388604),(13.5509638510749,19.5804336012007,
-12.7156822587194),(13.5509638510749,19.5804336012007,12.7156822587194),
(13.5509638510749,21.2024098556691,-9.77444482453947),(13.5509638510749,
21.2024098556691,9.77444482453948),(13.5509638510749,22.3855550339633,-6.63090349327625),
(13.5509638510749,22.3855550339633,6.63090349327626),(13.5509638510749,
23.1053813125105,3.35012085143701),(13.5509638510749,23.1053813125105,-3.350120851437),
(13.5509638510749,23.3469902838833,3.90312782094782E-15),(13.6267334075986,
-5.74942455929611E-15,-23.4738071552512),(13.6267334075986,2.87471227964806E-15,
23.4738071552512),(13.6267334075986,3.06394666488273,23.2729854809536),
(13.6267334075986,3.06394666488274,-23.2729854809535),(13.6267334075986,
6.37174077426737,22.5924886160746),(13.6267334075986,6.37174077426738,-22.5924886160746),
(13.6267334075986,9.54765752253556,21.4443899002581),(13.6267334075986,
9.54765752253556,-21.4443899002581),(13.6267334075986,12.5259642418458,
19.8524517925097),(13.6267334075986,12.5259642418458,-19.8524517925097),
(13.6267334075986,15.245018243857,17.8496229961977),(13.6267334075986,15.245018243857,
-17.8496229961977),(13.6267334075986,17.6485426524027,15.4773565122809),
(13.6267334075986,17.6485426524027,-15.4773565122809),(13.6267334075986,
19.6867911787359,-12.7847516771648),(13.6267334075986,19.6867911787359,
12.7847516771648),(13.6267334075986,21.3175777317277,9.82753794262166),
(13.6267334075986,21.3175777317277,-9.82753794262165),(13.6267334075986,
22.507149552945,6.66692143071207),(13.6267334075986,22.507149552945,-6.66692143071206),
(13.6267334075986,23.2308858051318,-3.36831813682229),(13.6267334075986,
23.2308858051318,3.3683181368223),(13.6267334075986,23.4738071552512,3.90312782094782E-15),
(13.7311928379214,-5.77500973998112E-15,-23.5782665826665),(13.7311928379214,
2.88750486999056E-15,23.5782665826665),(13.7311928379214,3.07758135618475,
23.3765512434866),(13.7311928379214,3.07758135618475,-23.3765512434866),
(13.7311928379214,6.40009528823765,22.6930261389875),(13.7311928379214,
6.40009528823765,-22.6930261389875),(13.7311928379214,9.59014499938011,
21.5398183356814),(13.7311928379214,9.59014499938011,-21.5398183356814),
(13.7311928379214,12.5817053086388,19.9407960365142),(13.7311928379214,
12.5817053086389,-19.9407960365142),(13.7311928379214,15.3128592151216,
-17.9290545679675),(13.7311928379214,15.3128592151216,17.9290545679675),
(13.7311928379214,17.7270794082,15.546231398595),(13.7311928379214,17.7270794082,
-15.546231398595),(13.7311928379214,19.7743982260536,-12.8416443589106),
(13.7311928379214,19.7743982260536,12.8416443589106),(13.7311928379214,
21.4124418476767,9.8712708990867),(13.7311928379214,21.4124418476767,-9.87127089908669),
(13.7311928379214,22.6073073134439,-6.69658951099702),(13.7311928379214,
22.6073073134439,6.69658951099703),(13.7311928379214,23.3342642223398,-3.38330729395382),
(13.7311928379214,23.3342642223398,3.38330729395383),(13.7311928379214,
23.5782665826666,3.46944695195361E-15),(13.8580097113982,-5.79356792809048E-15,
-23.6540361356605),(13.8580097113982,2.89678396404524E-15,23.6540361356605),
(13.8580097113982,3.08747126742326,23.451672577451),(13.8580097113982,3.08747126742326,
-23.451672577451),(13.8580097113982,6.42066220978839,22.7659509420302),
(13.8580097113982,6.4206622097884,-22.7659509420302),(13.8580097113982,
9.6209632530122,21.6090372666466),(13.8580097113982,9.62096325301221,-21.6090372666465),
(13.8580097113982,12.6221370419808,20.0048764555192),(13.8580097113982,
12.6221370419808,-20.0048764555192),(13.8580097113982,15.3620676034363,
17.9866701880749),(13.8580097113982,15.3620676034363,-17.9866701880749),
(13.8580097113982,17.7840459743357,-15.5961897362735),(13.8580097113982,
17.7840459743357,15.5961897362735),(13.8580097113982,19.8379439200959,-12.8829114151367),
(13.8580097113982,19.8379439200959,12.8829114151367),(13.8580097113982,
21.4812514500118,-9.90299256025644),(13.8580097113982,21.4812514500118,
9.90299256025645),(13.8580097113982,22.6799566561566,-6.71810922670864),
(13.8580097113982,22.6799566561566,6.71810922670865),(13.8580097113982,
23.409249665539,3.39417966578003),(13.8580097113982,23.409249665539,-3.39417966578002),
(13.8580097113982,23.6540361356605,3.46944695195361E-15),(13.9994962677812,
-5.8039741084988E-15,-23.6965225914107),(13.9994962677812,2.9019870542494E-15,
23.6965225914107),(13.9994962677812,3.09301686271326,23.4937955556825),
(13.9994962677812,3.09301686271326,-23.4937955556825),(13.9994962677812,
6.4321947524504,22.8068422538453),(13.9994962677812,6.4321947524504,-22.8068422538453),
(13.9994962677812,9.63824405140023,21.6478505753085),(13.9994962677812,
9.63824405140023,-21.6478505753085),(13.9994962677812,12.6448084314989,
20.0408084331927),(13.9994962677812,12.644808431499,-20.0408084331927),
(13.9994962677812,15.3896603492038,18.0189771424846),(13.9994962677812,
15.3896603492038,-18.0189771424846),(13.9994962677812,17.8159889830474,
-15.6242030030709),(13.9994962677812,17.8159889830474,15.6242030030709),
(13.9994962677812,19.87357606007,-12.9060511973977),(13.9994962677812,19.87357606007,
12.9060511973977),(13.9994962677812,21.5198352347814,-9.92077992866972),
(13.9994962677812,21.5198352347814,9.92077992866973),(13.9994962677812,
22.7206935083945,6.73017603208379),(13.9994962677812,22.7206935083945,-6.73017603208378),
(13.9994962677812,23.4512964453932,-3.40027615871473),(13.9994962677812,
23.4512964453932,3.40027615871473),(13.9994962677812,23.6965225914107,3.90312782094782E-15),
(14.1,-5.80605046985901E-15,-23.70499998),(14.1,2.90302523492951E-15,23.70499998),
(14.1,3.0941233839658,-23.5022004190373),(14.1,3.09412338396582,23.5022004190373),
(14.1,6.43449585862277,-22.8150013608846),(14.1,6.43449585862279,22.8150013608846),
(14.1,9.64169211597711,-21.6555950551469),(14.1,9.64169211597712,21.6555950551469),
(14.1,12.6493320891073,-20.0479779965781),(14.1,12.6493320891073,20.0479779965781),
(14.1,15.395165972678,-18.0254233993406),(14.1,15.395165972678,18.0254233993406),
(14.1,17.8223626212524,-15.6297925337602),(14.1,17.8223626212524,15.6297925337602),
(14.1,19.8806857963729,-12.9106683141384),(14.1,19.8806857963729,12.9106683141384),
(14.1,21.5275339173607,-9.92432906995153),(14.1,21.5275339173607,9.92432906995153),
(14.1,22.7288217958741,-6.73258374052617),(14.1,22.7288217958741,6.73258374052617),
(14.1,23.4596861047672,-3.40149260143105),(14.1,23.4596861047672,3.40149260143105),
(14.1,23.70499998,-1.45151261746475E-15)));
#452=COORDINATES_LIST('',34,((14.7,-23.105,-4.24431964414494E-15),(14.7,
-22.9784283924839,-2.41513014379915),(14.7,-21.9741608089995,-7.13983765503316),
(14.7,-20.0095169544394,-11.5525),(14.7,-17.1703611926552,-15.4602626599214),
(14.7,-13.5807782542176,-18.6923376550332),(14.7,-9.39765013826635,-21.1074677988323),
(14.7,-4.80379961634432,-22.6001003149546),(14.7000000007451,-22.978428392484,
2.41513014379912),(14.7000000007451,-21.9741608089995,7.13983765503315),
(14.7000000007451,-20.0095169544395,11.5525),(14.7000000007451,-17.1703611926552,
15.4602626599214),(14.7000000007451,-13.5807782542176,18.6923376550332),
(14.7000000007451,-9.39765013826638,21.1074677988323),(14.7000000007451,
-4.80379961634434,22.6001003149546),(14.7000000007451,-5.65909285885992E-15,
23.105),(14.7000000007451,2.82954642942996E-15,-23.105),(15.,-23.105,-4.24431964414494E-15),
(15.,-22.978428392484,2.41513014379912),(15.,-22.9784283924839,-2.41513014379915),
(15.,-21.9741608089995,7.13983765503315),(15.,-21.9741608089995,-7.13983765503316),
(15.,-20.0095169544395,11.5525),(15.,-20.0095169544394,-11.5525),(15.,-17.1703611926552,
15.4602626599214),(15.,-17.1703611926552,-15.4602626599214),(15.,-13.5807782542176,
18.6923376550332),(15.,-13.5807782542176,-18.6923376550332),(15.,-9.39765013826638,
21.1074677988323),(15.,-9.39765013826635,-21.1074677988323),(15.,-4.80379961634434,
22.6001003149546),(15.,-4.80379961634432,-22.6001003149546),(15.,-5.65909285885992E-15,
23.105),(15.,2.82954642942996E-15,-23.105)));
#453=COORDINATES_LIST('',115,((4.38135670520825,-5.38232268228128E-15,-21.975000000117),
(4.38135670520825,2.69116134114064E-15,21.975000000117),(4.38135670520825,
2.86831307405091,-21.7870008288055),(4.38135670520825,2.86831307405093,
21.7870008288055),(4.38135670520825,5.96490388581677,-21.1499538211815),
(4.38135670520825,5.96490388581679,21.1499538211815),(4.38135670520825,
8.93803773163831,-20.0751614318031),(4.38135670520825,8.93803773163832,
20.0751614318031),(4.38135670520825,11.726178987308,-18.5848688820438),
(4.38135670520825,11.726178987308,18.5848688820438),(4.38135670520825,14.2716208621318,
-16.7099210941497),(4.38135670520825,14.2716208621318,16.7099210941497),
(4.38135670520825,16.5216797694385,-14.4891242869012),(4.38135670520825,
16.5216797694385,14.4891242869012),(4.38135670520825,18.4297857306988,-11.968442794519),
(4.38135670520825,18.4297857306988,11.968442794519),(4.38135670520825,19.9564462449124,
-9.20004773243398),(4.38135670520825,19.9564462449124,9.20004773243397),
(4.38135670520825,21.0700636738408,-6.24123719990194),(4.38135670520825,
21.0700636738408,6.24123719990193),(4.38135670520825,21.7475892254781,-3.15325036827296),
(4.38135670520825,21.7475892254781,3.15325036827296),(4.38135670520825,
21.975000000117,-1.34558067057032E-15),(4.9414945841626,-5.52421165475572E-15,
-22.5543056928818),(4.9414945841626,2.76210582737786E-15,22.5543056928818),
(4.9414945841626,2.94392764025889,22.3613504810618),(4.9414945841626,2.94392764025889,
-22.3613504810617),(4.9414945841626,6.12215088367024,21.7075096186904),
(4.9414945841626,6.12215088367024,-21.7075096186904),(4.9414945841626,9.17366258442815,
20.6043835160148),(4.9414945841626,9.17366258442815,-20.6043835160148),
(4.9414945841626,12.0353049141198,19.0748038236865),(4.9414945841626,12.0353049141198,
-19.0748038236864),(4.9414945841626,14.6478498136844,17.1504285988341),
(4.9414945841626,14.6478498136844,-17.1504285988341),(4.9414945841626,16.9572248499583,
14.8710870710893),(4.9414945841626,16.9572248499583,-14.8710870710893),
(4.9414945841626,18.9156323650639,-12.2839552880051),(4.9414945841626,18.9156323650639,
12.2839552880051),(4.9414945841626,20.4825387553548,9.44257970172082),(4.9414945841626,
20.4825387553548,-9.44257970172081),(4.9414945841626,21.6255134045851,-6.40576890592147),
(4.9414945841626,21.6255134045851,6.40576890592147),(4.9414945841626,22.3208999077153,
-3.23637646106219),(4.9414945841626,22.3208999077153,3.2363764610622),(4.9414945841626,
22.5543056928818,3.90312782094782E-15),(5.76664112207725,-5.65553993404329E-15,
-23.0904940836039),(5.76664112207725,2.82776996702164E-15,23.0904940836039),
(5.76664112207725,3.01391426921244,22.8929517057715),(5.76664112207725,
3.01391426921245,-22.8929517057715),(5.76664112207725,6.26769410166028,
22.2235669430666),(5.76664112207725,6.26769410166029,-22.2235669430666),
(5.76664112207725,9.39175005052668,21.0942159847997),(5.76664112207725,
9.39175005052669,-21.0942159847997),(5.76664112207725,12.3214228226746,
19.5282732633948),(5.76664112207725,12.3214228226746,-19.5282732633948),
(5.76664112207725,14.9960763175762,-17.5581494498246),(5.76664112207725,
14.9960763175762,17.5581494498247),(5.76664112207725,17.3603526264112,-15.2246206426171),
(5.76664112207725,17.3603526264112,15.2246206426172),(5.76664112207725,
19.3653177872366,-12.5759844157142),(5.76664112207725,19.3653177872366,
12.5759844157142),(5.76664112207725,20.9694745822733,-9.66706019265115),
(5.76664112207725,20.9694745822733,9.66706019265116),(5.76664112207725,
22.1396214152167,-6.55805463653865),(5.76664112207725,22.1396214152167,
6.55805463653866),(5.76664112207725,22.85153949219,-3.31331553912814),(5.76664112207725,
22.85153949219,3.31331553912814),(5.76664112207725,23.0904940836039,3.03576608295941E-15),
(6.69834056277583,-5.73310985948914E-15,-23.4071973383704),(6.69834056277583,
2.86655492974457E-15,23.4071973383704),(6.69834056277583,3.0552523391208,
23.20694552029),(6.69834056277583,3.05525233912081,-23.20694552029),(6.69834056277583,
6.35366017560782,22.5283796490184),(6.69834056277583,6.35366017560782,-22.5283796490184),
(6.69834056277583,9.52056486922156,21.3835388046122),(6.69834056277583,
9.52056486922157,-21.3835388046122),(6.69834056277583,12.4904202766557,
19.796118017175),(6.69834056277583,12.4904202766557,-19.796118017175),(6.69834056277583,
15.2017586282841,17.798972494074),(6.69834056277583,15.2017586282841,-17.798972494074),
(6.69834056277583,17.5984627405028,-15.433437608276),(6.69834056277583,
17.5984627405028,15.433437608276),(6.69834056277583,19.6309274857817,-12.7484733707763),
(6.69834056277583,19.6309274857817,12.7484733707764),(6.69834056277583,
21.2570864812177,9.79965109416893),(6.69834056277583,21.2570864812177,-9.79965109416892),
(6.69834056277583,22.4432827459837,-6.64800322061),(6.69834056277583,22.4432827459837,
6.64800322061001),(6.69834056277583,23.1649653074799,-3.35876011954771),
(6.69834056277583,23.1649653074799,3.35876011954772),(6.69834056277583,
23.4071973383704,3.46944695195361E-15),(7.5,-5.75314573305678E-15,-23.4890000000912),
(7.5,3.0659297290687,-23.2880483488999),(7.5,3.06592972906872,23.2880483488999),
(7.5,6.37586472690549,-22.6071110491475),(7.5,6.37586472690551,22.6071110491475),
(7.5,9.55383700924458,-21.4582692546504),(7.5,9.55383700924459,21.4582692546504),
(7.5,12.5340713643905,-19.8653008040818),(7.5,12.5340713643905,19.8653008040818),
(7.5,15.2548852072869,-17.8611757260485),(7.5,15.2548852072869,17.8611757260485),
(7.5,17.6599652379423,-15.4873738509457),(7.5,17.6599652379423,15.4873738509457),
(7.5,19.6995329705466,-12.7930262935177),(7.5,19.6995329705466,12.7930262935177),
(7.5,21.3313750100602,-9.83389857505484),(7.5,21.3313750100602,9.83389857505484),
(7.5,22.5217167524065,-6.67123643177635),(7.5,22.5217167524065,6.67123643177634),
(7.5,23.2459214250975,-3.3704981979639),(7.5,23.2459214250975,3.3704981979639),
(7.5,23.4890000000912,-1.4382864332642E-15),(7.50000000022077,2.87657286652839E-15,
23.4890000000912)));
#454=TESSELLATED_SHELL('_SKF_6205-2Z_PART2',(#390),$);
#455=TESSELLATED_SHELL('_SKF_6205-2Z_PART2',(#391),$);
#456=TESSELLATED_SHELL('_SKF_6205-2Z_PART2',(#392),$);
#457=TESSELLATED_SHELL('_SKF_6205-2Z_PART2',(#393),$);
#458=TESSELLATED_SHELL('_SKF_6205-2Z_PART2',(#394),$);
#459=TESSELLATED_SHELL('_SKF_6205-2Z_PART2',(#395),$);
#460=TESSELLATED_SHELL('_SKF_6205-2Z_PART2',(#396),$);
#461=TESSELLATED_SHELL('_SKF_6205-2Z_PART2',(#397),$);
#462=TESSELLATED_SHELL('_SKF_6205-2Z_PART2',(#398),$);
#463=TESSELLATED_SHELL('_SKF_6205-2Z_PART2',(#399),$);
#464=TESSELLATED_SHELL('_SKF_6205-2Z_PART2',(#400),$);
#465=TESSELLATED_SHELL('_SKF_6205-2Z_PART2',(#401),$);
#466=TESSELLATED_SHELL('_SKF_6205-2Z_PART2',(#402),$);
#467=TESSELLATED_SHELL('_SKF_6205-2Z_PART2',(#403),$);
#468=TESSELLATED_SHELL('_SKF_6205-2Z_PART2',(#404),$);
#469=TESSELLATED_SHELL('_SKF_6205-2Z_PART2',(#405),$);
#470=TESSELLATED_SHELL('_SKF_6205-2Z_PART2',(#406),$);
#471=TESSELLATED_SHELL('_SKF_6205-2Z_PART2',(#407),$);
#472=TESSELLATED_SHELL('_SKF_6205-2Z_PART2',(#408),$);
#473=TESSELLATED_SHELL('_SKF_6205-2Z_PART2',(#409),$);
#474=TESSELLATED_SHELL('_SKF_6205-2Z_PART2',(#410),$);
#475=TESSELLATED_SHELL('_SKF_6205-2Z_PART2',(#411),$);
#476=TESSELLATED_SHELL('_SKF_6205-2Z_PART2',(#412),$);
#477=TESSELLATED_SHELL('_SKF_6205-2Z_PART2',(#413),$);
#478=TESSELLATED_SHELL('_SKF_6205-2Z_PART2',(#414),$);
#479=TESSELLATED_SHELL('_SKF_6205-2Z_PART2',(#415),$);
#480=TESSELLATED_SHELL('_SKF_6205-2Z_PART2',(#416),$);
#481=TESSELLATED_SHELL('_SKF_6205-2Z_PART2',(#417),$);
#482=TESSELLATED_SHELL('_SKF_6205-2Z_PART2',(#418),$);
#483=TESSELLATED_SHELL('_SKF_6205-2Z_PART2',(#419),$);
#484=TESSELLATED_SHELL('_SKF_6205-2Z_PART2',(#420),$);
#485=TESSELLATED_SHELL('_SKF_6205-2Z_PART2',(#421),$);
#486=SHAPE_DEFINITION_REPRESENTATION(#750,#487);
#487=SHAPE_REPRESENTATION('000678_A;1-SKF_6306-2Z7097_Prt2',(#488),#745);
#488=AXIS2_PLACEMENT_3D('',#523,#505,#506);
#489=AXIS2_PLACEMENT_3D('',#557,#507,#508);
#490=AXIS2_PLACEMENT_3D('',#559,#507,#508);
#491=AXIS2_PLACEMENT_3D('',#560,#509,#510);
#492=AXIS2_PLACEMENT_3D('',#562,#509,#510);
#493=AXIS2_PLACEMENT_3D('',#563,#511,#512);
#494=AXIS2_PLACEMENT_3D('',#565,#511,#512);
#495=AXIS2_PLACEMENT_3D('',#566,#513,#514);
#496=AXIS2_PLACEMENT_3D('',#568,#513,#514);
#497=AXIS2_PLACEMENT_3D('',#569,#515,#516);
#498=AXIS2_PLACEMENT_3D('',#571,#515,#516);
#499=AXIS2_PLACEMENT_3D('',#572,#517,#518);
#500=AXIS2_PLACEMENT_3D('',#574,#517,#518);
#501=AXIS2_PLACEMENT_3D('',#575,#519,#520);
#502=AXIS2_PLACEMENT_3D('',#577,#519,#520);
#503=AXIS2_PLACEMENT_3D('',#578,#521,#522);
#504=AXIS2_PLACEMENT_3D('',#580,#521,#522);
#505=DIRECTION('',(0.,0.,1.));
#506=DIRECTION('',(1.,0.,0.));
#507=DIRECTION('',(0.,0.,1.));
#508=DIRECTION('',(1.,0.,0.));
#509=DIRECTION('',(0.,-1.,0.));
#510=DIRECTION('',(1.,0.,0.));
#511=DIRECTION('',(1.,0.,0.));
#512=DIRECTION('',(0.,1.,0.));
#513=DIRECTION('',(0.,1.,0.));
#514=DIRECTION('',(-1.,0.,0.));
#515=DIRECTION('',(0.,0.,-1.));
#516=DIRECTION('',(1.,0.,0.));
#517=DIRECTION('',(-1.,0.,0.));
#518=DIRECTION('',(0.,-1.,0.));
#519=DIRECTION('',(0.577350269189626,-0.577350269189626,0.577350269189626));
#520=DIRECTION('',(0.707106765322401,0.707106797050693,3.17282912720707E-8));
#521=DIRECTION('',(0.718873086818576,-0.585048618558824,0.375419230954334));
#522=DIRECTION('',(0.631219072032975,0.775604591980882,-2.04699331651792E-8));
#523=CARTESIAN_POINT('',(0.,0.,0.));
#524=CARTESIAN_POINT('centre point',(0.,0.,0.));
#525=CARTESIAN_POINT('centre point',(0.,0.,0.));
#526=CARTESIAN_POINT('centre point',(0.,0.,0.));
#527=CARTESIAN_POINT('centre point',(0.,0.,0.));
#528=CARTESIAN_POINT('centre point',(0.,0.,0.));
#529=CARTESIAN_POINT('centre point',(0.,0.,0.));
#530=CARTESIAN_POINT('centre point',(0.,0.,0.));
#531=CARTESIAN_POINT('centre point',(0.,0.,0.));
#532=CARTESIAN_POINT('centre point',(0.,0.,0.));
#533=CARTESIAN_POINT('centre point',(0.,0.,0.));
#534=CARTESIAN_POINT('centre point',(0.,0.,0.));
#535=CARTESIAN_POINT('centre point',(0.,0.,0.));
#536=CARTESIAN_POINT('centre point',(0.,0.,0.));
#537=CARTESIAN_POINT('centre point',(0.,0.,0.));
#538=CARTESIAN_POINT('centre point',(0.,0.,0.));
#539=CARTESIAN_POINT('centre point',(0.,0.,0.));
#540=CARTESIAN_POINT('centre point',(0.,0.,0.));
#541=CARTESIAN_POINT('centre point',(0.,0.,0.));
#542=CARTESIAN_POINT('centre point',(0.,0.,0.));
#543=CARTESIAN_POINT('centre point',(0.,0.,0.));
#544=CARTESIAN_POINT('centre point',(0.,0.,0.));
#545=CARTESIAN_POINT('centre point',(0.,0.,0.));
#546=CARTESIAN_POINT('centre point',(0.,0.,0.));
#547=CARTESIAN_POINT('centre point',(0.,0.,0.));
#548=CARTESIAN_POINT('centre point',(0.,0.,0.));
#549=CARTESIAN_POINT('centre point',(0.,0.,0.));
#550=CARTESIAN_POINT('centre point',(0.,0.,0.));
#551=CARTESIAN_POINT('centre point',(0.,0.,0.));
#552=CARTESIAN_POINT('centre point',(0.,0.,0.));
#553=CARTESIAN_POINT('centre point',(0.,0.,0.));
#554=CARTESIAN_POINT('centre point',(0.,0.,0.));
#555=CARTESIAN_POINT('centre point',(0.,0.,0.));
#556=CARTESIAN_POINT('centre point',(0.,0.,0.));
#557=CARTESIAN_POINT('',(0.,0.,0.));
#558=CARTESIAN_POINT('',(0.,0.,0.114998954772949));
#559=CARTESIAN_POINT('',(-0.0286724596639962,-0.0286724596639962,0.));
#560=CARTESIAN_POINT('',(0.,0.,0.));
#561=CARTESIAN_POINT('',(0.,-1.11204943847656,0.));
#562=CARTESIAN_POINT('',(-0.277265064991609,-0.277265064991609,0.));
#563=CARTESIAN_POINT('',(0.,0.,0.));
#564=CARTESIAN_POINT('',(1.11204943847656,0.,0.));
#565=CARTESIAN_POINT('',(-0.277265064991609,-0.277265064991609,0.));
#566=CARTESIAN_POINT('',(0.,0.,0.));
#567=CARTESIAN_POINT('',(0.,1.11204943847656,0.));
#568=CARTESIAN_POINT('',(-0.277265064991609,-0.277265064991609,0.));
#569=CARTESIAN_POINT('',(0.,0.,0.));
#570=CARTESIAN_POINT('',(0.,0.,-0.114998954772949));
#571=CARTESIAN_POINT('',(-0.0286724596639962,-0.0286724596639962,0.));
#572=CARTESIAN_POINT('',(0.,0.,0.));
#573=CARTESIAN_POINT('',(-1.11204943847656,0.,0.));
#574=CARTESIAN_POINT('',(-0.277265064991609,-0.277265064991609,0.));
#575=CARTESIAN_POINT('',(0.,0.,0.));
#576=CARTESIAN_POINT('',(0.629843322753906,-0.629843322753906,0.629843322753906));
#577=CARTESIAN_POINT('',(-0.27199706283299,-0.27199706283299,0.));
#578=CARTESIAN_POINT('',(0.,0.,0.));
#579=CARTESIAN_POINT('',(0.830263606434755,-0.67570282556274,0.433591033427811));
#580=CARTESIAN_POINT('',(-0.287961769884626,-0.287961769884626,0.));
#581=INTEGER_REPRESENTATION_ITEM('',0.);
#582=INTEGER_REPRESENTATION_ITEM('',1.);
#583=INTEGER_REPRESENTATION_ITEM('number of views',8.);
#584=PROPERTY_DEFINITION_REPRESENTATION(#690,#628);
#585=PROPERTY_DEFINITION_REPRESENTATION(#691,#629);
#586=PROPERTY_DEFINITION_REPRESENTATION(#692,#630);
#587=PROPERTY_DEFINITION_REPRESENTATION(#693,#631);
#588=PROPERTY_DEFINITION_REPRESENTATION(#694,#632);
#589=PROPERTY_DEFINITION_REPRESENTATION(#695,#633);
#590=PROPERTY_DEFINITION_REPRESENTATION(#696,#634);
#591=PROPERTY_DEFINITION_REPRESENTATION(#697,#635);
#592=PROPERTY_DEFINITION_REPRESENTATION(#698,#636);
#593=PROPERTY_DEFINITION_REPRESENTATION(#699,#637);
#594=PROPERTY_DEFINITION_REPRESENTATION(#700,#638);
#595=PROPERTY_DEFINITION_REPRESENTATION(#701,#639);
#596=PROPERTY_DEFINITION_REPRESENTATION(#702,#640);
#597=PROPERTY_DEFINITION_REPRESENTATION(#703,#641);
#598=PROPERTY_DEFINITION_REPRESENTATION(#704,#642);
#599=PROPERTY_DEFINITION_REPRESENTATION(#705,#643);
#600=PROPERTY_DEFINITION_REPRESENTATION(#706,#644);
#601=PROPERTY_DEFINITION_REPRESENTATION(#707,#645);
#602=PROPERTY_DEFINITION_REPRESENTATION(#708,#646);
#603=PROPERTY_DEFINITION_REPRESENTATION(#709,#647);
#604=PROPERTY_DEFINITION_REPRESENTATION(#710,#648);
#605=PROPERTY_DEFINITION_REPRESENTATION(#711,#649);
#606=PROPERTY_DEFINITION_REPRESENTATION(#712,#650);
#607=PROPERTY_DEFINITION_REPRESENTATION(#713,#651);
#608=PROPERTY_DEFINITION_REPRESENTATION(#714,#652);
#609=PROPERTY_DEFINITION_REPRESENTATION(#715,#653);
#610=PROPERTY_DEFINITION_REPRESENTATION(#716,#654);
#611=PROPERTY_DEFINITION_REPRESENTATION(#717,#655);
#612=PROPERTY_DEFINITION_REPRESENTATION(#718,#656);
#613=PROPERTY_DEFINITION_REPRESENTATION(#719,#657);
#614=PROPERTY_DEFINITION_REPRESENTATION(#720,#658);
#615=PROPERTY_DEFINITION_REPRESENTATION(#721,#659);
#616=PROPERTY_DEFINITION_REPRESENTATION(#722,#660);
#617=PROPERTY_DEFINITION_REPRESENTATION(#723,#661);
#618=PROPERTY_DEFINITION_REPRESENTATION(#724,#662);
#619=PROPERTY_DEFINITION_REPRESENTATION(#725,#663);
#620=PROPERTY_DEFINITION_REPRESENTATION(#726,#664);
#621=PROPERTY_DEFINITION_REPRESENTATION(#727,#665);
#622=PROPERTY_DEFINITION_REPRESENTATION(#728,#666);
#623=PROPERTY_DEFINITION_REPRESENTATION(#729,#667);
#624=PROPERTY_DEFINITION_REPRESENTATION(#730,#668);
#625=PROPERTY_DEFINITION_REPRESENTATION(#731,#669);
#626=PROPERTY_DEFINITION_REPRESENTATION(#732,#670);
#627=PROPERTY_DEFINITION_REPRESENTATION(#733,#671);
#628=REPRESENTATION('',(#672),#745);
#629=REPRESENTATION('',(#673),#745);
#630=REPRESENTATION('',(#674),#745);
#631=REPRESENTATION('',(#675),#745);
#632=REPRESENTATION('',(#676),#745);
#633=REPRESENTATION('',(#677),#745);
#634=REPRESENTATION('',(#678),#745);
#635=REPRESENTATION('',(#679),#745);
#636=REPRESENTATION('',(#581),#745);
#637=REPRESENTATION('',(#582),#745);
#638=REPRESENTATION('',(#524),#745);
#639=REPRESENTATION('',(#525),#745);
#640=REPRESENTATION('',(#526),#745);
#641=REPRESENTATION('',(#527),#745);
#642=REPRESENTATION('',(#528),#745);
#643=REPRESENTATION('',(#529),#745);
#644=REPRESENTATION('',(#530),#745);
#645=REPRESENTATION('',(#531),#745);
#646=REPRESENTATION('',(#532),#745);
#647=REPRESENTATION('',(#533),#745);
#648=REPRESENTATION('',(#534),#745);
#649=REPRESENTATION('',(#535),#745);
#650=REPRESENTATION('',(#536),#745);
#651=REPRESENTATION('',(#537),#745);
#652=REPRESENTATION('',(#538),#745);
#653=REPRESENTATION('',(#539),#745);
#654=REPRESENTATION('',(#540),#745);
#655=REPRESENTATION('',(#541),#745);
#656=REPRESENTATION('',(#542),#745);
#657=REPRESENTATION('',(#543),#745);
#658=REPRESENTATION('',(#544),#745);
#659=REPRESENTATION('',(#545),#745);
#660=REPRESENTATION('',(#546),#745);
#661=REPRESENTATION('',(#547),#745);
#662=REPRESENTATION('',(#548),#745);
#663=REPRESENTATION('',(#549),#745);
#664=REPRESENTATION('',(#550),#745);
#665=REPRESENTATION('',(#551),#745);
#666=REPRESENTATION('',(#552),#745);
#667=REPRESENTATION('',(#553),#745);
#668=REPRESENTATION('',(#554),#745);
#669=REPRESENTATION('',(#555),#745);
#670=REPRESENTATION('',(#556),#745);
#671=REPRESENTATION('',(#583),#745);
#672=DESCRIPTIVE_REPRESENTATION_ITEM('','1');
#673=DESCRIPTIVE_REPRESENTATION_ITEM('',
'000678_A;1-SKF_6306-2Z7097_Prt2');
#674=DESCRIPTIVE_REPRESENTATION_ITEM('','000678');
#675=DESCRIPTIVE_REPRESENTATION_ITEM('','A');
#676=DESCRIPTIVE_REPRESENTATION_ITEM('','SKF_6306-2Z7097_Prt2');
#677=DESCRIPTIVE_REPRESENTATION_ITEM('','000678');
#678=DESCRIPTIVE_REPRESENTATION_ITEM('','Item');
#679=DESCRIPTIVE_REPRESENTATION_ITEM('','000678');
#680=GENERAL_PROPERTY_ASSOCIATION('',$,#734,#690);
#681=GENERAL_PROPERTY_ASSOCIATION('',$,#735,#691);
#682=GENERAL_PROPERTY_ASSOCIATION('',$,#736,#692);
#683=GENERAL_PROPERTY_ASSOCIATION('',$,#737,#693);
#684=GENERAL_PROPERTY_ASSOCIATION('',$,#738,#694);
#685=GENERAL_PROPERTY_ASSOCIATION('',$,#739,#695);
#686=GENERAL_PROPERTY_ASSOCIATION('',$,#740,#696);
#687=GENERAL_PROPERTY_ASSOCIATION('',$,#741,#697);
#688=GENERAL_PROPERTY_ASSOCIATION('',$,#742,#698);
#689=GENERAL_PROPERTY_ASSOCIATION('',$,#743,#699);
#690=PROPERTY_DEFINITION('LAYER',$,#751);
#691=PROPERTY_DEFINITION('Name',$,#751);
#692=PROPERTY_DEFINITION('DB_PART_DESC',$,#751);
#693=PROPERTY_DEFINITION('DB_PART_REV',$,#751);
#694=PROPERTY_DEFINITION('DB_PART_NAME',$,#751);
#695=PROPERTY_DEFINITION('DB_PART_NO',$,#751);
#696=PROPERTY_DEFINITION('DB_PART_TYPE',$,#751);
#697=PROPERTY_DEFINITION('DB_PART_MFKID',$,#751);
#698=PROPERTY_DEFINITION('NX_MaterialMultipleAssigned',$,#751);
#699=PROPERTY_DEFINITION('NX_MaterialMissingAssignments',$,#751);
#700=PROPERTY_DEFINITION('geometric validation property','',#69);
#701=PROPERTY_DEFINITION('geometric validation property','',#70);
#702=PROPERTY_DEFINITION('geometric validation property','',#71);
#703=PROPERTY_DEFINITION('geometric validation property','',#72);
#704=PROPERTY_DEFINITION('geometric validation property','',#73);
#705=PROPERTY_DEFINITION('geometric validation property','',#74);
#706=PROPERTY_DEFINITION('geometric validation property','',#75);
#707=PROPERTY_DEFINITION('geometric validation property','',#76);
#708=PROPERTY_DEFINITION('geometric validation property','',#77);
#709=PROPERTY_DEFINITION('geometric validation property','',#78);
#710=PROPERTY_DEFINITION('geometric validation property','',#79);
#711=PROPERTY_DEFINITION('geometric validation property','',#80);
#712=PROPERTY_DEFINITION('geometric validation property','',#81);
#713=PROPERTY_DEFINITION('geometric validation property','',#82);
#714=PROPERTY_DEFINITION('geometric validation property','',#83);
#715=PROPERTY_DEFINITION('geometric validation property','',#84);
#716=PROPERTY_DEFINITION('geometric validation property','',#85);
#717=PROPERTY_DEFINITION('geometric validation property','',#86);
#718=PROPERTY_DEFINITION('geometric validation property','',#87);
#719=PROPERTY_DEFINITION('geometric validation property','',#88);
#720=PROPERTY_DEFINITION('geometric validation property','',#89);
#721=PROPERTY_DEFINITION('geometric validation property','',#90);
#722=PROPERTY_DEFINITION('geometric validation property','',#91);
#723=PROPERTY_DEFINITION('geometric validation property','',#92);
#724=PROPERTY_DEFINITION('geometric validation property','',#93);
#725=PROPERTY_DEFINITION('geometric validation property','',#94);
#726=PROPERTY_DEFINITION('geometric validation property','',#95);
#727=PROPERTY_DEFINITION('geometric validation property','',#96);
#728=PROPERTY_DEFINITION('geometric validation property','',#97);
#729=PROPERTY_DEFINITION('geometric validation property','',#98);
#730=PROPERTY_DEFINITION('geometric validation property','',#99);
#731=PROPERTY_DEFINITION('geometric validation property','',#100);
#732=PROPERTY_DEFINITION('geometric validation property','',#750);
#733=PROPERTY_DEFINITION('pmi validation property','',#750);
#734=GENERAL_PROPERTY('','LAYER',$);
#735=GENERAL_PROPERTY('','Name',$);
#736=GENERAL_PROPERTY('','DB_PART_DESC',$);
#737=GENERAL_PROPERTY('','DB_PART_REV',$);
#738=GENERAL_PROPERTY('','DB_PART_NAME',$);
#739=GENERAL_PROPERTY('','DB_PART_NO',$);
#740=GENERAL_PROPERTY('','DB_PART_TYPE',$);
#741=GENERAL_PROPERTY('','DB_PART_MFKID',$);
#742=GENERAL_PROPERTY('','NX_MaterialMultipleAssigned',$);
#743=GENERAL_PROPERTY('','NX_MaterialMissingAssignments',$);
#744=MECHANICAL_DESIGN_GEOMETRIC_PRESENTATION_REPRESENTATION('',(#165,#166,
#167,#168,#169,#170,#171,#172,#173,#174,#175,#176,#177,#178,#179,#180,#181,
#182,#183,#184,#185,#186,#187,#188,#189,#190,#191,#192,#193,#194,#195,#196),
#745);
#745=(
GEOMETRIC_REPRESENTATION_CONTEXT(3)
GLOBAL_UNCERTAINTY_ASSIGNED_CONTEXT((#746))
GLOBAL_UNIT_ASSIGNED_CONTEXT((#749,#748,#747))
REPRESENTATION_CONTEXT('000678_A;1-SKF_6306-2Z7097_Prt2',
'TOP_LEVEL_ASSEMBLY_PART')
);
#746=UNCERTAINTY_MEASURE_WITH_UNIT(LENGTH_MEASURE(0.005),#749,
'DISTANCE_ACCURACY_VALUE','Maximum Tolerance applied to model');
#747=(
NAMED_UNIT(*)
SI_UNIT($,.STERADIAN.)
SOLID_ANGLE_UNIT()
);
#748=(
NAMED_UNIT(*)
PLANE_ANGLE_UNIT()
SI_UNIT($,.RADIAN.)
);
#749=(
LENGTH_UNIT()
NAMED_UNIT(*)
SI_UNIT(.MILLI.,.METRE.)
);
#750=PRODUCT_DEFINITION_SHAPE('','',#751);
#751=PRODUCT_DEFINITION('','',#753,#752);
#752=PRODUCT_DEFINITION_CONTEXT('',#759,'design');
#753=PRODUCT_DEFINITION_FORMATION_WITH_SPECIFIED_SOURCE('','',#755,
 .NOT_KNOWN.);
#754=PRODUCT_RELATED_PRODUCT_CATEGORY('','',(#755));
#755=PRODUCT('000678_A;1-SKF_6306-2Z7097_Prt2',
'000678_A;1-SKF_6306-2Z7097_Prt2','000678_A;1-SKF_6306-2Z7097_Prt2',(#757));
#756=PRODUCT_CATEGORY('','');
#757=PRODUCT_CONTEXT('',#759,'mechanical');
#758=APPLICATION_PROTOCOL_DEFINITION('international standard',
'ap242_managed_model_based_3d_engineering',2011,#759);
#759=APPLICATION_CONTEXT('managed model based 3d engineering');
ENDSEC;
END-ISO-10303-21;
